[2026-02-10 05:36:15] DEBUG: API (0) Can't use an entity w/o ID.; POST /CEmployeeAddress; Input data: {"addressType":"Current Address","address":null,"countryName":"United States","countryId":"6989c22db3b1b10e6","assignedUserName":null,"assignedUserId":null,"teamsIds":[],"teamsNames":{},"stateName":"Texas","stateId":"6989d2557f6f5893a","cityName":"Houston","cityId":"6989d2795759c6562"}; Route pattern: /{controller}; Route params: Array
(
    [controller] => CEmployeeAddress
    [action] => create
)
[2026-02-10 05:36:15] CRITICAL: (0) Can't use an entity w/o ID. :: POST /CEmployeeAddress :: D:\xampp\htdocs\EspoCRM-9.2.7\application\Espo\ORM\Repository\RDBRelation.php(72)
[object] (RuntimeException(code: 0): Can't use an entity w/o ID. at D:\xampp\htdocs\EspoCRM-9.2.7\application\Espo\ORM\Repository\RDBRelation.php:72)
[stacktrace]
#0 D:\xampp\htdocs\EspoCRM-9.2.7\application\Espo\ORM\Repository\RDBRepository.php(216): Espo\ORM\Repository\RDBRelation->__construct(Object(Espo\Core\ORM\EntityManager), Object(Espo\Core\Templates\Entities\Base), 'state', Object(Espo\Core\ORM\Repository\HookMediator))
#1 D:\xampp\htdocs\EspoCRM-9.2.7\application\Espo\Core\Formula\AttributeFetcher.php(77): Espo\ORM\Repository\RDBRepository->getRelation(Object(Espo\Core\Templates\Entities\Base), 'state')
#2 D:\xampp\htdocs\EspoCRM-9.2.7\application\Espo\Core\Formula\Functions\AttributeType.php(70): Espo\Core\Formula\AttributeFetcher->fetch(Object(Espo\Core\Templates\Entities\Base), 'state.countryNa...')
#3 D:\xampp\htdocs\EspoCRM-9.2.7\application\Espo\Core\Formula\Functions\AttributeType.php(60): Espo\Core\Formula\Functions\AttributeType->getAttributeValue('state.countryNa...')
#4 D:\xampp\htdocs\EspoCRM-9.2.7\application\Espo\Core\Formula\Processor.php(103): Espo\Core\Formula\Functions\AttributeType->process(Object(stdClass))
#5 D:\xampp\htdocs\EspoCRM-9.2.7\application\Espo\Core\Formula\Functions\BaseFunction.php(97): Espo\Core\Formula\Processor->process(Object(Espo\Core\Formula\Argument))
#6 D:\xampp\htdocs\EspoCRM-9.2.7\application\Espo\Core\Formula\Functions\ComparisonGroup\Base.php(50): Espo\Core\Formula\Functions\BaseFunction->evaluate(Object(Espo\Core\Formula\Argument))
#7 D:\xampp\htdocs\EspoCRM-9.2.7\application\Espo\Core\Formula\Processor.php(107): Espo\Core\Formula\Functions\ComparisonGroup\Base->process(Object(Espo\Core\Formula\ArgumentList))
#8 D:\xampp\htdocs\EspoCRM-9.2.7\application\Espo\Core\Formula\Functions\BaseFunction.php(97): Espo\Core\Formula\Processor->process(Object(Espo\Core\Formula\Argument))
#9 D:\xampp\htdocs\EspoCRM-9.2.7\application\Espo\Core\Formula\Functions\BundleType.php(44): Espo\Core\Formula\Functions\BaseFunction->evaluate(Object(Espo\Core\Formula\Argument))
#10 D:\xampp\htdocs\EspoCRM-9.2.7\application\Espo\Core\Formula\Processor.php(107): Espo\Core\Formula\Functions\BundleType->process(Object(Espo\Core\Formula\ArgumentList))
#11 D:\xampp\htdocs\EspoCRM-9.2.7\application\Espo\Core\Formula\Evaluator.php(122): Espo\Core\Formula\Processor->process(Object(Espo\Core\Formula\Argument))
#12 D:\xampp\htdocs\EspoCRM-9.2.7\application\Espo\Core\Formula\Evaluator.php(82): Espo\Core\Formula\Evaluator->processInternal('state.countryNa...', Object(Espo\Core\Templates\Entities\Base), Object(stdClass), false)
#13 D:\xampp\htdocs\EspoCRM-9.2.7\application\Espo\Core\Formula\Manager.php(61): Espo\Core\Formula\Evaluator->process('state.countryNa...', Object(Espo\Core\Templates\Entities\Base), Object(stdClass))
#14 D:\xampp\htdocs\EspoCRM-9.2.7\application\Espo\Core\Record\Formula\Processor.php(92): Espo\Core\Formula\Manager->run('state.countryNa...', Object(Espo\Core\Templates\Entities\Base), Object(stdClass))
#15 D:\xampp\htdocs\EspoCRM-9.2.7\application\Espo\Core\Record\Formula\Processor.php(67): Espo\Core\Record\Formula\Processor->run('state.countryNa...', Object(Espo\Core\Templates\Entities\Base), Object(stdClass))
#16 D:\xampp\htdocs\EspoCRM-9.2.7\application\Espo\Core\Record\Service.php(1679): Espo\Core\Record\Formula\Processor->processBeforeCreate(Object(Espo\Core\Templates\Entities\Base), Object(Espo\Core\Record\CreateParams))
#17 D:\xampp\htdocs\EspoCRM-9.2.7\application\Espo\Core\Record\Service.php(701): Espo\Core\Record\Service->processApiBeforeCreateApiScript(Object(Espo\Core\Templates\Entities\Base), Object(Espo\Core\Record\CreateParams))
#18 D:\xampp\htdocs\EspoCRM-9.2.7\application\Espo\Core\Controllers\RecordBase.php(184): Espo\Core\Record\Service->create(Object(stdClass), Object(Espo\Core\Record\CreateParams))
#19 D:\xampp\htdocs\EspoCRM-9.2.7\application\Espo\Core\Api\ControllerActionProcessor.php(87): Espo\Core\Controllers\RecordBase->postActionCreate(Object(Espo\Core\Api\RequestWrapper), Object(Espo\Core\Api\ResponseWrapper))
#20 D:\xampp\htdocs\EspoCRM-9.2.7\application\Espo\Core\Api\ControllerActionHandler.php(65): Espo\Core\Api\ControllerActionProcessor->process('CEmployeeAddres...', 'create', Object(Espo\Core\Api\RequestWrapper), Object(Espo\Core\Api\ResponseWrapper))
#21 D:\xampp\htdocs\EspoCRM-9.2.7\vendor\slim\slim\Slim\MiddlewareDispatcher.php(73): Espo\Core\Api\ControllerActionHandler->handle(Object(Slim\Psr7\Request))
#22 D:\xampp\htdocs\EspoCRM-9.2.7\application\Espo\Core\Api\RouteProcessor.php(221): Slim\MiddlewareDispatcher->handle(Object(Slim\Psr7\Request))
#23 D:\xampp\htdocs\EspoCRM-9.2.7\application\Espo\Core\Api\RouteProcessor.php(148): Espo\Core\Api\RouteProcessor->processControllerAction(Object(Espo\Core\Api\ProcessData), Object(Slim\Psr7\Request), Object(Espo\Core\Api\ResponseWrapper))
#24 D:\xampp\htdocs\EspoCRM-9.2.7\application\Espo\Core\Api\RouteProcessor.php(126): Espo\Core\Api\RouteProcessor->processAfterAuth(Object(Espo\Core\Api\ProcessData), Object(Slim\Psr7\Request), Object(Espo\Core\Api\ResponseWrapper))
#25 D:\xampp\htdocs\EspoCRM-9.2.7\application\Espo\Core\Api\RouteProcessor.php(78): Espo\Core\Api\RouteProcessor->processInternal(Object(Espo\Core\Api\ProcessData), Object(Slim\Psr7\Request), Object(Espo\Core\Api\RequestWrapper), Object(Espo\Core\Api\ResponseWrapper))
#26 D:\xampp\htdocs\EspoCRM-9.2.7\application\Espo\Core\Api\Starter.php(126): Espo\Core\Api\RouteProcessor->process(Object(Espo\Core\Api\ProcessData), Object(Slim\Psr7\Request), Object(Slim\Psr7\Response))
#27 D:\xampp\htdocs\EspoCRM-9.2.7\vendor\slim\slim\Slim\Handlers\Strategies\RequestResponse.php(38): Espo\Core\Api\Starter->Espo\Core\Api\{closure}(Object(Slim\Psr7\Request), Object(Slim\Psr7\Response), Array)
#28 D:\xampp\htdocs\EspoCRM-9.2.7\vendor\slim\slim\Slim\Routing\Route.php(363): Slim\Handlers\Strategies\RequestResponse->__invoke(Object(Closure), Object(Slim\Psr7\Request), Object(Slim\Psr7\Response), Array)
#29 D:\xampp\htdocs\EspoCRM-9.2.7\vendor\slim\slim\Slim\MiddlewareDispatcher.php(73): Slim\Routing\Route->handle(Object(Slim\Psr7\Request))
#30 D:\xampp\htdocs\EspoCRM-9.2.7\vendor\slim\slim\Slim\MiddlewareDispatcher.php(73): Slim\MiddlewareDispatcher->handle(Object(Slim\Psr7\Request))
#31 D:\xampp\htdocs\EspoCRM-9.2.7\vendor\slim\slim\Slim\Routing\Route.php(321): Slim\MiddlewareDispatcher->handle(Object(Slim\Psr7\Request))
#32 D:\xampp\htdocs\EspoCRM-9.2.7\vendor\slim\slim\Slim\Routing\RouteRunner.php(74): Slim\Routing\Route->run(Object(Slim\Psr7\Request))
#33 D:\xampp\htdocs\EspoCRM-9.2.7\vendor\slim\slim\Slim\Middleware\RoutingMiddleware.php(45): Slim\Routing\RouteRunner->handle(Object(Slim\Psr7\Request))
#34 D:\xampp\htdocs\EspoCRM-9.2.7\vendor\slim\slim\Slim\MiddlewareDispatcher.php(129): Slim\Middleware\RoutingMiddleware->process(Object(Slim\Psr7\Request), Object(Slim\Routing\RouteRunner))
#35 D:\xampp\htdocs\EspoCRM-9.2.7\vendor\slim\slim\Slim\Middleware\ErrorMiddleware.php(77): Psr\Http\Server\RequestHandlerInterface@anonymous->handle(Object(Slim\Psr7\Request))
#36 D:\xampp\htdocs\EspoCRM-9.2.7\vendor\slim\slim\Slim\MiddlewareDispatcher.php(129): Slim\Middleware\ErrorMiddleware->process(Object(Slim\Psr7\Request), Object(Psr\Http\Server\RequestHandlerInterface@anonymous))
#37 D:\xampp\htdocs\EspoCRM-9.2.7\vendor\slim\slim\Slim\MiddlewareDispatcher.php(73): Psr\Http\Server\RequestHandlerInterface@anonymous->handle(Object(Slim\Psr7\Request))
#38 D:\xampp\htdocs\EspoCRM-9.2.7\vendor\slim\slim\Slim\App.php(209): Slim\MiddlewareDispatcher->handle(Object(Slim\Psr7\Request))
#39 D:\xampp\htdocs\EspoCRM-9.2.7\vendor\slim\slim\Slim\App.php(193): Slim\App->handle(Object(Slim\Psr7\Request))
#40 D:\xampp\htdocs\EspoCRM-9.2.7\application\Espo\Core\Api\Starter.php(84): Slim\App->run()
#41 D:\xampp\htdocs\EspoCRM-9.2.7\application\Espo\Core\ApplicationRunners\Api.php(45): Espo\Core\Api\Starter->start()
#42 D:\xampp\htdocs\EspoCRM-9.2.7\application\Espo\Core\Application\RunnerRunner.php(84): Espo\Core\ApplicationRunners\Api->run()
#43 D:\xampp\htdocs\EspoCRM-9.2.7\application\Espo\Core\Application.php(86): Espo\Core\Application\RunnerRunner->run('Espo\\Core\\Appli...', NULL)
#44 D:\xampp\htdocs\EspoCRM-9.2.7\public\api\v1\index.php(35): Espo\Core\Application->run('Espo\\Core\\Appli...')
#45 {main}
[2026-02-10 06:12:16] DEBUG: API (0) Can't use an entity w/o ID.; POST /CEmployeeAddress; Input data: {"addressType":null,"address":null,"countryName":"Vatican City","countryId":"6989c22db99989db0","employeeName":null,"employeeId":null,"assignedUserName":null,"assignedUserId":null,"teamsIds":[],"teamsNames":{},"stateName":null,"stateId":null}; Route pattern: /{controller}; Route params: Array
(
    [controller] => CEmployeeAddress
    [action] => create
)
[2026-02-10 06:12:16] CRITICAL: (0) Can't use an entity w/o ID. :: POST /CEmployeeAddress :: D:\xampp\htdocs\EspoCRM-9.2.7\application\Espo\ORM\Repository\RDBRelation.php(72)
[object] (RuntimeException(code: 0): Can't use an entity w/o ID. at D:\xampp\htdocs\EspoCRM-9.2.7\application\Espo\ORM\Repository\RDBRelation.php:72)
[stacktrace]
#0 D:\xampp\htdocs\EspoCRM-9.2.7\application\Espo\ORM\Repository\RDBRepository.php(216): Espo\ORM\Repository\RDBRelation->__construct(Object(Espo\Core\ORM\EntityManager), Object(Espo\Core\Templates\Entities\Base), 'state', Object(Espo\Core\ORM\Repository\HookMediator))
#1 D:\xampp\htdocs\EspoCRM-9.2.7\application\Espo\Core\Formula\AttributeFetcher.php(77): Espo\ORM\Repository\RDBRepository->getRelation(Object(Espo\Core\Templates\Entities\Base), 'state')
#2 D:\xampp\htdocs\EspoCRM-9.2.7\application\Espo\Core\Formula\Functions\AttributeType.php(70): Espo\Core\Formula\AttributeFetcher->fetch(Object(Espo\Core\Templates\Entities\Base), 'state.countryNa...')
#3 D:\xampp\htdocs\EspoCRM-9.2.7\application\Espo\Core\Formula\Functions\AttributeType.php(60): Espo\Core\Formula\Functions\AttributeType->getAttributeValue('state.countryNa...')
#4 D:\xampp\htdocs\EspoCRM-9.2.7\application\Espo\Core\Formula\Processor.php(103): Espo\Core\Formula\Functions\AttributeType->process(Object(stdClass))
#5 D:\xampp\htdocs\EspoCRM-9.2.7\application\Espo\Core\Formula\Functions\BaseFunction.php(97): Espo\Core\Formula\Processor->process(Object(Espo\Core\Formula\Argument))
#6 D:\xampp\htdocs\EspoCRM-9.2.7\application\Espo\Core\Formula\Functions\ComparisonGroup\Base.php(50): Espo\Core\Formula\Functions\BaseFunction->evaluate(Object(Espo\Core\Formula\Argument))
#7 D:\xampp\htdocs\EspoCRM-9.2.7\application\Espo\Core\Formula\Processor.php(107): Espo\Core\Formula\Functions\ComparisonGroup\Base->process(Object(Espo\Core\Formula\ArgumentList))
#8 D:\xampp\htdocs\EspoCRM-9.2.7\application\Espo\Core\Formula\Functions\BaseFunction.php(97): Espo\Core\Formula\Processor->process(Object(Espo\Core\Formula\Argument))
#9 D:\xampp\htdocs\EspoCRM-9.2.7\application\Espo\Core\Formula\Functions\BundleType.php(44): Espo\Core\Formula\Functions\BaseFunction->evaluate(Object(Espo\Core\Formula\Argument))
#10 D:\xampp\htdocs\EspoCRM-9.2.7\application\Espo\Core\Formula\Processor.php(107): Espo\Core\Formula\Functions\BundleType->process(Object(Espo\Core\Formula\ArgumentList))
#11 D:\xampp\htdocs\EspoCRM-9.2.7\application\Espo\Core\Formula\Evaluator.php(122): Espo\Core\Formula\Processor->process(Object(Espo\Core\Formula\Argument))
#12 D:\xampp\htdocs\EspoCRM-9.2.7\application\Espo\Core\Formula\Evaluator.php(82): Espo\Core\Formula\Evaluator->processInternal('state.countryNa...', Object(Espo\Core\Templates\Entities\Base), Object(stdClass), false)
#13 D:\xampp\htdocs\EspoCRM-9.2.7\application\Espo\Core\Formula\Manager.php(61): Espo\Core\Formula\Evaluator->process('state.countryNa...', Object(Espo\Core\Templates\Entities\Base), Object(stdClass))
#14 D:\xampp\htdocs\EspoCRM-9.2.7\application\Espo\Core\Record\Formula\Processor.php(92): Espo\Core\Formula\Manager->run('state.countryNa...', Object(Espo\Core\Templates\Entities\Base), Object(stdClass))
#15 D:\xampp\htdocs\EspoCRM-9.2.7\application\Espo\Core\Record\Formula\Processor.php(67): Espo\Core\Record\Formula\Processor->run('state.countryNa...', Object(Espo\Core\Templates\Entities\Base), Object(stdClass))
#16 D:\xampp\htdocs\EspoCRM-9.2.7\application\Espo\Core\Record\Service.php(1679): Espo\Core\Record\Formula\Processor->processBeforeCreate(Object(Espo\Core\Templates\Entities\Base), Object(Espo\Core\Record\CreateParams))
#17 D:\xampp\htdocs\EspoCRM-9.2.7\application\Espo\Core\Record\Service.php(701): Espo\Core\Record\Service->processApiBeforeCreateApiScript(Object(Espo\Core\Templates\Entities\Base), Object(Espo\Core\Record\CreateParams))
#18 D:\xampp\htdocs\EspoCRM-9.2.7\application\Espo\Core\Controllers\RecordBase.php(184): Espo\Core\Record\Service->create(Object(stdClass), Object(Espo\Core\Record\CreateParams))
#19 D:\xampp\htdocs\EspoCRM-9.2.7\application\Espo\Core\Api\ControllerActionProcessor.php(87): Espo\Core\Controllers\RecordBase->postActionCreate(Object(Espo\Core\Api\RequestWrapper), Object(Espo\Core\Api\ResponseWrapper))
#20 D:\xampp\htdocs\EspoCRM-9.2.7\application\Espo\Core\Api\ControllerActionHandler.php(65): Espo\Core\Api\ControllerActionProcessor->process('CEmployeeAddres...', 'create', Object(Espo\Core\Api\RequestWrapper), Object(Espo\Core\Api\ResponseWrapper))
#21 D:\xampp\htdocs\EspoCRM-9.2.7\vendor\slim\slim\Slim\MiddlewareDispatcher.php(73): Espo\Core\Api\ControllerActionHandler->handle(Object(Slim\Psr7\Request))
#22 D:\xampp\htdocs\EspoCRM-9.2.7\application\Espo\Core\Api\RouteProcessor.php(221): Slim\MiddlewareDispatcher->handle(Object(Slim\Psr7\Request))
#23 D:\xampp\htdocs\EspoCRM-9.2.7\application\Espo\Core\Api\RouteProcessor.php(148): Espo\Core\Api\RouteProcessor->processControllerAction(Object(Espo\Core\Api\ProcessData), Object(Slim\Psr7\Request), Object(Espo\Core\Api\ResponseWrapper))
#24 D:\xampp\htdocs\EspoCRM-9.2.7\application\Espo\Core\Api\RouteProcessor.php(126): Espo\Core\Api\RouteProcessor->processAfterAuth(Object(Espo\Core\Api\ProcessData), Object(Slim\Psr7\Request), Object(Espo\Core\Api\ResponseWrapper))
#25 D:\xampp\htdocs\EspoCRM-9.2.7\application\Espo\Core\Api\RouteProcessor.php(78): Espo\Core\Api\RouteProcessor->processInternal(Object(Espo\Core\Api\ProcessData), Object(Slim\Psr7\Request), Object(Espo\Core\Api\RequestWrapper), Object(Espo\Core\Api\ResponseWrapper))
#26 D:\xampp\htdocs\EspoCRM-9.2.7\application\Espo\Core\Api\Starter.php(126): Espo\Core\Api\RouteProcessor->process(Object(Espo\Core\Api\ProcessData), Object(Slim\Psr7\Request), Object(Slim\Psr7\Response))
#27 D:\xampp\htdocs\EspoCRM-9.2.7\vendor\slim\slim\Slim\Handlers\Strategies\RequestResponse.php(38): Espo\Core\Api\Starter->Espo\Core\Api\{closure}(Object(Slim\Psr7\Request), Object(Slim\Psr7\Response), Array)
#28 D:\xampp\htdocs\EspoCRM-9.2.7\vendor\slim\slim\Slim\Routing\Route.php(363): Slim\Handlers\Strategies\RequestResponse->__invoke(Object(Closure), Object(Slim\Psr7\Request), Object(Slim\Psr7\Response), Array)
#29 D:\xampp\htdocs\EspoCRM-9.2.7\vendor\slim\slim\Slim\MiddlewareDispatcher.php(73): Slim\Routing\Route->handle(Object(Slim\Psr7\Request))
#30 D:\xampp\htdocs\EspoCRM-9.2.7\vendor\slim\slim\Slim\MiddlewareDispatcher.php(73): Slim\MiddlewareDispatcher->handle(Object(Slim\Psr7\Request))
#31 D:\xampp\htdocs\EspoCRM-9.2.7\vendor\slim\slim\Slim\Routing\Route.php(321): Slim\MiddlewareDispatcher->handle(Object(Slim\Psr7\Request))
#32 D:\xampp\htdocs\EspoCRM-9.2.7\vendor\slim\slim\Slim\Routing\RouteRunner.php(74): Slim\Routing\Route->run(Object(Slim\Psr7\Request))
#33 D:\xampp\htdocs\EspoCRM-9.2.7\vendor\slim\slim\Slim\Middleware\RoutingMiddleware.php(45): Slim\Routing\RouteRunner->handle(Object(Slim\Psr7\Request))
#34 D:\xampp\htdocs\EspoCRM-9.2.7\vendor\slim\slim\Slim\MiddlewareDispatcher.php(129): Slim\Middleware\RoutingMiddleware->process(Object(Slim\Psr7\Request), Object(Slim\Routing\RouteRunner))
#35 D:\xampp\htdocs\EspoCRM-9.2.7\vendor\slim\slim\Slim\Middleware\ErrorMiddleware.php(77): Psr\Http\Server\RequestHandlerInterface@anonymous->handle(Object(Slim\Psr7\Request))
#36 D:\xampp\htdocs\EspoCRM-9.2.7\vendor\slim\slim\Slim\MiddlewareDispatcher.php(129): Slim\Middleware\ErrorMiddleware->process(Object(Slim\Psr7\Request), Object(Psr\Http\Server\RequestHandlerInterface@anonymous))
#37 D:\xampp\htdocs\EspoCRM-9.2.7\vendor\slim\slim\Slim\MiddlewareDispatcher.php(73): Psr\Http\Server\RequestHandlerInterface@anonymous->handle(Object(Slim\Psr7\Request))
#38 D:\xampp\htdocs\EspoCRM-9.2.7\vendor\slim\slim\Slim\App.php(209): Slim\MiddlewareDispatcher->handle(Object(Slim\Psr7\Request))
#39 D:\xampp\htdocs\EspoCRM-9.2.7\vendor\slim\slim\Slim\App.php(193): Slim\App->handle(Object(Slim\Psr7\Request))
#40 D:\xampp\htdocs\EspoCRM-9.2.7\application\Espo\Core\Api\Starter.php(84): Slim\App->run()
#41 D:\xampp\htdocs\EspoCRM-9.2.7\application\Espo\Core\ApplicationRunners\Api.php(45): Espo\Core\Api\Starter->start()
#42 D:\xampp\htdocs\EspoCRM-9.2.7\application\Espo\Core\Application\RunnerRunner.php(84): Espo\Core\ApplicationRunners\Api->run()
#43 D:\xampp\htdocs\EspoCRM-9.2.7\application\Espo\Core\Application.php(86): Espo\Core\Application\RunnerRunner->run('Espo\\Core\\Appli...', NULL)
#44 D:\xampp\htdocs\EspoCRM-9.2.7\public\api\v1\index.php(35): Espo\Core\Application->run('Espo\\Core\\Appli...')
#45 {main}
[2026-02-10 06:12:58] DEBUG: API (0) Can't use an entity w/o ID.; POST /CEmployeeAddress; Input data: {"employeeId":"69898b0dd8ddb6474","employeeName":"Muskan","name":null,"addressType":null,"address":null,"countryName":"United States","countryId":"6989c22db3b1b10e6","assignedUserName":null,"assignedUserId":null,"teamsIds":[],"teamsNames":{},"stateName":null,"stateId":null}; Route pattern: /{controller}; Route params: Array
(
    [controller] => CEmployeeAddress
    [action] => create
)
[2026-02-10 06:12:58] CRITICAL: (0) Can't use an entity w/o ID. :: POST /CEmployeeAddress :: D:\xampp\htdocs\EspoCRM-9.2.7\application\Espo\ORM\Repository\RDBRelation.php(72)
[object] (RuntimeException(code: 0): Can't use an entity w/o ID. at D:\xampp\htdocs\EspoCRM-9.2.7\application\Espo\ORM\Repository\RDBRelation.php:72)
[stacktrace]
#0 D:\xampp\htdocs\EspoCRM-9.2.7\application\Espo\ORM\Repository\RDBRepository.php(216): Espo\ORM\Repository\RDBRelation->__construct(Object(Espo\Core\ORM\EntityManager), Object(Espo\Core\Templates\Entities\Base), 'state', Object(Espo\Core\ORM\Repository\HookMediator))
#1 D:\xampp\htdocs\EspoCRM-9.2.7\application\Espo\Core\Formula\AttributeFetcher.php(77): Espo\ORM\Repository\RDBRepository->getRelation(Object(Espo\Core\Templates\Entities\Base), 'state')
#2 D:\xampp\htdocs\EspoCRM-9.2.7\application\Espo\Core\Formula\Functions\AttributeType.php(70): Espo\Core\Formula\AttributeFetcher->fetch(Object(Espo\Core\Templates\Entities\Base), 'state.countryNa...')
#3 D:\xampp\htdocs\EspoCRM-9.2.7\application\Espo\Core\Formula\Functions\AttributeType.php(60): Espo\Core\Formula\Functions\AttributeType->getAttributeValue('state.countryNa...')
#4 D:\xampp\htdocs\EspoCRM-9.2.7\application\Espo\Core\Formula\Processor.php(103): Espo\Core\Formula\Functions\AttributeType->process(Object(stdClass))
#5 D:\xampp\htdocs\EspoCRM-9.2.7\application\Espo\Core\Formula\Functions\BaseFunction.php(97): Espo\Core\Formula\Processor->process(Object(Espo\Core\Formula\Argument))
#6 D:\xampp\htdocs\EspoCRM-9.2.7\application\Espo\Core\Formula\Functions\ComparisonGroup\Base.php(50): Espo\Core\Formula\Functions\BaseFunction->evaluate(Object(Espo\Core\Formula\Argument))
#7 D:\xampp\htdocs\EspoCRM-9.2.7\application\Espo\Core\Formula\Processor.php(107): Espo\Core\Formula\Functions\ComparisonGroup\Base->process(Object(Espo\Core\Formula\ArgumentList))
#8 D:\xampp\htdocs\EspoCRM-9.2.7\application\Espo\Core\Formula\Functions\BaseFunction.php(97): Espo\Core\Formula\Processor->process(Object(Espo\Core\Formula\Argument))
#9 D:\xampp\htdocs\EspoCRM-9.2.7\application\Espo\Core\Formula\Functions\BundleType.php(44): Espo\Core\Formula\Functions\BaseFunction->evaluate(Object(Espo\Core\Formula\Argument))
#10 D:\xampp\htdocs\EspoCRM-9.2.7\application\Espo\Core\Formula\Processor.php(107): Espo\Core\Formula\Functions\BundleType->process(Object(Espo\Core\Formula\ArgumentList))
#11 D:\xampp\htdocs\EspoCRM-9.2.7\application\Espo\Core\Formula\Evaluator.php(122): Espo\Core\Formula\Processor->process(Object(Espo\Core\Formula\Argument))
#12 D:\xampp\htdocs\EspoCRM-9.2.7\application\Espo\Core\Formula\Evaluator.php(82): Espo\Core\Formula\Evaluator->processInternal('state.countryNa...', Object(Espo\Core\Templates\Entities\Base), Object(stdClass), false)
#13 D:\xampp\htdocs\EspoCRM-9.2.7\application\Espo\Core\Formula\Manager.php(61): Espo\Core\Formula\Evaluator->process('state.countryNa...', Object(Espo\Core\Templates\Entities\Base), Object(stdClass))
#14 D:\xampp\htdocs\EspoCRM-9.2.7\application\Espo\Core\Record\Formula\Processor.php(92): Espo\Core\Formula\Manager->run('state.countryNa...', Object(Espo\Core\Templates\Entities\Base), Object(stdClass))
#15 D:\xampp\htdocs\EspoCRM-9.2.7\application\Espo\Core\Record\Formula\Processor.php(67): Espo\Core\Record\Formula\Processor->run('state.countryNa...', Object(Espo\Core\Templates\Entities\Base), Object(stdClass))
#16 D:\xampp\htdocs\EspoCRM-9.2.7\application\Espo\Core\Record\Service.php(1679): Espo\Core\Record\Formula\Processor->processBeforeCreate(Object(Espo\Core\Templates\Entities\Base), Object(Espo\Core\Record\CreateParams))
#17 D:\xampp\htdocs\EspoCRM-9.2.7\application\Espo\Core\Record\Service.php(701): Espo\Core\Record\Service->processApiBeforeCreateApiScript(Object(Espo\Core\Templates\Entities\Base), Object(Espo\Core\Record\CreateParams))
#18 D:\xampp\htdocs\EspoCRM-9.2.7\application\Espo\Core\Controllers\RecordBase.php(184): Espo\Core\Record\Service->create(Object(stdClass), Object(Espo\Core\Record\CreateParams))
#19 D:\xampp\htdocs\EspoCRM-9.2.7\application\Espo\Core\Api\ControllerActionProcessor.php(87): Espo\Core\Controllers\RecordBase->postActionCreate(Object(Espo\Core\Api\RequestWrapper), Object(Espo\Core\Api\ResponseWrapper))
#20 D:\xampp\htdocs\EspoCRM-9.2.7\application\Espo\Core\Api\ControllerActionHandler.php(65): Espo\Core\Api\ControllerActionProcessor->process('CEmployeeAddres...', 'create', Object(Espo\Core\Api\RequestWrapper), Object(Espo\Core\Api\ResponseWrapper))
#21 D:\xampp\htdocs\EspoCRM-9.2.7\vendor\slim\slim\Slim\MiddlewareDispatcher.php(73): Espo\Core\Api\ControllerActionHandler->handle(Object(Slim\Psr7\Request))
#22 D:\xampp\htdocs\EspoCRM-9.2.7\application\Espo\Core\Api\RouteProcessor.php(221): Slim\MiddlewareDispatcher->handle(Object(Slim\Psr7\Request))
#23 D:\xampp\htdocs\EspoCRM-9.2.7\application\Espo\Core\Api\RouteProcessor.php(148): Espo\Core\Api\RouteProcessor->processControllerAction(Object(Espo\Core\Api\ProcessData), Object(Slim\Psr7\Request), Object(Espo\Core\Api\ResponseWrapper))
#24 D:\xampp\htdocs\EspoCRM-9.2.7\application\Espo\Core\Api\RouteProcessor.php(126): Espo\Core\Api\RouteProcessor->processAfterAuth(Object(Espo\Core\Api\ProcessData), Object(Slim\Psr7\Request), Object(Espo\Core\Api\ResponseWrapper))
#25 D:\xampp\htdocs\EspoCRM-9.2.7\application\Espo\Core\Api\RouteProcessor.php(78): Espo\Core\Api\RouteProcessor->processInternal(Object(Espo\Core\Api\ProcessData), Object(Slim\Psr7\Request), Object(Espo\Core\Api\RequestWrapper), Object(Espo\Core\Api\ResponseWrapper))
#26 D:\xampp\htdocs\EspoCRM-9.2.7\application\Espo\Core\Api\Starter.php(126): Espo\Core\Api\RouteProcessor->process(Object(Espo\Core\Api\ProcessData), Object(Slim\Psr7\Request), Object(Slim\Psr7\Response))
#27 D:\xampp\htdocs\EspoCRM-9.2.7\vendor\slim\slim\Slim\Handlers\Strategies\RequestResponse.php(38): Espo\Core\Api\Starter->Espo\Core\Api\{closure}(Object(Slim\Psr7\Request), Object(Slim\Psr7\Response), Array)
#28 D:\xampp\htdocs\EspoCRM-9.2.7\vendor\slim\slim\Slim\Routing\Route.php(363): Slim\Handlers\Strategies\RequestResponse->__invoke(Object(Closure), Object(Slim\Psr7\Request), Object(Slim\Psr7\Response), Array)
#29 D:\xampp\htdocs\EspoCRM-9.2.7\vendor\slim\slim\Slim\MiddlewareDispatcher.php(73): Slim\Routing\Route->handle(Object(Slim\Psr7\Request))
#30 D:\xampp\htdocs\EspoCRM-9.2.7\vendor\slim\slim\Slim\MiddlewareDispatcher.php(73): Slim\MiddlewareDispatcher->handle(Object(Slim\Psr7\Request))
#31 D:\xampp\htdocs\EspoCRM-9.2.7\vendor\slim\slim\Slim\Routing\Route.php(321): Slim\MiddlewareDispatcher->handle(Object(Slim\Psr7\Request))
#32 D:\xampp\htdocs\EspoCRM-9.2.7\vendor\slim\slim\Slim\Routing\RouteRunner.php(74): Slim\Routing\Route->run(Object(Slim\Psr7\Request))
#33 D:\xampp\htdocs\EspoCRM-9.2.7\vendor\slim\slim\Slim\Middleware\RoutingMiddleware.php(45): Slim\Routing\RouteRunner->handle(Object(Slim\Psr7\Request))
#34 D:\xampp\htdocs\EspoCRM-9.2.7\vendor\slim\slim\Slim\MiddlewareDispatcher.php(129): Slim\Middleware\RoutingMiddleware->process(Object(Slim\Psr7\Request), Object(Slim\Routing\RouteRunner))
#35 D:\xampp\htdocs\EspoCRM-9.2.7\vendor\slim\slim\Slim\Middleware\ErrorMiddleware.php(77): Psr\Http\Server\RequestHandlerInterface@anonymous->handle(Object(Slim\Psr7\Request))
#36 D:\xampp\htdocs\EspoCRM-9.2.7\vendor\slim\slim\Slim\MiddlewareDispatcher.php(129): Slim\Middleware\ErrorMiddleware->process(Object(Slim\Psr7\Request), Object(Psr\Http\Server\RequestHandlerInterface@anonymous))
#37 D:\xampp\htdocs\EspoCRM-9.2.7\vendor\slim\slim\Slim\MiddlewareDispatcher.php(73): Psr\Http\Server\RequestHandlerInterface@anonymous->handle(Object(Slim\Psr7\Request))
#38 D:\xampp\htdocs\EspoCRM-9.2.7\vendor\slim\slim\Slim\App.php(209): Slim\MiddlewareDispatcher->handle(Object(Slim\Psr7\Request))
#39 D:\xampp\htdocs\EspoCRM-9.2.7\vendor\slim\slim\Slim\App.php(193): Slim\App->handle(Object(Slim\Psr7\Request))
#40 D:\xampp\htdocs\EspoCRM-9.2.7\application\Espo\Core\Api\Starter.php(84): Slim\App->run()
#41 D:\xampp\htdocs\EspoCRM-9.2.7\application\Espo\Core\ApplicationRunners\Api.php(45): Espo\Core\Api\Starter->start()
#42 D:\xampp\htdocs\EspoCRM-9.2.7\application\Espo\Core\Application\RunnerRunner.php(84): Espo\Core\ApplicationRunners\Api->run()
#43 D:\xampp\htdocs\EspoCRM-9.2.7\application\Espo\Core\Application.php(86): Espo\Core\Application\RunnerRunner->run('Espo\\Core\\Appli...', NULL)
#44 D:\xampp\htdocs\EspoCRM-9.2.7\public\api\v1\index.php(35): Espo\Core\Application->run('Espo\\Core\\Appli...')
#45 {main}
[2026-02-10 06:30:25] WARNING: E_WARNING: rename(data\tmp\tmp5374.tmp,data/cache/application/metadata.php): Access is denied (code: 5)
[2026-02-10 06:30:25] WARNING: E_WARNING: rename(data\tmp\tmp5374.tmp,data/cache/application/metadata.php): Access is denied (code: 5)
[2026-02-10 06:30:25] WARNING: E_WARNING: rename(data\tmp\tmp5375.tmp,data/cache/application/metadata.php): Access is denied (code: 5)
[2026-02-10 06:30:25] WARNING: E_WARNING: rename(data\tmp\tmp5375.tmp,data/cache/application/metadata.php): Access is denied (code: 5)
[2026-02-10 06:30:25] WARNING: E_WARNING: rename(data\tmp\tmp5374.tmp,data/cache/application/metadata.php): Access is denied (code: 5)
[2026-02-10 06:30:25] WARNING: E_WARNING: rename(data\tmp\tmp5374.tmp,data/cache/application/metadata.php): Access is denied (code: 5)
[2026-02-10 06:30:25] WARNING: E_WARNING: rename(data\tmp\tmp5374.tmp,data/cache/application/metadata.php): The system cannot find the path specified (code: 3)
[2026-02-10 06:30:25] WARNING: E_WARNING: rename(data\tmp\tmp5374.tmp,data/cache/application/metadata.php): The system cannot find the path specified (code: 3)
[2026-02-10 06:30:25] WARNING: E_WARNING: rename(data\tmp\tmp5374.tmp,data/cache/application/metadata.php): The system cannot find the path specified (code: 3)
[2026-02-10 06:30:25] WARNING: E_WARNING: rename(data\tmp\tmp5374.tmp,data/cache/application/metadata.php): The system cannot find the path specified (code: 3)
[2026-02-10 06:30:25] WARNING: E_WARNING: rename(data\tmp\tmp5374.tmp,data/cache/application/metadata.php): The system cannot find the path specified (code: 3)
[2026-02-10 06:30:25] WARNING: E_WARNING: rename(data\tmp\tmp5374.tmp,data/cache/application/metadata.php): The system cannot find the path specified (code: 3)
[2026-02-10 06:30:26] WARNING: E_WARNING: rename(data\tmp\tmp5374.tmp,data/cache/application/metadata.php): The system cannot find the path specified (code: 3)
[2026-02-10 06:30:26] WARNING: E_WARNING: file_put_contents(data/cache/application/metadata.php): Failed to open stream: No such file or directory
[2026-02-10 06:30:26] DEBUG: API (0) Could not store 'metadata'.; POST /EntityManager/action/formula; Input data: {"data":{"beforeSaveCustomScript":"// stateId.Where: {\"countryId\":\"{EmployeeAddress.countryId}\"}\n// cityId.Where: {\"stateId\":\"{EmployeeAddress.stateId}\"} \nstate.countryName = countryName;\ncity.stateName = stateName;"},"scope":"CEmployeeAddress"}; Route pattern: /{controller}/action/{action}; Route params: Array
(
    [controller] => EntityManager
    [action] => formula
)
[2026-02-10 06:30:26] CRITICAL: (0) Could not store 'metadata'. :: POST /EntityManager/action/formula :: D:\xampp\htdocs\EspoCRM-9.2.7\application\Espo\Core\Utils\DataCache.php(85)
[object] (RuntimeException(code: 0): Could not store 'metadata'. at D:\xampp\htdocs\EspoCRM-9.2.7\application\Espo\Core\Utils\DataCache.php:85)
[stacktrace]
#0 D:\xampp\htdocs\EspoCRM-9.2.7\application\Espo\Core\Utils\Metadata.php(92): Espo\Core\Utils\DataCache->store('metadata', Array)
#1 D:\xampp\htdocs\EspoCRM-9.2.7\application\Espo\Core\Utils\Metadata.php(373): Espo\Core\Utils\Metadata->init(true)
#2 D:\xampp\htdocs\EspoCRM-9.2.7\application\Espo\Core\Utils\Metadata.php(423): Espo\Core\Utils\Metadata->clearChanges()
#3 D:\xampp\htdocs\EspoCRM-9.2.7\application\Espo\Tools\EntityManager\EntityManager.php(652): Espo\Core\Utils\Metadata->save()
#4 D:\xampp\htdocs\EspoCRM-9.2.7\application\Espo\Controllers\EntityManager.php(494): Espo\Tools\EntityManager\EntityManager->setFormulaData('CEmployeeAddres...', Array)
#5 D:\xampp\htdocs\EspoCRM-9.2.7\application\Espo\Core\Api\ControllerActionProcessor.php(87): Espo\Controllers\EntityManager->postActionFormula(Object(Espo\Core\Api\RequestWrapper), Object(Espo\Core\Api\ResponseWrapper))
#6 D:\xampp\htdocs\EspoCRM-9.2.7\application\Espo\Core\Api\ControllerActionHandler.php(65): Espo\Core\Api\ControllerActionProcessor->process('EntityManager', 'formula', Object(Espo\Core\Api\RequestWrapper), Object(Espo\Core\Api\ResponseWrapper))
#7 D:\xampp\htdocs\EspoCRM-9.2.7\vendor\slim\slim\Slim\MiddlewareDispatcher.php(73): Espo\Core\Api\ControllerActionHandler->handle(Object(Slim\Psr7\Request))
#8 D:\xampp\htdocs\EspoCRM-9.2.7\application\Espo\Core\Api\RouteProcessor.php(221): Slim\MiddlewareDispatcher->handle(Object(Slim\Psr7\Request))
#9 D:\xampp\htdocs\EspoCRM-9.2.7\application\Espo\Core\Api\RouteProcessor.php(148): Espo\Core\Api\RouteProcessor->processControllerAction(Object(Espo\Core\Api\ProcessData), Object(Slim\Psr7\Request), Object(Espo\Core\Api\ResponseWrapper))
#10 D:\xampp\htdocs\EspoCRM-9.2.7\application\Espo\Core\Api\RouteProcessor.php(126): Espo\Core\Api\RouteProcessor->processAfterAuth(Object(Espo\Core\Api\ProcessData), Object(Slim\Psr7\Request), Object(Espo\Core\Api\ResponseWrapper))
#11 D:\xampp\htdocs\EspoCRM-9.2.7\application\Espo\Core\Api\RouteProcessor.php(78): Espo\Core\Api\RouteProcessor->processInternal(Object(Espo\Core\Api\ProcessData), Object(Slim\Psr7\Request), Object(Espo\Core\Api\RequestWrapper), Object(Espo\Core\Api\ResponseWrapper))
#12 D:\xampp\htdocs\EspoCRM-9.2.7\application\Espo\Core\Api\Starter.php(126): Espo\Core\Api\RouteProcessor->process(Object(Espo\Core\Api\ProcessData), Object(Slim\Psr7\Request), Object(Slim\Psr7\Response))
#13 D:\xampp\htdocs\EspoCRM-9.2.7\vendor\slim\slim\Slim\Handlers\Strategies\RequestResponse.php(38): Espo\Core\Api\Starter->Espo\Core\Api\{closure}(Object(Slim\Psr7\Request), Object(Slim\Psr7\Response), Array)
#14 D:\xampp\htdocs\EspoCRM-9.2.7\vendor\slim\slim\Slim\Routing\Route.php(363): Slim\Handlers\Strategies\RequestResponse->__invoke(Object(Closure), Object(Slim\Psr7\Request), Object(Slim\Psr7\Response), Array)
#15 D:\xampp\htdocs\EspoCRM-9.2.7\vendor\slim\slim\Slim\MiddlewareDispatcher.php(73): Slim\Routing\Route->handle(Object(Slim\Psr7\Request))
#16 D:\xampp\htdocs\EspoCRM-9.2.7\vendor\slim\slim\Slim\MiddlewareDispatcher.php(73): Slim\MiddlewareDispatcher->handle(Object(Slim\Psr7\Request))
#17 D:\xampp\htdocs\EspoCRM-9.2.7\vendor\slim\slim\Slim\Routing\Route.php(321): Slim\MiddlewareDispatcher->handle(Object(Slim\Psr7\Request))
#18 D:\xampp\htdocs\EspoCRM-9.2.7\vendor\slim\slim\Slim\Routing\RouteRunner.php(74): Slim\Routing\Route->run(Object(Slim\Psr7\Request))
#19 D:\xampp\htdocs\EspoCRM-9.2.7\vendor\slim\slim\Slim\Middleware\RoutingMiddleware.php(45): Slim\Routing\RouteRunner->handle(Object(Slim\Psr7\Request))
#20 D:\xampp\htdocs\EspoCRM-9.2.7\vendor\slim\slim\Slim\MiddlewareDispatcher.php(129): Slim\Middleware\RoutingMiddleware->process(Object(Slim\Psr7\Request), Object(Slim\Routing\RouteRunner))
#21 D:\xampp\htdocs\EspoCRM-9.2.7\vendor\slim\slim\Slim\Middleware\ErrorMiddleware.php(77): Psr\Http\Server\RequestHandlerInterface@anonymous->handle(Object(Slim\Psr7\Request))
#22 D:\xampp\htdocs\EspoCRM-9.2.7\vendor\slim\slim\Slim\MiddlewareDispatcher.php(129): Slim\Middleware\ErrorMiddleware->process(Object(Slim\Psr7\Request), Object(Psr\Http\Server\RequestHandlerInterface@anonymous))
#23 D:\xampp\htdocs\EspoCRM-9.2.7\vendor\slim\slim\Slim\MiddlewareDispatcher.php(73): Psr\Http\Server\RequestHandlerInterface@anonymous->handle(Object(Slim\Psr7\Request))
#24 D:\xampp\htdocs\EspoCRM-9.2.7\vendor\slim\slim\Slim\App.php(209): Slim\MiddlewareDispatcher->handle(Object(Slim\Psr7\Request))
#25 D:\xampp\htdocs\EspoCRM-9.2.7\vendor\slim\slim\Slim\App.php(193): Slim\App->handle(Object(Slim\Psr7\Request))
#26 D:\xampp\htdocs\EspoCRM-9.2.7\application\Espo\Core\Api\Starter.php(84): Slim\App->run()
#27 D:\xampp\htdocs\EspoCRM-9.2.7\application\Espo\Core\ApplicationRunners\Api.php(45): Espo\Core\Api\Starter->start()
#28 D:\xampp\htdocs\EspoCRM-9.2.7\application\Espo\Core\Application\RunnerRunner.php(84): Espo\Core\ApplicationRunners\Api->run()
#29 D:\xampp\htdocs\EspoCRM-9.2.7\application\Espo\Core\Application.php(86): Espo\Core\Application\RunnerRunner->run('Espo\\Core\\Appli...', NULL)
#30 D:\xampp\htdocs\EspoCRM-9.2.7\public\api\v1\index.php(35): Espo\Core\Application->run('Espo\\Core\\Appli...')
#31 {main}
[2026-02-10 06:31:18] DEBUG: Schema\Builder - Start
[2026-02-10 06:31:18] DEBUG: Schema\Builder: Entity ActionHistoryRecord
[2026-02-10 06:31:18] DEBUG: Schema\Builder: Entity AddressCountry
[2026-02-10 06:31:18] DEBUG: Schema\Builder: Entity AppLogRecord
[2026-02-10 06:31:18] DEBUG: Schema\Builder: Entity AppSecret
[2026-02-10 06:31:18] DEBUG: Schema\Builder: Entity ArrayValue
[2026-02-10 06:31:18] DEBUG: Schema\Builder: Entity Attachment
[2026-02-10 06:31:18] DEBUG: Schema\Builder: Entity AuthLogRecord
[2026-02-10 06:31:18] DEBUG: Schema\Builder: Entity AuthToken
[2026-02-10 06:31:18] DEBUG: Schema\Builder: Entity AuthenticationProvider
[2026-02-10 06:31:18] DEBUG: Schema\Builder: Entity Autofollow
[2026-02-10 06:31:18] DEBUG: Schema\Builder: Entity Currency
[2026-02-10 06:31:18] DEBUG: Schema\Builder: Entity DashboardTemplate
[2026-02-10 06:31:18] DEBUG: Schema\Builder: Entity Email
[2026-02-10 06:31:18] DEBUG: Schema\Builder: Entity EmailAccount
[2026-02-10 06:31:18] DEBUG: Schema\Builder: Entity EmailAddress
[2026-02-10 06:31:18] DEBUG: Schema\Builder: Entity EmailFilter
[2026-02-10 06:31:18] DEBUG: Schema\Builder: Entity EmailFolder
[2026-02-10 06:31:18] DEBUG: Schema\Builder: Entity EmailTemplate
[2026-02-10 06:31:18] DEBUG: Schema\Builder: Entity EmailTemplateCategory
[2026-02-10 06:31:18] DEBUG: Schema\Builder: Entity Export
[2026-02-10 06:31:18] DEBUG: Schema\Builder: Entity Extension
[2026-02-10 06:31:18] DEBUG: Schema\Builder: Entity ExternalAccount
[2026-02-10 06:31:18] DEBUG: Schema\Builder: Entity GroupEmailFolder
[2026-02-10 06:31:18] DEBUG: Schema\Builder: Entity Import
[2026-02-10 06:31:18] DEBUG: Schema\Builder: Entity ImportEntity
[2026-02-10 06:31:18] DEBUG: Schema\Builder: Entity ImportError
[2026-02-10 06:31:18] DEBUG: Schema\Builder: Entity InboundEmail
[2026-02-10 06:31:18] DEBUG: Schema\Builder: Entity Integration
[2026-02-10 06:31:18] DEBUG: Schema\Builder: Entity Job
[2026-02-10 06:31:18] DEBUG: Schema\Builder: Entity KanbanOrder
[2026-02-10 06:31:18] DEBUG: Schema\Builder: Entity LayoutRecord
[2026-02-10 06:31:18] DEBUG: Schema\Builder: Entity LayoutSet
[2026-02-10 06:31:18] DEBUG: Schema\Builder: Entity LeadCapture
[2026-02-10 06:31:18] DEBUG: Schema\Builder: Entity LeadCaptureLogRecord
[2026-02-10 06:31:18] DEBUG: Schema\Builder: Entity MassAction
[2026-02-10 06:31:18] DEBUG: Schema\Builder: Entity NextNumber
[2026-02-10 06:31:18] DEBUG: Schema\Builder: Entity Note
[2026-02-10 06:31:18] DEBUG: Schema\Builder: Entity Notification
[2026-02-10 06:31:18] DEBUG: Schema\Builder: Entity OAuthAccount
[2026-02-10 06:31:18] DEBUG: Schema\Builder: Entity OAuthProvider
[2026-02-10 06:31:18] DEBUG: Schema\Builder: Entity PasswordChangeRequest
[2026-02-10 06:31:18] DEBUG: Schema\Builder: Entity PhoneNumber
[2026-02-10 06:31:18] DEBUG: Schema\Builder: Entity Portal
[2026-02-10 06:31:18] DEBUG: Schema\Builder: Entity PortalRole
[2026-02-10 06:31:18] DEBUG: Schema\Builder: Entity Preferences
[2026-02-10 06:31:18] DEBUG: Schema\Builder: Entity Role
[2026-02-10 06:31:18] DEBUG: Schema\Builder: Entity ScheduledJob
[2026-02-10 06:31:18] DEBUG: Schema\Builder: Entity ScheduledJobLogRecord
[2026-02-10 06:31:18] DEBUG: Schema\Builder: Entity Sms
[2026-02-10 06:31:18] DEBUG: Schema\Builder: Entity StarSubscription
[2026-02-10 06:31:18] DEBUG: Schema\Builder: Entity StreamSubscription
[2026-02-10 06:31:18] DEBUG: Schema\Builder: Entity SystemData
[2026-02-10 06:31:18] DEBUG: Schema\Builder: Entity Team
[2026-02-10 06:31:18] DEBUG: Schema\Builder: Entity Template
[2026-02-10 06:31:18] DEBUG: Schema\Builder: Entity TwoFactorCode
[2026-02-10 06:31:18] DEBUG: Schema\Builder: Entity UniqueId
[2026-02-10 06:31:18] DEBUG: Schema\Builder: Entity User
[2026-02-10 06:31:18] DEBUG: Schema\Builder: Entity UserData
[2026-02-10 06:31:18] DEBUG: Schema\Builder: Entity UserReaction
[2026-02-10 06:31:18] DEBUG: Schema\Builder: Entity Webhook
[2026-02-10 06:31:18] DEBUG: Schema\Builder: Entity WebhookEventQueueItem
[2026-02-10 06:31:18] DEBUG: Schema\Builder: Entity WebhookQueueItem
[2026-02-10 06:31:18] DEBUG: Schema\Builder: Entity WorkingTimeCalendar
[2026-02-10 06:31:18] DEBUG: Schema\Builder: Entity WorkingTimeRange
[2026-02-10 06:31:18] DEBUG: Schema\Builder: Entity Account
[2026-02-10 06:31:18] DEBUG: Schema\Builder: Entity Call
[2026-02-10 06:31:18] DEBUG: Schema\Builder: Entity Campaign
[2026-02-10 06:31:18] DEBUG: Schema\Builder: Entity CampaignLogRecord
[2026-02-10 06:31:18] DEBUG: Schema\Builder: Entity CampaignTrackingUrl
[2026-02-10 06:31:18] DEBUG: Schema\Builder: Entity Case
[2026-02-10 06:31:18] DEBUG: Schema\Builder: Entity Contact
[2026-02-10 06:31:18] DEBUG: Schema\Builder: Entity Document
[2026-02-10 06:31:18] DEBUG: Schema\Builder: Entity DocumentFolder
[2026-02-10 06:31:18] DEBUG: Schema\Builder: Entity EmailQueueItem
[2026-02-10 06:31:18] DEBUG: Schema\Builder: Entity KnowledgeBaseArticle
[2026-02-10 06:31:18] DEBUG: Schema\Builder: Entity KnowledgeBaseCategory
[2026-02-10 06:31:18] DEBUG: Schema\Builder: Entity Lead
[2026-02-10 06:31:18] DEBUG: Schema\Builder: Entity MassEmail
[2026-02-10 06:31:18] DEBUG: Schema\Builder: Entity Meeting
[2026-02-10 06:31:18] DEBUG: Schema\Builder: Entity Opportunity
[2026-02-10 06:31:18] DEBUG: Schema\Builder: Entity Reminder
[2026-02-10 06:31:18] DEBUG: Schema\Builder: Entity Target
[2026-02-10 06:31:18] DEBUG: Schema\Builder: Entity TargetList
[2026-02-10 06:31:18] DEBUG: Schema\Builder: Entity TargetListCategory
[2026-02-10 06:31:18] DEBUG: Schema\Builder: Entity Task
[2026-02-10 06:31:18] DEBUG: Schema\Builder: Entity CADHAR
[2026-02-10 06:31:18] DEBUG: Schema\Builder: Entity CBanks
[2026-02-10 06:31:18] DEBUG: Schema\Builder: Entity CCity
[2026-02-10 06:31:18] DEBUG: Schema\Builder: Entity CContactType
[2026-02-10 06:31:18] DEBUG: Schema\Builder: Entity CCountry
[2026-02-10 06:31:18] DEBUG: Schema\Builder: Entity CDepartment
[2026-02-10 06:31:18] DEBUG: Schema\Builder: Entity CDependantRelation
[2026-02-10 06:31:18] DEBUG: Schema\Builder: Entity CDocumentType
[2026-02-10 06:31:18] DEBUG: Schema\Builder: Entity CDrivingLicense
[2026-02-10 06:31:18] DEBUG: Schema\Builder: Entity CEmployee
[2026-02-10 06:31:18] DEBUG: Schema\Builder: Entity CEmployeeAddress
[2026-02-10 06:31:18] DEBUG: Schema\Builder: Entity CEmployeeBank
[2026-02-10 06:31:18] DEBUG: Schema\Builder: Entity CEmployeeContact
[2026-02-10 06:31:18] DEBUG: Schema\Builder: Entity CEmployeeDependent
[2026-02-10 06:31:18] DEBUG: Schema\Builder: Entity CEmployeeDocuments
[2026-02-10 06:31:18] DEBUG: Schema\Builder: Entity CEmployeePastExperience
[2026-02-10 06:31:18] DEBUG: Schema\Builder: Entity CPanCard
[2026-02-10 06:31:18] DEBUG: Schema\Builder: Entity CPassport
[2026-02-10 06:31:18] DEBUG: Schema\Builder: Entity CState
[2026-02-10 06:31:18] DEBUG: Schema\Builder: Entity CVoterIdCard
[2026-02-10 06:31:18] DEBUG: Schema\Builder: Entity CWorkRole
[2026-02-10 06:31:18] DEBUG: Schema\Builder: Entity EmailTemplateCategoryPath
[2026-02-10 06:31:18] DEBUG: Schema\Builder: Entity DocumentFolderPath
[2026-02-10 06:31:18] DEBUG: Schema\Builder: Entity KnowledgeBaseCategoryPath
[2026-02-10 06:31:18] DEBUG: Schema\Builder: Entity TargetListCategoryPath
[2026-02-10 06:31:18] DEBUG: Schema\Builder: ManyMany for Email.emailAccounts
[2026-02-10 06:31:18] DEBUG: Schema\Builder: ManyMany for Email.inboundEmails
[2026-02-10 06:31:18] DEBUG: Schema\Builder: ManyMany for Email.replyToEmailAddresses
[2026-02-10 06:31:18] DEBUG: Schema\Builder: ManyMany for Email.users
[2026-02-10 06:31:18] DEBUG: Schema\Builder: ManyMany for Email.assignedUsers
[2026-02-10 06:31:18] DEBUG: Schema\Builder: ManyMany for Email.teams
[2026-02-10 06:31:18] DEBUG: Schema\Builder: ManyMany for GroupEmailFolder.teams
[2026-02-10 06:31:18] DEBUG: Schema\Builder: ManyMany for InboundEmail.teams
[2026-02-10 06:31:18] DEBUG: Schema\Builder: ManyMany for Note.users
[2026-02-10 06:31:18] DEBUG: Schema\Builder: ManyMany for Note.portals
[2026-02-10 06:31:18] DEBUG: Schema\Builder: ManyMany for Note.teams
[2026-02-10 06:31:18] DEBUG: Schema\Builder: ManyMany for Portal.articles
[2026-02-10 06:31:18] DEBUG: Schema\Builder: ManyMany for Portal.portalRoles
[2026-02-10 06:31:18] DEBUG: Schema\Builder: ManyMany for Portal.users
[2026-02-10 06:31:18] DEBUG: Schema\Builder: ManyMany for PortalRole.users
[2026-02-10 06:31:18] DEBUG: Schema\Builder: ManyMany for Role.teams
[2026-02-10 06:31:18] DEBUG: Schema\Builder: ManyMany for Role.users
[2026-02-10 06:31:18] DEBUG: Schema\Builder: ManyMany for Sms.toPhoneNumbers
[2026-02-10 06:31:18] DEBUG: Schema\Builder: ManyMany for Team.users
[2026-02-10 06:31:18] DEBUG: Schema\Builder: ManyMany for User.emailAddresses
[2026-02-10 06:31:18] DEBUG: Schema\Builder: ManyMany for User.phoneNumbers
[2026-02-10 06:31:18] DEBUG: Schema\Builder: ManyMany for User.targetLists
[2026-02-10 06:31:18] DEBUG: Schema\Builder: ManyMany for User.accounts
[2026-02-10 06:31:18] DEBUG: Schema\Builder: ManyMany for User.calls
[2026-02-10 06:31:18] DEBUG: Schema\Builder: ManyMany for User.meetings
[2026-02-10 06:31:18] DEBUG: Schema\Builder: ManyMany for User.workingTimeRanges
[2026-02-10 06:31:18] DEBUG: Schema\Builder: ManyMany for WorkingTimeCalendar.ranges
[2026-02-10 06:31:18] DEBUG: Schema\Builder: ManyMany for Account.portalUsers
[2026-02-10 06:31:18] DEBUG: Schema\Builder: Table [account_portal_user] exists.
[2026-02-10 06:31:18] DEBUG: Schema\Builder: ManyMany for Account.targetLists
[2026-02-10 06:31:18] DEBUG: Schema\Builder: ManyMany for Account.documents
[2026-02-10 06:31:18] DEBUG: Schema\Builder: ManyMany for Account.contacts
[2026-02-10 06:31:18] DEBUG: Schema\Builder: ManyMany for Call.leads
[2026-02-10 06:31:18] DEBUG: Schema\Builder: ManyMany for Call.contacts
[2026-02-10 06:31:18] DEBUG: Schema\Builder: ManyMany for Campaign.excludingTargetLists
[2026-02-10 06:31:18] DEBUG: Schema\Builder: ManyMany for Campaign.targetLists
[2026-02-10 06:31:18] DEBUG: Schema\Builder: ManyMany for Case.articles
[2026-02-10 06:31:18] DEBUG: Schema\Builder: ManyMany for Case.contacts
[2026-02-10 06:31:18] DEBUG: Schema\Builder: ManyMany for Contact.documents
[2026-02-10 06:31:18] DEBUG: Schema\Builder: ManyMany for Contact.targetLists
[2026-02-10 06:31:18] DEBUG: Schema\Builder: ManyMany for Contact.meetings
[2026-02-10 06:31:18] DEBUG: Schema\Builder: ManyMany for Contact.opportunities
[2026-02-10 06:31:18] DEBUG: Schema\Builder: ManyMany for Document.leads
[2026-02-10 06:31:18] DEBUG: Schema\Builder: ManyMany for Document.opportunities
[2026-02-10 06:31:18] DEBUG: Schema\Builder: ManyMany for KnowledgeBaseArticle.categories
[2026-02-10 06:31:18] DEBUG: Schema\Builder: ManyMany for Lead.targetLists
[2026-02-10 06:31:18] DEBUG: Schema\Builder: ManyMany for Lead.meetings
[2026-02-10 06:31:18] DEBUG: Schema\Builder: ManyMany for MassEmail.excludingTargetLists
[2026-02-10 06:31:18] DEBUG: Schema\Builder: ManyMany for MassEmail.targetLists
[2026-02-10 06:31:18] DEBUG: Schema\Builder - End
[2026-02-10 08:33:39] DEBUG: API (2002) SQLSTATE[HY000] [2002] No connection could be made because the target machine actively refused it; GET /Notification/action/notReadCount; Route pattern: /{controller}/action/{action}; Route params: Array
(
    [controller] => Notification
    [action] => notReadCount
)
[2026-02-10 08:33:39] DEBUG: API (2002) SQLSTATE[HY000] [2002] No connection could be made because the target machine actively refused it; GET /PopupNotification/action/grouped; Route pattern: /{controller}/action/{action}; Route params: Array
(
    [controller] => PopupNotification
    [action] => grouped
)
[2026-02-10 08:33:39] CRITICAL: (2002) SQLSTATE[HY000] [2002] No connection could be made because the target machine actively refused it :: GET /PopupNotification/action/grouped :: D:\xampp\htdocs\EspoCRM-9.2.7\application\Espo\ORM\PDO\MysqlPDOFactory.php(73)
[object] (PDOException(code: 2002): SQLSTATE[HY000] [2002] No connection could be made because the target machine actively refused it at D:\xampp\htdocs\EspoCRM-9.2.7\application\Espo\ORM\PDO\MysqlPDOFactory.php:73)
[stacktrace]
#0 D:\xampp\htdocs\EspoCRM-9.2.7\application\Espo\ORM\PDO\MysqlPDOFactory.php(73): PDO->__construct('mysql:host=loca...', 'root', Object(SensitiveParameterValue), Array)
#1 D:\xampp\htdocs\EspoCRM-9.2.7\application\Espo\ORM\PDO\DefaultPDOProvider.php(57): Espo\ORM\PDO\MysqlPDOFactory->create(Object(Espo\ORM\DatabaseParams))
#2 D:\xampp\htdocs\EspoCRM-9.2.7\application\Espo\ORM\PDO\DefaultPDOProvider.php(47): Espo\ORM\PDO\DefaultPDOProvider->intPDO()
#3 D:\xampp\htdocs\EspoCRM-9.2.7\application\Espo\ORM\Executor\DefaultSqlExecutor.php(53): Espo\ORM\PDO\DefaultPDOProvider->get()
#4 D:\xampp\htdocs\EspoCRM-9.2.7\application\Espo\Core\ORM\EntityManagerFactory.php(135): Espo\ORM\Executor\DefaultSqlExecutor->__construct(Object(Espo\ORM\PDO\DefaultPDOProvider), Object(Espo\Core\Utils\Log), false, false)
#5 D:\xampp\htdocs\EspoCRM-9.2.7\application\Espo\Core\Loaders\EntityManager.php(47): Espo\Core\ORM\EntityManagerFactory->create()
#6 D:\xampp\htdocs\EspoCRM-9.2.7\application\Espo\Core\Container.php(343): Espo\Core\Loaders\EntityManager->load()
#7 D:\xampp\htdocs\EspoCRM-9.2.7\application\Espo\Core\Container.php(101): Espo\Core\Container->load('entityManager')
#8 D:\xampp\htdocs\EspoCRM-9.2.7\application\Espo\Core\InjectableFactory.php(319): Espo\Core\Container->get('entityManager')
#9 D:\xampp\htdocs\EspoCRM-9.2.7\application\Espo\Core\InjectableFactory.php(257): Espo\Core\InjectableFactory->resolveBinding(Object(Espo\Core\Binding\Binding), NULL)
#10 D:\xampp\htdocs\EspoCRM-9.2.7\application\Espo\Core\InjectableFactory.php(200): Espo\Core\InjectableFactory->getMethodParamInjection(Object(ReflectionClass), Object(ReflectionParameter), NULL, NULL)
#11 D:\xampp\htdocs\EspoCRM-9.2.7\application\Espo\Core\InjectableFactory.php(169): Espo\Core\InjectableFactory->getConstructorInjectionList(Object(ReflectionClass), NULL, NULL)
#12 D:\xampp\htdocs\EspoCRM-9.2.7\application\Espo\Core\InjectableFactory.php(69): Espo\Core\InjectableFactory->createInternal('Espo\\Core\\Authe...')
#13 D:\xampp\htdocs\EspoCRM-9.2.7\application\Espo\Core\Container.php(372): Espo\Core\InjectableFactory->create('Espo\\Core\\Authe...')
#14 D:\xampp\htdocs\EspoCRM-9.2.7\application\Espo\Core\Container.php(101): Espo\Core\Container->load('authTokenManage...')
#15 D:\xampp\htdocs\EspoCRM-9.2.7\application\Espo\Core\InjectableFactory.php(319): Espo\Core\Container->get('authTokenManage...')
#16 D:\xampp\htdocs\EspoCRM-9.2.7\application\Espo\Core\InjectableFactory.php(257): Espo\Core\InjectableFactory->resolveBinding(Object(Espo\Core\Binding\Binding), NULL)
#17 D:\xampp\htdocs\EspoCRM-9.2.7\application\Espo\Core\InjectableFactory.php(200): Espo\Core\InjectableFactory->getMethodParamInjection(Object(ReflectionClass), Object(ReflectionParameter), NULL, NULL)
#18 D:\xampp\htdocs\EspoCRM-9.2.7\application\Espo\Core\InjectableFactory.php(169): Espo\Core\InjectableFactory->getConstructorInjectionList(Object(ReflectionClass), NULL, NULL)
#19 D:\xampp\htdocs\EspoCRM-9.2.7\application\Espo\Core\InjectableFactory.php(69): Espo\Core\InjectableFactory->createInternal('Espo\\Core\\Authe...')
#20 D:\xampp\htdocs\EspoCRM-9.2.7\application\Espo\Core\Authentication\AuthenticationFactory.php(41): Espo\Core\InjectableFactory->create('Espo\\Core\\Authe...')
#21 D:\xampp\htdocs\EspoCRM-9.2.7\application\Espo\Core\Api\RouteProcessor.php(110): Espo\Core\Authentication\AuthenticationFactory->create()
#22 D:\xampp\htdocs\EspoCRM-9.2.7\application\Espo\Core\Api\RouteProcessor.php(78): Espo\Core\Api\RouteProcessor->processInternal(Object(Espo\Core\Api\ProcessData), Object(Slim\Psr7\Request), Object(Espo\Core\Api\RequestWrapper), Object(Espo\Core\Api\ResponseWrapper))
#23 D:\xampp\htdocs\EspoCRM-9.2.7\application\Espo\Core\Api\Starter.php(126): Espo\Core\Api\RouteProcessor->process(Object(Espo\Core\Api\ProcessData), Object(Slim\Psr7\Request), Object(Slim\Psr7\Response))
#24 D:\xampp\htdocs\EspoCRM-9.2.7\vendor\slim\slim\Slim\Handlers\Strategies\RequestResponse.php(38): Espo\Core\Api\Starter->Espo\Core\Api\{closure}(Object(Slim\Psr7\Request), Object(Slim\Psr7\Response), Array)
#25 D:\xampp\htdocs\EspoCRM-9.2.7\vendor\slim\slim\Slim\Routing\Route.php(363): Slim\Handlers\Strategies\RequestResponse->__invoke(Object(Closure), Object(Slim\Psr7\Request), Object(Slim\Psr7\Response), Array)
#26 D:\xampp\htdocs\EspoCRM-9.2.7\vendor\slim\slim\Slim\MiddlewareDispatcher.php(73): Slim\Routing\Route->handle(Object(Slim\Psr7\Request))
#27 D:\xampp\htdocs\EspoCRM-9.2.7\vendor\slim\slim\Slim\MiddlewareDispatcher.php(73): Slim\MiddlewareDispatcher->handle(Object(Slim\Psr7\Request))
#28 D:\xampp\htdocs\EspoCRM-9.2.7\vendor\slim\slim\Slim\Routing\Route.php(321): Slim\MiddlewareDispatcher->handle(Object(Slim\Psr7\Request))
#29 D:\xampp\htdocs\EspoCRM-9.2.7\vendor\slim\slim\Slim\Routing\RouteRunner.php(74): Slim\Routing\Route->run(Object(Slim\Psr7\Request))
#30 D:\xampp\htdocs\EspoCRM-9.2.7\vendor\slim\slim\Slim\Middleware\RoutingMiddleware.php(45): Slim\Routing\RouteRunner->handle(Object(Slim\Psr7\Request))
#31 D:\xampp\htdocs\EspoCRM-9.2.7\vendor\slim\slim\Slim\MiddlewareDispatcher.php(129): Slim\Middleware\RoutingMiddleware->process(Object(Slim\Psr7\Request), Object(Slim\Routing\RouteRunner))
#32 D:\xampp\htdocs\EspoCRM-9.2.7\vendor\slim\slim\Slim\Middleware\ErrorMiddleware.php(77): Psr\Http\Server\RequestHandlerInterface@anonymous->handle(Object(Slim\Psr7\Request))
#33 D:\xampp\htdocs\EspoCRM-9.2.7\vendor\slim\slim\Slim\MiddlewareDispatcher.php(129): Slim\Middleware\ErrorMiddleware->process(Object(Slim\Psr7\Request), Object(Psr\Http\Server\RequestHandlerInterface@anonymous))
#34 D:\xampp\htdocs\EspoCRM-9.2.7\vendor\slim\slim\Slim\MiddlewareDispatcher.php(73): Psr\Http\Server\RequestHandlerInterface@anonymous->handle(Object(Slim\Psr7\Request))
#35 D:\xampp\htdocs\EspoCRM-9.2.7\vendor\slim\slim\Slim\App.php(209): Slim\MiddlewareDispatcher->handle(Object(Slim\Psr7\Request))
#36 D:\xampp\htdocs\EspoCRM-9.2.7\vendor\slim\slim\Slim\App.php(193): Slim\App->handle(Object(Slim\Psr7\Request))
#37 D:\xampp\htdocs\EspoCRM-9.2.7\application\Espo\Core\Api\Starter.php(84): Slim\App->run()
#38 D:\xampp\htdocs\EspoCRM-9.2.7\application\Espo\Core\ApplicationRunners\Api.php(45): Espo\Core\Api\Starter->start()
#39 D:\xampp\htdocs\EspoCRM-9.2.7\application\Espo\Core\Application\RunnerRunner.php(84): Espo\Core\ApplicationRunners\Api->run()
#40 D:\xampp\htdocs\EspoCRM-9.2.7\application\Espo\Core\Application.php(86): Espo\Core\Application\RunnerRunner->run('Espo\\Core\\Appli...', NULL)
#41 D:\xampp\htdocs\EspoCRM-9.2.7\public\api\v1\index.php(35): Espo\Core\Application->run('Espo\\Core\\Appli...')
#42 {main}
[2026-02-10 08:33:39] CRITICAL: (2002) SQLSTATE[HY000] [2002] No connection could be made because the target machine actively refused it :: GET /Notification/action/notReadCount :: D:\xampp\htdocs\EspoCRM-9.2.7\application\Espo\ORM\PDO\MysqlPDOFactory.php(73)
[object] (PDOException(code: 2002): SQLSTATE[HY000] [2002] No connection could be made because the target machine actively refused it at D:\xampp\htdocs\EspoCRM-9.2.7\application\Espo\ORM\PDO\MysqlPDOFactory.php:73)
[stacktrace]
#0 D:\xampp\htdocs\EspoCRM-9.2.7\application\Espo\ORM\PDO\MysqlPDOFactory.php(73): PDO->__construct('mysql:host=loca...', 'root', Object(SensitiveParameterValue), Array)
#1 D:\xampp\htdocs\EspoCRM-9.2.7\application\Espo\ORM\PDO\DefaultPDOProvider.php(57): Espo\ORM\PDO\MysqlPDOFactory->create(Object(Espo\ORM\DatabaseParams))
#2 D:\xampp\htdocs\EspoCRM-9.2.7\application\Espo\ORM\PDO\DefaultPDOProvider.php(47): Espo\ORM\PDO\DefaultPDOProvider->intPDO()
#3 D:\xampp\htdocs\EspoCRM-9.2.7\application\Espo\ORM\Executor\DefaultSqlExecutor.php(53): Espo\ORM\PDO\DefaultPDOProvider->get()
#4 D:\xampp\htdocs\EspoCRM-9.2.7\application\Espo\Core\ORM\EntityManagerFactory.php(135): Espo\ORM\Executor\DefaultSqlExecutor->__construct(Object(Espo\ORM\PDO\DefaultPDOProvider), Object(Espo\Core\Utils\Log), false, false)
#5 D:\xampp\htdocs\EspoCRM-9.2.7\application\Espo\Core\Loaders\EntityManager.php(47): Espo\Core\ORM\EntityManagerFactory->create()
#6 D:\xampp\htdocs\EspoCRM-9.2.7\application\Espo\Core\Container.php(343): Espo\Core\Loaders\EntityManager->load()
#7 D:\xampp\htdocs\EspoCRM-9.2.7\application\Espo\Core\Container.php(101): Espo\Core\Container->load('entityManager')
#8 D:\xampp\htdocs\EspoCRM-9.2.7\application\Espo\Core\InjectableFactory.php(319): Espo\Core\Container->get('entityManager')
#9 D:\xampp\htdocs\EspoCRM-9.2.7\application\Espo\Core\InjectableFactory.php(257): Espo\Core\InjectableFactory->resolveBinding(Object(Espo\Core\Binding\Binding), NULL)
#10 D:\xampp\htdocs\EspoCRM-9.2.7\application\Espo\Core\InjectableFactory.php(200): Espo\Core\InjectableFactory->getMethodParamInjection(Object(ReflectionClass), Object(ReflectionParameter), NULL, NULL)
#11 D:\xampp\htdocs\EspoCRM-9.2.7\application\Espo\Core\InjectableFactory.php(169): Espo\Core\InjectableFactory->getConstructorInjectionList(Object(ReflectionClass), NULL, NULL)
#12 D:\xampp\htdocs\EspoCRM-9.2.7\application\Espo\Core\InjectableFactory.php(69): Espo\Core\InjectableFactory->createInternal('Espo\\Core\\Authe...')
#13 D:\xampp\htdocs\EspoCRM-9.2.7\application\Espo\Core\Container.php(372): Espo\Core\InjectableFactory->create('Espo\\Core\\Authe...')
#14 D:\xampp\htdocs\EspoCRM-9.2.7\application\Espo\Core\Container.php(101): Espo\Core\Container->load('authTokenManage...')
#15 D:\xampp\htdocs\EspoCRM-9.2.7\application\Espo\Core\InjectableFactory.php(319): Espo\Core\Container->get('authTokenManage...')
#16 D:\xampp\htdocs\EspoCRM-9.2.7\application\Espo\Core\InjectableFactory.php(257): Espo\Core\InjectableFactory->resolveBinding(Object(Espo\Core\Binding\Binding), NULL)
#17 D:\xampp\htdocs\EspoCRM-9.2.7\application\Espo\Core\InjectableFactory.php(200): Espo\Core\InjectableFactory->getMethodParamInjection(Object(ReflectionClass), Object(ReflectionParameter), NULL, NULL)
#18 D:\xampp\htdocs\EspoCRM-9.2.7\application\Espo\Core\InjectableFactory.php(169): Espo\Core\InjectableFactory->getConstructorInjectionList(Object(ReflectionClass), NULL, NULL)
#19 D:\xampp\htdocs\EspoCRM-9.2.7\application\Espo\Core\InjectableFactory.php(69): Espo\Core\InjectableFactory->createInternal('Espo\\Core\\Authe...')
#20 D:\xampp\htdocs\EspoCRM-9.2.7\application\Espo\Core\Authentication\AuthenticationFactory.php(41): Espo\Core\InjectableFactory->create('Espo\\Core\\Authe...')
#21 D:\xampp\htdocs\EspoCRM-9.2.7\application\Espo\Core\Api\RouteProcessor.php(110): Espo\Core\Authentication\AuthenticationFactory->create()
#22 D:\xampp\htdocs\EspoCRM-9.2.7\application\Espo\Core\Api\RouteProcessor.php(78): Espo\Core\Api\RouteProcessor->processInternal(Object(Espo\Core\Api\ProcessData), Object(Slim\Psr7\Request), Object(Espo\Core\Api\RequestWrapper), Object(Espo\Core\Api\ResponseWrapper))
#23 D:\xampp\htdocs\EspoCRM-9.2.7\application\Espo\Core\Api\Starter.php(126): Espo\Core\Api\RouteProcessor->process(Object(Espo\Core\Api\ProcessData), Object(Slim\Psr7\Request), Object(Slim\Psr7\Response))
#24 D:\xampp\htdocs\EspoCRM-9.2.7\vendor\slim\slim\Slim\Handlers\Strategies\RequestResponse.php(38): Espo\Core\Api\Starter->Espo\Core\Api\{closure}(Object(Slim\Psr7\Request), Object(Slim\Psr7\Response), Array)
#25 D:\xampp\htdocs\EspoCRM-9.2.7\vendor\slim\slim\Slim\Routing\Route.php(363): Slim\Handlers\Strategies\RequestResponse->__invoke(Object(Closure), Object(Slim\Psr7\Request), Object(Slim\Psr7\Response), Array)
#26 D:\xampp\htdocs\EspoCRM-9.2.7\vendor\slim\slim\Slim\MiddlewareDispatcher.php(73): Slim\Routing\Route->handle(Object(Slim\Psr7\Request))
#27 D:\xampp\htdocs\EspoCRM-9.2.7\vendor\slim\slim\Slim\MiddlewareDispatcher.php(73): Slim\MiddlewareDispatcher->handle(Object(Slim\Psr7\Request))
#28 D:\xampp\htdocs\EspoCRM-9.2.7\vendor\slim\slim\Slim\Routing\Route.php(321): Slim\MiddlewareDispatcher->handle(Object(Slim\Psr7\Request))
#29 D:\xampp\htdocs\EspoCRM-9.2.7\vendor\slim\slim\Slim\Routing\RouteRunner.php(74): Slim\Routing\Route->run(Object(Slim\Psr7\Request))
#30 D:\xampp\htdocs\EspoCRM-9.2.7\vendor\slim\slim\Slim\Middleware\RoutingMiddleware.php(45): Slim\Routing\RouteRunner->handle(Object(Slim\Psr7\Request))
#31 D:\xampp\htdocs\EspoCRM-9.2.7\vendor\slim\slim\Slim\MiddlewareDispatcher.php(129): Slim\Middleware\RoutingMiddleware->process(Object(Slim\Psr7\Request), Object(Slim\Routing\RouteRunner))
#32 D:\xampp\htdocs\EspoCRM-9.2.7\vendor\slim\slim\Slim\Middleware\ErrorMiddleware.php(77): Psr\Http\Server\RequestHandlerInterface@anonymous->handle(Object(Slim\Psr7\Request))
#33 D:\xampp\htdocs\EspoCRM-9.2.7\vendor\slim\slim\Slim\MiddlewareDispatcher.php(129): Slim\Middleware\ErrorMiddleware->process(Object(Slim\Psr7\Request), Object(Psr\Http\Server\RequestHandlerInterface@anonymous))
#34 D:\xampp\htdocs\EspoCRM-9.2.7\vendor\slim\slim\Slim\MiddlewareDispatcher.php(73): Psr\Http\Server\RequestHandlerInterface@anonymous->handle(Object(Slim\Psr7\Request))
#35 D:\xampp\htdocs\EspoCRM-9.2.7\vendor\slim\slim\Slim\App.php(209): Slim\MiddlewareDispatcher->handle(Object(Slim\Psr7\Request))
#36 D:\xampp\htdocs\EspoCRM-9.2.7\vendor\slim\slim\Slim\App.php(193): Slim\App->handle(Object(Slim\Psr7\Request))
#37 D:\xampp\htdocs\EspoCRM-9.2.7\application\Espo\Core\Api\Starter.php(84): Slim\App->run()
#38 D:\xampp\htdocs\EspoCRM-9.2.7\application\Espo\Core\ApplicationRunners\Api.php(45): Espo\Core\Api\Starter->start()
#39 D:\xampp\htdocs\EspoCRM-9.2.7\application\Espo\Core\Application\RunnerRunner.php(84): Espo\Core\ApplicationRunners\Api->run()
#40 D:\xampp\htdocs\EspoCRM-9.2.7\application\Espo\Core\Application.php(86): Espo\Core\Application\RunnerRunner->run('Espo\\Core\\Appli...', NULL)
#41 D:\xampp\htdocs\EspoCRM-9.2.7\public\api\v1\index.php(35): Espo\Core\Application->run('Espo\\Core\\Appli...')
#42 {main}
[2026-02-10 08:40:10] WARNING: E_WARNING: rename(data\tmp\tmp1D45.tmp,data/cache/application/classmapControllers.php): Access is denied (code: 5)
[2026-02-10 08:40:10] WARNING: E_WARNING: rename(data\tmp\tmp1D45.tmp,data/cache/application/classmapControllers.php): The system cannot find the path specified (code: 3)
[2026-02-10 08:40:10] WARNING: E_WARNING: rename(data\tmp\tmp1D45.tmp,data/cache/application/classmapControllers.php): The system cannot find the path specified (code: 3)
[2026-02-10 08:40:10] WARNING: E_WARNING: rename(data\tmp\tmp1D45.tmp,data/cache/application/classmapControllers.php): The system cannot find the path specified (code: 3)
[2026-02-10 08:40:10] WARNING: E_WARNING: rename(data\tmp\tmp1D45.tmp,data/cache/application/classmapControllers.php): The system cannot find the path specified (code: 3)
[2026-02-10 08:40:10] WARNING: E_WARNING: rename(data\tmp\tmp1D45.tmp,data/cache/application/classmapControllers.php): The system cannot find the path specified (code: 3)
[2026-02-10 08:40:10] WARNING: E_WARNING: rename(data\tmp\tmp1D45.tmp,data/cache/application/classmapControllers.php): The system cannot find the path specified (code: 3)
[2026-02-10 08:40:14] DEBUG: Schema\Builder - Start
[2026-02-10 08:40:14] DEBUG: Schema\Builder: Entity ActionHistoryRecord
[2026-02-10 08:40:14] DEBUG: Schema\Builder: Entity AddressCountry
[2026-02-10 08:40:14] DEBUG: Schema\Builder: Entity AppLogRecord
[2026-02-10 08:40:14] DEBUG: Schema\Builder: Entity AppSecret
[2026-02-10 08:40:14] DEBUG: Schema\Builder: Entity ArrayValue
[2026-02-10 08:40:14] DEBUG: Schema\Builder: Entity Attachment
[2026-02-10 08:40:14] DEBUG: Schema\Builder: Entity AuthLogRecord
[2026-02-10 08:40:14] DEBUG: Schema\Builder: Entity AuthToken
[2026-02-10 08:40:14] DEBUG: Schema\Builder: Entity AuthenticationProvider
[2026-02-10 08:40:14] DEBUG: Schema\Builder: Entity Autofollow
[2026-02-10 08:40:14] DEBUG: Schema\Builder: Entity Currency
[2026-02-10 08:40:14] DEBUG: Schema\Builder: Entity DashboardTemplate
[2026-02-10 08:40:14] DEBUG: Schema\Builder: Entity Email
[2026-02-10 08:40:14] DEBUG: Schema\Builder: Entity EmailAccount
[2026-02-10 08:40:14] DEBUG: Schema\Builder: Entity EmailAddress
[2026-02-10 08:40:14] DEBUG: Schema\Builder: Entity EmailFilter
[2026-02-10 08:40:14] DEBUG: Schema\Builder: Entity EmailFolder
[2026-02-10 08:40:14] DEBUG: Schema\Builder: Entity EmailTemplate
[2026-02-10 08:40:14] DEBUG: Schema\Builder: Entity EmailTemplateCategory
[2026-02-10 08:40:14] DEBUG: Schema\Builder: Entity Export
[2026-02-10 08:40:14] DEBUG: Schema\Builder: Entity Extension
[2026-02-10 08:40:14] DEBUG: Schema\Builder: Entity ExternalAccount
[2026-02-10 08:40:14] DEBUG: Schema\Builder: Entity GroupEmailFolder
[2026-02-10 08:40:14] DEBUG: Schema\Builder: Entity Import
[2026-02-10 08:40:14] DEBUG: Schema\Builder: Entity ImportEntity
[2026-02-10 08:40:14] DEBUG: Schema\Builder: Entity ImportError
[2026-02-10 08:40:14] DEBUG: Schema\Builder: Entity InboundEmail
[2026-02-10 08:40:14] DEBUG: Schema\Builder: Entity Integration
[2026-02-10 08:40:14] DEBUG: Schema\Builder: Entity Job
[2026-02-10 08:40:14] DEBUG: Schema\Builder: Entity KanbanOrder
[2026-02-10 08:40:14] DEBUG: Schema\Builder: Entity LayoutRecord
[2026-02-10 08:40:14] DEBUG: Schema\Builder: Entity LayoutSet
[2026-02-10 08:40:14] DEBUG: Schema\Builder: Entity LeadCapture
[2026-02-10 08:40:14] DEBUG: Schema\Builder: Entity LeadCaptureLogRecord
[2026-02-10 08:40:14] DEBUG: Schema\Builder: Entity MassAction
[2026-02-10 08:40:14] DEBUG: Schema\Builder: Entity NextNumber
[2026-02-10 08:40:14] DEBUG: Schema\Builder: Entity Note
[2026-02-10 08:40:14] DEBUG: Schema\Builder: Entity Notification
[2026-02-10 08:40:14] DEBUG: Schema\Builder: Entity OAuthAccount
[2026-02-10 08:40:14] DEBUG: Schema\Builder: Entity OAuthProvider
[2026-02-10 08:40:14] DEBUG: Schema\Builder: Entity PasswordChangeRequest
[2026-02-10 08:40:14] DEBUG: Schema\Builder: Entity PhoneNumber
[2026-02-10 08:40:14] DEBUG: Schema\Builder: Entity Portal
[2026-02-10 08:40:14] DEBUG: Schema\Builder: Entity PortalRole
[2026-02-10 08:40:14] DEBUG: Schema\Builder: Entity Preferences
[2026-02-10 08:40:14] DEBUG: Schema\Builder: Entity Role
[2026-02-10 08:40:14] DEBUG: Schema\Builder: Entity ScheduledJob
[2026-02-10 08:40:14] DEBUG: Schema\Builder: Entity ScheduledJobLogRecord
[2026-02-10 08:40:14] DEBUG: Schema\Builder: Entity Sms
[2026-02-10 08:40:14] DEBUG: Schema\Builder: Entity StarSubscription
[2026-02-10 08:40:14] DEBUG: Schema\Builder: Entity StreamSubscription
[2026-02-10 08:40:14] DEBUG: Schema\Builder: Entity SystemData
[2026-02-10 08:40:14] DEBUG: Schema\Builder: Entity Team
[2026-02-10 08:40:14] DEBUG: Schema\Builder: Entity Template
[2026-02-10 08:40:14] DEBUG: Schema\Builder: Entity TwoFactorCode
[2026-02-10 08:40:14] DEBUG: Schema\Builder: Entity UniqueId
[2026-02-10 08:40:14] DEBUG: Schema\Builder: Entity User
[2026-02-10 08:40:14] DEBUG: Schema\Builder: Entity UserData
[2026-02-10 08:40:14] DEBUG: Schema\Builder: Entity UserReaction
[2026-02-10 08:40:14] DEBUG: Schema\Builder: Entity Webhook
[2026-02-10 08:40:14] DEBUG: Schema\Builder: Entity WebhookEventQueueItem
[2026-02-10 08:40:14] DEBUG: Schema\Builder: Entity WebhookQueueItem
[2026-02-10 08:40:14] DEBUG: Schema\Builder: Entity WorkingTimeCalendar
[2026-02-10 08:40:14] DEBUG: Schema\Builder: Entity WorkingTimeRange
[2026-02-10 08:40:14] DEBUG: Schema\Builder: Entity Account
[2026-02-10 08:40:14] DEBUG: Schema\Builder: Entity Call
[2026-02-10 08:40:14] DEBUG: Schema\Builder: Entity Campaign
[2026-02-10 08:40:14] DEBUG: Schema\Builder: Entity CampaignLogRecord
[2026-02-10 08:40:14] DEBUG: Schema\Builder: Entity CampaignTrackingUrl
[2026-02-10 08:40:14] DEBUG: Schema\Builder: Entity Case
[2026-02-10 08:40:14] DEBUG: Schema\Builder: Entity Contact
[2026-02-10 08:40:14] DEBUG: Schema\Builder: Entity Document
[2026-02-10 08:40:14] DEBUG: Schema\Builder: Entity DocumentFolder
[2026-02-10 08:40:14] DEBUG: Schema\Builder: Entity EmailQueueItem
[2026-02-10 08:40:14] DEBUG: Schema\Builder: Entity KnowledgeBaseArticle
[2026-02-10 08:40:14] DEBUG: Schema\Builder: Entity KnowledgeBaseCategory
[2026-02-10 08:40:14] DEBUG: Schema\Builder: Entity Lead
[2026-02-10 08:40:14] DEBUG: Schema\Builder: Entity MassEmail
[2026-02-10 08:40:14] DEBUG: Schema\Builder: Entity Meeting
[2026-02-10 08:40:14] DEBUG: Schema\Builder: Entity Opportunity
[2026-02-10 08:40:14] DEBUG: Schema\Builder: Entity Reminder
[2026-02-10 08:40:14] DEBUG: Schema\Builder: Entity Target
[2026-02-10 08:40:14] DEBUG: Schema\Builder: Entity TargetList
[2026-02-10 08:40:14] DEBUG: Schema\Builder: Entity TargetListCategory
[2026-02-10 08:40:14] DEBUG: Schema\Builder: Entity Task
[2026-02-10 08:40:14] DEBUG: Schema\Builder: Entity CADHAR
[2026-02-10 08:40:14] DEBUG: Schema\Builder: Entity CBanks
[2026-02-10 08:40:14] DEBUG: Schema\Builder: Entity CCity
[2026-02-10 08:40:14] DEBUG: Schema\Builder: Entity CContactType
[2026-02-10 08:40:14] DEBUG: Schema\Builder: Entity CCountry
[2026-02-10 08:40:14] DEBUG: Schema\Builder: Entity CDepartment
[2026-02-10 08:40:14] DEBUG: Schema\Builder: Entity CDependantRelation
[2026-02-10 08:40:14] DEBUG: Schema\Builder: Entity CDocumentType
[2026-02-10 08:40:14] DEBUG: Schema\Builder: Entity CDrivingLicense
[2026-02-10 08:40:14] DEBUG: Schema\Builder: Entity CEmployee
[2026-02-10 08:40:14] DEBUG: Schema\Builder: Entity CEmployeeAddress
[2026-02-10 08:40:14] DEBUG: Schema\Builder: Entity CEmployeeBank
[2026-02-10 08:40:14] DEBUG: Schema\Builder: Entity CEmployeeContact
[2026-02-10 08:40:14] DEBUG: Schema\Builder: Entity CEmployeeDependent
[2026-02-10 08:40:14] DEBUG: Schema\Builder: Entity CEmployeeDocuments
[2026-02-10 08:40:14] DEBUG: Schema\Builder: Entity CEmployeePastExperience
[2026-02-10 08:40:14] DEBUG: Schema\Builder: Entity CPanCard
[2026-02-10 08:40:14] DEBUG: Schema\Builder: Entity CPassport
[2026-02-10 08:40:14] DEBUG: Schema\Builder: Entity CState
[2026-02-10 08:40:14] DEBUG: Schema\Builder: Entity CVoterIdCard
[2026-02-10 08:40:14] DEBUG: Schema\Builder: Entity CWorkRole
[2026-02-10 08:40:14] DEBUG: Schema\Builder: Entity EmailTemplateCategoryPath
[2026-02-10 08:40:14] DEBUG: Schema\Builder: Entity DocumentFolderPath
[2026-02-10 08:40:14] DEBUG: Schema\Builder: Entity KnowledgeBaseCategoryPath
[2026-02-10 08:40:14] DEBUG: Schema\Builder: Entity TargetListCategoryPath
[2026-02-10 08:40:14] DEBUG: Schema\Builder: ManyMany for Email.emailAccounts
[2026-02-10 08:40:14] DEBUG: Schema\Builder: ManyMany for Email.inboundEmails
[2026-02-10 08:40:14] DEBUG: Schema\Builder: ManyMany for Email.replyToEmailAddresses
[2026-02-10 08:40:14] DEBUG: Schema\Builder: ManyMany for Email.users
[2026-02-10 08:40:14] DEBUG: Schema\Builder: ManyMany for Email.assignedUsers
[2026-02-10 08:40:14] DEBUG: Schema\Builder: ManyMany for Email.teams
[2026-02-10 08:40:14] DEBUG: Schema\Builder: ManyMany for GroupEmailFolder.teams
[2026-02-10 08:40:14] DEBUG: Schema\Builder: ManyMany for InboundEmail.teams
[2026-02-10 08:40:14] DEBUG: Schema\Builder: ManyMany for Note.users
[2026-02-10 08:40:14] DEBUG: Schema\Builder: ManyMany for Note.portals
[2026-02-10 08:40:14] DEBUG: Schema\Builder: ManyMany for Note.teams
[2026-02-10 08:40:14] DEBUG: Schema\Builder: ManyMany for Portal.articles
[2026-02-10 08:40:14] DEBUG: Schema\Builder: ManyMany for Portal.portalRoles
[2026-02-10 08:40:14] DEBUG: Schema\Builder: ManyMany for Portal.users
[2026-02-10 08:40:14] DEBUG: Schema\Builder: ManyMany for PortalRole.users
[2026-02-10 08:40:14] DEBUG: Schema\Builder: ManyMany for Role.teams
[2026-02-10 08:40:14] DEBUG: Schema\Builder: ManyMany for Role.users
[2026-02-10 08:40:14] DEBUG: Schema\Builder: ManyMany for Sms.toPhoneNumbers
[2026-02-10 08:40:14] DEBUG: Schema\Builder: ManyMany for Team.users
[2026-02-10 08:40:14] DEBUG: Schema\Builder: ManyMany for User.emailAddresses
[2026-02-10 08:40:14] DEBUG: Schema\Builder: ManyMany for User.phoneNumbers
[2026-02-10 08:40:14] DEBUG: Schema\Builder: ManyMany for User.targetLists
[2026-02-10 08:40:14] DEBUG: Schema\Builder: ManyMany for User.accounts
[2026-02-10 08:40:14] DEBUG: Schema\Builder: ManyMany for User.calls
[2026-02-10 08:40:14] DEBUG: Schema\Builder: ManyMany for User.meetings
[2026-02-10 08:40:14] DEBUG: Schema\Builder: ManyMany for User.workingTimeRanges
[2026-02-10 08:40:14] DEBUG: Schema\Builder: ManyMany for WorkingTimeCalendar.ranges
[2026-02-10 08:40:14] DEBUG: Schema\Builder: ManyMany for Account.portalUsers
[2026-02-10 08:40:14] DEBUG: Schema\Builder: Table [account_portal_user] exists.
[2026-02-10 08:40:14] DEBUG: Schema\Builder: ManyMany for Account.targetLists
[2026-02-10 08:40:14] DEBUG: Schema\Builder: ManyMany for Account.documents
[2026-02-10 08:40:14] DEBUG: Schema\Builder: ManyMany for Account.contacts
[2026-02-10 08:40:14] DEBUG: Schema\Builder: ManyMany for Call.leads
[2026-02-10 08:40:14] DEBUG: Schema\Builder: ManyMany for Call.contacts
[2026-02-10 08:40:14] DEBUG: Schema\Builder: ManyMany for Campaign.excludingTargetLists
[2026-02-10 08:40:14] DEBUG: Schema\Builder: ManyMany for Campaign.targetLists
[2026-02-10 08:40:14] DEBUG: Schema\Builder: ManyMany for Case.articles
[2026-02-10 08:40:14] DEBUG: Schema\Builder: ManyMany for Case.contacts
[2026-02-10 08:40:14] DEBUG: Schema\Builder: ManyMany for Contact.documents
[2026-02-10 08:40:14] DEBUG: Schema\Builder: ManyMany for Contact.targetLists
[2026-02-10 08:40:14] DEBUG: Schema\Builder: ManyMany for Contact.meetings
[2026-02-10 08:40:14] DEBUG: Schema\Builder: ManyMany for Contact.opportunities
[2026-02-10 08:40:14] DEBUG: Schema\Builder: ManyMany for Document.leads
[2026-02-10 08:40:14] DEBUG: Schema\Builder: ManyMany for Document.opportunities
[2026-02-10 08:40:14] DEBUG: Schema\Builder: ManyMany for KnowledgeBaseArticle.categories
[2026-02-10 08:40:14] DEBUG: Schema\Builder: ManyMany for Lead.targetLists
[2026-02-10 08:40:14] DEBUG: Schema\Builder: ManyMany for Lead.meetings
[2026-02-10 08:40:14] DEBUG: Schema\Builder: ManyMany for MassEmail.excludingTargetLists
[2026-02-10 08:40:14] DEBUG: Schema\Builder: ManyMany for MassEmail.targetLists
[2026-02-10 08:40:14] DEBUG: Schema\Builder - End
[2026-02-10 08:43:31] DEBUG: Schema\Builder - Start
[2026-02-10 08:43:31] DEBUG: Schema\Builder: Entity ActionHistoryRecord
[2026-02-10 08:43:31] DEBUG: Schema\Builder: Entity AddressCountry
[2026-02-10 08:43:31] DEBUG: Schema\Builder: Entity AppLogRecord
[2026-02-10 08:43:31] DEBUG: Schema\Builder: Entity AppSecret
[2026-02-10 08:43:31] DEBUG: Schema\Builder: Entity ArrayValue
[2026-02-10 08:43:31] DEBUG: Schema\Builder: Entity Attachment
[2026-02-10 08:43:31] DEBUG: Schema\Builder: Entity AuthLogRecord
[2026-02-10 08:43:31] DEBUG: Schema\Builder: Entity AuthToken
[2026-02-10 08:43:31] DEBUG: Schema\Builder: Entity AuthenticationProvider
[2026-02-10 08:43:31] DEBUG: Schema\Builder: Entity Autofollow
[2026-02-10 08:43:31] DEBUG: Schema\Builder: Entity Currency
[2026-02-10 08:43:31] DEBUG: Schema\Builder: Entity DashboardTemplate
[2026-02-10 08:43:31] DEBUG: Schema\Builder: Entity Email
[2026-02-10 08:43:31] DEBUG: Schema\Builder: Entity EmailAccount
[2026-02-10 08:43:31] DEBUG: Schema\Builder: Entity EmailAddress
[2026-02-10 08:43:31] DEBUG: Schema\Builder: Entity EmailFilter
[2026-02-10 08:43:31] DEBUG: Schema\Builder: Entity EmailFolder
[2026-02-10 08:43:31] DEBUG: Schema\Builder: Entity EmailTemplate
[2026-02-10 08:43:31] DEBUG: Schema\Builder: Entity EmailTemplateCategory
[2026-02-10 08:43:31] DEBUG: Schema\Builder: Entity Export
[2026-02-10 08:43:31] DEBUG: Schema\Builder: Entity Extension
[2026-02-10 08:43:31] DEBUG: Schema\Builder: Entity ExternalAccount
[2026-02-10 08:43:31] DEBUG: Schema\Builder: Entity GroupEmailFolder
[2026-02-10 08:43:31] DEBUG: Schema\Builder: Entity Import
[2026-02-10 08:43:31] DEBUG: Schema\Builder: Entity ImportEntity
[2026-02-10 08:43:31] DEBUG: Schema\Builder: Entity ImportError
[2026-02-10 08:43:31] DEBUG: Schema\Builder: Entity InboundEmail
[2026-02-10 08:43:31] DEBUG: Schema\Builder: Entity Integration
[2026-02-10 08:43:31] DEBUG: Schema\Builder: Entity Job
[2026-02-10 08:43:31] DEBUG: Schema\Builder: Entity KanbanOrder
[2026-02-10 08:43:31] DEBUG: Schema\Builder: Entity LayoutRecord
[2026-02-10 08:43:31] DEBUG: Schema\Builder: Entity LayoutSet
[2026-02-10 08:43:31] DEBUG: Schema\Builder: Entity LeadCapture
[2026-02-10 08:43:31] DEBUG: Schema\Builder: Entity LeadCaptureLogRecord
[2026-02-10 08:43:31] DEBUG: Schema\Builder: Entity MassAction
[2026-02-10 08:43:31] DEBUG: Schema\Builder: Entity NextNumber
[2026-02-10 08:43:31] DEBUG: Schema\Builder: Entity Note
[2026-02-10 08:43:31] DEBUG: Schema\Builder: Entity Notification
[2026-02-10 08:43:31] DEBUG: Schema\Builder: Entity OAuthAccount
[2026-02-10 08:43:31] DEBUG: Schema\Builder: Entity OAuthProvider
[2026-02-10 08:43:31] DEBUG: Schema\Builder: Entity PasswordChangeRequest
[2026-02-10 08:43:31] DEBUG: Schema\Builder: Entity PhoneNumber
[2026-02-10 08:43:31] DEBUG: Schema\Builder: Entity Portal
[2026-02-10 08:43:31] DEBUG: Schema\Builder: Entity PortalRole
[2026-02-10 08:43:31] DEBUG: Schema\Builder: Entity Preferences
[2026-02-10 08:43:31] DEBUG: Schema\Builder: Entity Role
[2026-02-10 08:43:31] DEBUG: Schema\Builder: Entity ScheduledJob
[2026-02-10 08:43:31] DEBUG: Schema\Builder: Entity ScheduledJobLogRecord
[2026-02-10 08:43:31] DEBUG: Schema\Builder: Entity Sms
[2026-02-10 08:43:31] DEBUG: Schema\Builder: Entity StarSubscription
[2026-02-10 08:43:31] DEBUG: Schema\Builder: Entity StreamSubscription
[2026-02-10 08:43:31] DEBUG: Schema\Builder: Entity SystemData
[2026-02-10 08:43:31] DEBUG: Schema\Builder: Entity Team
[2026-02-10 08:43:31] DEBUG: Schema\Builder: Entity Template
[2026-02-10 08:43:31] DEBUG: Schema\Builder: Entity TwoFactorCode
[2026-02-10 08:43:31] DEBUG: Schema\Builder: Entity UniqueId
[2026-02-10 08:43:31] DEBUG: Schema\Builder: Entity User
[2026-02-10 08:43:31] DEBUG: Schema\Builder: Entity UserData
[2026-02-10 08:43:31] DEBUG: Schema\Builder: Entity UserReaction
[2026-02-10 08:43:31] DEBUG: Schema\Builder: Entity Webhook
[2026-02-10 08:43:31] DEBUG: Schema\Builder: Entity WebhookEventQueueItem
[2026-02-10 08:43:31] DEBUG: Schema\Builder: Entity WebhookQueueItem
[2026-02-10 08:43:31] DEBUG: Schema\Builder: Entity WorkingTimeCalendar
[2026-02-10 08:43:31] DEBUG: Schema\Builder: Entity WorkingTimeRange
[2026-02-10 08:43:31] DEBUG: Schema\Builder: Entity Account
[2026-02-10 08:43:31] DEBUG: Schema\Builder: Entity Call
[2026-02-10 08:43:31] DEBUG: Schema\Builder: Entity Campaign
[2026-02-10 08:43:31] DEBUG: Schema\Builder: Entity CampaignLogRecord
[2026-02-10 08:43:31] DEBUG: Schema\Builder: Entity CampaignTrackingUrl
[2026-02-10 08:43:31] DEBUG: Schema\Builder: Entity Case
[2026-02-10 08:43:31] DEBUG: Schema\Builder: Entity Contact
[2026-02-10 08:43:31] DEBUG: Schema\Builder: Entity Document
[2026-02-10 08:43:31] DEBUG: Schema\Builder: Entity DocumentFolder
[2026-02-10 08:43:31] DEBUG: Schema\Builder: Entity EmailQueueItem
[2026-02-10 08:43:31] DEBUG: Schema\Builder: Entity KnowledgeBaseArticle
[2026-02-10 08:43:31] DEBUG: Schema\Builder: Entity KnowledgeBaseCategory
[2026-02-10 08:43:31] DEBUG: Schema\Builder: Entity Lead
[2026-02-10 08:43:31] DEBUG: Schema\Builder: Entity MassEmail
[2026-02-10 08:43:31] DEBUG: Schema\Builder: Entity Meeting
[2026-02-10 08:43:31] DEBUG: Schema\Builder: Entity Opportunity
[2026-02-10 08:43:31] DEBUG: Schema\Builder: Entity Reminder
[2026-02-10 08:43:31] DEBUG: Schema\Builder: Entity Target
[2026-02-10 08:43:31] DEBUG: Schema\Builder: Entity TargetList
[2026-02-10 08:43:31] DEBUG: Schema\Builder: Entity TargetListCategory
[2026-02-10 08:43:31] DEBUG: Schema\Builder: Entity Task
[2026-02-10 08:43:31] DEBUG: Schema\Builder: Entity CADHAR
[2026-02-10 08:43:31] DEBUG: Schema\Builder: Entity CBanks
[2026-02-10 08:43:31] DEBUG: Schema\Builder: Entity CCity
[2026-02-10 08:43:31] DEBUG: Schema\Builder: Entity CContactType
[2026-02-10 08:43:31] DEBUG: Schema\Builder: Entity CCountry
[2026-02-10 08:43:31] DEBUG: Schema\Builder: Entity CDepartment
[2026-02-10 08:43:31] DEBUG: Schema\Builder: Entity CDependantRelation
[2026-02-10 08:43:31] DEBUG: Schema\Builder: Entity CDocumentType
[2026-02-10 08:43:31] DEBUG: Schema\Builder: Entity CDrivingLicense
[2026-02-10 08:43:31] DEBUG: Schema\Builder: Entity CEmployee
[2026-02-10 08:43:31] DEBUG: Schema\Builder: Entity CEmployeeAddress
[2026-02-10 08:43:31] DEBUG: Schema\Builder: Entity CEmployeeBank
[2026-02-10 08:43:31] DEBUG: Schema\Builder: Entity CEmployeeContact
[2026-02-10 08:43:31] DEBUG: Schema\Builder: Entity CEmployeeDependent
[2026-02-10 08:43:31] DEBUG: Schema\Builder: Entity CEmployeeDocuments
[2026-02-10 08:43:31] DEBUG: Schema\Builder: Entity CEmployeePastExperience
[2026-02-10 08:43:31] DEBUG: Schema\Builder: Entity CPanCard
[2026-02-10 08:43:31] DEBUG: Schema\Builder: Entity CPassport
[2026-02-10 08:43:31] DEBUG: Schema\Builder: Entity CState
[2026-02-10 08:43:31] DEBUG: Schema\Builder: Entity CVoterIdCard
[2026-02-10 08:43:31] DEBUG: Schema\Builder: Entity CWorkRole
[2026-02-10 08:43:31] DEBUG: Schema\Builder: Entity EmailTemplateCategoryPath
[2026-02-10 08:43:31] DEBUG: Schema\Builder: Entity DocumentFolderPath
[2026-02-10 08:43:31] DEBUG: Schema\Builder: Entity KnowledgeBaseCategoryPath
[2026-02-10 08:43:31] DEBUG: Schema\Builder: Entity TargetListCategoryPath
[2026-02-10 08:43:31] DEBUG: Schema\Builder: ManyMany for Email.emailAccounts
[2026-02-10 08:43:31] DEBUG: Schema\Builder: ManyMany for Email.inboundEmails
[2026-02-10 08:43:31] DEBUG: Schema\Builder: ManyMany for Email.replyToEmailAddresses
[2026-02-10 08:43:31] DEBUG: Schema\Builder: ManyMany for Email.users
[2026-02-10 08:43:31] DEBUG: Schema\Builder: ManyMany for Email.assignedUsers
[2026-02-10 08:43:31] DEBUG: Schema\Builder: ManyMany for Email.teams
[2026-02-10 08:43:31] DEBUG: Schema\Builder: ManyMany for GroupEmailFolder.teams
[2026-02-10 08:43:31] DEBUG: Schema\Builder: ManyMany for InboundEmail.teams
[2026-02-10 08:43:31] DEBUG: Schema\Builder: ManyMany for Note.users
[2026-02-10 08:43:31] DEBUG: Schema\Builder: ManyMany for Note.portals
[2026-02-10 08:43:31] DEBUG: Schema\Builder: ManyMany for Note.teams
[2026-02-10 08:43:31] DEBUG: Schema\Builder: ManyMany for Portal.articles
[2026-02-10 08:43:31] DEBUG: Schema\Builder: ManyMany for Portal.portalRoles
[2026-02-10 08:43:31] DEBUG: Schema\Builder: ManyMany for Portal.users
[2026-02-10 08:43:31] DEBUG: Schema\Builder: ManyMany for PortalRole.users
[2026-02-10 08:43:31] DEBUG: Schema\Builder: ManyMany for Role.teams
[2026-02-10 08:43:31] DEBUG: Schema\Builder: ManyMany for Role.users
[2026-02-10 08:43:31] DEBUG: Schema\Builder: ManyMany for Sms.toPhoneNumbers
[2026-02-10 08:43:31] DEBUG: Schema\Builder: ManyMany for Team.users
[2026-02-10 08:43:31] DEBUG: Schema\Builder: ManyMany for User.emailAddresses
[2026-02-10 08:43:31] DEBUG: Schema\Builder: ManyMany for User.phoneNumbers
[2026-02-10 08:43:31] DEBUG: Schema\Builder: ManyMany for User.targetLists
[2026-02-10 08:43:31] DEBUG: Schema\Builder: ManyMany for User.accounts
[2026-02-10 08:43:31] DEBUG: Schema\Builder: ManyMany for User.calls
[2026-02-10 08:43:31] DEBUG: Schema\Builder: ManyMany for User.meetings
[2026-02-10 08:43:31] DEBUG: Schema\Builder: ManyMany for User.workingTimeRanges
[2026-02-10 08:43:31] DEBUG: Schema\Builder: ManyMany for WorkingTimeCalendar.ranges
[2026-02-10 08:43:31] DEBUG: Schema\Builder: ManyMany for Account.portalUsers
[2026-02-10 08:43:31] DEBUG: Schema\Builder: Table [account_portal_user] exists.
[2026-02-10 08:43:31] DEBUG: Schema\Builder: ManyMany for Account.targetLists
[2026-02-10 08:43:31] DEBUG: Schema\Builder: ManyMany for Account.documents
[2026-02-10 08:43:31] DEBUG: Schema\Builder: ManyMany for Account.contacts
[2026-02-10 08:43:31] DEBUG: Schema\Builder: ManyMany for Call.leads
[2026-02-10 08:43:31] DEBUG: Schema\Builder: ManyMany for Call.contacts
[2026-02-10 08:43:31] DEBUG: Schema\Builder: ManyMany for Campaign.excludingTargetLists
[2026-02-10 08:43:31] DEBUG: Schema\Builder: ManyMany for Campaign.targetLists
[2026-02-10 08:43:31] DEBUG: Schema\Builder: ManyMany for Case.articles
[2026-02-10 08:43:31] DEBUG: Schema\Builder: ManyMany for Case.contacts
[2026-02-10 08:43:31] DEBUG: Schema\Builder: ManyMany for Contact.documents
[2026-02-10 08:43:31] DEBUG: Schema\Builder: ManyMany for Contact.targetLists
[2026-02-10 08:43:31] DEBUG: Schema\Builder: ManyMany for Contact.meetings
[2026-02-10 08:43:31] DEBUG: Schema\Builder: ManyMany for Contact.opportunities
[2026-02-10 08:43:31] DEBUG: Schema\Builder: ManyMany for Document.leads
[2026-02-10 08:43:31] DEBUG: Schema\Builder: ManyMany for Document.opportunities
[2026-02-10 08:43:31] DEBUG: Schema\Builder: ManyMany for KnowledgeBaseArticle.categories
[2026-02-10 08:43:31] DEBUG: Schema\Builder: ManyMany for Lead.targetLists
[2026-02-10 08:43:31] DEBUG: Schema\Builder: ManyMany for Lead.meetings
[2026-02-10 08:43:31] DEBUG: Schema\Builder: ManyMany for MassEmail.excludingTargetLists
[2026-02-10 08:43:31] DEBUG: Schema\Builder: ManyMany for MassEmail.targetLists
[2026-02-10 08:43:31] DEBUG: Schema\Builder - End
[2026-02-10 08:47:57] DEBUG: Schema\Builder - Start
[2026-02-10 08:47:57] DEBUG: Schema\Builder: Rebuild for entity types: [CEmployee] with dependent entity types: [CEmployee, Attachment, User, EmailAddress, PhoneNumber, TargetList, Lead, Document, DocumentFolder, Team, GroupEmailFolder, Email, Task, Contact, CampaignLogRecord, EmailQueueItem, MassEmail, InboundEmail, EmailFilter, EmailFolder, EmailTemplate, EmailTemplateCategory, Campaign, Template, CampaignTrackingUrl, Opportunity, Call, Account, Meeting, Case, KnowledgeBaseArticle, KnowledgeBaseCategory, Portal, AuthenticationProvider, LayoutSet, LayoutRecord, Note, PortalRole, EmailAccount, WorkingTimeCalendar, WorkingTimeRange, Role, TargetListCategory, UserData, DashboardTemplate, CPanCard, CVoterIdCard, CDrivingLicense, CADHAR, CDepartment, CEmployeeAddress, CCountry, CEmployeePastExperience, CWorkRole, CCity, CState, CBanks, CEmployeeBank, CEmployeeDocuments, CEmployeeContact, CContactType, CEmployeeDependent, CDependantRelation]
[2026-02-10 08:47:57] DEBUG: Schema\Builder: Entity Attachment
[2026-02-10 08:47:57] DEBUG: Schema\Builder: Entity AuthenticationProvider
[2026-02-10 08:47:57] DEBUG: Schema\Builder: Entity DashboardTemplate
[2026-02-10 08:47:57] DEBUG: Schema\Builder: Entity Email
[2026-02-10 08:47:57] DEBUG: Schema\Builder: Entity EmailAccount
[2026-02-10 08:47:57] DEBUG: Schema\Builder: Entity EmailAddress
[2026-02-10 08:47:57] DEBUG: Schema\Builder: Entity EmailFilter
[2026-02-10 08:47:57] DEBUG: Schema\Builder: Entity EmailFolder
[2026-02-10 08:47:57] DEBUG: Schema\Builder: Entity EmailTemplate
[2026-02-10 08:47:57] DEBUG: Schema\Builder: Entity EmailTemplateCategory
[2026-02-10 08:47:57] DEBUG: Schema\Builder: Entity GroupEmailFolder
[2026-02-10 08:47:57] DEBUG: Schema\Builder: Entity InboundEmail
[2026-02-10 08:47:57] DEBUG: Schema\Builder: Entity LayoutRecord
[2026-02-10 08:47:57] DEBUG: Schema\Builder: Entity LayoutSet
[2026-02-10 08:47:57] DEBUG: Schema\Builder: Entity Note
[2026-02-10 08:47:57] DEBUG: Schema\Builder: Entity PhoneNumber
[2026-02-10 08:47:57] DEBUG: Schema\Builder: Entity Portal
[2026-02-10 08:47:57] DEBUG: Schema\Builder: Entity PortalRole
[2026-02-10 08:47:57] DEBUG: Schema\Builder: Entity Role
[2026-02-10 08:47:57] DEBUG: Schema\Builder: Entity Team
[2026-02-10 08:47:57] DEBUG: Schema\Builder: Entity Template
[2026-02-10 08:47:57] DEBUG: Schema\Builder: Entity User
[2026-02-10 08:47:57] DEBUG: Schema\Builder: Entity UserData
[2026-02-10 08:47:57] DEBUG: Schema\Builder: Entity WorkingTimeCalendar
[2026-02-10 08:47:57] DEBUG: Schema\Builder: Entity WorkingTimeRange
[2026-02-10 08:47:57] DEBUG: Schema\Builder: Entity Account
[2026-02-10 08:47:57] DEBUG: Schema\Builder: Entity Call
[2026-02-10 08:47:57] DEBUG: Schema\Builder: Entity Campaign
[2026-02-10 08:47:57] DEBUG: Schema\Builder: Entity CampaignLogRecord
[2026-02-10 08:47:57] DEBUG: Schema\Builder: Entity CampaignTrackingUrl
[2026-02-10 08:47:57] DEBUG: Schema\Builder: Entity Case
[2026-02-10 08:47:57] DEBUG: Schema\Builder: Entity Contact
[2026-02-10 08:47:57] DEBUG: Schema\Builder: Entity Document
[2026-02-10 08:47:57] DEBUG: Schema\Builder: Entity DocumentFolder
[2026-02-10 08:47:57] DEBUG: Schema\Builder: Entity EmailQueueItem
[2026-02-10 08:47:57] DEBUG: Schema\Builder: Entity KnowledgeBaseArticle
[2026-02-10 08:47:57] DEBUG: Schema\Builder: Entity KnowledgeBaseCategory
[2026-02-10 08:47:57] DEBUG: Schema\Builder: Entity Lead
[2026-02-10 08:47:57] DEBUG: Schema\Builder: Entity MassEmail
[2026-02-10 08:47:57] DEBUG: Schema\Builder: Entity Meeting
[2026-02-10 08:47:57] DEBUG: Schema\Builder: Entity Opportunity
[2026-02-10 08:47:57] DEBUG: Schema\Builder: Entity TargetList
[2026-02-10 08:47:57] DEBUG: Schema\Builder: Entity TargetListCategory
[2026-02-10 08:47:57] DEBUG: Schema\Builder: Entity Task
[2026-02-10 08:47:57] DEBUG: Schema\Builder: Entity CADHAR
[2026-02-10 08:47:57] DEBUG: Schema\Builder: Entity CBanks
[2026-02-10 08:47:57] DEBUG: Schema\Builder: Entity CCity
[2026-02-10 08:47:57] DEBUG: Schema\Builder: Entity CContactType
[2026-02-10 08:47:57] DEBUG: Schema\Builder: Entity CCountry
[2026-02-10 08:47:57] DEBUG: Schema\Builder: Entity CDepartment
[2026-02-10 08:47:57] DEBUG: Schema\Builder: Entity CDependantRelation
[2026-02-10 08:47:57] DEBUG: Schema\Builder: Entity CDrivingLicense
[2026-02-10 08:47:57] DEBUG: Schema\Builder: Entity CEmployee
[2026-02-10 08:47:57] DEBUG: Schema\Builder: Entity CEmployeeAddress
[2026-02-10 08:47:57] DEBUG: Schema\Builder: Entity CEmployeeBank
[2026-02-10 08:47:57] DEBUG: Schema\Builder: Entity CEmployeeContact
[2026-02-10 08:47:57] DEBUG: Schema\Builder: Entity CEmployeeDependent
[2026-02-10 08:47:57] DEBUG: Schema\Builder: Entity CEmployeeDocuments
[2026-02-10 08:47:57] DEBUG: Schema\Builder: Entity CEmployeePastExperience
[2026-02-10 08:47:57] DEBUG: Schema\Builder: Entity CPanCard
[2026-02-10 08:47:57] DEBUG: Schema\Builder: Entity CState
[2026-02-10 08:47:57] DEBUG: Schema\Builder: Entity CVoterIdCard
[2026-02-10 08:47:57] DEBUG: Schema\Builder: Entity CWorkRole
[2026-02-10 08:47:57] DEBUG: Schema\Builder: ManyMany for Email.emailAccounts
[2026-02-10 08:47:57] DEBUG: Schema\Builder: ManyMany for Email.inboundEmails
[2026-02-10 08:47:57] DEBUG: Schema\Builder: ManyMany for Email.replyToEmailAddresses
[2026-02-10 08:47:57] DEBUG: Schema\Builder: ManyMany for Email.users
[2026-02-10 08:47:57] DEBUG: Schema\Builder: ManyMany for Email.assignedUsers
[2026-02-10 08:47:57] DEBUG: Schema\Builder: ManyMany for Email.teams
[2026-02-10 08:47:57] DEBUG: Schema\Builder: ManyMany for GroupEmailFolder.teams
[2026-02-10 08:47:57] DEBUG: Schema\Builder: ManyMany for InboundEmail.teams
[2026-02-10 08:47:57] DEBUG: Schema\Builder: ManyMany for Note.users
[2026-02-10 08:47:57] DEBUG: Schema\Builder: ManyMany for Note.portals
[2026-02-10 08:47:57] DEBUG: Schema\Builder: ManyMany for Note.teams
[2026-02-10 08:47:57] DEBUG: Schema\Builder: ManyMany for Portal.articles
[2026-02-10 08:47:57] DEBUG: Schema\Builder: ManyMany for Portal.portalRoles
[2026-02-10 08:47:57] DEBUG: Schema\Builder: ManyMany for Portal.users
[2026-02-10 08:47:57] DEBUG: Schema\Builder: ManyMany for PortalRole.users
[2026-02-10 08:47:57] DEBUG: Schema\Builder: ManyMany for Role.teams
[2026-02-10 08:47:57] DEBUG: Schema\Builder: ManyMany for Role.users
[2026-02-10 08:47:57] DEBUG: Schema\Builder: ManyMany for Team.users
[2026-02-10 08:47:57] DEBUG: Schema\Builder: ManyMany for User.emailAddresses
[2026-02-10 08:47:57] DEBUG: Schema\Builder: ManyMany for User.phoneNumbers
[2026-02-10 08:47:57] DEBUG: Schema\Builder: ManyMany for User.targetLists
[2026-02-10 08:47:57] DEBUG: Schema\Builder: ManyMany for User.accounts
[2026-02-10 08:47:57] DEBUG: Schema\Builder: ManyMany for User.calls
[2026-02-10 08:47:57] DEBUG: Schema\Builder: ManyMany for User.meetings
[2026-02-10 08:47:57] DEBUG: Schema\Builder: ManyMany for User.workingTimeRanges
[2026-02-10 08:47:57] DEBUG: Schema\Builder: ManyMany for WorkingTimeCalendar.ranges
[2026-02-10 08:47:57] DEBUG: Schema\Builder: ManyMany for Account.portalUsers
[2026-02-10 08:47:57] DEBUG: Schema\Builder: Table [account_portal_user] exists.
[2026-02-10 08:47:57] DEBUG: Schema\Builder: ManyMany for Account.targetLists
[2026-02-10 08:47:57] DEBUG: Schema\Builder: ManyMany for Account.documents
[2026-02-10 08:47:57] DEBUG: Schema\Builder: ManyMany for Account.contacts
[2026-02-10 08:47:57] DEBUG: Schema\Builder: ManyMany for Call.leads
[2026-02-10 08:47:57] DEBUG: Schema\Builder: ManyMany for Call.contacts
[2026-02-10 08:47:57] DEBUG: Schema\Builder: ManyMany for Campaign.excludingTargetLists
[2026-02-10 08:47:57] DEBUG: Schema\Builder: ManyMany for Campaign.targetLists
[2026-02-10 08:47:57] DEBUG: Schema\Builder: ManyMany for Case.articles
[2026-02-10 08:47:57] DEBUG: Schema\Builder: ManyMany for Case.contacts
[2026-02-10 08:47:57] DEBUG: Schema\Builder: ManyMany for Contact.documents
[2026-02-10 08:47:57] DEBUG: Schema\Builder: ManyMany for Contact.targetLists
[2026-02-10 08:47:57] DEBUG: Schema\Builder: ManyMany for Contact.meetings
[2026-02-10 08:47:57] DEBUG: Schema\Builder: ManyMany for Contact.opportunities
[2026-02-10 08:47:57] DEBUG: Schema\Builder: ManyMany for Document.leads
[2026-02-10 08:47:57] DEBUG: Schema\Builder: ManyMany for Document.opportunities
[2026-02-10 08:47:57] DEBUG: Schema\Builder: ManyMany for KnowledgeBaseArticle.categories
[2026-02-10 08:47:57] DEBUG: Schema\Builder: ManyMany for Lead.targetLists
[2026-02-10 08:47:57] DEBUG: Schema\Builder: ManyMany for Lead.meetings
[2026-02-10 08:47:57] DEBUG: Schema\Builder: ManyMany for MassEmail.excludingTargetLists
[2026-02-10 08:47:57] DEBUG: Schema\Builder: ManyMany for MassEmail.targetLists
[2026-02-10 08:47:57] DEBUG: Schema\Builder - End
[2026-02-10 08:52:15] DEBUG: Schema\Builder - Start
[2026-02-10 08:52:15] DEBUG: Schema\Builder: Rebuild for entity types: [CEmployee] with dependent entity types: [CEmployee, Attachment, User, EmailAddress, PhoneNumber, TargetList, Lead, Document, DocumentFolder, Team, GroupEmailFolder, Email, Task, Contact, CampaignLogRecord, EmailQueueItem, MassEmail, InboundEmail, EmailFilter, EmailFolder, EmailTemplate, EmailTemplateCategory, Campaign, Template, CampaignTrackingUrl, Opportunity, Call, Account, Meeting, Case, KnowledgeBaseArticle, KnowledgeBaseCategory, Portal, AuthenticationProvider, LayoutSet, LayoutRecord, Note, PortalRole, EmailAccount, WorkingTimeCalendar, WorkingTimeRange, Role, TargetListCategory, UserData, DashboardTemplate, CPanCard, CVoterIdCard, CDrivingLicense, CADHAR, CDepartment, CEmployeeAddress, CCountry, CEmployeePastExperience, CWorkRole, CCity, CState, CBanks, CEmployeeBank, CEmployeeDocuments, CEmployeeContact, CContactType, CEmployeeDependent, CDependantRelation]
[2026-02-10 08:52:15] DEBUG: Schema\Builder: Entity Attachment
[2026-02-10 08:52:15] DEBUG: Schema\Builder: Entity AuthenticationProvider
[2026-02-10 08:52:15] DEBUG: Schema\Builder: Entity DashboardTemplate
[2026-02-10 08:52:15] DEBUG: Schema\Builder: Entity Email
[2026-02-10 08:52:15] DEBUG: Schema\Builder: Entity EmailAccount
[2026-02-10 08:52:15] DEBUG: Schema\Builder: Entity EmailAddress
[2026-02-10 08:52:15] DEBUG: Schema\Builder: Entity EmailFilter
[2026-02-10 08:52:15] DEBUG: Schema\Builder: Entity EmailFolder
[2026-02-10 08:52:15] DEBUG: Schema\Builder: Entity EmailTemplate
[2026-02-10 08:52:15] DEBUG: Schema\Builder: Entity EmailTemplateCategory
[2026-02-10 08:52:15] DEBUG: Schema\Builder: Entity GroupEmailFolder
[2026-02-10 08:52:15] DEBUG: Schema\Builder: Entity InboundEmail
[2026-02-10 08:52:15] DEBUG: Schema\Builder: Entity LayoutRecord
[2026-02-10 08:52:15] DEBUG: Schema\Builder: Entity LayoutSet
[2026-02-10 08:52:15] DEBUG: Schema\Builder: Entity Note
[2026-02-10 08:52:15] DEBUG: Schema\Builder: Entity PhoneNumber
[2026-02-10 08:52:15] DEBUG: Schema\Builder: Entity Portal
[2026-02-10 08:52:15] DEBUG: Schema\Builder: Entity PortalRole
[2026-02-10 08:52:15] DEBUG: Schema\Builder: Entity Role
[2026-02-10 08:52:15] DEBUG: Schema\Builder: Entity Team
[2026-02-10 08:52:15] DEBUG: Schema\Builder: Entity Template
[2026-02-10 08:52:15] DEBUG: Schema\Builder: Entity User
[2026-02-10 08:52:15] DEBUG: Schema\Builder: Entity UserData
[2026-02-10 08:52:15] DEBUG: Schema\Builder: Entity WorkingTimeCalendar
[2026-02-10 08:52:15] DEBUG: Schema\Builder: Entity WorkingTimeRange
[2026-02-10 08:52:15] DEBUG: Schema\Builder: Entity Account
[2026-02-10 08:52:15] DEBUG: Schema\Builder: Entity Call
[2026-02-10 08:52:15] DEBUG: Schema\Builder: Entity Campaign
[2026-02-10 08:52:15] DEBUG: Schema\Builder: Entity CampaignLogRecord
[2026-02-10 08:52:15] DEBUG: Schema\Builder: Entity CampaignTrackingUrl
[2026-02-10 08:52:15] DEBUG: Schema\Builder: Entity Case
[2026-02-10 08:52:15] DEBUG: Schema\Builder: Entity Contact
[2026-02-10 08:52:15] DEBUG: Schema\Builder: Entity Document
[2026-02-10 08:52:15] DEBUG: Schema\Builder: Entity DocumentFolder
[2026-02-10 08:52:15] DEBUG: Schema\Builder: Entity EmailQueueItem
[2026-02-10 08:52:15] DEBUG: Schema\Builder: Entity KnowledgeBaseArticle
[2026-02-10 08:52:15] DEBUG: Schema\Builder: Entity KnowledgeBaseCategory
[2026-02-10 08:52:15] DEBUG: Schema\Builder: Entity Lead
[2026-02-10 08:52:15] DEBUG: Schema\Builder: Entity MassEmail
[2026-02-10 08:52:15] DEBUG: Schema\Builder: Entity Meeting
[2026-02-10 08:52:15] DEBUG: Schema\Builder: Entity Opportunity
[2026-02-10 08:52:15] DEBUG: Schema\Builder: Entity TargetList
[2026-02-10 08:52:15] DEBUG: Schema\Builder: Entity TargetListCategory
[2026-02-10 08:52:15] DEBUG: Schema\Builder: Entity Task
[2026-02-10 08:52:15] DEBUG: Schema\Builder: Entity CADHAR
[2026-02-10 08:52:15] DEBUG: Schema\Builder: Entity CBanks
[2026-02-10 08:52:15] DEBUG: Schema\Builder: Entity CCity
[2026-02-10 08:52:15] DEBUG: Schema\Builder: Entity CContactType
[2026-02-10 08:52:15] DEBUG: Schema\Builder: Entity CCountry
[2026-02-10 08:52:15] DEBUG: Schema\Builder: Entity CDepartment
[2026-02-10 08:52:15] DEBUG: Schema\Builder: Entity CDependantRelation
[2026-02-10 08:52:15] DEBUG: Schema\Builder: Entity CDrivingLicense
[2026-02-10 08:52:15] DEBUG: Schema\Builder: Entity CEmployee
[2026-02-10 08:52:15] DEBUG: Schema\Builder: Entity CEmployeeAddress
[2026-02-10 08:52:15] DEBUG: Schema\Builder: Entity CEmployeeBank
[2026-02-10 08:52:15] DEBUG: Schema\Builder: Entity CEmployeeContact
[2026-02-10 08:52:15] DEBUG: Schema\Builder: Entity CEmployeeDependent
[2026-02-10 08:52:15] DEBUG: Schema\Builder: Entity CEmployeeDocuments
[2026-02-10 08:52:15] DEBUG: Schema\Builder: Entity CEmployeePastExperience
[2026-02-10 08:52:15] DEBUG: Schema\Builder: Entity CPanCard
[2026-02-10 08:52:15] DEBUG: Schema\Builder: Entity CState
[2026-02-10 08:52:15] DEBUG: Schema\Builder: Entity CVoterIdCard
[2026-02-10 08:52:15] DEBUG: Schema\Builder: Entity CWorkRole
[2026-02-10 08:52:15] DEBUG: Schema\Builder: ManyMany for Email.emailAccounts
[2026-02-10 08:52:15] DEBUG: Schema\Builder: ManyMany for Email.inboundEmails
[2026-02-10 08:52:15] DEBUG: Schema\Builder: ManyMany for Email.replyToEmailAddresses
[2026-02-10 08:52:15] DEBUG: Schema\Builder: ManyMany for Email.users
[2026-02-10 08:52:15] DEBUG: Schema\Builder: ManyMany for Email.assignedUsers
[2026-02-10 08:52:15] DEBUG: Schema\Builder: ManyMany for Email.teams
[2026-02-10 08:52:15] DEBUG: Schema\Builder: ManyMany for GroupEmailFolder.teams
[2026-02-10 08:52:15] DEBUG: Schema\Builder: ManyMany for InboundEmail.teams
[2026-02-10 08:52:15] DEBUG: Schema\Builder: ManyMany for Note.users
[2026-02-10 08:52:15] DEBUG: Schema\Builder: ManyMany for Note.portals
[2026-02-10 08:52:15] DEBUG: Schema\Builder: ManyMany for Note.teams
[2026-02-10 08:52:15] DEBUG: Schema\Builder: ManyMany for Portal.articles
[2026-02-10 08:52:15] DEBUG: Schema\Builder: ManyMany for Portal.portalRoles
[2026-02-10 08:52:15] DEBUG: Schema\Builder: ManyMany for Portal.users
[2026-02-10 08:52:15] DEBUG: Schema\Builder: ManyMany for PortalRole.users
[2026-02-10 08:52:15] DEBUG: Schema\Builder: ManyMany for Role.teams
[2026-02-10 08:52:15] DEBUG: Schema\Builder: ManyMany for Role.users
[2026-02-10 08:52:15] DEBUG: Schema\Builder: ManyMany for Team.users
[2026-02-10 08:52:15] DEBUG: Schema\Builder: ManyMany for User.emailAddresses
[2026-02-10 08:52:15] DEBUG: Schema\Builder: ManyMany for User.phoneNumbers
[2026-02-10 08:52:15] DEBUG: Schema\Builder: ManyMany for User.targetLists
[2026-02-10 08:52:15] DEBUG: Schema\Builder: ManyMany for User.accounts
[2026-02-10 08:52:15] DEBUG: Schema\Builder: ManyMany for User.calls
[2026-02-10 08:52:15] DEBUG: Schema\Builder: ManyMany for User.meetings
[2026-02-10 08:52:15] DEBUG: Schema\Builder: ManyMany for User.workingTimeRanges
[2026-02-10 08:52:15] DEBUG: Schema\Builder: ManyMany for WorkingTimeCalendar.ranges
[2026-02-10 08:52:15] DEBUG: Schema\Builder: ManyMany for Account.portalUsers
[2026-02-10 08:52:15] DEBUG: Schema\Builder: Table [account_portal_user] exists.
[2026-02-10 08:52:15] DEBUG: Schema\Builder: ManyMany for Account.targetLists
[2026-02-10 08:52:15] DEBUG: Schema\Builder: ManyMany for Account.documents
[2026-02-10 08:52:15] DEBUG: Schema\Builder: ManyMany for Account.contacts
[2026-02-10 08:52:15] DEBUG: Schema\Builder: ManyMany for Call.leads
[2026-02-10 08:52:15] DEBUG: Schema\Builder: ManyMany for Call.contacts
[2026-02-10 08:52:15] DEBUG: Schema\Builder: ManyMany for Campaign.excludingTargetLists
[2026-02-10 08:52:15] DEBUG: Schema\Builder: ManyMany for Campaign.targetLists
[2026-02-10 08:52:15] DEBUG: Schema\Builder: ManyMany for Case.articles
[2026-02-10 08:52:15] DEBUG: Schema\Builder: ManyMany for Case.contacts
[2026-02-10 08:52:15] DEBUG: Schema\Builder: ManyMany for Contact.documents
[2026-02-10 08:52:15] DEBUG: Schema\Builder: ManyMany for Contact.targetLists
[2026-02-10 08:52:15] DEBUG: Schema\Builder: ManyMany for Contact.meetings
[2026-02-10 08:52:15] DEBUG: Schema\Builder: ManyMany for Contact.opportunities
[2026-02-10 08:52:15] DEBUG: Schema\Builder: ManyMany for Document.leads
[2026-02-10 08:52:15] DEBUG: Schema\Builder: ManyMany for Document.opportunities
[2026-02-10 08:52:15] DEBUG: Schema\Builder: ManyMany for KnowledgeBaseArticle.categories
[2026-02-10 08:52:15] DEBUG: Schema\Builder: ManyMany for Lead.targetLists
[2026-02-10 08:52:15] DEBUG: Schema\Builder: ManyMany for Lead.meetings
[2026-02-10 08:52:15] DEBUG: Schema\Builder: ManyMany for MassEmail.excludingTargetLists
[2026-02-10 08:52:15] DEBUG: Schema\Builder: ManyMany for MassEmail.targetLists
[2026-02-10 08:52:15] DEBUG: Schema\Builder - End
[2026-02-10 08:55:34] DEBUG: Schema\Builder - Start
[2026-02-10 08:55:34] DEBUG: Schema\Builder: Rebuild for entity types: [CEmployee] with dependent entity types: [CEmployee, Attachment, User, EmailAddress, PhoneNumber, TargetList, Lead, Document, DocumentFolder, Team, GroupEmailFolder, Email, Task, Contact, CampaignLogRecord, EmailQueueItem, MassEmail, InboundEmail, EmailFilter, EmailFolder, EmailTemplate, EmailTemplateCategory, Campaign, Template, CampaignTrackingUrl, Opportunity, Call, Account, Meeting, Case, KnowledgeBaseArticle, KnowledgeBaseCategory, Portal, AuthenticationProvider, LayoutSet, LayoutRecord, Note, PortalRole, EmailAccount, WorkingTimeCalendar, WorkingTimeRange, Role, TargetListCategory, UserData, DashboardTemplate, CPanCard, CVoterIdCard, CDrivingLicense, CADHAR, CDepartment, CEmployeeAddress, CCountry, CEmployeePastExperience, CWorkRole, CCity, CState, CBanks, CEmployeeBank, CEmployeeDocuments, CEmployeeContact, CContactType, CEmployeeDependent, CDependantRelation]
[2026-02-10 08:55:34] DEBUG: Schema\Builder: Entity Attachment
[2026-02-10 08:55:34] DEBUG: Schema\Builder: Entity AuthenticationProvider
[2026-02-10 08:55:34] DEBUG: Schema\Builder: Entity DashboardTemplate
[2026-02-10 08:55:34] DEBUG: Schema\Builder: Entity Email
[2026-02-10 08:55:34] DEBUG: Schema\Builder: Entity EmailAccount
[2026-02-10 08:55:34] DEBUG: Schema\Builder: Entity EmailAddress
[2026-02-10 08:55:34] DEBUG: Schema\Builder: Entity EmailFilter
[2026-02-10 08:55:34] DEBUG: Schema\Builder: Entity EmailFolder
[2026-02-10 08:55:34] DEBUG: Schema\Builder: Entity EmailTemplate
[2026-02-10 08:55:34] DEBUG: Schema\Builder: Entity EmailTemplateCategory
[2026-02-10 08:55:34] DEBUG: Schema\Builder: Entity GroupEmailFolder
[2026-02-10 08:55:34] DEBUG: Schema\Builder: Entity InboundEmail
[2026-02-10 08:55:34] DEBUG: Schema\Builder: Entity LayoutRecord
[2026-02-10 08:55:34] DEBUG: Schema\Builder: Entity LayoutSet
[2026-02-10 08:55:34] DEBUG: Schema\Builder: Entity Note
[2026-02-10 08:55:34] DEBUG: Schema\Builder: Entity PhoneNumber
[2026-02-10 08:55:34] DEBUG: Schema\Builder: Entity Portal
[2026-02-10 08:55:34] DEBUG: Schema\Builder: Entity PortalRole
[2026-02-10 08:55:34] DEBUG: Schema\Builder: Entity Role
[2026-02-10 08:55:34] DEBUG: Schema\Builder: Entity Team
[2026-02-10 08:55:34] DEBUG: Schema\Builder: Entity Template
[2026-02-10 08:55:34] DEBUG: Schema\Builder: Entity User
[2026-02-10 08:55:34] DEBUG: Schema\Builder: Entity UserData
[2026-02-10 08:55:34] DEBUG: Schema\Builder: Entity WorkingTimeCalendar
[2026-02-10 08:55:34] DEBUG: Schema\Builder: Entity WorkingTimeRange
[2026-02-10 08:55:34] DEBUG: Schema\Builder: Entity Account
[2026-02-10 08:55:34] DEBUG: Schema\Builder: Entity Call
[2026-02-10 08:55:34] DEBUG: Schema\Builder: Entity Campaign
[2026-02-10 08:55:34] DEBUG: Schema\Builder: Entity CampaignLogRecord
[2026-02-10 08:55:34] DEBUG: Schema\Builder: Entity CampaignTrackingUrl
[2026-02-10 08:55:34] DEBUG: Schema\Builder: Entity Case
[2026-02-10 08:55:34] DEBUG: Schema\Builder: Entity Contact
[2026-02-10 08:55:34] DEBUG: Schema\Builder: Entity Document
[2026-02-10 08:55:34] DEBUG: Schema\Builder: Entity DocumentFolder
[2026-02-10 08:55:34] DEBUG: Schema\Builder: Entity EmailQueueItem
[2026-02-10 08:55:34] DEBUG: Schema\Builder: Entity KnowledgeBaseArticle
[2026-02-10 08:55:34] DEBUG: Schema\Builder: Entity KnowledgeBaseCategory
[2026-02-10 08:55:34] DEBUG: Schema\Builder: Entity Lead
[2026-02-10 08:55:34] DEBUG: Schema\Builder: Entity MassEmail
[2026-02-10 08:55:34] DEBUG: Schema\Builder: Entity Meeting
[2026-02-10 08:55:34] DEBUG: Schema\Builder: Entity Opportunity
[2026-02-10 08:55:34] DEBUG: Schema\Builder: Entity TargetList
[2026-02-10 08:55:34] DEBUG: Schema\Builder: Entity TargetListCategory
[2026-02-10 08:55:34] DEBUG: Schema\Builder: Entity Task
[2026-02-10 08:55:34] DEBUG: Schema\Builder: Entity CADHAR
[2026-02-10 08:55:34] DEBUG: Schema\Builder: Entity CBanks
[2026-02-10 08:55:34] DEBUG: Schema\Builder: Entity CCity
[2026-02-10 08:55:34] DEBUG: Schema\Builder: Entity CContactType
[2026-02-10 08:55:34] DEBUG: Schema\Builder: Entity CCountry
[2026-02-10 08:55:34] DEBUG: Schema\Builder: Entity CDepartment
[2026-02-10 08:55:34] DEBUG: Schema\Builder: Entity CDependantRelation
[2026-02-10 08:55:34] DEBUG: Schema\Builder: Entity CDrivingLicense
[2026-02-10 08:55:34] DEBUG: Schema\Builder: Entity CEmployee
[2026-02-10 08:55:34] DEBUG: Schema\Builder: Entity CEmployeeAddress
[2026-02-10 08:55:34] DEBUG: Schema\Builder: Entity CEmployeeBank
[2026-02-10 08:55:34] DEBUG: Schema\Builder: Entity CEmployeeContact
[2026-02-10 08:55:34] DEBUG: Schema\Builder: Entity CEmployeeDependent
[2026-02-10 08:55:34] DEBUG: Schema\Builder: Entity CEmployeeDocuments
[2026-02-10 08:55:34] DEBUG: Schema\Builder: Entity CEmployeePastExperience
[2026-02-10 08:55:34] DEBUG: Schema\Builder: Entity CPanCard
[2026-02-10 08:55:34] DEBUG: Schema\Builder: Entity CState
[2026-02-10 08:55:34] DEBUG: Schema\Builder: Entity CVoterIdCard
[2026-02-10 08:55:34] DEBUG: Schema\Builder: Entity CWorkRole
[2026-02-10 08:55:34] DEBUG: Schema\Builder: ManyMany for Email.emailAccounts
[2026-02-10 08:55:34] DEBUG: Schema\Builder: ManyMany for Email.inboundEmails
[2026-02-10 08:55:34] DEBUG: Schema\Builder: ManyMany for Email.replyToEmailAddresses
[2026-02-10 08:55:34] DEBUG: Schema\Builder: ManyMany for Email.users
[2026-02-10 08:55:34] DEBUG: Schema\Builder: ManyMany for Email.assignedUsers
[2026-02-10 08:55:34] DEBUG: Schema\Builder: ManyMany for Email.teams
[2026-02-10 08:55:34] DEBUG: Schema\Builder: ManyMany for GroupEmailFolder.teams
[2026-02-10 08:55:34] DEBUG: Schema\Builder: ManyMany for InboundEmail.teams
[2026-02-10 08:55:34] DEBUG: Schema\Builder: ManyMany for Note.users
[2026-02-10 08:55:34] DEBUG: Schema\Builder: ManyMany for Note.portals
[2026-02-10 08:55:34] DEBUG: Schema\Builder: ManyMany for Note.teams
[2026-02-10 08:55:34] DEBUG: Schema\Builder: ManyMany for Portal.articles
[2026-02-10 08:55:34] DEBUG: Schema\Builder: ManyMany for Portal.portalRoles
[2026-02-10 08:55:34] DEBUG: Schema\Builder: ManyMany for Portal.users
[2026-02-10 08:55:34] DEBUG: Schema\Builder: ManyMany for PortalRole.users
[2026-02-10 08:55:34] DEBUG: Schema\Builder: ManyMany for Role.teams
[2026-02-10 08:55:34] DEBUG: Schema\Builder: ManyMany for Role.users
[2026-02-10 08:55:34] DEBUG: Schema\Builder: ManyMany for Team.users
[2026-02-10 08:55:34] DEBUG: Schema\Builder: ManyMany for User.emailAddresses
[2026-02-10 08:55:34] DEBUG: Schema\Builder: ManyMany for User.phoneNumbers
[2026-02-10 08:55:34] DEBUG: Schema\Builder: ManyMany for User.targetLists
[2026-02-10 08:55:34] DEBUG: Schema\Builder: ManyMany for User.accounts
[2026-02-10 08:55:34] DEBUG: Schema\Builder: ManyMany for User.calls
[2026-02-10 08:55:34] DEBUG: Schema\Builder: ManyMany for User.meetings
[2026-02-10 08:55:34] DEBUG: Schema\Builder: ManyMany for User.workingTimeRanges
[2026-02-10 08:55:34] DEBUG: Schema\Builder: ManyMany for WorkingTimeCalendar.ranges
[2026-02-10 08:55:34] DEBUG: Schema\Builder: ManyMany for Account.portalUsers
[2026-02-10 08:55:34] DEBUG: Schema\Builder: Table [account_portal_user] exists.
[2026-02-10 08:55:34] DEBUG: Schema\Builder: ManyMany for Account.targetLists
[2026-02-10 08:55:34] DEBUG: Schema\Builder: ManyMany for Account.documents
[2026-02-10 08:55:34] DEBUG: Schema\Builder: ManyMany for Account.contacts
[2026-02-10 08:55:34] DEBUG: Schema\Builder: ManyMany for Call.leads
[2026-02-10 08:55:34] DEBUG: Schema\Builder: ManyMany for Call.contacts
[2026-02-10 08:55:34] DEBUG: Schema\Builder: ManyMany for Campaign.excludingTargetLists
[2026-02-10 08:55:34] DEBUG: Schema\Builder: ManyMany for Campaign.targetLists
[2026-02-10 08:55:34] DEBUG: Schema\Builder: ManyMany for Case.articles
[2026-02-10 08:55:34] DEBUG: Schema\Builder: ManyMany for Case.contacts
[2026-02-10 08:55:34] DEBUG: Schema\Builder: ManyMany for Contact.documents
[2026-02-10 08:55:34] DEBUG: Schema\Builder: ManyMany for Contact.targetLists
[2026-02-10 08:55:34] DEBUG: Schema\Builder: ManyMany for Contact.meetings
[2026-02-10 08:55:34] DEBUG: Schema\Builder: ManyMany for Contact.opportunities
[2026-02-10 08:55:34] DEBUG: Schema\Builder: ManyMany for Document.leads
[2026-02-10 08:55:34] DEBUG: Schema\Builder: ManyMany for Document.opportunities
[2026-02-10 08:55:34] DEBUG: Schema\Builder: ManyMany for KnowledgeBaseArticle.categories
[2026-02-10 08:55:34] DEBUG: Schema\Builder: ManyMany for Lead.targetLists
[2026-02-10 08:55:34] DEBUG: Schema\Builder: ManyMany for Lead.meetings
[2026-02-10 08:55:34] DEBUG: Schema\Builder: ManyMany for MassEmail.excludingTargetLists
[2026-02-10 08:55:34] DEBUG: Schema\Builder: ManyMany for MassEmail.targetLists
[2026-02-10 08:55:34] DEBUG: Schema\Builder - End
[2026-02-10 09:05:00] DEBUG: Schema\Builder - Start
[2026-02-10 09:05:00] DEBUG: Schema\Builder: Rebuild for entity types: [CEmployee] with dependent entity types: [CEmployee, Attachment, User, EmailAddress, PhoneNumber, TargetList, Lead, Document, DocumentFolder, Team, GroupEmailFolder, Email, Task, Contact, CampaignLogRecord, EmailQueueItem, MassEmail, InboundEmail, EmailFilter, EmailFolder, EmailTemplate, EmailTemplateCategory, Campaign, Template, CampaignTrackingUrl, Opportunity, Call, Account, Meeting, Case, KnowledgeBaseArticle, KnowledgeBaseCategory, Portal, AuthenticationProvider, LayoutSet, LayoutRecord, Note, PortalRole, EmailAccount, WorkingTimeCalendar, WorkingTimeRange, Role, TargetListCategory, UserData, DashboardTemplate, CPanCard, CVoterIdCard, CDrivingLicense, CADHAR, CDepartment, CEmployeeAddress, CCountry, CEmployeePastExperience, CWorkRole, CCity, CState, CBanks, CEmployeeBank, CEmployeeDocuments, CEmployeeContact, CContactType, CEmployeeDependent, CDependantRelation]
[2026-02-10 09:05:00] DEBUG: Schema\Builder: Entity Attachment
[2026-02-10 09:05:00] DEBUG: Schema\Builder: Entity AuthenticationProvider
[2026-02-10 09:05:00] DEBUG: Schema\Builder: Entity DashboardTemplate
[2026-02-10 09:05:00] DEBUG: Schema\Builder: Entity Email
[2026-02-10 09:05:00] DEBUG: Schema\Builder: Entity EmailAccount
[2026-02-10 09:05:00] DEBUG: Schema\Builder: Entity EmailAddress
[2026-02-10 09:05:00] DEBUG: Schema\Builder: Entity EmailFilter
[2026-02-10 09:05:00] DEBUG: Schema\Builder: Entity EmailFolder
[2026-02-10 09:05:00] DEBUG: Schema\Builder: Entity EmailTemplate
[2026-02-10 09:05:00] DEBUG: Schema\Builder: Entity EmailTemplateCategory
[2026-02-10 09:05:00] DEBUG: Schema\Builder: Entity GroupEmailFolder
[2026-02-10 09:05:00] DEBUG: Schema\Builder: Entity InboundEmail
[2026-02-10 09:05:00] DEBUG: Schema\Builder: Entity LayoutRecord
[2026-02-10 09:05:00] DEBUG: Schema\Builder: Entity LayoutSet
[2026-02-10 09:05:00] DEBUG: Schema\Builder: Entity Note
[2026-02-10 09:05:00] DEBUG: Schema\Builder: Entity PhoneNumber
[2026-02-10 09:05:00] DEBUG: Schema\Builder: Entity Portal
[2026-02-10 09:05:00] DEBUG: Schema\Builder: Entity PortalRole
[2026-02-10 09:05:00] DEBUG: Schema\Builder: Entity Role
[2026-02-10 09:05:00] DEBUG: Schema\Builder: Entity Team
[2026-02-10 09:05:00] DEBUG: Schema\Builder: Entity Template
[2026-02-10 09:05:00] DEBUG: Schema\Builder: Entity User
[2026-02-10 09:05:00] DEBUG: Schema\Builder: Entity UserData
[2026-02-10 09:05:00] DEBUG: Schema\Builder: Entity WorkingTimeCalendar
[2026-02-10 09:05:00] DEBUG: Schema\Builder: Entity WorkingTimeRange
[2026-02-10 09:05:00] DEBUG: Schema\Builder: Entity Account
[2026-02-10 09:05:00] DEBUG: Schema\Builder: Entity Call
[2026-02-10 09:05:00] DEBUG: Schema\Builder: Entity Campaign
[2026-02-10 09:05:00] DEBUG: Schema\Builder: Entity CampaignLogRecord
[2026-02-10 09:05:00] DEBUG: Schema\Builder: Entity CampaignTrackingUrl
[2026-02-10 09:05:00] DEBUG: Schema\Builder: Entity Case
[2026-02-10 09:05:00] DEBUG: Schema\Builder: Entity Contact
[2026-02-10 09:05:00] DEBUG: Schema\Builder: Entity Document
[2026-02-10 09:05:00] DEBUG: Schema\Builder: Entity DocumentFolder
[2026-02-10 09:05:00] DEBUG: Schema\Builder: Entity EmailQueueItem
[2026-02-10 09:05:00] DEBUG: Schema\Builder: Entity KnowledgeBaseArticle
[2026-02-10 09:05:00] DEBUG: Schema\Builder: Entity KnowledgeBaseCategory
[2026-02-10 09:05:00] DEBUG: Schema\Builder: Entity Lead
[2026-02-10 09:05:00] DEBUG: Schema\Builder: Entity MassEmail
[2026-02-10 09:05:00] DEBUG: Schema\Builder: Entity Meeting
[2026-02-10 09:05:00] DEBUG: Schema\Builder: Entity Opportunity
[2026-02-10 09:05:00] DEBUG: Schema\Builder: Entity TargetList
[2026-02-10 09:05:00] DEBUG: Schema\Builder: Entity TargetListCategory
[2026-02-10 09:05:00] DEBUG: Schema\Builder: Entity Task
[2026-02-10 09:05:00] DEBUG: Schema\Builder: Entity CADHAR
[2026-02-10 09:05:00] DEBUG: Schema\Builder: Entity CBanks
[2026-02-10 09:05:00] DEBUG: Schema\Builder: Entity CCity
[2026-02-10 09:05:00] DEBUG: Schema\Builder: Entity CContactType
[2026-02-10 09:05:00] DEBUG: Schema\Builder: Entity CCountry
[2026-02-10 09:05:00] DEBUG: Schema\Builder: Entity CDepartment
[2026-02-10 09:05:00] DEBUG: Schema\Builder: Entity CDependantRelation
[2026-02-10 09:05:00] DEBUG: Schema\Builder: Entity CDrivingLicense
[2026-02-10 09:05:00] DEBUG: Schema\Builder: Entity CEmployee
[2026-02-10 09:05:00] DEBUG: Schema\Builder: Entity CEmployeeAddress
[2026-02-10 09:05:00] DEBUG: Schema\Builder: Entity CEmployeeBank
[2026-02-10 09:05:00] DEBUG: Schema\Builder: Entity CEmployeeContact
[2026-02-10 09:05:00] DEBUG: Schema\Builder: Entity CEmployeeDependent
[2026-02-10 09:05:00] DEBUG: Schema\Builder: Entity CEmployeeDocuments
[2026-02-10 09:05:00] DEBUG: Schema\Builder: Entity CEmployeePastExperience
[2026-02-10 09:05:00] DEBUG: Schema\Builder: Entity CPanCard
[2026-02-10 09:05:00] DEBUG: Schema\Builder: Entity CState
[2026-02-10 09:05:00] DEBUG: Schema\Builder: Entity CVoterIdCard
[2026-02-10 09:05:00] DEBUG: Schema\Builder: Entity CWorkRole
[2026-02-10 09:05:00] DEBUG: Schema\Builder: ManyMany for Email.emailAccounts
[2026-02-10 09:05:00] DEBUG: Schema\Builder: ManyMany for Email.inboundEmails
[2026-02-10 09:05:00] DEBUG: Schema\Builder: ManyMany for Email.replyToEmailAddresses
[2026-02-10 09:05:00] DEBUG: Schema\Builder: ManyMany for Email.users
[2026-02-10 09:05:00] DEBUG: Schema\Builder: ManyMany for Email.assignedUsers
[2026-02-10 09:05:00] DEBUG: Schema\Builder: ManyMany for Email.teams
[2026-02-10 09:05:00] DEBUG: Schema\Builder: ManyMany for GroupEmailFolder.teams
[2026-02-10 09:05:00] DEBUG: Schema\Builder: ManyMany for InboundEmail.teams
[2026-02-10 09:05:00] DEBUG: Schema\Builder: ManyMany for Note.users
[2026-02-10 09:05:00] DEBUG: Schema\Builder: ManyMany for Note.portals
[2026-02-10 09:05:00] DEBUG: Schema\Builder: ManyMany for Note.teams
[2026-02-10 09:05:00] DEBUG: Schema\Builder: ManyMany for Portal.articles
[2026-02-10 09:05:00] DEBUG: Schema\Builder: ManyMany for Portal.portalRoles
[2026-02-10 09:05:00] DEBUG: Schema\Builder: ManyMany for Portal.users
[2026-02-10 09:05:00] DEBUG: Schema\Builder: ManyMany for PortalRole.users
[2026-02-10 09:05:00] DEBUG: Schema\Builder: ManyMany for Role.teams
[2026-02-10 09:05:00] DEBUG: Schema\Builder: ManyMany for Role.users
[2026-02-10 09:05:00] DEBUG: Schema\Builder: ManyMany for Team.users
[2026-02-10 09:05:00] DEBUG: Schema\Builder: ManyMany for User.emailAddresses
[2026-02-10 09:05:00] DEBUG: Schema\Builder: ManyMany for User.phoneNumbers
[2026-02-10 09:05:00] DEBUG: Schema\Builder: ManyMany for User.targetLists
[2026-02-10 09:05:00] DEBUG: Schema\Builder: ManyMany for User.accounts
[2026-02-10 09:05:00] DEBUG: Schema\Builder: ManyMany for User.calls
[2026-02-10 09:05:00] DEBUG: Schema\Builder: ManyMany for User.meetings
[2026-02-10 09:05:00] DEBUG: Schema\Builder: ManyMany for User.workingTimeRanges
[2026-02-10 09:05:00] DEBUG: Schema\Builder: ManyMany for WorkingTimeCalendar.ranges
[2026-02-10 09:05:00] DEBUG: Schema\Builder: ManyMany for Account.portalUsers
[2026-02-10 09:05:00] DEBUG: Schema\Builder: Table [account_portal_user] exists.
[2026-02-10 09:05:00] DEBUG: Schema\Builder: ManyMany for Account.targetLists
[2026-02-10 09:05:00] DEBUG: Schema\Builder: ManyMany for Account.documents
[2026-02-10 09:05:00] DEBUG: Schema\Builder: ManyMany for Account.contacts
[2026-02-10 09:05:00] DEBUG: Schema\Builder: ManyMany for Call.leads
[2026-02-10 09:05:00] DEBUG: Schema\Builder: ManyMany for Call.contacts
[2026-02-10 09:05:00] DEBUG: Schema\Builder: ManyMany for Campaign.excludingTargetLists
[2026-02-10 09:05:00] DEBUG: Schema\Builder: ManyMany for Campaign.targetLists
[2026-02-10 09:05:00] DEBUG: Schema\Builder: ManyMany for Case.articles
[2026-02-10 09:05:00] DEBUG: Schema\Builder: ManyMany for Case.contacts
[2026-02-10 09:05:00] DEBUG: Schema\Builder: ManyMany for Contact.documents
[2026-02-10 09:05:00] DEBUG: Schema\Builder: ManyMany for Contact.targetLists
[2026-02-10 09:05:00] DEBUG: Schema\Builder: ManyMany for Contact.meetings
[2026-02-10 09:05:00] DEBUG: Schema\Builder: ManyMany for Contact.opportunities
[2026-02-10 09:05:00] DEBUG: Schema\Builder: ManyMany for Document.leads
[2026-02-10 09:05:00] DEBUG: Schema\Builder: ManyMany for Document.opportunities
[2026-02-10 09:05:00] DEBUG: Schema\Builder: ManyMany for KnowledgeBaseArticle.categories
[2026-02-10 09:05:00] DEBUG: Schema\Builder: ManyMany for Lead.targetLists
[2026-02-10 09:05:00] DEBUG: Schema\Builder: ManyMany for Lead.meetings
[2026-02-10 09:05:00] DEBUG: Schema\Builder: ManyMany for MassEmail.excludingTargetLists
[2026-02-10 09:05:00] DEBUG: Schema\Builder: ManyMany for MassEmail.targetLists
[2026-02-10 09:05:00] DEBUG: Schema\Builder - End
[2026-02-10 09:16:15] DEBUG: Schema\Builder - Start
[2026-02-10 09:16:15] DEBUG: Schema\Builder: Rebuild for entity types: [CEmployee] with dependent entity types: [CEmployee, Attachment, User, EmailAddress, PhoneNumber, TargetList, Lead, Document, DocumentFolder, Team, GroupEmailFolder, Email, Task, Contact, CampaignLogRecord, EmailQueueItem, MassEmail, InboundEmail, EmailFilter, EmailFolder, EmailTemplate, EmailTemplateCategory, Campaign, Template, CampaignTrackingUrl, Opportunity, Call, Account, Meeting, Case, KnowledgeBaseArticle, KnowledgeBaseCategory, Portal, AuthenticationProvider, LayoutSet, LayoutRecord, Note, PortalRole, EmailAccount, WorkingTimeCalendar, WorkingTimeRange, Role, TargetListCategory, UserData, DashboardTemplate, CPanCard, CVoterIdCard, CDrivingLicense, CADHAR, CDepartment, CEmployeeAddress, CCountry, CEmployeePastExperience, CWorkRole, CCity, CState, CBanks, CEmployeeBank, CEmployeeDocuments, CEmployeeContact, CContactType, CEmployeeDependent, CDependantRelation]
[2026-02-10 09:16:15] DEBUG: Schema\Builder: Entity Attachment
[2026-02-10 09:16:15] DEBUG: Schema\Builder: Entity AuthenticationProvider
[2026-02-10 09:16:15] DEBUG: Schema\Builder: Entity DashboardTemplate
[2026-02-10 09:16:15] DEBUG: Schema\Builder: Entity Email
[2026-02-10 09:16:15] DEBUG: Schema\Builder: Entity EmailAccount
[2026-02-10 09:16:15] DEBUG: Schema\Builder: Entity EmailAddress
[2026-02-10 09:16:15] DEBUG: Schema\Builder: Entity EmailFilter
[2026-02-10 09:16:15] DEBUG: Schema\Builder: Entity EmailFolder
[2026-02-10 09:16:15] DEBUG: Schema\Builder: Entity EmailTemplate
[2026-02-10 09:16:15] DEBUG: Schema\Builder: Entity EmailTemplateCategory
[2026-02-10 09:16:15] DEBUG: Schema\Builder: Entity GroupEmailFolder
[2026-02-10 09:16:15] DEBUG: Schema\Builder: Entity InboundEmail
[2026-02-10 09:16:15] DEBUG: Schema\Builder: Entity LayoutRecord
[2026-02-10 09:16:15] DEBUG: Schema\Builder: Entity LayoutSet
[2026-02-10 09:16:15] DEBUG: Schema\Builder: Entity Note
[2026-02-10 09:16:15] DEBUG: Schema\Builder: Entity PhoneNumber
[2026-02-10 09:16:15] DEBUG: Schema\Builder: Entity Portal
[2026-02-10 09:16:15] DEBUG: Schema\Builder: Entity PortalRole
[2026-02-10 09:16:15] DEBUG: Schema\Builder: Entity Role
[2026-02-10 09:16:15] DEBUG: Schema\Builder: Entity Team
[2026-02-10 09:16:15] DEBUG: Schema\Builder: Entity Template
[2026-02-10 09:16:15] DEBUG: Schema\Builder: Entity User
[2026-02-10 09:16:15] DEBUG: Schema\Builder: Entity UserData
[2026-02-10 09:16:15] DEBUG: Schema\Builder: Entity WorkingTimeCalendar
[2026-02-10 09:16:15] DEBUG: Schema\Builder: Entity WorkingTimeRange
[2026-02-10 09:16:15] DEBUG: Schema\Builder: Entity Account
[2026-02-10 09:16:15] DEBUG: Schema\Builder: Entity Call
[2026-02-10 09:16:15] DEBUG: Schema\Builder: Entity Campaign
[2026-02-10 09:16:15] DEBUG: Schema\Builder: Entity CampaignLogRecord
[2026-02-10 09:16:15] DEBUG: Schema\Builder: Entity CampaignTrackingUrl
[2026-02-10 09:16:15] DEBUG: Schema\Builder: Entity Case
[2026-02-10 09:16:15] DEBUG: Schema\Builder: Entity Contact
[2026-02-10 09:16:15] DEBUG: Schema\Builder: Entity Document
[2026-02-10 09:16:15] DEBUG: Schema\Builder: Entity DocumentFolder
[2026-02-10 09:16:15] DEBUG: Schema\Builder: Entity EmailQueueItem
[2026-02-10 09:16:15] DEBUG: Schema\Builder: Entity KnowledgeBaseArticle
[2026-02-10 09:16:15] DEBUG: Schema\Builder: Entity KnowledgeBaseCategory
[2026-02-10 09:16:15] DEBUG: Schema\Builder: Entity Lead
[2026-02-10 09:16:15] DEBUG: Schema\Builder: Entity MassEmail
[2026-02-10 09:16:15] DEBUG: Schema\Builder: Entity Meeting
[2026-02-10 09:16:15] DEBUG: Schema\Builder: Entity Opportunity
[2026-02-10 09:16:15] DEBUG: Schema\Builder: Entity TargetList
[2026-02-10 09:16:15] DEBUG: Schema\Builder: Entity TargetListCategory
[2026-02-10 09:16:15] DEBUG: Schema\Builder: Entity Task
[2026-02-10 09:16:15] DEBUG: Schema\Builder: Entity CADHAR
[2026-02-10 09:16:15] DEBUG: Schema\Builder: Entity CBanks
[2026-02-10 09:16:15] DEBUG: Schema\Builder: Entity CCity
[2026-02-10 09:16:15] DEBUG: Schema\Builder: Entity CContactType
[2026-02-10 09:16:15] DEBUG: Schema\Builder: Entity CCountry
[2026-02-10 09:16:15] DEBUG: Schema\Builder: Entity CDepartment
[2026-02-10 09:16:15] DEBUG: Schema\Builder: Entity CDependantRelation
[2026-02-10 09:16:15] DEBUG: Schema\Builder: Entity CDrivingLicense
[2026-02-10 09:16:15] DEBUG: Schema\Builder: Entity CEmployee
[2026-02-10 09:16:15] DEBUG: Schema\Builder: Entity CEmployeeAddress
[2026-02-10 09:16:15] DEBUG: Schema\Builder: Entity CEmployeeBank
[2026-02-10 09:16:15] DEBUG: Schema\Builder: Entity CEmployeeContact
[2026-02-10 09:16:15] DEBUG: Schema\Builder: Entity CEmployeeDependent
[2026-02-10 09:16:15] DEBUG: Schema\Builder: Entity CEmployeeDocuments
[2026-02-10 09:16:15] DEBUG: Schema\Builder: Entity CEmployeePastExperience
[2026-02-10 09:16:15] DEBUG: Schema\Builder: Entity CPanCard
[2026-02-10 09:16:15] DEBUG: Schema\Builder: Entity CState
[2026-02-10 09:16:15] DEBUG: Schema\Builder: Entity CVoterIdCard
[2026-02-10 09:16:15] DEBUG: Schema\Builder: Entity CWorkRole
[2026-02-10 09:16:15] DEBUG: Schema\Builder: ManyMany for Email.emailAccounts
[2026-02-10 09:16:15] DEBUG: Schema\Builder: ManyMany for Email.inboundEmails
[2026-02-10 09:16:15] DEBUG: Schema\Builder: ManyMany for Email.replyToEmailAddresses
[2026-02-10 09:16:15] DEBUG: Schema\Builder: ManyMany for Email.users
[2026-02-10 09:16:15] DEBUG: Schema\Builder: ManyMany for Email.assignedUsers
[2026-02-10 09:16:15] DEBUG: Schema\Builder: ManyMany for Email.teams
[2026-02-10 09:16:15] DEBUG: Schema\Builder: ManyMany for GroupEmailFolder.teams
[2026-02-10 09:16:15] DEBUG: Schema\Builder: ManyMany for InboundEmail.teams
[2026-02-10 09:16:15] DEBUG: Schema\Builder: ManyMany for Note.users
[2026-02-10 09:16:15] DEBUG: Schema\Builder: ManyMany for Note.portals
[2026-02-10 09:16:15] DEBUG: Schema\Builder: ManyMany for Note.teams
[2026-02-10 09:16:15] DEBUG: Schema\Builder: ManyMany for Portal.articles
[2026-02-10 09:16:15] DEBUG: Schema\Builder: ManyMany for Portal.portalRoles
[2026-02-10 09:16:15] DEBUG: Schema\Builder: ManyMany for Portal.users
[2026-02-10 09:16:15] DEBUG: Schema\Builder: ManyMany for PortalRole.users
[2026-02-10 09:16:15] DEBUG: Schema\Builder: ManyMany for Role.teams
[2026-02-10 09:16:15] DEBUG: Schema\Builder: ManyMany for Role.users
[2026-02-10 09:16:15] DEBUG: Schema\Builder: ManyMany for Team.users
[2026-02-10 09:16:15] DEBUG: Schema\Builder: ManyMany for User.emailAddresses
[2026-02-10 09:16:15] DEBUG: Schema\Builder: ManyMany for User.phoneNumbers
[2026-02-10 09:16:15] DEBUG: Schema\Builder: ManyMany for User.targetLists
[2026-02-10 09:16:15] DEBUG: Schema\Builder: ManyMany for User.accounts
[2026-02-10 09:16:15] DEBUG: Schema\Builder: ManyMany for User.calls
[2026-02-10 09:16:15] DEBUG: Schema\Builder: ManyMany for User.meetings
[2026-02-10 09:16:15] DEBUG: Schema\Builder: ManyMany for User.workingTimeRanges
[2026-02-10 09:16:15] DEBUG: Schema\Builder: ManyMany for WorkingTimeCalendar.ranges
[2026-02-10 09:16:15] DEBUG: Schema\Builder: ManyMany for Account.portalUsers
[2026-02-10 09:16:15] DEBUG: Schema\Builder: Table [account_portal_user] exists.
[2026-02-10 09:16:15] DEBUG: Schema\Builder: ManyMany for Account.targetLists
[2026-02-10 09:16:15] DEBUG: Schema\Builder: ManyMany for Account.documents
[2026-02-10 09:16:15] DEBUG: Schema\Builder: ManyMany for Account.contacts
[2026-02-10 09:16:15] DEBUG: Schema\Builder: ManyMany for Call.leads
[2026-02-10 09:16:15] DEBUG: Schema\Builder: ManyMany for Call.contacts
[2026-02-10 09:16:15] DEBUG: Schema\Builder: ManyMany for Campaign.excludingTargetLists
[2026-02-10 09:16:15] DEBUG: Schema\Builder: ManyMany for Campaign.targetLists
[2026-02-10 09:16:15] DEBUG: Schema\Builder: ManyMany for Case.articles
[2026-02-10 09:16:15] DEBUG: Schema\Builder: ManyMany for Case.contacts
[2026-02-10 09:16:15] DEBUG: Schema\Builder: ManyMany for Contact.documents
[2026-02-10 09:16:15] DEBUG: Schema\Builder: ManyMany for Contact.targetLists
[2026-02-10 09:16:15] DEBUG: Schema\Builder: ManyMany for Contact.meetings
[2026-02-10 09:16:15] DEBUG: Schema\Builder: ManyMany for Contact.opportunities
[2026-02-10 09:16:15] DEBUG: Schema\Builder: ManyMany for Document.leads
[2026-02-10 09:16:15] DEBUG: Schema\Builder: ManyMany for Document.opportunities
[2026-02-10 09:16:15] DEBUG: Schema\Builder: ManyMany for KnowledgeBaseArticle.categories
[2026-02-10 09:16:15] DEBUG: Schema\Builder: ManyMany for Lead.targetLists
[2026-02-10 09:16:15] DEBUG: Schema\Builder: ManyMany for Lead.meetings
[2026-02-10 09:16:15] DEBUG: Schema\Builder: ManyMany for MassEmail.excludingTargetLists
[2026-02-10 09:16:15] DEBUG: Schema\Builder: ManyMany for MassEmail.targetLists
[2026-02-10 09:16:15] DEBUG: Schema\Builder - End
[2026-02-10 09:17:42] DEBUG: Schema\Builder - Start
[2026-02-10 09:17:42] DEBUG: Schema\Builder: Rebuild for entity types: [CEmployee] with dependent entity types: [CEmployee, Attachment, User, EmailAddress, PhoneNumber, TargetList, Lead, Document, DocumentFolder, Team, GroupEmailFolder, Email, Task, Contact, CampaignLogRecord, EmailQueueItem, MassEmail, InboundEmail, EmailFilter, EmailFolder, EmailTemplate, EmailTemplateCategory, Campaign, Template, CampaignTrackingUrl, Opportunity, Call, Account, Meeting, Case, KnowledgeBaseArticle, KnowledgeBaseCategory, Portal, AuthenticationProvider, LayoutSet, LayoutRecord, Note, PortalRole, EmailAccount, WorkingTimeCalendar, WorkingTimeRange, Role, TargetListCategory, UserData, DashboardTemplate, CPanCard, CVoterIdCard, CDrivingLicense, CADHAR, CDepartment, CEmployeeAddress, CCountry, CEmployeePastExperience, CWorkRole, CCity, CState, CBanks, CEmployeeBank, CEmployeeDocuments, CEmployeeContact, CContactType, CEmployeeDependent, CDependantRelation]
[2026-02-10 09:17:42] DEBUG: Schema\Builder: Entity Attachment
[2026-02-10 09:17:42] DEBUG: Schema\Builder: Entity AuthenticationProvider
[2026-02-10 09:17:42] DEBUG: Schema\Builder: Entity DashboardTemplate
[2026-02-10 09:17:42] DEBUG: Schema\Builder: Entity Email
[2026-02-10 09:17:42] DEBUG: Schema\Builder: Entity EmailAccount
[2026-02-10 09:17:42] DEBUG: Schema\Builder: Entity EmailAddress
[2026-02-10 09:17:42] DEBUG: Schema\Builder: Entity EmailFilter
[2026-02-10 09:17:42] DEBUG: Schema\Builder: Entity EmailFolder
[2026-02-10 09:17:42] DEBUG: Schema\Builder: Entity EmailTemplate
[2026-02-10 09:17:42] DEBUG: Schema\Builder: Entity EmailTemplateCategory
[2026-02-10 09:17:42] DEBUG: Schema\Builder: Entity GroupEmailFolder
[2026-02-10 09:17:42] DEBUG: Schema\Builder: Entity InboundEmail
[2026-02-10 09:17:42] DEBUG: Schema\Builder: Entity LayoutRecord
[2026-02-10 09:17:42] DEBUG: Schema\Builder: Entity LayoutSet
[2026-02-10 09:17:42] DEBUG: Schema\Builder: Entity Note
[2026-02-10 09:17:42] DEBUG: Schema\Builder: Entity PhoneNumber
[2026-02-10 09:17:42] DEBUG: Schema\Builder: Entity Portal
[2026-02-10 09:17:42] DEBUG: Schema\Builder: Entity PortalRole
[2026-02-10 09:17:42] DEBUG: Schema\Builder: Entity Role
[2026-02-10 09:17:42] DEBUG: Schema\Builder: Entity Team
[2026-02-10 09:17:42] DEBUG: Schema\Builder: Entity Template
[2026-02-10 09:17:42] DEBUG: Schema\Builder: Entity User
[2026-02-10 09:17:42] DEBUG: Schema\Builder: Entity UserData
[2026-02-10 09:17:42] DEBUG: Schema\Builder: Entity WorkingTimeCalendar
[2026-02-10 09:17:42] DEBUG: Schema\Builder: Entity WorkingTimeRange
[2026-02-10 09:17:42] DEBUG: Schema\Builder: Entity Account
[2026-02-10 09:17:42] DEBUG: Schema\Builder: Entity Call
[2026-02-10 09:17:42] DEBUG: Schema\Builder: Entity Campaign
[2026-02-10 09:17:42] DEBUG: Schema\Builder: Entity CampaignLogRecord
[2026-02-10 09:17:42] DEBUG: Schema\Builder: Entity CampaignTrackingUrl
[2026-02-10 09:17:42] DEBUG: Schema\Builder: Entity Case
[2026-02-10 09:17:42] DEBUG: Schema\Builder: Entity Contact
[2026-02-10 09:17:42] DEBUG: Schema\Builder: Entity Document
[2026-02-10 09:17:42] DEBUG: Schema\Builder: Entity DocumentFolder
[2026-02-10 09:17:42] DEBUG: Schema\Builder: Entity EmailQueueItem
[2026-02-10 09:17:42] DEBUG: Schema\Builder: Entity KnowledgeBaseArticle
[2026-02-10 09:17:42] DEBUG: Schema\Builder: Entity KnowledgeBaseCategory
[2026-02-10 09:17:42] DEBUG: Schema\Builder: Entity Lead
[2026-02-10 09:17:42] DEBUG: Schema\Builder: Entity MassEmail
[2026-02-10 09:17:42] DEBUG: Schema\Builder: Entity Meeting
[2026-02-10 09:17:42] DEBUG: Schema\Builder: Entity Opportunity
[2026-02-10 09:17:42] DEBUG: Schema\Builder: Entity TargetList
[2026-02-10 09:17:42] DEBUG: Schema\Builder: Entity TargetListCategory
[2026-02-10 09:17:42] DEBUG: Schema\Builder: Entity Task
[2026-02-10 09:17:42] DEBUG: Schema\Builder: Entity CADHAR
[2026-02-10 09:17:42] DEBUG: Schema\Builder: Entity CBanks
[2026-02-10 09:17:42] DEBUG: Schema\Builder: Entity CCity
[2026-02-10 09:17:42] DEBUG: Schema\Builder: Entity CContactType
[2026-02-10 09:17:42] DEBUG: Schema\Builder: Entity CCountry
[2026-02-10 09:17:42] DEBUG: Schema\Builder: Entity CDepartment
[2026-02-10 09:17:42] DEBUG: Schema\Builder: Entity CDependantRelation
[2026-02-10 09:17:42] DEBUG: Schema\Builder: Entity CDrivingLicense
[2026-02-10 09:17:42] DEBUG: Schema\Builder: Entity CEmployee
[2026-02-10 09:17:42] DEBUG: Schema\Builder: Entity CEmployeeAddress
[2026-02-10 09:17:42] DEBUG: Schema\Builder: Entity CEmployeeBank
[2026-02-10 09:17:42] DEBUG: Schema\Builder: Entity CEmployeeContact
[2026-02-10 09:17:42] DEBUG: Schema\Builder: Entity CEmployeeDependent
[2026-02-10 09:17:42] DEBUG: Schema\Builder: Entity CEmployeeDocuments
[2026-02-10 09:17:42] DEBUG: Schema\Builder: Entity CEmployeePastExperience
[2026-02-10 09:17:42] DEBUG: Schema\Builder: Entity CPanCard
[2026-02-10 09:17:42] DEBUG: Schema\Builder: Entity CState
[2026-02-10 09:17:42] DEBUG: Schema\Builder: Entity CVoterIdCard
[2026-02-10 09:17:42] DEBUG: Schema\Builder: Entity CWorkRole
[2026-02-10 09:17:42] DEBUG: Schema\Builder: ManyMany for Email.emailAccounts
[2026-02-10 09:17:42] DEBUG: Schema\Builder: ManyMany for Email.inboundEmails
[2026-02-10 09:17:42] DEBUG: Schema\Builder: ManyMany for Email.replyToEmailAddresses
[2026-02-10 09:17:42] DEBUG: Schema\Builder: ManyMany for Email.users
[2026-02-10 09:17:42] DEBUG: Schema\Builder: ManyMany for Email.assignedUsers
[2026-02-10 09:17:42] DEBUG: Schema\Builder: ManyMany for Email.teams
[2026-02-10 09:17:42] DEBUG: Schema\Builder: ManyMany for GroupEmailFolder.teams
[2026-02-10 09:17:42] DEBUG: Schema\Builder: ManyMany for InboundEmail.teams
[2026-02-10 09:17:42] DEBUG: Schema\Builder: ManyMany for Note.users
[2026-02-10 09:17:42] DEBUG: Schema\Builder: ManyMany for Note.portals
[2026-02-10 09:17:42] DEBUG: Schema\Builder: ManyMany for Note.teams
[2026-02-10 09:17:42] DEBUG: Schema\Builder: ManyMany for Portal.articles
[2026-02-10 09:17:42] DEBUG: Schema\Builder: ManyMany for Portal.portalRoles
[2026-02-10 09:17:42] DEBUG: Schema\Builder: ManyMany for Portal.users
[2026-02-10 09:17:42] DEBUG: Schema\Builder: ManyMany for PortalRole.users
[2026-02-10 09:17:42] DEBUG: Schema\Builder: ManyMany for Role.teams
[2026-02-10 09:17:42] DEBUG: Schema\Builder: ManyMany for Role.users
[2026-02-10 09:17:42] DEBUG: Schema\Builder: ManyMany for Team.users
[2026-02-10 09:17:42] DEBUG: Schema\Builder: ManyMany for User.emailAddresses
[2026-02-10 09:17:42] DEBUG: Schema\Builder: ManyMany for User.phoneNumbers
[2026-02-10 09:17:42] DEBUG: Schema\Builder: ManyMany for User.targetLists
[2026-02-10 09:17:42] DEBUG: Schema\Builder: ManyMany for User.accounts
[2026-02-10 09:17:42] DEBUG: Schema\Builder: ManyMany for User.calls
[2026-02-10 09:17:42] DEBUG: Schema\Builder: ManyMany for User.meetings
[2026-02-10 09:17:42] DEBUG: Schema\Builder: ManyMany for User.workingTimeRanges
[2026-02-10 09:17:42] DEBUG: Schema\Builder: ManyMany for WorkingTimeCalendar.ranges
[2026-02-10 09:17:42] DEBUG: Schema\Builder: ManyMany for Account.portalUsers
[2026-02-10 09:17:42] DEBUG: Schema\Builder: Table [account_portal_user] exists.
[2026-02-10 09:17:42] DEBUG: Schema\Builder: ManyMany for Account.targetLists
[2026-02-10 09:17:42] DEBUG: Schema\Builder: ManyMany for Account.documents
[2026-02-10 09:17:42] DEBUG: Schema\Builder: ManyMany for Account.contacts
[2026-02-10 09:17:42] DEBUG: Schema\Builder: ManyMany for Call.leads
[2026-02-10 09:17:42] DEBUG: Schema\Builder: ManyMany for Call.contacts
[2026-02-10 09:17:42] DEBUG: Schema\Builder: ManyMany for Campaign.excludingTargetLists
[2026-02-10 09:17:42] DEBUG: Schema\Builder: ManyMany for Campaign.targetLists
[2026-02-10 09:17:42] DEBUG: Schema\Builder: ManyMany for Case.articles
[2026-02-10 09:17:42] DEBUG: Schema\Builder: ManyMany for Case.contacts
[2026-02-10 09:17:42] DEBUG: Schema\Builder: ManyMany for Contact.documents
[2026-02-10 09:17:42] DEBUG: Schema\Builder: ManyMany for Contact.targetLists
[2026-02-10 09:17:42] DEBUG: Schema\Builder: ManyMany for Contact.meetings
[2026-02-10 09:17:42] DEBUG: Schema\Builder: ManyMany for Contact.opportunities
[2026-02-10 09:17:42] DEBUG: Schema\Builder: ManyMany for Document.leads
[2026-02-10 09:17:42] DEBUG: Schema\Builder: ManyMany for Document.opportunities
[2026-02-10 09:17:42] DEBUG: Schema\Builder: ManyMany for KnowledgeBaseArticle.categories
[2026-02-10 09:17:42] DEBUG: Schema\Builder: ManyMany for Lead.targetLists
[2026-02-10 09:17:42] DEBUG: Schema\Builder: ManyMany for Lead.meetings
[2026-02-10 09:17:42] DEBUG: Schema\Builder: ManyMany for MassEmail.excludingTargetLists
[2026-02-10 09:17:42] DEBUG: Schema\Builder: ManyMany for MassEmail.targetLists
[2026-02-10 09:17:42] DEBUG: Schema\Builder - End
[2026-02-10 09:18:38] DEBUG: Schema\Builder - Start
[2026-02-10 09:18:38] DEBUG: Schema\Builder: Rebuild for entity types: [CEmployee] with dependent entity types: [CEmployee, Attachment, User, EmailAddress, PhoneNumber, TargetList, Lead, Document, DocumentFolder, Team, GroupEmailFolder, Email, Task, Contact, CampaignLogRecord, EmailQueueItem, MassEmail, InboundEmail, EmailFilter, EmailFolder, EmailTemplate, EmailTemplateCategory, Campaign, Template, CampaignTrackingUrl, Opportunity, Call, Account, Meeting, Case, KnowledgeBaseArticle, KnowledgeBaseCategory, Portal, AuthenticationProvider, LayoutSet, LayoutRecord, Note, PortalRole, EmailAccount, WorkingTimeCalendar, WorkingTimeRange, Role, TargetListCategory, UserData, DashboardTemplate, CPanCard, CVoterIdCard, CDrivingLicense, CADHAR, CDepartment, CEmployeeAddress, CCountry, CEmployeePastExperience, CWorkRole, CCity, CState, CBanks, CEmployeeBank, CEmployeeDocuments, CEmployeeContact, CContactType, CEmployeeDependent, CDependantRelation]
[2026-02-10 09:18:38] DEBUG: Schema\Builder: Entity Attachment
[2026-02-10 09:18:38] DEBUG: Schema\Builder: Entity AuthenticationProvider
[2026-02-10 09:18:38] DEBUG: Schema\Builder: Entity DashboardTemplate
[2026-02-10 09:18:38] DEBUG: Schema\Builder: Entity Email
[2026-02-10 09:18:38] DEBUG: Schema\Builder: Entity EmailAccount
[2026-02-10 09:18:38] DEBUG: Schema\Builder: Entity EmailAddress
[2026-02-10 09:18:38] DEBUG: Schema\Builder: Entity EmailFilter
[2026-02-10 09:18:38] DEBUG: Schema\Builder: Entity EmailFolder
[2026-02-10 09:18:38] DEBUG: Schema\Builder: Entity EmailTemplate
[2026-02-10 09:18:38] DEBUG: Schema\Builder: Entity EmailTemplateCategory
[2026-02-10 09:18:38] DEBUG: Schema\Builder: Entity GroupEmailFolder
[2026-02-10 09:18:38] DEBUG: Schema\Builder: Entity InboundEmail
[2026-02-10 09:18:38] DEBUG: Schema\Builder: Entity LayoutRecord
[2026-02-10 09:18:38] DEBUG: Schema\Builder: Entity LayoutSet
[2026-02-10 09:18:38] DEBUG: Schema\Builder: Entity Note
[2026-02-10 09:18:38] DEBUG: Schema\Builder: Entity PhoneNumber
[2026-02-10 09:18:38] DEBUG: Schema\Builder: Entity Portal
[2026-02-10 09:18:38] DEBUG: Schema\Builder: Entity PortalRole
[2026-02-10 09:18:38] DEBUG: Schema\Builder: Entity Role
[2026-02-10 09:18:38] DEBUG: Schema\Builder: Entity Team
[2026-02-10 09:18:38] DEBUG: Schema\Builder: Entity Template
[2026-02-10 09:18:38] DEBUG: Schema\Builder: Entity User
[2026-02-10 09:18:38] DEBUG: Schema\Builder: Entity UserData
[2026-02-10 09:18:38] DEBUG: Schema\Builder: Entity WorkingTimeCalendar
[2026-02-10 09:18:38] DEBUG: Schema\Builder: Entity WorkingTimeRange
[2026-02-10 09:18:38] DEBUG: Schema\Builder: Entity Account
[2026-02-10 09:18:38] DEBUG: Schema\Builder: Entity Call
[2026-02-10 09:18:38] DEBUG: Schema\Builder: Entity Campaign
[2026-02-10 09:18:38] DEBUG: Schema\Builder: Entity CampaignLogRecord
[2026-02-10 09:18:38] DEBUG: Schema\Builder: Entity CampaignTrackingUrl
[2026-02-10 09:18:38] DEBUG: Schema\Builder: Entity Case
[2026-02-10 09:18:38] DEBUG: Schema\Builder: Entity Contact
[2026-02-10 09:18:38] DEBUG: Schema\Builder: Entity Document
[2026-02-10 09:18:38] DEBUG: Schema\Builder: Entity DocumentFolder
[2026-02-10 09:18:38] DEBUG: Schema\Builder: Entity EmailQueueItem
[2026-02-10 09:18:38] DEBUG: Schema\Builder: Entity KnowledgeBaseArticle
[2026-02-10 09:18:38] DEBUG: Schema\Builder: Entity KnowledgeBaseCategory
[2026-02-10 09:18:38] DEBUG: Schema\Builder: Entity Lead
[2026-02-10 09:18:38] DEBUG: Schema\Builder: Entity MassEmail
[2026-02-10 09:18:38] DEBUG: Schema\Builder: Entity Meeting
[2026-02-10 09:18:38] DEBUG: Schema\Builder: Entity Opportunity
[2026-02-10 09:18:38] DEBUG: Schema\Builder: Entity TargetList
[2026-02-10 09:18:38] DEBUG: Schema\Builder: Entity TargetListCategory
[2026-02-10 09:18:38] DEBUG: Schema\Builder: Entity Task
[2026-02-10 09:18:38] DEBUG: Schema\Builder: Entity CADHAR
[2026-02-10 09:18:38] DEBUG: Schema\Builder: Entity CBanks
[2026-02-10 09:18:38] DEBUG: Schema\Builder: Entity CCity
[2026-02-10 09:18:38] DEBUG: Schema\Builder: Entity CContactType
[2026-02-10 09:18:38] DEBUG: Schema\Builder: Entity CCountry
[2026-02-10 09:18:38] DEBUG: Schema\Builder: Entity CDepartment
[2026-02-10 09:18:38] DEBUG: Schema\Builder: Entity CDependantRelation
[2026-02-10 09:18:38] DEBUG: Schema\Builder: Entity CDrivingLicense
[2026-02-10 09:18:38] DEBUG: Schema\Builder: Entity CEmployee
[2026-02-10 09:18:38] DEBUG: Schema\Builder: Entity CEmployeeAddress
[2026-02-10 09:18:38] DEBUG: Schema\Builder: Entity CEmployeeBank
[2026-02-10 09:18:38] DEBUG: Schema\Builder: Entity CEmployeeContact
[2026-02-10 09:18:38] DEBUG: Schema\Builder: Entity CEmployeeDependent
[2026-02-10 09:18:38] DEBUG: Schema\Builder: Entity CEmployeeDocuments
[2026-02-10 09:18:38] DEBUG: Schema\Builder: Entity CEmployeePastExperience
[2026-02-10 09:18:38] DEBUG: Schema\Builder: Entity CPanCard
[2026-02-10 09:18:38] DEBUG: Schema\Builder: Entity CState
[2026-02-10 09:18:38] DEBUG: Schema\Builder: Entity CVoterIdCard
[2026-02-10 09:18:38] DEBUG: Schema\Builder: Entity CWorkRole
[2026-02-10 09:18:38] DEBUG: Schema\Builder: ManyMany for Email.emailAccounts
[2026-02-10 09:18:38] DEBUG: Schema\Builder: ManyMany for Email.inboundEmails
[2026-02-10 09:18:38] DEBUG: Schema\Builder: ManyMany for Email.replyToEmailAddresses
[2026-02-10 09:18:38] DEBUG: Schema\Builder: ManyMany for Email.users
[2026-02-10 09:18:38] DEBUG: Schema\Builder: ManyMany for Email.assignedUsers
[2026-02-10 09:18:38] DEBUG: Schema\Builder: ManyMany for Email.teams
[2026-02-10 09:18:38] DEBUG: Schema\Builder: ManyMany for GroupEmailFolder.teams
[2026-02-10 09:18:38] DEBUG: Schema\Builder: ManyMany for InboundEmail.teams
[2026-02-10 09:18:38] DEBUG: Schema\Builder: ManyMany for Note.users
[2026-02-10 09:18:38] DEBUG: Schema\Builder: ManyMany for Note.portals
[2026-02-10 09:18:38] DEBUG: Schema\Builder: ManyMany for Note.teams
[2026-02-10 09:18:38] DEBUG: Schema\Builder: ManyMany for Portal.articles
[2026-02-10 09:18:38] DEBUG: Schema\Builder: ManyMany for Portal.portalRoles
[2026-02-10 09:18:38] DEBUG: Schema\Builder: ManyMany for Portal.users
[2026-02-10 09:18:38] DEBUG: Schema\Builder: ManyMany for PortalRole.users
[2026-02-10 09:18:38] DEBUG: Schema\Builder: ManyMany for Role.teams
[2026-02-10 09:18:38] DEBUG: Schema\Builder: ManyMany for Role.users
[2026-02-10 09:18:38] DEBUG: Schema\Builder: ManyMany for Team.users
[2026-02-10 09:18:38] DEBUG: Schema\Builder: ManyMany for User.emailAddresses
[2026-02-10 09:18:38] DEBUG: Schema\Builder: ManyMany for User.phoneNumbers
[2026-02-10 09:18:38] DEBUG: Schema\Builder: ManyMany for User.targetLists
[2026-02-10 09:18:38] DEBUG: Schema\Builder: ManyMany for User.accounts
[2026-02-10 09:18:38] DEBUG: Schema\Builder: ManyMany for User.calls
[2026-02-10 09:18:38] DEBUG: Schema\Builder: ManyMany for User.meetings
[2026-02-10 09:18:38] DEBUG: Schema\Builder: ManyMany for User.workingTimeRanges
[2026-02-10 09:18:38] DEBUG: Schema\Builder: ManyMany for WorkingTimeCalendar.ranges
[2026-02-10 09:18:38] DEBUG: Schema\Builder: ManyMany for Account.portalUsers
[2026-02-10 09:18:38] DEBUG: Schema\Builder: Table [account_portal_user] exists.
[2026-02-10 09:18:38] DEBUG: Schema\Builder: ManyMany for Account.targetLists
[2026-02-10 09:18:38] DEBUG: Schema\Builder: ManyMany for Account.documents
[2026-02-10 09:18:38] DEBUG: Schema\Builder: ManyMany for Account.contacts
[2026-02-10 09:18:38] DEBUG: Schema\Builder: ManyMany for Call.leads
[2026-02-10 09:18:38] DEBUG: Schema\Builder: ManyMany for Call.contacts
[2026-02-10 09:18:38] DEBUG: Schema\Builder: ManyMany for Campaign.excludingTargetLists
[2026-02-10 09:18:38] DEBUG: Schema\Builder: ManyMany for Campaign.targetLists
[2026-02-10 09:18:38] DEBUG: Schema\Builder: ManyMany for Case.articles
[2026-02-10 09:18:38] DEBUG: Schema\Builder: ManyMany for Case.contacts
[2026-02-10 09:18:38] DEBUG: Schema\Builder: ManyMany for Contact.documents
[2026-02-10 09:18:38] DEBUG: Schema\Builder: ManyMany for Contact.targetLists
[2026-02-10 09:18:38] DEBUG: Schema\Builder: ManyMany for Contact.meetings
[2026-02-10 09:18:38] DEBUG: Schema\Builder: ManyMany for Contact.opportunities
[2026-02-10 09:18:38] DEBUG: Schema\Builder: ManyMany for Document.leads
[2026-02-10 09:18:38] DEBUG: Schema\Builder: ManyMany for Document.opportunities
[2026-02-10 09:18:38] DEBUG: Schema\Builder: ManyMany for KnowledgeBaseArticle.categories
[2026-02-10 09:18:38] DEBUG: Schema\Builder: ManyMany for Lead.targetLists
[2026-02-10 09:18:38] DEBUG: Schema\Builder: ManyMany for Lead.meetings
[2026-02-10 09:18:38] DEBUG: Schema\Builder: ManyMany for MassEmail.excludingTargetLists
[2026-02-10 09:18:38] DEBUG: Schema\Builder: ManyMany for MassEmail.targetLists
[2026-02-10 09:18:38] DEBUG: Schema\Builder - End
[2026-02-10 09:25:58] DEBUG: Schema\Builder - Start
[2026-02-10 09:25:58] DEBUG: Schema\Builder: Rebuild for entity types: [CEmployee] with dependent entity types: [CEmployee, Attachment, User, EmailAddress, PhoneNumber, TargetList, Lead, Document, DocumentFolder, Team, GroupEmailFolder, Email, Task, Contact, CampaignLogRecord, EmailQueueItem, MassEmail, InboundEmail, EmailFilter, EmailFolder, EmailTemplate, EmailTemplateCategory, Campaign, Template, CampaignTrackingUrl, Opportunity, Call, Account, Meeting, Case, KnowledgeBaseArticle, KnowledgeBaseCategory, Portal, AuthenticationProvider, LayoutSet, LayoutRecord, Note, PortalRole, EmailAccount, WorkingTimeCalendar, WorkingTimeRange, Role, TargetListCategory, UserData, DashboardTemplate, CPanCard, CVoterIdCard, CDrivingLicense, CADHAR, CDepartment, CEmployeeAddress, CCountry, CEmployeePastExperience, CWorkRole, CCity, CState, CBanks, CEmployeeBank, CEmployeeDocuments, CEmployeeContact, CContactType, CEmployeeDependent, CDependantRelation]
[2026-02-10 09:25:58] DEBUG: Schema\Builder: Entity Attachment
[2026-02-10 09:25:58] DEBUG: Schema\Builder: Entity AuthenticationProvider
[2026-02-10 09:25:58] DEBUG: Schema\Builder: Entity DashboardTemplate
[2026-02-10 09:25:58] DEBUG: Schema\Builder: Entity Email
[2026-02-10 09:25:58] DEBUG: Schema\Builder: Entity EmailAccount
[2026-02-10 09:25:58] DEBUG: Schema\Builder: Entity EmailAddress
[2026-02-10 09:25:58] DEBUG: Schema\Builder: Entity EmailFilter
[2026-02-10 09:25:58] DEBUG: Schema\Builder: Entity EmailFolder
[2026-02-10 09:25:58] DEBUG: Schema\Builder: Entity EmailTemplate
[2026-02-10 09:25:58] DEBUG: Schema\Builder: Entity EmailTemplateCategory
[2026-02-10 09:25:58] DEBUG: Schema\Builder: Entity GroupEmailFolder
[2026-02-10 09:25:58] DEBUG: Schema\Builder: Entity InboundEmail
[2026-02-10 09:25:58] DEBUG: Schema\Builder: Entity LayoutRecord
[2026-02-10 09:25:58] DEBUG: Schema\Builder: Entity LayoutSet
[2026-02-10 09:25:58] DEBUG: Schema\Builder: Entity Note
[2026-02-10 09:25:58] DEBUG: Schema\Builder: Entity PhoneNumber
[2026-02-10 09:25:58] DEBUG: Schema\Builder: Entity Portal
[2026-02-10 09:25:58] DEBUG: Schema\Builder: Entity PortalRole
[2026-02-10 09:25:58] DEBUG: Schema\Builder: Entity Role
[2026-02-10 09:25:58] DEBUG: Schema\Builder: Entity Team
[2026-02-10 09:25:58] DEBUG: Schema\Builder: Entity Template
[2026-02-10 09:25:58] DEBUG: Schema\Builder: Entity User
[2026-02-10 09:25:58] DEBUG: Schema\Builder: Entity UserData
[2026-02-10 09:25:58] DEBUG: Schema\Builder: Entity WorkingTimeCalendar
[2026-02-10 09:25:58] DEBUG: Schema\Builder: Entity WorkingTimeRange
[2026-02-10 09:25:58] DEBUG: Schema\Builder: Entity Account
[2026-02-10 09:25:58] DEBUG: Schema\Builder: Entity Call
[2026-02-10 09:25:58] DEBUG: Schema\Builder: Entity Campaign
[2026-02-10 09:25:58] DEBUG: Schema\Builder: Entity CampaignLogRecord
[2026-02-10 09:25:58] DEBUG: Schema\Builder: Entity CampaignTrackingUrl
[2026-02-10 09:25:58] DEBUG: Schema\Builder: Entity Case
[2026-02-10 09:25:58] DEBUG: Schema\Builder: Entity Contact
[2026-02-10 09:25:58] DEBUG: Schema\Builder: Entity Document
[2026-02-10 09:25:58] DEBUG: Schema\Builder: Entity DocumentFolder
[2026-02-10 09:25:58] DEBUG: Schema\Builder: Entity EmailQueueItem
[2026-02-10 09:25:58] DEBUG: Schema\Builder: Entity KnowledgeBaseArticle
[2026-02-10 09:25:58] DEBUG: Schema\Builder: Entity KnowledgeBaseCategory
[2026-02-10 09:25:58] DEBUG: Schema\Builder: Entity Lead
[2026-02-10 09:25:58] DEBUG: Schema\Builder: Entity MassEmail
[2026-02-10 09:25:58] DEBUG: Schema\Builder: Entity Meeting
[2026-02-10 09:25:58] DEBUG: Schema\Builder: Entity Opportunity
[2026-02-10 09:25:58] DEBUG: Schema\Builder: Entity TargetList
[2026-02-10 09:25:58] DEBUG: Schema\Builder: Entity TargetListCategory
[2026-02-10 09:25:58] DEBUG: Schema\Builder: Entity Task
[2026-02-10 09:25:58] DEBUG: Schema\Builder: Entity CADHAR
[2026-02-10 09:25:58] DEBUG: Schema\Builder: Entity CBanks
[2026-02-10 09:25:58] DEBUG: Schema\Builder: Entity CCity
[2026-02-10 09:25:58] DEBUG: Schema\Builder: Entity CContactType
[2026-02-10 09:25:58] DEBUG: Schema\Builder: Entity CCountry
[2026-02-10 09:25:58] DEBUG: Schema\Builder: Entity CDepartment
[2026-02-10 09:25:58] DEBUG: Schema\Builder: Entity CDependantRelation
[2026-02-10 09:25:58] DEBUG: Schema\Builder: Entity CDrivingLicense
[2026-02-10 09:25:58] DEBUG: Schema\Builder: Entity CEmployee
[2026-02-10 09:25:58] DEBUG: Schema\Builder: Entity CEmployeeAddress
[2026-02-10 09:25:58] DEBUG: Schema\Builder: Entity CEmployeeBank
[2026-02-10 09:25:58] DEBUG: Schema\Builder: Entity CEmployeeContact
[2026-02-10 09:25:58] DEBUG: Schema\Builder: Entity CEmployeeDependent
[2026-02-10 09:25:58] DEBUG: Schema\Builder: Entity CEmployeeDocuments
[2026-02-10 09:25:58] DEBUG: Schema\Builder: Entity CEmployeePastExperience
[2026-02-10 09:25:58] DEBUG: Schema\Builder: Entity CPanCard
[2026-02-10 09:25:58] DEBUG: Schema\Builder: Entity CState
[2026-02-10 09:25:58] DEBUG: Schema\Builder: Entity CVoterIdCard
[2026-02-10 09:25:58] DEBUG: Schema\Builder: Entity CWorkRole
[2026-02-10 09:25:58] DEBUG: Schema\Builder: ManyMany for Email.emailAccounts
[2026-02-10 09:25:58] DEBUG: Schema\Builder: ManyMany for Email.inboundEmails
[2026-02-10 09:25:58] DEBUG: Schema\Builder: ManyMany for Email.replyToEmailAddresses
[2026-02-10 09:25:58] DEBUG: Schema\Builder: ManyMany for Email.users
[2026-02-10 09:25:58] DEBUG: Schema\Builder: ManyMany for Email.assignedUsers
[2026-02-10 09:25:58] DEBUG: Schema\Builder: ManyMany for Email.teams
[2026-02-10 09:25:58] DEBUG: Schema\Builder: ManyMany for GroupEmailFolder.teams
[2026-02-10 09:25:58] DEBUG: Schema\Builder: ManyMany for InboundEmail.teams
[2026-02-10 09:25:58] DEBUG: Schema\Builder: ManyMany for Note.users
[2026-02-10 09:25:58] DEBUG: Schema\Builder: ManyMany for Note.portals
[2026-02-10 09:25:58] DEBUG: Schema\Builder: ManyMany for Note.teams
[2026-02-10 09:25:58] DEBUG: Schema\Builder: ManyMany for Portal.articles
[2026-02-10 09:25:58] DEBUG: Schema\Builder: ManyMany for Portal.portalRoles
[2026-02-10 09:25:58] DEBUG: Schema\Builder: ManyMany for Portal.users
[2026-02-10 09:25:58] DEBUG: Schema\Builder: ManyMany for PortalRole.users
[2026-02-10 09:25:58] DEBUG: Schema\Builder: ManyMany for Role.teams
[2026-02-10 09:25:58] DEBUG: Schema\Builder: ManyMany for Role.users
[2026-02-10 09:25:58] DEBUG: Schema\Builder: ManyMany for Team.users
[2026-02-10 09:25:58] DEBUG: Schema\Builder: ManyMany for User.emailAddresses
[2026-02-10 09:25:58] DEBUG: Schema\Builder: ManyMany for User.phoneNumbers
[2026-02-10 09:25:58] DEBUG: Schema\Builder: ManyMany for User.targetLists
[2026-02-10 09:25:58] DEBUG: Schema\Builder: ManyMany for User.accounts
[2026-02-10 09:25:58] DEBUG: Schema\Builder: ManyMany for User.calls
[2026-02-10 09:25:58] DEBUG: Schema\Builder: ManyMany for User.meetings
[2026-02-10 09:25:58] DEBUG: Schema\Builder: ManyMany for User.workingTimeRanges
[2026-02-10 09:25:58] DEBUG: Schema\Builder: ManyMany for WorkingTimeCalendar.ranges
[2026-02-10 09:25:58] DEBUG: Schema\Builder: ManyMany for Account.portalUsers
[2026-02-10 09:25:58] DEBUG: Schema\Builder: Table [account_portal_user] exists.
[2026-02-10 09:25:58] DEBUG: Schema\Builder: ManyMany for Account.targetLists
[2026-02-10 09:25:58] DEBUG: Schema\Builder: ManyMany for Account.documents
[2026-02-10 09:25:58] DEBUG: Schema\Builder: ManyMany for Account.contacts
[2026-02-10 09:25:58] DEBUG: Schema\Builder: ManyMany for Call.leads
[2026-02-10 09:25:58] DEBUG: Schema\Builder: ManyMany for Call.contacts
[2026-02-10 09:25:58] DEBUG: Schema\Builder: ManyMany for Campaign.excludingTargetLists
[2026-02-10 09:25:58] DEBUG: Schema\Builder: ManyMany for Campaign.targetLists
[2026-02-10 09:25:58] DEBUG: Schema\Builder: ManyMany for Case.articles
[2026-02-10 09:25:58] DEBUG: Schema\Builder: ManyMany for Case.contacts
[2026-02-10 09:25:58] DEBUG: Schema\Builder: ManyMany for Contact.documents
[2026-02-10 09:25:58] DEBUG: Schema\Builder: ManyMany for Contact.targetLists
[2026-02-10 09:25:58] DEBUG: Schema\Builder: ManyMany for Contact.meetings
[2026-02-10 09:25:58] DEBUG: Schema\Builder: ManyMany for Contact.opportunities
[2026-02-10 09:25:58] DEBUG: Schema\Builder: ManyMany for Document.leads
[2026-02-10 09:25:58] DEBUG: Schema\Builder: ManyMany for Document.opportunities
[2026-02-10 09:25:58] DEBUG: Schema\Builder: ManyMany for KnowledgeBaseArticle.categories
[2026-02-10 09:25:58] DEBUG: Schema\Builder: ManyMany for Lead.targetLists
[2026-02-10 09:25:58] DEBUG: Schema\Builder: ManyMany for Lead.meetings
[2026-02-10 09:25:58] DEBUG: Schema\Builder: ManyMany for MassEmail.excludingTargetLists
[2026-02-10 09:25:58] DEBUG: Schema\Builder: ManyMany for MassEmail.targetLists
[2026-02-10 09:25:58] DEBUG: Schema\Builder - End
[2026-02-10 09:29:29] DEBUG: Schema\Builder - Start
[2026-02-10 09:29:29] DEBUG: Schema\Builder: Rebuild for entity types: [CEmployee] with dependent entity types: [CEmployee, Attachment, User, EmailAddress, PhoneNumber, TargetList, Lead, Document, DocumentFolder, Team, GroupEmailFolder, Email, Task, Contact, CampaignLogRecord, EmailQueueItem, MassEmail, InboundEmail, EmailFilter, EmailFolder, EmailTemplate, EmailTemplateCategory, Campaign, Template, CampaignTrackingUrl, Opportunity, Call, Account, Meeting, Case, KnowledgeBaseArticle, KnowledgeBaseCategory, Portal, AuthenticationProvider, LayoutSet, LayoutRecord, Note, PortalRole, EmailAccount, WorkingTimeCalendar, WorkingTimeRange, Role, TargetListCategory, UserData, DashboardTemplate, CPanCard, CVoterIdCard, CDrivingLicense, CADHAR, CDepartment, CEmployeeAddress, CCountry, CEmployeePastExperience, CWorkRole, CCity, CState, CBanks, CEmployeeBank, CEmployeeDocuments, CEmployeeContact, CContactType, CEmployeeDependent, CDependantRelation]
[2026-02-10 09:29:29] DEBUG: Schema\Builder: Entity Attachment
[2026-02-10 09:29:29] DEBUG: Schema\Builder: Entity AuthenticationProvider
[2026-02-10 09:29:29] DEBUG: Schema\Builder: Entity DashboardTemplate
[2026-02-10 09:29:29] DEBUG: Schema\Builder: Entity Email
[2026-02-10 09:29:29] DEBUG: Schema\Builder: Entity EmailAccount
[2026-02-10 09:29:29] DEBUG: Schema\Builder: Entity EmailAddress
[2026-02-10 09:29:29] DEBUG: Schema\Builder: Entity EmailFilter
[2026-02-10 09:29:29] DEBUG: Schema\Builder: Entity EmailFolder
[2026-02-10 09:29:29] DEBUG: Schema\Builder: Entity EmailTemplate
[2026-02-10 09:29:29] DEBUG: Schema\Builder: Entity EmailTemplateCategory
[2026-02-10 09:29:29] DEBUG: Schema\Builder: Entity GroupEmailFolder
[2026-02-10 09:29:29] DEBUG: Schema\Builder: Entity InboundEmail
[2026-02-10 09:29:29] DEBUG: Schema\Builder: Entity LayoutRecord
[2026-02-10 09:29:29] DEBUG: Schema\Builder: Entity LayoutSet
[2026-02-10 09:29:29] DEBUG: Schema\Builder: Entity Note
[2026-02-10 09:29:29] DEBUG: Schema\Builder: Entity PhoneNumber
[2026-02-10 09:29:29] DEBUG: Schema\Builder: Entity Portal
[2026-02-10 09:29:29] DEBUG: Schema\Builder: Entity PortalRole
[2026-02-10 09:29:29] DEBUG: Schema\Builder: Entity Role
[2026-02-10 09:29:29] DEBUG: Schema\Builder: Entity Team
[2026-02-10 09:29:29] DEBUG: Schema\Builder: Entity Template
[2026-02-10 09:29:29] DEBUG: Schema\Builder: Entity User
[2026-02-10 09:29:29] DEBUG: Schema\Builder: Entity UserData
[2026-02-10 09:29:29] DEBUG: Schema\Builder: Entity WorkingTimeCalendar
[2026-02-10 09:29:29] DEBUG: Schema\Builder: Entity WorkingTimeRange
[2026-02-10 09:29:29] DEBUG: Schema\Builder: Entity Account
[2026-02-10 09:29:29] DEBUG: Schema\Builder: Entity Call
[2026-02-10 09:29:29] DEBUG: Schema\Builder: Entity Campaign
[2026-02-10 09:29:29] DEBUG: Schema\Builder: Entity CampaignLogRecord
[2026-02-10 09:29:29] DEBUG: Schema\Builder: Entity CampaignTrackingUrl
[2026-02-10 09:29:29] DEBUG: Schema\Builder: Entity Case
[2026-02-10 09:29:29] DEBUG: Schema\Builder: Entity Contact
[2026-02-10 09:29:29] DEBUG: Schema\Builder: Entity Document
[2026-02-10 09:29:29] DEBUG: Schema\Builder: Entity DocumentFolder
[2026-02-10 09:29:29] DEBUG: Schema\Builder: Entity EmailQueueItem
[2026-02-10 09:29:29] DEBUG: Schema\Builder: Entity KnowledgeBaseArticle
[2026-02-10 09:29:29] DEBUG: Schema\Builder: Entity KnowledgeBaseCategory
[2026-02-10 09:29:29] DEBUG: Schema\Builder: Entity Lead
[2026-02-10 09:29:29] DEBUG: Schema\Builder: Entity MassEmail
[2026-02-10 09:29:29] DEBUG: Schema\Builder: Entity Meeting
[2026-02-10 09:29:29] DEBUG: Schema\Builder: Entity Opportunity
[2026-02-10 09:29:29] DEBUG: Schema\Builder: Entity TargetList
[2026-02-10 09:29:29] DEBUG: Schema\Builder: Entity TargetListCategory
[2026-02-10 09:29:29] DEBUG: Schema\Builder: Entity Task
[2026-02-10 09:29:29] DEBUG: Schema\Builder: Entity CADHAR
[2026-02-10 09:29:29] DEBUG: Schema\Builder: Entity CBanks
[2026-02-10 09:29:29] DEBUG: Schema\Builder: Entity CCity
[2026-02-10 09:29:29] DEBUG: Schema\Builder: Entity CContactType
[2026-02-10 09:29:29] DEBUG: Schema\Builder: Entity CCountry
[2026-02-10 09:29:29] DEBUG: Schema\Builder: Entity CDepartment
[2026-02-10 09:29:29] DEBUG: Schema\Builder: Entity CDependantRelation
[2026-02-10 09:29:29] DEBUG: Schema\Builder: Entity CDrivingLicense
[2026-02-10 09:29:29] DEBUG: Schema\Builder: Entity CEmployee
[2026-02-10 09:29:29] DEBUG: Schema\Builder: Entity CEmployeeAddress
[2026-02-10 09:29:29] DEBUG: Schema\Builder: Entity CEmployeeBank
[2026-02-10 09:29:29] DEBUG: Schema\Builder: Entity CEmployeeContact
[2026-02-10 09:29:29] DEBUG: Schema\Builder: Entity CEmployeeDependent
[2026-02-10 09:29:29] DEBUG: Schema\Builder: Entity CEmployeeDocuments
[2026-02-10 09:29:29] DEBUG: Schema\Builder: Entity CEmployeePastExperience
[2026-02-10 09:29:29] DEBUG: Schema\Builder: Entity CPanCard
[2026-02-10 09:29:29] DEBUG: Schema\Builder: Entity CState
[2026-02-10 09:29:29] DEBUG: Schema\Builder: Entity CVoterIdCard
[2026-02-10 09:29:29] DEBUG: Schema\Builder: Entity CWorkRole
[2026-02-10 09:29:29] DEBUG: Schema\Builder: ManyMany for Email.emailAccounts
[2026-02-10 09:29:29] DEBUG: Schema\Builder: ManyMany for Email.inboundEmails
[2026-02-10 09:29:29] DEBUG: Schema\Builder: ManyMany for Email.replyToEmailAddresses
[2026-02-10 09:29:29] DEBUG: Schema\Builder: ManyMany for Email.users
[2026-02-10 09:29:29] DEBUG: Schema\Builder: ManyMany for Email.assignedUsers
[2026-02-10 09:29:29] DEBUG: Schema\Builder: ManyMany for Email.teams
[2026-02-10 09:29:29] DEBUG: Schema\Builder: ManyMany for GroupEmailFolder.teams
[2026-02-10 09:29:29] DEBUG: Schema\Builder: ManyMany for InboundEmail.teams
[2026-02-10 09:29:29] DEBUG: Schema\Builder: ManyMany for Note.users
[2026-02-10 09:29:29] DEBUG: Schema\Builder: ManyMany for Note.portals
[2026-02-10 09:29:29] DEBUG: Schema\Builder: ManyMany for Note.teams
[2026-02-10 09:29:29] DEBUG: Schema\Builder: ManyMany for Portal.articles
[2026-02-10 09:29:29] DEBUG: Schema\Builder: ManyMany for Portal.portalRoles
[2026-02-10 09:29:29] DEBUG: Schema\Builder: ManyMany for Portal.users
[2026-02-10 09:29:29] DEBUG: Schema\Builder: ManyMany for PortalRole.users
[2026-02-10 09:29:29] DEBUG: Schema\Builder: ManyMany for Role.teams
[2026-02-10 09:29:29] DEBUG: Schema\Builder: ManyMany for Role.users
[2026-02-10 09:29:29] DEBUG: Schema\Builder: ManyMany for Team.users
[2026-02-10 09:29:29] DEBUG: Schema\Builder: ManyMany for User.emailAddresses
[2026-02-10 09:29:29] DEBUG: Schema\Builder: ManyMany for User.phoneNumbers
[2026-02-10 09:29:29] DEBUG: Schema\Builder: ManyMany for User.targetLists
[2026-02-10 09:29:29] DEBUG: Schema\Builder: ManyMany for User.accounts
[2026-02-10 09:29:29] DEBUG: Schema\Builder: ManyMany for User.calls
[2026-02-10 09:29:29] DEBUG: Schema\Builder: ManyMany for User.meetings
[2026-02-10 09:29:29] DEBUG: Schema\Builder: ManyMany for User.workingTimeRanges
[2026-02-10 09:29:29] DEBUG: Schema\Builder: ManyMany for WorkingTimeCalendar.ranges
[2026-02-10 09:29:29] DEBUG: Schema\Builder: ManyMany for Account.portalUsers
[2026-02-10 09:29:29] DEBUG: Schema\Builder: Table [account_portal_user] exists.
[2026-02-10 09:29:29] DEBUG: Schema\Builder: ManyMany for Account.targetLists
[2026-02-10 09:29:29] DEBUG: Schema\Builder: ManyMany for Account.documents
[2026-02-10 09:29:29] DEBUG: Schema\Builder: ManyMany for Account.contacts
[2026-02-10 09:29:29] DEBUG: Schema\Builder: ManyMany for Call.leads
[2026-02-10 09:29:29] DEBUG: Schema\Builder: ManyMany for Call.contacts
[2026-02-10 09:29:29] DEBUG: Schema\Builder: ManyMany for Campaign.excludingTargetLists
[2026-02-10 09:29:29] DEBUG: Schema\Builder: ManyMany for Campaign.targetLists
[2026-02-10 09:29:29] DEBUG: Schema\Builder: ManyMany for Case.articles
[2026-02-10 09:29:29] DEBUG: Schema\Builder: ManyMany for Case.contacts
[2026-02-10 09:29:29] DEBUG: Schema\Builder: ManyMany for Contact.documents
[2026-02-10 09:29:29] DEBUG: Schema\Builder: ManyMany for Contact.targetLists
[2026-02-10 09:29:29] DEBUG: Schema\Builder: ManyMany for Contact.meetings
[2026-02-10 09:29:29] DEBUG: Schema\Builder: ManyMany for Contact.opportunities
[2026-02-10 09:29:29] DEBUG: Schema\Builder: ManyMany for Document.leads
[2026-02-10 09:29:29] DEBUG: Schema\Builder: ManyMany for Document.opportunities
[2026-02-10 09:29:29] DEBUG: Schema\Builder: ManyMany for KnowledgeBaseArticle.categories
[2026-02-10 09:29:29] DEBUG: Schema\Builder: ManyMany for Lead.targetLists
[2026-02-10 09:29:29] DEBUG: Schema\Builder: ManyMany for Lead.meetings
[2026-02-10 09:29:29] DEBUG: Schema\Builder: ManyMany for MassEmail.excludingTargetLists
[2026-02-10 09:29:29] DEBUG: Schema\Builder: ManyMany for MassEmail.targetLists
[2026-02-10 09:29:29] DEBUG: Schema\Builder - End
[2026-02-10 09:31:36] DEBUG: Schema\Builder - Start
[2026-02-10 09:31:36] DEBUG: Schema\Builder: Rebuild for entity types: [CEmployee] with dependent entity types: [CEmployee, Attachment, User, EmailAddress, PhoneNumber, TargetList, Lead, Document, DocumentFolder, Team, GroupEmailFolder, Email, Task, Contact, CampaignLogRecord, EmailQueueItem, MassEmail, InboundEmail, EmailFilter, EmailFolder, EmailTemplate, EmailTemplateCategory, Campaign, Template, CampaignTrackingUrl, Opportunity, Call, Account, Meeting, Case, KnowledgeBaseArticle, KnowledgeBaseCategory, Portal, AuthenticationProvider, LayoutSet, LayoutRecord, Note, PortalRole, EmailAccount, WorkingTimeCalendar, WorkingTimeRange, Role, TargetListCategory, UserData, DashboardTemplate, CPanCard, CVoterIdCard, CDrivingLicense, CADHAR, CDepartment, CEmployeeAddress, CCountry, CEmployeePastExperience, CWorkRole, CCity, CState, CBanks, CEmployeeBank, CEmployeeDocuments, CEmployeeContact, CContactType, CEmployeeDependent, CDependantRelation]
[2026-02-10 09:31:36] DEBUG: Schema\Builder: Entity Attachment
[2026-02-10 09:31:36] DEBUG: Schema\Builder: Entity AuthenticationProvider
[2026-02-10 09:31:36] DEBUG: Schema\Builder: Entity DashboardTemplate
[2026-02-10 09:31:36] DEBUG: Schema\Builder: Entity Email
[2026-02-10 09:31:36] DEBUG: Schema\Builder: Entity EmailAccount
[2026-02-10 09:31:36] DEBUG: Schema\Builder: Entity EmailAddress
[2026-02-10 09:31:36] DEBUG: Schema\Builder: Entity EmailFilter
[2026-02-10 09:31:36] DEBUG: Schema\Builder: Entity EmailFolder
[2026-02-10 09:31:36] DEBUG: Schema\Builder: Entity EmailTemplate
[2026-02-10 09:31:36] DEBUG: Schema\Builder: Entity EmailTemplateCategory
[2026-02-10 09:31:36] DEBUG: Schema\Builder: Entity GroupEmailFolder
[2026-02-10 09:31:36] DEBUG: Schema\Builder: Entity InboundEmail
[2026-02-10 09:31:36] DEBUG: Schema\Builder: Entity LayoutRecord
[2026-02-10 09:31:36] DEBUG: Schema\Builder: Entity LayoutSet
[2026-02-10 09:31:36] DEBUG: Schema\Builder: Entity Note
[2026-02-10 09:31:36] DEBUG: Schema\Builder: Entity PhoneNumber
[2026-02-10 09:31:36] DEBUG: Schema\Builder: Entity Portal
[2026-02-10 09:31:36] DEBUG: Schema\Builder: Entity PortalRole
[2026-02-10 09:31:36] DEBUG: Schema\Builder: Entity Role
[2026-02-10 09:31:36] DEBUG: Schema\Builder: Entity Team
[2026-02-10 09:31:36] DEBUG: Schema\Builder: Entity Template
[2026-02-10 09:31:36] DEBUG: Schema\Builder: Entity User
[2026-02-10 09:31:36] DEBUG: Schema\Builder: Entity UserData
[2026-02-10 09:31:36] DEBUG: Schema\Builder: Entity WorkingTimeCalendar
[2026-02-10 09:31:36] DEBUG: Schema\Builder: Entity WorkingTimeRange
[2026-02-10 09:31:36] DEBUG: Schema\Builder: Entity Account
[2026-02-10 09:31:36] DEBUG: Schema\Builder: Entity Call
[2026-02-10 09:31:36] DEBUG: Schema\Builder: Entity Campaign
[2026-02-10 09:31:36] DEBUG: Schema\Builder: Entity CampaignLogRecord
[2026-02-10 09:31:36] DEBUG: Schema\Builder: Entity CampaignTrackingUrl
[2026-02-10 09:31:36] DEBUG: Schema\Builder: Entity Case
[2026-02-10 09:31:36] DEBUG: Schema\Builder: Entity Contact
[2026-02-10 09:31:36] DEBUG: Schema\Builder: Entity Document
[2026-02-10 09:31:36] DEBUG: Schema\Builder: Entity DocumentFolder
[2026-02-10 09:31:36] DEBUG: Schema\Builder: Entity EmailQueueItem
[2026-02-10 09:31:36] DEBUG: Schema\Builder: Entity KnowledgeBaseArticle
[2026-02-10 09:31:36] DEBUG: Schema\Builder: Entity KnowledgeBaseCategory
[2026-02-10 09:31:36] DEBUG: Schema\Builder: Entity Lead
[2026-02-10 09:31:36] DEBUG: Schema\Builder: Entity MassEmail
[2026-02-10 09:31:36] DEBUG: Schema\Builder: Entity Meeting
[2026-02-10 09:31:36] DEBUG: Schema\Builder: Entity Opportunity
[2026-02-10 09:31:36] DEBUG: Schema\Builder: Entity TargetList
[2026-02-10 09:31:36] DEBUG: Schema\Builder: Entity TargetListCategory
[2026-02-10 09:31:36] DEBUG: Schema\Builder: Entity Task
[2026-02-10 09:31:36] DEBUG: Schema\Builder: Entity CADHAR
[2026-02-10 09:31:36] DEBUG: Schema\Builder: Entity CBanks
[2026-02-10 09:31:36] DEBUG: Schema\Builder: Entity CCity
[2026-02-10 09:31:36] DEBUG: Schema\Builder: Entity CContactType
[2026-02-10 09:31:36] DEBUG: Schema\Builder: Entity CCountry
[2026-02-10 09:31:36] DEBUG: Schema\Builder: Entity CDepartment
[2026-02-10 09:31:36] DEBUG: Schema\Builder: Entity CDependantRelation
[2026-02-10 09:31:36] DEBUG: Schema\Builder: Entity CDrivingLicense
[2026-02-10 09:31:36] DEBUG: Schema\Builder: Entity CEmployee
[2026-02-10 09:31:36] DEBUG: Schema\Builder: Entity CEmployeeAddress
[2026-02-10 09:31:36] DEBUG: Schema\Builder: Entity CEmployeeBank
[2026-02-10 09:31:36] DEBUG: Schema\Builder: Entity CEmployeeContact
[2026-02-10 09:31:36] DEBUG: Schema\Builder: Entity CEmployeeDependent
[2026-02-10 09:31:36] DEBUG: Schema\Builder: Entity CEmployeeDocuments
[2026-02-10 09:31:36] DEBUG: Schema\Builder: Entity CEmployeePastExperience
[2026-02-10 09:31:36] DEBUG: Schema\Builder: Entity CPanCard
[2026-02-10 09:31:36] DEBUG: Schema\Builder: Entity CState
[2026-02-10 09:31:36] DEBUG: Schema\Builder: Entity CVoterIdCard
[2026-02-10 09:31:36] DEBUG: Schema\Builder: Entity CWorkRole
[2026-02-10 09:31:36] DEBUG: Schema\Builder: ManyMany for Email.emailAccounts
[2026-02-10 09:31:36] DEBUG: Schema\Builder: ManyMany for Email.inboundEmails
[2026-02-10 09:31:36] DEBUG: Schema\Builder: ManyMany for Email.replyToEmailAddresses
[2026-02-10 09:31:36] DEBUG: Schema\Builder: ManyMany for Email.users
[2026-02-10 09:31:36] DEBUG: Schema\Builder: ManyMany for Email.assignedUsers
[2026-02-10 09:31:36] DEBUG: Schema\Builder: ManyMany for Email.teams
[2026-02-10 09:31:36] DEBUG: Schema\Builder: ManyMany for GroupEmailFolder.teams
[2026-02-10 09:31:36] DEBUG: Schema\Builder: ManyMany for InboundEmail.teams
[2026-02-10 09:31:36] DEBUG: Schema\Builder: ManyMany for Note.users
[2026-02-10 09:31:36] DEBUG: Schema\Builder: ManyMany for Note.portals
[2026-02-10 09:31:36] DEBUG: Schema\Builder: ManyMany for Note.teams
[2026-02-10 09:31:36] DEBUG: Schema\Builder: ManyMany for Portal.articles
[2026-02-10 09:31:36] DEBUG: Schema\Builder: ManyMany for Portal.portalRoles
[2026-02-10 09:31:36] DEBUG: Schema\Builder: ManyMany for Portal.users
[2026-02-10 09:31:36] DEBUG: Schema\Builder: ManyMany for PortalRole.users
[2026-02-10 09:31:36] DEBUG: Schema\Builder: ManyMany for Role.teams
[2026-02-10 09:31:36] DEBUG: Schema\Builder: ManyMany for Role.users
[2026-02-10 09:31:36] DEBUG: Schema\Builder: ManyMany for Team.users
[2026-02-10 09:31:36] DEBUG: Schema\Builder: ManyMany for User.emailAddresses
[2026-02-10 09:31:36] DEBUG: Schema\Builder: ManyMany for User.phoneNumbers
[2026-02-10 09:31:36] DEBUG: Schema\Builder: ManyMany for User.targetLists
[2026-02-10 09:31:36] DEBUG: Schema\Builder: ManyMany for User.accounts
[2026-02-10 09:31:36] DEBUG: Schema\Builder: ManyMany for User.calls
[2026-02-10 09:31:36] DEBUG: Schema\Builder: ManyMany for User.meetings
[2026-02-10 09:31:36] DEBUG: Schema\Builder: ManyMany for User.workingTimeRanges
[2026-02-10 09:31:36] DEBUG: Schema\Builder: ManyMany for WorkingTimeCalendar.ranges
[2026-02-10 09:31:36] DEBUG: Schema\Builder: ManyMany for Account.portalUsers
[2026-02-10 09:31:36] DEBUG: Schema\Builder: Table [account_portal_user] exists.
[2026-02-10 09:31:36] DEBUG: Schema\Builder: ManyMany for Account.targetLists
[2026-02-10 09:31:36] DEBUG: Schema\Builder: ManyMany for Account.documents
[2026-02-10 09:31:36] DEBUG: Schema\Builder: ManyMany for Account.contacts
[2026-02-10 09:31:36] DEBUG: Schema\Builder: ManyMany for Call.leads
[2026-02-10 09:31:36] DEBUG: Schema\Builder: ManyMany for Call.contacts
[2026-02-10 09:31:36] DEBUG: Schema\Builder: ManyMany for Campaign.excludingTargetLists
[2026-02-10 09:31:36] DEBUG: Schema\Builder: ManyMany for Campaign.targetLists
[2026-02-10 09:31:36] DEBUG: Schema\Builder: ManyMany for Case.articles
[2026-02-10 09:31:36] DEBUG: Schema\Builder: ManyMany for Case.contacts
[2026-02-10 09:31:36] DEBUG: Schema\Builder: ManyMany for Contact.documents
[2026-02-10 09:31:36] DEBUG: Schema\Builder: ManyMany for Contact.targetLists
[2026-02-10 09:31:36] DEBUG: Schema\Builder: ManyMany for Contact.meetings
[2026-02-10 09:31:36] DEBUG: Schema\Builder: ManyMany for Contact.opportunities
[2026-02-10 09:31:36] DEBUG: Schema\Builder: ManyMany for Document.leads
[2026-02-10 09:31:36] DEBUG: Schema\Builder: ManyMany for Document.opportunities
[2026-02-10 09:31:36] DEBUG: Schema\Builder: ManyMany for KnowledgeBaseArticle.categories
[2026-02-10 09:31:36] DEBUG: Schema\Builder: ManyMany for Lead.targetLists
[2026-02-10 09:31:36] DEBUG: Schema\Builder: ManyMany for Lead.meetings
[2026-02-10 09:31:36] DEBUG: Schema\Builder: ManyMany for MassEmail.excludingTargetLists
[2026-02-10 09:31:36] DEBUG: Schema\Builder: ManyMany for MassEmail.targetLists
[2026-02-10 09:31:36] DEBUG: Schema\Builder - End
[2026-02-10 09:34:00] DEBUG: Schema\Builder - Start
[2026-02-10 09:34:00] DEBUG: Schema\Builder: Rebuild for entity types: [CEmployee] with dependent entity types: [CEmployee, Attachment, User, EmailAddress, PhoneNumber, TargetList, Lead, Document, DocumentFolder, Team, GroupEmailFolder, Email, Task, Contact, CampaignLogRecord, EmailQueueItem, MassEmail, InboundEmail, EmailFilter, EmailFolder, EmailTemplate, EmailTemplateCategory, Campaign, Template, CampaignTrackingUrl, Opportunity, Call, Account, Meeting, Case, KnowledgeBaseArticle, KnowledgeBaseCategory, Portal, AuthenticationProvider, LayoutSet, LayoutRecord, Note, PortalRole, EmailAccount, WorkingTimeCalendar, WorkingTimeRange, Role, TargetListCategory, UserData, DashboardTemplate, CPanCard, CVoterIdCard, CDrivingLicense, CADHAR, CDepartment, CEmployeeAddress, CCountry, CEmployeePastExperience, CWorkRole, CCity, CState, CBanks, CEmployeeBank, CEmployeeDocuments, CEmployeeContact, CContactType, CEmployeeDependent, CDependantRelation]
[2026-02-10 09:34:00] DEBUG: Schema\Builder: Entity Attachment
[2026-02-10 09:34:00] DEBUG: Schema\Builder: Entity AuthenticationProvider
[2026-02-10 09:34:00] DEBUG: Schema\Builder: Entity DashboardTemplate
[2026-02-10 09:34:00] DEBUG: Schema\Builder: Entity Email
[2026-02-10 09:34:00] DEBUG: Schema\Builder: Entity EmailAccount
[2026-02-10 09:34:00] DEBUG: Schema\Builder: Entity EmailAddress
[2026-02-10 09:34:00] DEBUG: Schema\Builder: Entity EmailFilter
[2026-02-10 09:34:00] DEBUG: Schema\Builder: Entity EmailFolder
[2026-02-10 09:34:00] DEBUG: Schema\Builder: Entity EmailTemplate
[2026-02-10 09:34:00] DEBUG: Schema\Builder: Entity EmailTemplateCategory
[2026-02-10 09:34:00] DEBUG: Schema\Builder: Entity GroupEmailFolder
[2026-02-10 09:34:00] DEBUG: Schema\Builder: Entity InboundEmail
[2026-02-10 09:34:00] DEBUG: Schema\Builder: Entity LayoutRecord
[2026-02-10 09:34:00] DEBUG: Schema\Builder: Entity LayoutSet
[2026-02-10 09:34:00] DEBUG: Schema\Builder: Entity Note
[2026-02-10 09:34:00] DEBUG: Schema\Builder: Entity PhoneNumber
[2026-02-10 09:34:00] DEBUG: Schema\Builder: Entity Portal
[2026-02-10 09:34:00] DEBUG: Schema\Builder: Entity PortalRole
[2026-02-10 09:34:00] DEBUG: Schema\Builder: Entity Role
[2026-02-10 09:34:00] DEBUG: Schema\Builder: Entity Team
[2026-02-10 09:34:00] DEBUG: Schema\Builder: Entity Template
[2026-02-10 09:34:00] DEBUG: Schema\Builder: Entity User
[2026-02-10 09:34:00] DEBUG: Schema\Builder: Entity UserData
[2026-02-10 09:34:00] DEBUG: Schema\Builder: Entity WorkingTimeCalendar
[2026-02-10 09:34:00] DEBUG: Schema\Builder: Entity WorkingTimeRange
[2026-02-10 09:34:00] DEBUG: Schema\Builder: Entity Account
[2026-02-10 09:34:00] DEBUG: Schema\Builder: Entity Call
[2026-02-10 09:34:00] DEBUG: Schema\Builder: Entity Campaign
[2026-02-10 09:34:00] DEBUG: Schema\Builder: Entity CampaignLogRecord
[2026-02-10 09:34:00] DEBUG: Schema\Builder: Entity CampaignTrackingUrl
[2026-02-10 09:34:00] DEBUG: Schema\Builder: Entity Case
[2026-02-10 09:34:00] DEBUG: Schema\Builder: Entity Contact
[2026-02-10 09:34:00] DEBUG: Schema\Builder: Entity Document
[2026-02-10 09:34:00] DEBUG: Schema\Builder: Entity DocumentFolder
[2026-02-10 09:34:00] DEBUG: Schema\Builder: Entity EmailQueueItem
[2026-02-10 09:34:00] DEBUG: Schema\Builder: Entity KnowledgeBaseArticle
[2026-02-10 09:34:00] DEBUG: Schema\Builder: Entity KnowledgeBaseCategory
[2026-02-10 09:34:00] DEBUG: Schema\Builder: Entity Lead
[2026-02-10 09:34:00] DEBUG: Schema\Builder: Entity MassEmail
[2026-02-10 09:34:00] DEBUG: Schema\Builder: Entity Meeting
[2026-02-10 09:34:00] DEBUG: Schema\Builder: Entity Opportunity
[2026-02-10 09:34:00] DEBUG: Schema\Builder: Entity TargetList
[2026-02-10 09:34:00] DEBUG: Schema\Builder: Entity TargetListCategory
[2026-02-10 09:34:00] DEBUG: Schema\Builder: Entity Task
[2026-02-10 09:34:00] DEBUG: Schema\Builder: Entity CADHAR
[2026-02-10 09:34:00] DEBUG: Schema\Builder: Entity CBanks
[2026-02-10 09:34:00] DEBUG: Schema\Builder: Entity CCity
[2026-02-10 09:34:00] DEBUG: Schema\Builder: Entity CContactType
[2026-02-10 09:34:00] DEBUG: Schema\Builder: Entity CCountry
[2026-02-10 09:34:00] DEBUG: Schema\Builder: Entity CDepartment
[2026-02-10 09:34:00] DEBUG: Schema\Builder: Entity CDependantRelation
[2026-02-10 09:34:00] DEBUG: Schema\Builder: Entity CDrivingLicense
[2026-02-10 09:34:00] DEBUG: Schema\Builder: Entity CEmployee
[2026-02-10 09:34:00] DEBUG: Schema\Builder: Entity CEmployeeAddress
[2026-02-10 09:34:00] DEBUG: Schema\Builder: Entity CEmployeeBank
[2026-02-10 09:34:00] DEBUG: Schema\Builder: Entity CEmployeeContact
[2026-02-10 09:34:00] DEBUG: Schema\Builder: Entity CEmployeeDependent
[2026-02-10 09:34:00] DEBUG: Schema\Builder: Entity CEmployeeDocuments
[2026-02-10 09:34:00] DEBUG: Schema\Builder: Entity CEmployeePastExperience
[2026-02-10 09:34:00] DEBUG: Schema\Builder: Entity CPanCard
[2026-02-10 09:34:00] DEBUG: Schema\Builder: Entity CState
[2026-02-10 09:34:00] DEBUG: Schema\Builder: Entity CVoterIdCard
[2026-02-10 09:34:00] DEBUG: Schema\Builder: Entity CWorkRole
[2026-02-10 09:34:00] DEBUG: Schema\Builder: ManyMany for Email.emailAccounts
[2026-02-10 09:34:00] DEBUG: Schema\Builder: ManyMany for Email.inboundEmails
[2026-02-10 09:34:00] DEBUG: Schema\Builder: ManyMany for Email.replyToEmailAddresses
[2026-02-10 09:34:00] DEBUG: Schema\Builder: ManyMany for Email.users
[2026-02-10 09:34:00] DEBUG: Schema\Builder: ManyMany for Email.assignedUsers
[2026-02-10 09:34:00] DEBUG: Schema\Builder: ManyMany for Email.teams
[2026-02-10 09:34:00] DEBUG: Schema\Builder: ManyMany for GroupEmailFolder.teams
[2026-02-10 09:34:00] DEBUG: Schema\Builder: ManyMany for InboundEmail.teams
[2026-02-10 09:34:00] DEBUG: Schema\Builder: ManyMany for Note.users
[2026-02-10 09:34:00] DEBUG: Schema\Builder: ManyMany for Note.portals
[2026-02-10 09:34:00] DEBUG: Schema\Builder: ManyMany for Note.teams
[2026-02-10 09:34:00] DEBUG: Schema\Builder: ManyMany for Portal.articles
[2026-02-10 09:34:00] DEBUG: Schema\Builder: ManyMany for Portal.portalRoles
[2026-02-10 09:34:00] DEBUG: Schema\Builder: ManyMany for Portal.users
[2026-02-10 09:34:00] DEBUG: Schema\Builder: ManyMany for PortalRole.users
[2026-02-10 09:34:00] DEBUG: Schema\Builder: ManyMany for Role.teams
[2026-02-10 09:34:00] DEBUG: Schema\Builder: ManyMany for Role.users
[2026-02-10 09:34:00] DEBUG: Schema\Builder: ManyMany for Team.users
[2026-02-10 09:34:00] DEBUG: Schema\Builder: ManyMany for User.emailAddresses
[2026-02-10 09:34:00] DEBUG: Schema\Builder: ManyMany for User.phoneNumbers
[2026-02-10 09:34:00] DEBUG: Schema\Builder: ManyMany for User.targetLists
[2026-02-10 09:34:00] DEBUG: Schema\Builder: ManyMany for User.accounts
[2026-02-10 09:34:00] DEBUG: Schema\Builder: ManyMany for User.calls
[2026-02-10 09:34:00] DEBUG: Schema\Builder: ManyMany for User.meetings
[2026-02-10 09:34:00] DEBUG: Schema\Builder: ManyMany for User.workingTimeRanges
[2026-02-10 09:34:00] DEBUG: Schema\Builder: ManyMany for WorkingTimeCalendar.ranges
[2026-02-10 09:34:00] DEBUG: Schema\Builder: ManyMany for Account.portalUsers
[2026-02-10 09:34:00] DEBUG: Schema\Builder: Table [account_portal_user] exists.
[2026-02-10 09:34:00] DEBUG: Schema\Builder: ManyMany for Account.targetLists
[2026-02-10 09:34:00] DEBUG: Schema\Builder: ManyMany for Account.documents
[2026-02-10 09:34:00] DEBUG: Schema\Builder: ManyMany for Account.contacts
[2026-02-10 09:34:00] DEBUG: Schema\Builder: ManyMany for Call.leads
[2026-02-10 09:34:00] DEBUG: Schema\Builder: ManyMany for Call.contacts
[2026-02-10 09:34:00] DEBUG: Schema\Builder: ManyMany for Campaign.excludingTargetLists
[2026-02-10 09:34:00] DEBUG: Schema\Builder: ManyMany for Campaign.targetLists
[2026-02-10 09:34:00] DEBUG: Schema\Builder: ManyMany for Case.articles
[2026-02-10 09:34:00] DEBUG: Schema\Builder: ManyMany for Case.contacts
[2026-02-10 09:34:00] DEBUG: Schema\Builder: ManyMany for Contact.documents
[2026-02-10 09:34:00] DEBUG: Schema\Builder: ManyMany for Contact.targetLists
[2026-02-10 09:34:00] DEBUG: Schema\Builder: ManyMany for Contact.meetings
[2026-02-10 09:34:00] DEBUG: Schema\Builder: ManyMany for Contact.opportunities
[2026-02-10 09:34:00] DEBUG: Schema\Builder: ManyMany for Document.leads
[2026-02-10 09:34:00] DEBUG: Schema\Builder: ManyMany for Document.opportunities
[2026-02-10 09:34:00] DEBUG: Schema\Builder: ManyMany for KnowledgeBaseArticle.categories
[2026-02-10 09:34:00] DEBUG: Schema\Builder: ManyMany for Lead.targetLists
[2026-02-10 09:34:00] DEBUG: Schema\Builder: ManyMany for Lead.meetings
[2026-02-10 09:34:00] DEBUG: Schema\Builder: ManyMany for MassEmail.excludingTargetLists
[2026-02-10 09:34:00] DEBUG: Schema\Builder: ManyMany for MassEmail.targetLists
[2026-02-10 09:34:00] DEBUG: Schema\Builder - End
[2026-02-10 09:43:46] DEBUG: Schema\Builder - Start
[2026-02-10 09:43:46] DEBUG: Schema\Builder: Entity ActionHistoryRecord
[2026-02-10 09:43:46] DEBUG: Schema\Builder: Entity AddressCountry
[2026-02-10 09:43:46] DEBUG: Schema\Builder: Entity AppLogRecord
[2026-02-10 09:43:46] DEBUG: Schema\Builder: Entity AppSecret
[2026-02-10 09:43:46] DEBUG: Schema\Builder: Entity ArrayValue
[2026-02-10 09:43:46] DEBUG: Schema\Builder: Entity Attachment
[2026-02-10 09:43:46] DEBUG: Schema\Builder: Entity AuthLogRecord
[2026-02-10 09:43:46] DEBUG: Schema\Builder: Entity AuthToken
[2026-02-10 09:43:46] DEBUG: Schema\Builder: Entity AuthenticationProvider
[2026-02-10 09:43:46] DEBUG: Schema\Builder: Entity Autofollow
[2026-02-10 09:43:46] DEBUG: Schema\Builder: Entity Currency
[2026-02-10 09:43:46] DEBUG: Schema\Builder: Entity DashboardTemplate
[2026-02-10 09:43:46] DEBUG: Schema\Builder: Entity Email
[2026-02-10 09:43:46] DEBUG: Schema\Builder: Entity EmailAccount
[2026-02-10 09:43:46] DEBUG: Schema\Builder: Entity EmailAddress
[2026-02-10 09:43:46] DEBUG: Schema\Builder: Entity EmailFilter
[2026-02-10 09:43:46] DEBUG: Schema\Builder: Entity EmailFolder
[2026-02-10 09:43:46] DEBUG: Schema\Builder: Entity EmailTemplate
[2026-02-10 09:43:46] DEBUG: Schema\Builder: Entity EmailTemplateCategory
[2026-02-10 09:43:46] DEBUG: Schema\Builder: Entity Export
[2026-02-10 09:43:46] DEBUG: Schema\Builder: Entity Extension
[2026-02-10 09:43:46] DEBUG: Schema\Builder: Entity ExternalAccount
[2026-02-10 09:43:46] DEBUG: Schema\Builder: Entity GroupEmailFolder
[2026-02-10 09:43:46] DEBUG: Schema\Builder: Entity Import
[2026-02-10 09:43:46] DEBUG: Schema\Builder: Entity ImportEntity
[2026-02-10 09:43:46] DEBUG: Schema\Builder: Entity ImportError
[2026-02-10 09:43:46] DEBUG: Schema\Builder: Entity InboundEmail
[2026-02-10 09:43:46] DEBUG: Schema\Builder: Entity Integration
[2026-02-10 09:43:46] DEBUG: Schema\Builder: Entity Job
[2026-02-10 09:43:46] DEBUG: Schema\Builder: Entity KanbanOrder
[2026-02-10 09:43:46] DEBUG: Schema\Builder: Entity LayoutRecord
[2026-02-10 09:43:46] DEBUG: Schema\Builder: Entity LayoutSet
[2026-02-10 09:43:46] DEBUG: Schema\Builder: Entity LeadCapture
[2026-02-10 09:43:46] DEBUG: Schema\Builder: Entity LeadCaptureLogRecord
[2026-02-10 09:43:46] DEBUG: Schema\Builder: Entity MassAction
[2026-02-10 09:43:46] DEBUG: Schema\Builder: Entity NextNumber
[2026-02-10 09:43:46] DEBUG: Schema\Builder: Entity Note
[2026-02-10 09:43:46] DEBUG: Schema\Builder: Entity Notification
[2026-02-10 09:43:46] DEBUG: Schema\Builder: Entity OAuthAccount
[2026-02-10 09:43:46] DEBUG: Schema\Builder: Entity OAuthProvider
[2026-02-10 09:43:46] DEBUG: Schema\Builder: Entity PasswordChangeRequest
[2026-02-10 09:43:46] DEBUG: Schema\Builder: Entity PhoneNumber
[2026-02-10 09:43:46] DEBUG: Schema\Builder: Entity Portal
[2026-02-10 09:43:46] DEBUG: Schema\Builder: Entity PortalRole
[2026-02-10 09:43:46] DEBUG: Schema\Builder: Entity Preferences
[2026-02-10 09:43:46] DEBUG: Schema\Builder: Entity Role
[2026-02-10 09:43:46] DEBUG: Schema\Builder: Entity ScheduledJob
[2026-02-10 09:43:46] DEBUG: Schema\Builder: Entity ScheduledJobLogRecord
[2026-02-10 09:43:46] DEBUG: Schema\Builder: Entity Sms
[2026-02-10 09:43:46] DEBUG: Schema\Builder: Entity StarSubscription
[2026-02-10 09:43:46] DEBUG: Schema\Builder: Entity StreamSubscription
[2026-02-10 09:43:46] DEBUG: Schema\Builder: Entity SystemData
[2026-02-10 09:43:46] DEBUG: Schema\Builder: Entity Team
[2026-02-10 09:43:46] DEBUG: Schema\Builder: Entity Template
[2026-02-10 09:43:46] DEBUG: Schema\Builder: Entity TwoFactorCode
[2026-02-10 09:43:46] DEBUG: Schema\Builder: Entity UniqueId
[2026-02-10 09:43:46] DEBUG: Schema\Builder: Entity User
[2026-02-10 09:43:46] DEBUG: Schema\Builder: Entity UserData
[2026-02-10 09:43:47] DEBUG: Schema\Builder: Entity UserReaction
[2026-02-10 09:43:47] DEBUG: Schema\Builder: Entity Webhook
[2026-02-10 09:43:47] DEBUG: Schema\Builder: Entity WebhookEventQueueItem
[2026-02-10 09:43:47] DEBUG: Schema\Builder: Entity WebhookQueueItem
[2026-02-10 09:43:47] DEBUG: Schema\Builder: Entity WorkingTimeCalendar
[2026-02-10 09:43:47] DEBUG: Schema\Builder: Entity WorkingTimeRange
[2026-02-10 09:43:47] DEBUG: Schema\Builder: Entity Account
[2026-02-10 09:43:47] DEBUG: Schema\Builder: Entity Call
[2026-02-10 09:43:47] DEBUG: Schema\Builder: Entity Campaign
[2026-02-10 09:43:47] DEBUG: Schema\Builder: Entity CampaignLogRecord
[2026-02-10 09:43:47] DEBUG: Schema\Builder: Entity CampaignTrackingUrl
[2026-02-10 09:43:47] DEBUG: Schema\Builder: Entity Case
[2026-02-10 09:43:47] DEBUG: Schema\Builder: Entity Contact
[2026-02-10 09:43:47] DEBUG: Schema\Builder: Entity Document
[2026-02-10 09:43:47] DEBUG: Schema\Builder: Entity DocumentFolder
[2026-02-10 09:43:47] DEBUG: Schema\Builder: Entity EmailQueueItem
[2026-02-10 09:43:47] DEBUG: Schema\Builder: Entity KnowledgeBaseArticle
[2026-02-10 09:43:47] DEBUG: Schema\Builder: Entity KnowledgeBaseCategory
[2026-02-10 09:43:47] DEBUG: Schema\Builder: Entity Lead
[2026-02-10 09:43:47] DEBUG: Schema\Builder: Entity MassEmail
[2026-02-10 09:43:47] DEBUG: Schema\Builder: Entity Meeting
[2026-02-10 09:43:47] DEBUG: Schema\Builder: Entity Opportunity
[2026-02-10 09:43:47] DEBUG: Schema\Builder: Entity Reminder
[2026-02-10 09:43:47] DEBUG: Schema\Builder: Entity Target
[2026-02-10 09:43:47] DEBUG: Schema\Builder: Entity TargetList
[2026-02-10 09:43:47] DEBUG: Schema\Builder: Entity TargetListCategory
[2026-02-10 09:43:47] DEBUG: Schema\Builder: Entity Task
[2026-02-10 09:43:47] DEBUG: Schema\Builder: Entity CADHAR
[2026-02-10 09:43:47] DEBUG: Schema\Builder: Entity CBanks
[2026-02-10 09:43:47] DEBUG: Schema\Builder: Entity CCity
[2026-02-10 09:43:47] DEBUG: Schema\Builder: Entity CContactType
[2026-02-10 09:43:47] DEBUG: Schema\Builder: Entity CCountry
[2026-02-10 09:43:47] DEBUG: Schema\Builder: Entity CDepartment
[2026-02-10 09:43:47] DEBUG: Schema\Builder: Entity CDependantRelation
[2026-02-10 09:43:47] DEBUG: Schema\Builder: Entity CDocumentType
[2026-02-10 09:43:47] DEBUG: Schema\Builder: Entity CDrivingLicense
[2026-02-10 09:43:47] DEBUG: Schema\Builder: Entity CEmployee
[2026-02-10 09:43:47] DEBUG: Schema\Builder: Entity CEmployeeAddress
[2026-02-10 09:43:47] DEBUG: Schema\Builder: Entity CEmployeeBank
[2026-02-10 09:43:47] DEBUG: Schema\Builder: Entity CEmployeeContact
[2026-02-10 09:43:47] DEBUG: Schema\Builder: Entity CEmployeeDependent
[2026-02-10 09:43:47] DEBUG: Schema\Builder: Entity CEmployeeDocuments
[2026-02-10 09:43:47] DEBUG: Schema\Builder: Entity CEmployeePastExperience
[2026-02-10 09:43:47] DEBUG: Schema\Builder: Entity CPanCard
[2026-02-10 09:43:47] DEBUG: Schema\Builder: Entity CPassport
[2026-02-10 09:43:47] DEBUG: Schema\Builder: Entity CState
[2026-02-10 09:43:47] DEBUG: Schema\Builder: Entity CVoterIdCard
[2026-02-10 09:43:47] DEBUG: Schema\Builder: Entity CWorkRole
[2026-02-10 09:43:47] DEBUG: Schema\Builder: Entity EmailTemplateCategoryPath
[2026-02-10 09:43:47] DEBUG: Schema\Builder: Entity DocumentFolderPath
[2026-02-10 09:43:47] DEBUG: Schema\Builder: Entity KnowledgeBaseCategoryPath
[2026-02-10 09:43:47] DEBUG: Schema\Builder: Entity TargetListCategoryPath
[2026-02-10 09:43:47] DEBUG: Schema\Builder: ManyMany for Email.emailAccounts
[2026-02-10 09:43:47] DEBUG: Schema\Builder: ManyMany for Email.inboundEmails
[2026-02-10 09:43:47] DEBUG: Schema\Builder: ManyMany for Email.replyToEmailAddresses
[2026-02-10 09:43:47] DEBUG: Schema\Builder: ManyMany for Email.users
[2026-02-10 09:43:47] DEBUG: Schema\Builder: ManyMany for Email.assignedUsers
[2026-02-10 09:43:47] DEBUG: Schema\Builder: ManyMany for Email.teams
[2026-02-10 09:43:47] DEBUG: Schema\Builder: ManyMany for GroupEmailFolder.teams
[2026-02-10 09:43:47] DEBUG: Schema\Builder: ManyMany for InboundEmail.teams
[2026-02-10 09:43:47] DEBUG: Schema\Builder: ManyMany for Note.users
[2026-02-10 09:43:47] DEBUG: Schema\Builder: ManyMany for Note.portals
[2026-02-10 09:43:47] DEBUG: Schema\Builder: ManyMany for Note.teams
[2026-02-10 09:43:47] DEBUG: Schema\Builder: ManyMany for Portal.articles
[2026-02-10 09:43:47] DEBUG: Schema\Builder: ManyMany for Portal.portalRoles
[2026-02-10 09:43:47] DEBUG: Schema\Builder: ManyMany for Portal.users
[2026-02-10 09:43:47] DEBUG: Schema\Builder: ManyMany for PortalRole.users
[2026-02-10 09:43:47] DEBUG: Schema\Builder: ManyMany for Role.teams
[2026-02-10 09:43:47] DEBUG: Schema\Builder: ManyMany for Role.users
[2026-02-10 09:43:47] DEBUG: Schema\Builder: ManyMany for Sms.toPhoneNumbers
[2026-02-10 09:43:47] DEBUG: Schema\Builder: ManyMany for Team.users
[2026-02-10 09:43:47] DEBUG: Schema\Builder: ManyMany for User.emailAddresses
[2026-02-10 09:43:47] DEBUG: Schema\Builder: ManyMany for User.phoneNumbers
[2026-02-10 09:43:47] DEBUG: Schema\Builder: ManyMany for User.targetLists
[2026-02-10 09:43:47] DEBUG: Schema\Builder: ManyMany for User.accounts
[2026-02-10 09:43:47] DEBUG: Schema\Builder: ManyMany for User.calls
[2026-02-10 09:43:47] DEBUG: Schema\Builder: ManyMany for User.meetings
[2026-02-10 09:43:47] DEBUG: Schema\Builder: ManyMany for User.workingTimeRanges
[2026-02-10 09:43:47] DEBUG: Schema\Builder: ManyMany for WorkingTimeCalendar.ranges
[2026-02-10 09:43:47] DEBUG: Schema\Builder: ManyMany for Account.portalUsers
[2026-02-10 09:43:47] DEBUG: Schema\Builder: Table [account_portal_user] exists.
[2026-02-10 09:43:47] DEBUG: Schema\Builder: ManyMany for Account.targetLists
[2026-02-10 09:43:47] DEBUG: Schema\Builder: ManyMany for Account.documents
[2026-02-10 09:43:47] DEBUG: Schema\Builder: ManyMany for Account.contacts
[2026-02-10 09:43:47] DEBUG: Schema\Builder: ManyMany for Call.leads
[2026-02-10 09:43:47] DEBUG: Schema\Builder: ManyMany for Call.contacts
[2026-02-10 09:43:47] DEBUG: Schema\Builder: ManyMany for Campaign.excludingTargetLists
[2026-02-10 09:43:47] DEBUG: Schema\Builder: ManyMany for Campaign.targetLists
[2026-02-10 09:43:47] DEBUG: Schema\Builder: ManyMany for Case.articles
[2026-02-10 09:43:47] DEBUG: Schema\Builder: ManyMany for Case.contacts
[2026-02-10 09:43:47] DEBUG: Schema\Builder: ManyMany for Contact.documents
[2026-02-10 09:43:47] DEBUG: Schema\Builder: ManyMany for Contact.targetLists
[2026-02-10 09:43:47] DEBUG: Schema\Builder: ManyMany for Contact.meetings
[2026-02-10 09:43:47] DEBUG: Schema\Builder: ManyMany for Contact.opportunities
[2026-02-10 09:43:47] DEBUG: Schema\Builder: ManyMany for Document.leads
[2026-02-10 09:43:47] DEBUG: Schema\Builder: ManyMany for Document.opportunities
[2026-02-10 09:43:47] DEBUG: Schema\Builder: ManyMany for KnowledgeBaseArticle.categories
[2026-02-10 09:43:47] DEBUG: Schema\Builder: ManyMany for Lead.targetLists
[2026-02-10 09:43:47] DEBUG: Schema\Builder: ManyMany for Lead.meetings
[2026-02-10 09:43:47] DEBUG: Schema\Builder: ManyMany for MassEmail.excludingTargetLists
[2026-02-10 09:43:47] DEBUG: Schema\Builder: ManyMany for MassEmail.targetLists
[2026-02-10 09:43:47] DEBUG: Schema\Builder - End
[2026-02-10 09:43:47] INFO: Schema, query: ALTER TABLE c_passport ADD employee_id VARCHAR(17) CHARACTER SET utf8mb4 DEFAULT NULL COLLATE `utf8mb4_unicode_ci`
[2026-02-10 09:43:47] INFO: Schema, query: CREATE INDEX IDX_EMPLOYEE_ID ON c_passport (employee_id)
[2026-02-10 10:06:26] DEBUG: Schema\Builder - Start
[2026-02-10 10:06:26] DEBUG: Schema\Builder: Rebuild for entity types: [CEmployee] with dependent entity types: [CEmployee, Attachment, User, EmailAddress, PhoneNumber, TargetList, Lead, Document, DocumentFolder, Team, GroupEmailFolder, Email, Task, Contact, CampaignLogRecord, EmailQueueItem, MassEmail, InboundEmail, EmailFilter, EmailFolder, EmailTemplate, EmailTemplateCategory, Campaign, Template, CampaignTrackingUrl, Opportunity, Call, Account, Meeting, Case, KnowledgeBaseArticle, KnowledgeBaseCategory, Portal, AuthenticationProvider, LayoutSet, LayoutRecord, Note, PortalRole, EmailAccount, WorkingTimeCalendar, WorkingTimeRange, Role, TargetListCategory, UserData, DashboardTemplate, CPassport, CPanCard, CVoterIdCard, CDrivingLicense, CADHAR, CDepartment, CEmployeeAddress, CCountry, CEmployeePastExperience, CWorkRole, CCity, CState, CBanks, CEmployeeBank, CEmployeeDocuments, CEmployeeContact, CContactType, CEmployeeDependent, CDependantRelation]
[2026-02-10 10:06:26] DEBUG: Schema\Builder: Entity Attachment
[2026-02-10 10:06:26] DEBUG: Schema\Builder: Entity AuthenticationProvider
[2026-02-10 10:06:26] DEBUG: Schema\Builder: Entity DashboardTemplate
[2026-02-10 10:06:26] DEBUG: Schema\Builder: Entity Email
[2026-02-10 10:06:26] DEBUG: Schema\Builder: Entity EmailAccount
[2026-02-10 10:06:26] DEBUG: Schema\Builder: Entity EmailAddress
[2026-02-10 10:06:26] DEBUG: Schema\Builder: Entity EmailFilter
[2026-02-10 10:06:26] DEBUG: Schema\Builder: Entity EmailFolder
[2026-02-10 10:06:26] DEBUG: Schema\Builder: Entity EmailTemplate
[2026-02-10 10:06:26] DEBUG: Schema\Builder: Entity EmailTemplateCategory
[2026-02-10 10:06:26] DEBUG: Schema\Builder: Entity GroupEmailFolder
[2026-02-10 10:06:26] DEBUG: Schema\Builder: Entity InboundEmail
[2026-02-10 10:06:26] DEBUG: Schema\Builder: Entity LayoutRecord
[2026-02-10 10:06:26] DEBUG: Schema\Builder: Entity LayoutSet
[2026-02-10 10:06:26] DEBUG: Schema\Builder: Entity Note
[2026-02-10 10:06:26] DEBUG: Schema\Builder: Entity PhoneNumber
[2026-02-10 10:06:26] DEBUG: Schema\Builder: Entity Portal
[2026-02-10 10:06:26] DEBUG: Schema\Builder: Entity PortalRole
[2026-02-10 10:06:26] DEBUG: Schema\Builder: Entity Role
[2026-02-10 10:06:26] DEBUG: Schema\Builder: Entity Team
[2026-02-10 10:06:26] DEBUG: Schema\Builder: Entity Template
[2026-02-10 10:06:26] DEBUG: Schema\Builder: Entity User
[2026-02-10 10:06:26] DEBUG: Schema\Builder: Entity UserData
[2026-02-10 10:06:26] DEBUG: Schema\Builder: Entity WorkingTimeCalendar
[2026-02-10 10:06:26] DEBUG: Schema\Builder: Entity WorkingTimeRange
[2026-02-10 10:06:26] DEBUG: Schema\Builder: Entity Account
[2026-02-10 10:06:26] DEBUG: Schema\Builder: Entity Call
[2026-02-10 10:06:26] DEBUG: Schema\Builder: Entity Campaign
[2026-02-10 10:06:26] DEBUG: Schema\Builder: Entity CampaignLogRecord
[2026-02-10 10:06:26] DEBUG: Schema\Builder: Entity CampaignTrackingUrl
[2026-02-10 10:06:26] DEBUG: Schema\Builder: Entity Case
[2026-02-10 10:06:26] DEBUG: Schema\Builder: Entity Contact
[2026-02-10 10:06:26] DEBUG: Schema\Builder: Entity Document
[2026-02-10 10:06:26] DEBUG: Schema\Builder: Entity DocumentFolder
[2026-02-10 10:06:26] DEBUG: Schema\Builder: Entity EmailQueueItem
[2026-02-10 10:06:26] DEBUG: Schema\Builder: Entity KnowledgeBaseArticle
[2026-02-10 10:06:26] DEBUG: Schema\Builder: Entity KnowledgeBaseCategory
[2026-02-10 10:06:26] DEBUG: Schema\Builder: Entity Lead
[2026-02-10 10:06:26] DEBUG: Schema\Builder: Entity MassEmail
[2026-02-10 10:06:26] DEBUG: Schema\Builder: Entity Meeting
[2026-02-10 10:06:26] DEBUG: Schema\Builder: Entity Opportunity
[2026-02-10 10:06:26] DEBUG: Schema\Builder: Entity TargetList
[2026-02-10 10:06:26] DEBUG: Schema\Builder: Entity TargetListCategory
[2026-02-10 10:06:26] DEBUG: Schema\Builder: Entity Task
[2026-02-10 10:06:26] DEBUG: Schema\Builder: Entity CADHAR
[2026-02-10 10:06:26] DEBUG: Schema\Builder: Entity CBanks
[2026-02-10 10:06:26] DEBUG: Schema\Builder: Entity CCity
[2026-02-10 10:06:26] DEBUG: Schema\Builder: Entity CContactType
[2026-02-10 10:06:26] DEBUG: Schema\Builder: Entity CCountry
[2026-02-10 10:06:26] DEBUG: Schema\Builder: Entity CDepartment
[2026-02-10 10:06:26] DEBUG: Schema\Builder: Entity CDependantRelation
[2026-02-10 10:06:26] DEBUG: Schema\Builder: Entity CDrivingLicense
[2026-02-10 10:06:26] DEBUG: Schema\Builder: Entity CEmployee
[2026-02-10 10:06:26] DEBUG: Schema\Builder: Entity CEmployeeAddress
[2026-02-10 10:06:26] DEBUG: Schema\Builder: Entity CEmployeeBank
[2026-02-10 10:06:26] DEBUG: Schema\Builder: Entity CEmployeeContact
[2026-02-10 10:06:26] DEBUG: Schema\Builder: Entity CEmployeeDependent
[2026-02-10 10:06:26] DEBUG: Schema\Builder: Entity CEmployeeDocuments
[2026-02-10 10:06:26] DEBUG: Schema\Builder: Entity CEmployeePastExperience
[2026-02-10 10:06:26] DEBUG: Schema\Builder: Entity CPanCard
[2026-02-10 10:06:26] DEBUG: Schema\Builder: Entity CPassport
[2026-02-10 10:06:26] DEBUG: Schema\Builder: Entity CState
[2026-02-10 10:06:26] DEBUG: Schema\Builder: Entity CVoterIdCard
[2026-02-10 10:06:26] DEBUG: Schema\Builder: Entity CWorkRole
[2026-02-10 10:06:26] DEBUG: Schema\Builder: ManyMany for Email.emailAccounts
[2026-02-10 10:06:26] DEBUG: Schema\Builder: ManyMany for Email.inboundEmails
[2026-02-10 10:06:26] DEBUG: Schema\Builder: ManyMany for Email.replyToEmailAddresses
[2026-02-10 10:06:26] DEBUG: Schema\Builder: ManyMany for Email.users
[2026-02-10 10:06:26] DEBUG: Schema\Builder: ManyMany for Email.assignedUsers
[2026-02-10 10:06:26] DEBUG: Schema\Builder: ManyMany for Email.teams
[2026-02-10 10:06:26] DEBUG: Schema\Builder: ManyMany for GroupEmailFolder.teams
[2026-02-10 10:06:26] DEBUG: Schema\Builder: ManyMany for InboundEmail.teams
[2026-02-10 10:06:26] DEBUG: Schema\Builder: ManyMany for Note.users
[2026-02-10 10:06:26] DEBUG: Schema\Builder: ManyMany for Note.portals
[2026-02-10 10:06:26] DEBUG: Schema\Builder: ManyMany for Note.teams
[2026-02-10 10:06:26] DEBUG: Schema\Builder: ManyMany for Portal.articles
[2026-02-10 10:06:26] DEBUG: Schema\Builder: ManyMany for Portal.portalRoles
[2026-02-10 10:06:26] DEBUG: Schema\Builder: ManyMany for Portal.users
[2026-02-10 10:06:26] DEBUG: Schema\Builder: ManyMany for PortalRole.users
[2026-02-10 10:06:26] DEBUG: Schema\Builder: ManyMany for Role.teams
[2026-02-10 10:06:26] DEBUG: Schema\Builder: ManyMany for Role.users
[2026-02-10 10:06:26] DEBUG: Schema\Builder: ManyMany for Team.users
[2026-02-10 10:06:26] DEBUG: Schema\Builder: ManyMany for User.emailAddresses
[2026-02-10 10:06:26] DEBUG: Schema\Builder: ManyMany for User.phoneNumbers
[2026-02-10 10:06:26] DEBUG: Schema\Builder: ManyMany for User.targetLists
[2026-02-10 10:06:26] DEBUG: Schema\Builder: ManyMany for User.accounts
[2026-02-10 10:06:26] DEBUG: Schema\Builder: ManyMany for User.calls
[2026-02-10 10:06:26] DEBUG: Schema\Builder: ManyMany for User.meetings
[2026-02-10 10:06:26] DEBUG: Schema\Builder: ManyMany for User.workingTimeRanges
[2026-02-10 10:06:26] DEBUG: Schema\Builder: ManyMany for WorkingTimeCalendar.ranges
[2026-02-10 10:06:26] DEBUG: Schema\Builder: ManyMany for Account.portalUsers
[2026-02-10 10:06:26] DEBUG: Schema\Builder: Table [account_portal_user] exists.
[2026-02-10 10:06:26] DEBUG: Schema\Builder: ManyMany for Account.targetLists
[2026-02-10 10:06:26] DEBUG: Schema\Builder: ManyMany for Account.documents
[2026-02-10 10:06:26] DEBUG: Schema\Builder: ManyMany for Account.contacts
[2026-02-10 10:06:26] DEBUG: Schema\Builder: ManyMany for Call.leads
[2026-02-10 10:06:26] DEBUG: Schema\Builder: ManyMany for Call.contacts
[2026-02-10 10:06:26] DEBUG: Schema\Builder: ManyMany for Campaign.excludingTargetLists
[2026-02-10 10:06:26] DEBUG: Schema\Builder: ManyMany for Campaign.targetLists
[2026-02-10 10:06:26] DEBUG: Schema\Builder: ManyMany for Case.articles
[2026-02-10 10:06:26] DEBUG: Schema\Builder: ManyMany for Case.contacts
[2026-02-10 10:06:26] DEBUG: Schema\Builder: ManyMany for Contact.documents
[2026-02-10 10:06:26] DEBUG: Schema\Builder: ManyMany for Contact.targetLists
[2026-02-10 10:06:26] DEBUG: Schema\Builder: ManyMany for Contact.meetings
[2026-02-10 10:06:26] DEBUG: Schema\Builder: ManyMany for Contact.opportunities
[2026-02-10 10:06:26] DEBUG: Schema\Builder: ManyMany for Document.leads
[2026-02-10 10:06:26] DEBUG: Schema\Builder: ManyMany for Document.opportunities
[2026-02-10 10:06:26] DEBUG: Schema\Builder: ManyMany for KnowledgeBaseArticle.categories
[2026-02-10 10:06:26] DEBUG: Schema\Builder: ManyMany for Lead.targetLists
[2026-02-10 10:06:26] DEBUG: Schema\Builder: ManyMany for Lead.meetings
[2026-02-10 10:06:26] DEBUG: Schema\Builder: ManyMany for MassEmail.excludingTargetLists
[2026-02-10 10:06:26] DEBUG: Schema\Builder: ManyMany for MassEmail.targetLists
[2026-02-10 10:06:26] DEBUG: Schema\Builder - End
[2026-02-10 10:11:10] DEBUG: Schema\Builder - Start
[2026-02-10 10:11:10] DEBUG: Schema\Builder: Rebuild for entity types: [CEmployee] with dependent entity types: [CEmployee, Attachment, User, EmailAddress, PhoneNumber, TargetList, Lead, Document, DocumentFolder, Team, GroupEmailFolder, Email, Task, Contact, CampaignLogRecord, EmailQueueItem, MassEmail, InboundEmail, EmailFilter, EmailFolder, EmailTemplate, EmailTemplateCategory, Campaign, Template, CampaignTrackingUrl, Opportunity, Call, Account, Meeting, Case, KnowledgeBaseArticle, KnowledgeBaseCategory, Portal, AuthenticationProvider, LayoutSet, LayoutRecord, Note, PortalRole, EmailAccount, WorkingTimeCalendar, WorkingTimeRange, Role, TargetListCategory, UserData, DashboardTemplate, CPassport, CPanCard, CVoterIdCard, CDrivingLicense, CADHAR, CDepartment, CEmployeeAddress, CCountry, CEmployeePastExperience, CWorkRole, CCity, CState, CBanks, CEmployeeBank, CEmployeeDocuments, CEmployeeContact, CContactType, CEmployeeDependent, CDependantRelation]
[2026-02-10 10:11:10] DEBUG: Schema\Builder: Entity Attachment
[2026-02-10 10:11:10] DEBUG: Schema\Builder: Entity AuthenticationProvider
[2026-02-10 10:11:10] DEBUG: Schema\Builder: Entity DashboardTemplate
[2026-02-10 10:11:10] DEBUG: Schema\Builder: Entity Email
[2026-02-10 10:11:10] DEBUG: Schema\Builder: Entity EmailAccount
[2026-02-10 10:11:10] DEBUG: Schema\Builder: Entity EmailAddress
[2026-02-10 10:11:10] DEBUG: Schema\Builder: Entity EmailFilter
[2026-02-10 10:11:10] DEBUG: Schema\Builder: Entity EmailFolder
[2026-02-10 10:11:10] DEBUG: Schema\Builder: Entity EmailTemplate
[2026-02-10 10:11:10] DEBUG: Schema\Builder: Entity EmailTemplateCategory
[2026-02-10 10:11:10] DEBUG: Schema\Builder: Entity GroupEmailFolder
[2026-02-10 10:11:10] DEBUG: Schema\Builder: Entity InboundEmail
[2026-02-10 10:11:10] DEBUG: Schema\Builder: Entity LayoutRecord
[2026-02-10 10:11:10] DEBUG: Schema\Builder: Entity LayoutSet
[2026-02-10 10:11:10] DEBUG: Schema\Builder: Entity Note
[2026-02-10 10:11:10] DEBUG: Schema\Builder: Entity PhoneNumber
[2026-02-10 10:11:10] DEBUG: Schema\Builder: Entity Portal
[2026-02-10 10:11:10] DEBUG: Schema\Builder: Entity PortalRole
[2026-02-10 10:11:10] DEBUG: Schema\Builder: Entity Role
[2026-02-10 10:11:10] DEBUG: Schema\Builder: Entity Team
[2026-02-10 10:11:10] DEBUG: Schema\Builder: Entity Template
[2026-02-10 10:11:10] DEBUG: Schema\Builder: Entity User
[2026-02-10 10:11:10] DEBUG: Schema\Builder: Entity UserData
[2026-02-10 10:11:10] DEBUG: Schema\Builder: Entity WorkingTimeCalendar
[2026-02-10 10:11:10] DEBUG: Schema\Builder: Entity WorkingTimeRange
[2026-02-10 10:11:10] DEBUG: Schema\Builder: Entity Account
[2026-02-10 10:11:10] DEBUG: Schema\Builder: Entity Call
[2026-02-10 10:11:10] DEBUG: Schema\Builder: Entity Campaign
[2026-02-10 10:11:10] DEBUG: Schema\Builder: Entity CampaignLogRecord
[2026-02-10 10:11:10] DEBUG: Schema\Builder: Entity CampaignTrackingUrl
[2026-02-10 10:11:10] DEBUG: Schema\Builder: Entity Case
[2026-02-10 10:11:10] DEBUG: Schema\Builder: Entity Contact
[2026-02-10 10:11:10] DEBUG: Schema\Builder: Entity Document
[2026-02-10 10:11:10] DEBUG: Schema\Builder: Entity DocumentFolder
[2026-02-10 10:11:10] DEBUG: Schema\Builder: Entity EmailQueueItem
[2026-02-10 10:11:10] DEBUG: Schema\Builder: Entity KnowledgeBaseArticle
[2026-02-10 10:11:10] DEBUG: Schema\Builder: Entity KnowledgeBaseCategory
[2026-02-10 10:11:10] DEBUG: Schema\Builder: Entity Lead
[2026-02-10 10:11:10] DEBUG: Schema\Builder: Entity MassEmail
[2026-02-10 10:11:10] DEBUG: Schema\Builder: Entity Meeting
[2026-02-10 10:11:10] DEBUG: Schema\Builder: Entity Opportunity
[2026-02-10 10:11:10] DEBUG: Schema\Builder: Entity TargetList
[2026-02-10 10:11:10] DEBUG: Schema\Builder: Entity TargetListCategory
[2026-02-10 10:11:10] DEBUG: Schema\Builder: Entity Task
[2026-02-10 10:11:10] DEBUG: Schema\Builder: Entity CADHAR
[2026-02-10 10:11:10] DEBUG: Schema\Builder: Entity CBanks
[2026-02-10 10:11:10] DEBUG: Schema\Builder: Entity CCity
[2026-02-10 10:11:10] DEBUG: Schema\Builder: Entity CContactType
[2026-02-10 10:11:10] DEBUG: Schema\Builder: Entity CCountry
[2026-02-10 10:11:10] DEBUG: Schema\Builder: Entity CDepartment
[2026-02-10 10:11:10] DEBUG: Schema\Builder: Entity CDependantRelation
[2026-02-10 10:11:10] DEBUG: Schema\Builder: Entity CDrivingLicense
[2026-02-10 10:11:10] DEBUG: Schema\Builder: Entity CEmployee
[2026-02-10 10:11:10] DEBUG: Schema\Builder: Entity CEmployeeAddress
[2026-02-10 10:11:10] DEBUG: Schema\Builder: Entity CEmployeeBank
[2026-02-10 10:11:10] DEBUG: Schema\Builder: Entity CEmployeeContact
[2026-02-10 10:11:10] DEBUG: Schema\Builder: Entity CEmployeeDependent
[2026-02-10 10:11:10] DEBUG: Schema\Builder: Entity CEmployeeDocuments
[2026-02-10 10:11:10] DEBUG: Schema\Builder: Entity CEmployeePastExperience
[2026-02-10 10:11:10] DEBUG: Schema\Builder: Entity CPanCard
[2026-02-10 10:11:10] DEBUG: Schema\Builder: Entity CPassport
[2026-02-10 10:11:10] DEBUG: Schema\Builder: Entity CState
[2026-02-10 10:11:10] DEBUG: Schema\Builder: Entity CVoterIdCard
[2026-02-10 10:11:10] DEBUG: Schema\Builder: Entity CWorkRole
[2026-02-10 10:11:10] DEBUG: Schema\Builder: ManyMany for Email.emailAccounts
[2026-02-10 10:11:10] DEBUG: Schema\Builder: ManyMany for Email.inboundEmails
[2026-02-10 10:11:10] DEBUG: Schema\Builder: ManyMany for Email.replyToEmailAddresses
[2026-02-10 10:11:10] DEBUG: Schema\Builder: ManyMany for Email.users
[2026-02-10 10:11:10] DEBUG: Schema\Builder: ManyMany for Email.assignedUsers
[2026-02-10 10:11:10] DEBUG: Schema\Builder: ManyMany for Email.teams
[2026-02-10 10:11:10] DEBUG: Schema\Builder: ManyMany for GroupEmailFolder.teams
[2026-02-10 10:11:10] DEBUG: Schema\Builder: ManyMany for InboundEmail.teams
[2026-02-10 10:11:10] DEBUG: Schema\Builder: ManyMany for Note.users
[2026-02-10 10:11:10] DEBUG: Schema\Builder: ManyMany for Note.portals
[2026-02-10 10:11:10] DEBUG: Schema\Builder: ManyMany for Note.teams
[2026-02-10 10:11:10] DEBUG: Schema\Builder: ManyMany for Portal.articles
[2026-02-10 10:11:10] DEBUG: Schema\Builder: ManyMany for Portal.portalRoles
[2026-02-10 10:11:10] DEBUG: Schema\Builder: ManyMany for Portal.users
[2026-02-10 10:11:10] DEBUG: Schema\Builder: ManyMany for PortalRole.users
[2026-02-10 10:11:10] DEBUG: Schema\Builder: ManyMany for Role.teams
[2026-02-10 10:11:10] DEBUG: Schema\Builder: ManyMany for Role.users
[2026-02-10 10:11:10] DEBUG: Schema\Builder: ManyMany for Team.users
[2026-02-10 10:11:10] DEBUG: Schema\Builder: ManyMany for User.emailAddresses
[2026-02-10 10:11:10] DEBUG: Schema\Builder: ManyMany for User.phoneNumbers
[2026-02-10 10:11:10] DEBUG: Schema\Builder: ManyMany for User.targetLists
[2026-02-10 10:11:10] DEBUG: Schema\Builder: ManyMany for User.accounts
[2026-02-10 10:11:10] DEBUG: Schema\Builder: ManyMany for User.calls
[2026-02-10 10:11:10] DEBUG: Schema\Builder: ManyMany for User.meetings
[2026-02-10 10:11:10] DEBUG: Schema\Builder: ManyMany for User.workingTimeRanges
[2026-02-10 10:11:10] DEBUG: Schema\Builder: ManyMany for WorkingTimeCalendar.ranges
[2026-02-10 10:11:10] DEBUG: Schema\Builder: ManyMany for Account.portalUsers
[2026-02-10 10:11:10] DEBUG: Schema\Builder: Table [account_portal_user] exists.
[2026-02-10 10:11:10] DEBUG: Schema\Builder: ManyMany for Account.targetLists
[2026-02-10 10:11:10] DEBUG: Schema\Builder: ManyMany for Account.documents
[2026-02-10 10:11:10] DEBUG: Schema\Builder: ManyMany for Account.contacts
[2026-02-10 10:11:10] DEBUG: Schema\Builder: ManyMany for Call.leads
[2026-02-10 10:11:10] DEBUG: Schema\Builder: ManyMany for Call.contacts
[2026-02-10 10:11:10] DEBUG: Schema\Builder: ManyMany for Campaign.excludingTargetLists
[2026-02-10 10:11:10] DEBUG: Schema\Builder: ManyMany for Campaign.targetLists
[2026-02-10 10:11:10] DEBUG: Schema\Builder: ManyMany for Case.articles
[2026-02-10 10:11:10] DEBUG: Schema\Builder: ManyMany for Case.contacts
[2026-02-10 10:11:10] DEBUG: Schema\Builder: ManyMany for Contact.documents
[2026-02-10 10:11:10] DEBUG: Schema\Builder: ManyMany for Contact.targetLists
[2026-02-10 10:11:10] DEBUG: Schema\Builder: ManyMany for Contact.meetings
[2026-02-10 10:11:10] DEBUG: Schema\Builder: ManyMany for Contact.opportunities
[2026-02-10 10:11:10] DEBUG: Schema\Builder: ManyMany for Document.leads
[2026-02-10 10:11:10] DEBUG: Schema\Builder: ManyMany for Document.opportunities
[2026-02-10 10:11:10] DEBUG: Schema\Builder: ManyMany for KnowledgeBaseArticle.categories
[2026-02-10 10:11:10] DEBUG: Schema\Builder: ManyMany for Lead.targetLists
[2026-02-10 10:11:10] DEBUG: Schema\Builder: ManyMany for Lead.meetings
[2026-02-10 10:11:10] DEBUG: Schema\Builder: ManyMany for MassEmail.excludingTargetLists
[2026-02-10 10:11:10] DEBUG: Schema\Builder: ManyMany for MassEmail.targetLists
[2026-02-10 10:11:10] DEBUG: Schema\Builder - End
[2026-02-10 10:19:07] DEBUG: Schema\Builder - Start
[2026-02-10 10:19:07] DEBUG: Schema\Builder: Rebuild for entity types: [CEmployee] with dependent entity types: [CEmployee, Attachment, User, EmailAddress, PhoneNumber, TargetList, Lead, Document, DocumentFolder, Team, GroupEmailFolder, Email, Task, Contact, CampaignLogRecord, EmailQueueItem, MassEmail, InboundEmail, EmailFilter, EmailFolder, EmailTemplate, EmailTemplateCategory, Campaign, Template, CampaignTrackingUrl, Opportunity, Call, Account, Meeting, Case, KnowledgeBaseArticle, KnowledgeBaseCategory, Portal, AuthenticationProvider, LayoutSet, LayoutRecord, Note, PortalRole, EmailAccount, WorkingTimeCalendar, WorkingTimeRange, Role, TargetListCategory, UserData, DashboardTemplate, CPassport, CPanCard, CVoterIdCard, CDrivingLicense, CADHAR, CDepartment, CEmployeeAddress, CCountry, CEmployeePastExperience, CWorkRole, CCity, CState, CBanks, CEmployeeBank, CEmployeeDocuments, CEmployeeContact, CContactType, CEmployeeDependent, CDependantRelation]
[2026-02-10 10:19:07] DEBUG: Schema\Builder: Entity Attachment
[2026-02-10 10:19:07] DEBUG: Schema\Builder: Entity AuthenticationProvider
[2026-02-10 10:19:07] DEBUG: Schema\Builder: Entity DashboardTemplate
[2026-02-10 10:19:07] DEBUG: Schema\Builder: Entity Email
[2026-02-10 10:19:07] DEBUG: Schema\Builder: Entity EmailAccount
[2026-02-10 10:19:07] DEBUG: Schema\Builder: Entity EmailAddress
[2026-02-10 10:19:07] DEBUG: Schema\Builder: Entity EmailFilter
[2026-02-10 10:19:07] DEBUG: Schema\Builder: Entity EmailFolder
[2026-02-10 10:19:07] DEBUG: Schema\Builder: Entity EmailTemplate
[2026-02-10 10:19:07] DEBUG: Schema\Builder: Entity EmailTemplateCategory
[2026-02-10 10:19:07] DEBUG: Schema\Builder: Entity GroupEmailFolder
[2026-02-10 10:19:07] DEBUG: Schema\Builder: Entity InboundEmail
[2026-02-10 10:19:07] DEBUG: Schema\Builder: Entity LayoutRecord
[2026-02-10 10:19:07] DEBUG: Schema\Builder: Entity LayoutSet
[2026-02-10 10:19:07] DEBUG: Schema\Builder: Entity Note
[2026-02-10 10:19:07] DEBUG: Schema\Builder: Entity PhoneNumber
[2026-02-10 10:19:07] DEBUG: Schema\Builder: Entity Portal
[2026-02-10 10:19:07] DEBUG: Schema\Builder: Entity PortalRole
[2026-02-10 10:19:07] DEBUG: Schema\Builder: Entity Role
[2026-02-10 10:19:07] DEBUG: Schema\Builder: Entity Team
[2026-02-10 10:19:07] DEBUG: Schema\Builder: Entity Template
[2026-02-10 10:19:07] DEBUG: Schema\Builder: Entity User
[2026-02-10 10:19:07] DEBUG: Schema\Builder: Entity UserData
[2026-02-10 10:19:07] DEBUG: Schema\Builder: Entity WorkingTimeCalendar
[2026-02-10 10:19:07] DEBUG: Schema\Builder: Entity WorkingTimeRange
[2026-02-10 10:19:07] DEBUG: Schema\Builder: Entity Account
[2026-02-10 10:19:07] DEBUG: Schema\Builder: Entity Call
[2026-02-10 10:19:07] DEBUG: Schema\Builder: Entity Campaign
[2026-02-10 10:19:07] DEBUG: Schema\Builder: Entity CampaignLogRecord
[2026-02-10 10:19:07] DEBUG: Schema\Builder: Entity CampaignTrackingUrl
[2026-02-10 10:19:07] DEBUG: Schema\Builder: Entity Case
[2026-02-10 10:19:07] DEBUG: Schema\Builder: Entity Contact
[2026-02-10 10:19:07] DEBUG: Schema\Builder: Entity Document
[2026-02-10 10:19:07] DEBUG: Schema\Builder: Entity DocumentFolder
[2026-02-10 10:19:07] DEBUG: Schema\Builder: Entity EmailQueueItem
[2026-02-10 10:19:07] DEBUG: Schema\Builder: Entity KnowledgeBaseArticle
[2026-02-10 10:19:07] DEBUG: Schema\Builder: Entity KnowledgeBaseCategory
[2026-02-10 10:19:07] DEBUG: Schema\Builder: Entity Lead
[2026-02-10 10:19:07] DEBUG: Schema\Builder: Entity MassEmail
[2026-02-10 10:19:07] DEBUG: Schema\Builder: Entity Meeting
[2026-02-10 10:19:07] DEBUG: Schema\Builder: Entity Opportunity
[2026-02-10 10:19:07] DEBUG: Schema\Builder: Entity TargetList
[2026-02-10 10:19:07] DEBUG: Schema\Builder: Entity TargetListCategory
[2026-02-10 10:19:07] DEBUG: Schema\Builder: Entity Task
[2026-02-10 10:19:07] DEBUG: Schema\Builder: Entity CADHAR
[2026-02-10 10:19:07] DEBUG: Schema\Builder: Entity CBanks
[2026-02-10 10:19:07] DEBUG: Schema\Builder: Entity CCity
[2026-02-10 10:19:07] DEBUG: Schema\Builder: Entity CContactType
[2026-02-10 10:19:07] DEBUG: Schema\Builder: Entity CCountry
[2026-02-10 10:19:07] DEBUG: Schema\Builder: Entity CDepartment
[2026-02-10 10:19:07] DEBUG: Schema\Builder: Entity CDependantRelation
[2026-02-10 10:19:07] DEBUG: Schema\Builder: Entity CDrivingLicense
[2026-02-10 10:19:07] DEBUG: Schema\Builder: Entity CEmployee
[2026-02-10 10:19:07] DEBUG: Schema\Builder: Entity CEmployeeAddress
[2026-02-10 10:19:07] DEBUG: Schema\Builder: Entity CEmployeeBank
[2026-02-10 10:19:07] DEBUG: Schema\Builder: Entity CEmployeeContact
[2026-02-10 10:19:07] DEBUG: Schema\Builder: Entity CEmployeeDependent
[2026-02-10 10:19:07] DEBUG: Schema\Builder: Entity CEmployeeDocuments
[2026-02-10 10:19:07] DEBUG: Schema\Builder: Entity CEmployeePastExperience
[2026-02-10 10:19:07] DEBUG: Schema\Builder: Entity CPanCard
[2026-02-10 10:19:07] DEBUG: Schema\Builder: Entity CPassport
[2026-02-10 10:19:07] DEBUG: Schema\Builder: Entity CState
[2026-02-10 10:19:07] DEBUG: Schema\Builder: Entity CVoterIdCard
[2026-02-10 10:19:07] DEBUG: Schema\Builder: Entity CWorkRole
[2026-02-10 10:19:07] DEBUG: Schema\Builder: ManyMany for Email.emailAccounts
[2026-02-10 10:19:07] DEBUG: Schema\Builder: ManyMany for Email.inboundEmails
[2026-02-10 10:19:07] DEBUG: Schema\Builder: ManyMany for Email.replyToEmailAddresses
[2026-02-10 10:19:07] DEBUG: Schema\Builder: ManyMany for Email.users
[2026-02-10 10:19:07] DEBUG: Schema\Builder: ManyMany for Email.assignedUsers
[2026-02-10 10:19:07] DEBUG: Schema\Builder: ManyMany for Email.teams
[2026-02-10 10:19:07] DEBUG: Schema\Builder: ManyMany for GroupEmailFolder.teams
[2026-02-10 10:19:07] DEBUG: Schema\Builder: ManyMany for InboundEmail.teams
[2026-02-10 10:19:07] DEBUG: Schema\Builder: ManyMany for Note.users
[2026-02-10 10:19:07] DEBUG: Schema\Builder: ManyMany for Note.portals
[2026-02-10 10:19:07] DEBUG: Schema\Builder: ManyMany for Note.teams
[2026-02-10 10:19:07] DEBUG: Schema\Builder: ManyMany for Portal.articles
[2026-02-10 10:19:07] DEBUG: Schema\Builder: ManyMany for Portal.portalRoles
[2026-02-10 10:19:07] DEBUG: Schema\Builder: ManyMany for Portal.users
[2026-02-10 10:19:07] DEBUG: Schema\Builder: ManyMany for PortalRole.users
[2026-02-10 10:19:07] DEBUG: Schema\Builder: ManyMany for Role.teams
[2026-02-10 10:19:07] DEBUG: Schema\Builder: ManyMany for Role.users
[2026-02-10 10:19:07] DEBUG: Schema\Builder: ManyMany for Team.users
[2026-02-10 10:19:07] DEBUG: Schema\Builder: ManyMany for User.emailAddresses
[2026-02-10 10:19:07] DEBUG: Schema\Builder: ManyMany for User.phoneNumbers
[2026-02-10 10:19:07] DEBUG: Schema\Builder: ManyMany for User.targetLists
[2026-02-10 10:19:07] DEBUG: Schema\Builder: ManyMany for User.accounts
[2026-02-10 10:19:07] DEBUG: Schema\Builder: ManyMany for User.calls
[2026-02-10 10:19:07] DEBUG: Schema\Builder: ManyMany for User.meetings
[2026-02-10 10:19:07] DEBUG: Schema\Builder: ManyMany for User.workingTimeRanges
[2026-02-10 10:19:07] DEBUG: Schema\Builder: ManyMany for WorkingTimeCalendar.ranges
[2026-02-10 10:19:07] DEBUG: Schema\Builder: ManyMany for Account.portalUsers
[2026-02-10 10:19:07] DEBUG: Schema\Builder: Table [account_portal_user] exists.
[2026-02-10 10:19:07] DEBUG: Schema\Builder: ManyMany for Account.targetLists
[2026-02-10 10:19:07] DEBUG: Schema\Builder: ManyMany for Account.documents
[2026-02-10 10:19:07] DEBUG: Schema\Builder: ManyMany for Account.contacts
[2026-02-10 10:19:07] DEBUG: Schema\Builder: ManyMany for Call.leads
[2026-02-10 10:19:07] DEBUG: Schema\Builder: ManyMany for Call.contacts
[2026-02-10 10:19:07] DEBUG: Schema\Builder: ManyMany for Campaign.excludingTargetLists
[2026-02-10 10:19:07] DEBUG: Schema\Builder: ManyMany for Campaign.targetLists
[2026-02-10 10:19:07] DEBUG: Schema\Builder: ManyMany for Case.articles
[2026-02-10 10:19:07] DEBUG: Schema\Builder: ManyMany for Case.contacts
[2026-02-10 10:19:07] DEBUG: Schema\Builder: ManyMany for Contact.documents
[2026-02-10 10:19:07] DEBUG: Schema\Builder: ManyMany for Contact.targetLists
[2026-02-10 10:19:07] DEBUG: Schema\Builder: ManyMany for Contact.meetings
[2026-02-10 10:19:07] DEBUG: Schema\Builder: ManyMany for Contact.opportunities
[2026-02-10 10:19:07] DEBUG: Schema\Builder: ManyMany for Document.leads
[2026-02-10 10:19:07] DEBUG: Schema\Builder: ManyMany for Document.opportunities
[2026-02-10 10:19:07] DEBUG: Schema\Builder: ManyMany for KnowledgeBaseArticle.categories
[2026-02-10 10:19:07] DEBUG: Schema\Builder: ManyMany for Lead.targetLists
[2026-02-10 10:19:07] DEBUG: Schema\Builder: ManyMany for Lead.meetings
[2026-02-10 10:19:07] DEBUG: Schema\Builder: ManyMany for MassEmail.excludingTargetLists
[2026-02-10 10:19:07] DEBUG: Schema\Builder: ManyMany for MassEmail.targetLists
[2026-02-10 10:19:07] DEBUG: Schema\Builder - End
[2026-02-10 10:21:58] DEBUG: Schema\Builder - Start
[2026-02-10 10:21:58] DEBUG: Schema\Builder: Rebuild for entity types: [CEmployee] with dependent entity types: [CEmployee, Attachment, User, EmailAddress, PhoneNumber, TargetList, Lead, Document, DocumentFolder, Team, GroupEmailFolder, Email, Task, Contact, CampaignLogRecord, EmailQueueItem, MassEmail, InboundEmail, EmailFilter, EmailFolder, EmailTemplate, EmailTemplateCategory, Campaign, Template, CampaignTrackingUrl, Opportunity, Call, Account, Meeting, Case, KnowledgeBaseArticle, KnowledgeBaseCategory, Portal, AuthenticationProvider, LayoutSet, LayoutRecord, Note, PortalRole, EmailAccount, WorkingTimeCalendar, WorkingTimeRange, Role, TargetListCategory, UserData, DashboardTemplate, CPassport, CPanCard, CVoterIdCard, CDrivingLicense, CADHAR, CDepartment, CEmployeeAddress, CCountry, CEmployeePastExperience, CWorkRole, CCity, CState, CBanks, CEmployeeBank, CEmployeeDocuments, CEmployeeContact, CContactType, CEmployeeDependent, CDependantRelation]
[2026-02-10 10:21:58] DEBUG: Schema\Builder: Entity Attachment
[2026-02-10 10:21:58] DEBUG: Schema\Builder: Entity AuthenticationProvider
[2026-02-10 10:21:58] DEBUG: Schema\Builder: Entity DashboardTemplate
[2026-02-10 10:21:58] DEBUG: Schema\Builder: Entity Email
[2026-02-10 10:21:58] DEBUG: Schema\Builder: Entity EmailAccount
[2026-02-10 10:21:58] DEBUG: Schema\Builder: Entity EmailAddress
[2026-02-10 10:21:58] DEBUG: Schema\Builder: Entity EmailFilter
[2026-02-10 10:21:58] DEBUG: Schema\Builder: Entity EmailFolder
[2026-02-10 10:21:58] DEBUG: Schema\Builder: Entity EmailTemplate
[2026-02-10 10:21:58] DEBUG: Schema\Builder: Entity EmailTemplateCategory
[2026-02-10 10:21:58] DEBUG: Schema\Builder: Entity GroupEmailFolder
[2026-02-10 10:21:58] DEBUG: Schema\Builder: Entity InboundEmail
[2026-02-10 10:21:58] DEBUG: Schema\Builder: Entity LayoutRecord
[2026-02-10 10:21:58] DEBUG: Schema\Builder: Entity LayoutSet
[2026-02-10 10:21:58] DEBUG: Schema\Builder: Entity Note
[2026-02-10 10:21:58] DEBUG: Schema\Builder: Entity PhoneNumber
[2026-02-10 10:21:58] DEBUG: Schema\Builder: Entity Portal
[2026-02-10 10:21:58] DEBUG: Schema\Builder: Entity PortalRole
[2026-02-10 10:21:58] DEBUG: Schema\Builder: Entity Role
[2026-02-10 10:21:58] DEBUG: Schema\Builder: Entity Team
[2026-02-10 10:21:58] DEBUG: Schema\Builder: Entity Template
[2026-02-10 10:21:58] DEBUG: Schema\Builder: Entity User
[2026-02-10 10:21:58] DEBUG: Schema\Builder: Entity UserData
[2026-02-10 10:21:58] DEBUG: Schema\Builder: Entity WorkingTimeCalendar
[2026-02-10 10:21:58] DEBUG: Schema\Builder: Entity WorkingTimeRange
[2026-02-10 10:21:58] DEBUG: Schema\Builder: Entity Account
[2026-02-10 10:21:58] DEBUG: Schema\Builder: Entity Call
[2026-02-10 10:21:58] DEBUG: Schema\Builder: Entity Campaign
[2026-02-10 10:21:58] DEBUG: Schema\Builder: Entity CampaignLogRecord
[2026-02-10 10:21:58] DEBUG: Schema\Builder: Entity CampaignTrackingUrl
[2026-02-10 10:21:58] DEBUG: Schema\Builder: Entity Case
[2026-02-10 10:21:58] DEBUG: Schema\Builder: Entity Contact
[2026-02-10 10:21:58] DEBUG: Schema\Builder: Entity Document
[2026-02-10 10:21:58] DEBUG: Schema\Builder: Entity DocumentFolder
[2026-02-10 10:21:58] DEBUG: Schema\Builder: Entity EmailQueueItem
[2026-02-10 10:21:58] DEBUG: Schema\Builder: Entity KnowledgeBaseArticle
[2026-02-10 10:21:58] DEBUG: Schema\Builder: Entity KnowledgeBaseCategory
[2026-02-10 10:21:59] DEBUG: Schema\Builder: Entity Lead
[2026-02-10 10:21:59] DEBUG: Schema\Builder: Entity MassEmail
[2026-02-10 10:21:59] DEBUG: Schema\Builder: Entity Meeting
[2026-02-10 10:21:59] DEBUG: Schema\Builder: Entity Opportunity
[2026-02-10 10:21:59] DEBUG: Schema\Builder: Entity TargetList
[2026-02-10 10:21:59] DEBUG: Schema\Builder: Entity TargetListCategory
[2026-02-10 10:21:59] DEBUG: Schema\Builder: Entity Task
[2026-02-10 10:21:59] DEBUG: Schema\Builder: Entity CADHAR
[2026-02-10 10:21:59] DEBUG: Schema\Builder: Entity CBanks
[2026-02-10 10:21:59] DEBUG: Schema\Builder: Entity CCity
[2026-02-10 10:21:59] DEBUG: Schema\Builder: Entity CContactType
[2026-02-10 10:21:59] DEBUG: Schema\Builder: Entity CCountry
[2026-02-10 10:21:59] DEBUG: Schema\Builder: Entity CDepartment
[2026-02-10 10:21:59] DEBUG: Schema\Builder: Entity CDependantRelation
[2026-02-10 10:21:59] DEBUG: Schema\Builder: Entity CDrivingLicense
[2026-02-10 10:21:59] DEBUG: Schema\Builder: Entity CEmployee
[2026-02-10 10:21:59] DEBUG: Schema\Builder: Entity CEmployeeAddress
[2026-02-10 10:21:59] DEBUG: Schema\Builder: Entity CEmployeeBank
[2026-02-10 10:21:59] DEBUG: Schema\Builder: Entity CEmployeeContact
[2026-02-10 10:21:59] DEBUG: Schema\Builder: Entity CEmployeeDependent
[2026-02-10 10:21:59] DEBUG: Schema\Builder: Entity CEmployeeDocuments
[2026-02-10 10:21:59] DEBUG: Schema\Builder: Entity CEmployeePastExperience
[2026-02-10 10:21:59] DEBUG: Schema\Builder: Entity CPanCard
[2026-02-10 10:21:59] DEBUG: Schema\Builder: Entity CPassport
[2026-02-10 10:21:59] DEBUG: Schema\Builder: Entity CState
[2026-02-10 10:21:59] DEBUG: Schema\Builder: Entity CVoterIdCard
[2026-02-10 10:21:59] DEBUG: Schema\Builder: Entity CWorkRole
[2026-02-10 10:21:59] DEBUG: Schema\Builder: ManyMany for Email.emailAccounts
[2026-02-10 10:21:59] DEBUG: Schema\Builder: ManyMany for Email.inboundEmails
[2026-02-10 10:21:59] DEBUG: Schema\Builder: ManyMany for Email.replyToEmailAddresses
[2026-02-10 10:21:59] DEBUG: Schema\Builder: ManyMany for Email.users
[2026-02-10 10:21:59] DEBUG: Schema\Builder: ManyMany for Email.assignedUsers
[2026-02-10 10:21:59] DEBUG: Schema\Builder: ManyMany for Email.teams
[2026-02-10 10:21:59] DEBUG: Schema\Builder: ManyMany for GroupEmailFolder.teams
[2026-02-10 10:21:59] DEBUG: Schema\Builder: ManyMany for InboundEmail.teams
[2026-02-10 10:21:59] DEBUG: Schema\Builder: ManyMany for Note.users
[2026-02-10 10:21:59] DEBUG: Schema\Builder: ManyMany for Note.portals
[2026-02-10 10:21:59] DEBUG: Schema\Builder: ManyMany for Note.teams
[2026-02-10 10:21:59] DEBUG: Schema\Builder: ManyMany for Portal.articles
[2026-02-10 10:21:59] DEBUG: Schema\Builder: ManyMany for Portal.portalRoles
[2026-02-10 10:21:59] DEBUG: Schema\Builder: ManyMany for Portal.users
[2026-02-10 10:21:59] DEBUG: Schema\Builder: ManyMany for PortalRole.users
[2026-02-10 10:21:59] DEBUG: Schema\Builder: ManyMany for Role.teams
[2026-02-10 10:21:59] DEBUG: Schema\Builder: ManyMany for Role.users
[2026-02-10 10:21:59] DEBUG: Schema\Builder: ManyMany for Team.users
[2026-02-10 10:21:59] DEBUG: Schema\Builder: ManyMany for User.emailAddresses
[2026-02-10 10:21:59] DEBUG: Schema\Builder: ManyMany for User.phoneNumbers
[2026-02-10 10:21:59] DEBUG: Schema\Builder: ManyMany for User.targetLists
[2026-02-10 10:21:59] DEBUG: Schema\Builder: ManyMany for User.accounts
[2026-02-10 10:21:59] DEBUG: Schema\Builder: ManyMany for User.calls
[2026-02-10 10:21:59] DEBUG: Schema\Builder: ManyMany for User.meetings
[2026-02-10 10:21:59] DEBUG: Schema\Builder: ManyMany for User.workingTimeRanges
[2026-02-10 10:21:59] DEBUG: Schema\Builder: ManyMany for WorkingTimeCalendar.ranges
[2026-02-10 10:21:59] DEBUG: Schema\Builder: ManyMany for Account.portalUsers
[2026-02-10 10:21:59] DEBUG: Schema\Builder: Table [account_portal_user] exists.
[2026-02-10 10:21:59] DEBUG: Schema\Builder: ManyMany for Account.targetLists
[2026-02-10 10:21:59] DEBUG: Schema\Builder: ManyMany for Account.documents
[2026-02-10 10:21:59] DEBUG: Schema\Builder: ManyMany for Account.contacts
[2026-02-10 10:21:59] DEBUG: Schema\Builder: ManyMany for Call.leads
[2026-02-10 10:21:59] DEBUG: Schema\Builder: ManyMany for Call.contacts
[2026-02-10 10:21:59] DEBUG: Schema\Builder: ManyMany for Campaign.excludingTargetLists
[2026-02-10 10:21:59] DEBUG: Schema\Builder: ManyMany for Campaign.targetLists
[2026-02-10 10:21:59] DEBUG: Schema\Builder: ManyMany for Case.articles
[2026-02-10 10:21:59] DEBUG: Schema\Builder: ManyMany for Case.contacts
[2026-02-10 10:21:59] DEBUG: Schema\Builder: ManyMany for Contact.documents
[2026-02-10 10:21:59] DEBUG: Schema\Builder: ManyMany for Contact.targetLists
[2026-02-10 10:21:59] DEBUG: Schema\Builder: ManyMany for Contact.meetings
[2026-02-10 10:21:59] DEBUG: Schema\Builder: ManyMany for Contact.opportunities
[2026-02-10 10:21:59] DEBUG: Schema\Builder: ManyMany for Document.leads
[2026-02-10 10:21:59] DEBUG: Schema\Builder: ManyMany for Document.opportunities
[2026-02-10 10:21:59] DEBUG: Schema\Builder: ManyMany for KnowledgeBaseArticle.categories
[2026-02-10 10:21:59] DEBUG: Schema\Builder: ManyMany for Lead.targetLists
[2026-02-10 10:21:59] DEBUG: Schema\Builder: ManyMany for Lead.meetings
[2026-02-10 10:21:59] DEBUG: Schema\Builder: ManyMany for MassEmail.excludingTargetLists
[2026-02-10 10:21:59] DEBUG: Schema\Builder: ManyMany for MassEmail.targetLists
[2026-02-10 10:21:59] DEBUG: Schema\Builder - End
[2026-02-10 10:23:42] DEBUG: Schema\Builder - Start
[2026-02-10 10:23:42] DEBUG: Schema\Builder: Rebuild for entity types: [CEmployee] with dependent entity types: [CEmployee, Attachment, User, EmailAddress, PhoneNumber, TargetList, Lead, Document, DocumentFolder, Team, GroupEmailFolder, Email, Task, Contact, CampaignLogRecord, EmailQueueItem, MassEmail, InboundEmail, EmailFilter, EmailFolder, EmailTemplate, EmailTemplateCategory, Campaign, Template, CampaignTrackingUrl, Opportunity, Call, Account, Meeting, Case, KnowledgeBaseArticle, KnowledgeBaseCategory, Portal, AuthenticationProvider, LayoutSet, LayoutRecord, Note, PortalRole, EmailAccount, WorkingTimeCalendar, WorkingTimeRange, Role, TargetListCategory, UserData, DashboardTemplate, CPassport, CPanCard, CVoterIdCard, CDrivingLicense, CADHAR, CDepartment, CEmployeeAddress, CCountry, CEmployeePastExperience, CWorkRole, CCity, CState, CBanks, CEmployeeBank, CEmployeeDocuments, CEmployeeContact, CContactType, CEmployeeDependent, CDependantRelation]
[2026-02-10 10:23:42] DEBUG: Schema\Builder: Entity Attachment
[2026-02-10 10:23:42] DEBUG: Schema\Builder: Entity AuthenticationProvider
[2026-02-10 10:23:42] DEBUG: Schema\Builder: Entity DashboardTemplate
[2026-02-10 10:23:42] DEBUG: Schema\Builder: Entity Email
[2026-02-10 10:23:42] DEBUG: Schema\Builder: Entity EmailAccount
[2026-02-10 10:23:42] DEBUG: Schema\Builder: Entity EmailAddress
[2026-02-10 10:23:42] DEBUG: Schema\Builder: Entity EmailFilter
[2026-02-10 10:23:42] DEBUG: Schema\Builder: Entity EmailFolder
[2026-02-10 10:23:42] DEBUG: Schema\Builder: Entity EmailTemplate
[2026-02-10 10:23:42] DEBUG: Schema\Builder: Entity EmailTemplateCategory
[2026-02-10 10:23:42] DEBUG: Schema\Builder: Entity GroupEmailFolder
[2026-02-10 10:23:42] DEBUG: Schema\Builder: Entity InboundEmail
[2026-02-10 10:23:42] DEBUG: Schema\Builder: Entity LayoutRecord
[2026-02-10 10:23:42] DEBUG: Schema\Builder: Entity LayoutSet
[2026-02-10 10:23:42] DEBUG: Schema\Builder: Entity Note
[2026-02-10 10:23:42] DEBUG: Schema\Builder: Entity PhoneNumber
[2026-02-10 10:23:42] DEBUG: Schema\Builder: Entity Portal
[2026-02-10 10:23:42] DEBUG: Schema\Builder: Entity PortalRole
[2026-02-10 10:23:42] DEBUG: Schema\Builder: Entity Role
[2026-02-10 10:23:42] DEBUG: Schema\Builder: Entity Team
[2026-02-10 10:23:42] DEBUG: Schema\Builder: Entity Template
[2026-02-10 10:23:42] DEBUG: Schema\Builder: Entity User
[2026-02-10 10:23:42] DEBUG: Schema\Builder: Entity UserData
[2026-02-10 10:23:42] DEBUG: Schema\Builder: Entity WorkingTimeCalendar
[2026-02-10 10:23:42] DEBUG: Schema\Builder: Entity WorkingTimeRange
[2026-02-10 10:23:42] DEBUG: Schema\Builder: Entity Account
[2026-02-10 10:23:42] DEBUG: Schema\Builder: Entity Call
[2026-02-10 10:23:42] DEBUG: Schema\Builder: Entity Campaign
[2026-02-10 10:23:42] DEBUG: Schema\Builder: Entity CampaignLogRecord
[2026-02-10 10:23:42] DEBUG: Schema\Builder: Entity CampaignTrackingUrl
[2026-02-10 10:23:42] DEBUG: Schema\Builder: Entity Case
[2026-02-10 10:23:42] DEBUG: Schema\Builder: Entity Contact
[2026-02-10 10:23:42] DEBUG: Schema\Builder: Entity Document
[2026-02-10 10:23:42] DEBUG: Schema\Builder: Entity DocumentFolder
[2026-02-10 10:23:42] DEBUG: Schema\Builder: Entity EmailQueueItem
[2026-02-10 10:23:42] DEBUG: Schema\Builder: Entity KnowledgeBaseArticle
[2026-02-10 10:23:42] DEBUG: Schema\Builder: Entity KnowledgeBaseCategory
[2026-02-10 10:23:42] DEBUG: Schema\Builder: Entity Lead
[2026-02-10 10:23:42] DEBUG: Schema\Builder: Entity MassEmail
[2026-02-10 10:23:42] DEBUG: Schema\Builder: Entity Meeting
[2026-02-10 10:23:42] DEBUG: Schema\Builder: Entity Opportunity
[2026-02-10 10:23:42] DEBUG: Schema\Builder: Entity TargetList
[2026-02-10 10:23:42] DEBUG: Schema\Builder: Entity TargetListCategory
[2026-02-10 10:23:42] DEBUG: Schema\Builder: Entity Task
[2026-02-10 10:23:42] DEBUG: Schema\Builder: Entity CADHAR
[2026-02-10 10:23:42] DEBUG: Schema\Builder: Entity CBanks
[2026-02-10 10:23:42] DEBUG: Schema\Builder: Entity CCity
[2026-02-10 10:23:42] DEBUG: Schema\Builder: Entity CContactType
[2026-02-10 10:23:42] DEBUG: Schema\Builder: Entity CCountry
[2026-02-10 10:23:42] DEBUG: Schema\Builder: Entity CDepartment
[2026-02-10 10:23:42] DEBUG: Schema\Builder: Entity CDependantRelation
[2026-02-10 10:23:42] DEBUG: Schema\Builder: Entity CDrivingLicense
[2026-02-10 10:23:42] DEBUG: Schema\Builder: Entity CEmployee
[2026-02-10 10:23:42] DEBUG: Schema\Builder: Entity CEmployeeAddress
[2026-02-10 10:23:42] DEBUG: Schema\Builder: Entity CEmployeeBank
[2026-02-10 10:23:42] DEBUG: Schema\Builder: Entity CEmployeeContact
[2026-02-10 10:23:42] DEBUG: Schema\Builder: Entity CEmployeeDependent
[2026-02-10 10:23:42] DEBUG: Schema\Builder: Entity CEmployeeDocuments
[2026-02-10 10:23:42] DEBUG: Schema\Builder: Entity CEmployeePastExperience
[2026-02-10 10:23:42] DEBUG: Schema\Builder: Entity CPanCard
[2026-02-10 10:23:42] DEBUG: Schema\Builder: Entity CPassport
[2026-02-10 10:23:42] DEBUG: Schema\Builder: Entity CState
[2026-02-10 10:23:42] DEBUG: Schema\Builder: Entity CVoterIdCard
[2026-02-10 10:23:42] DEBUG: Schema\Builder: Entity CWorkRole
[2026-02-10 10:23:42] DEBUG: Schema\Builder: ManyMany for Email.emailAccounts
[2026-02-10 10:23:42] DEBUG: Schema\Builder: ManyMany for Email.inboundEmails
[2026-02-10 10:23:42] DEBUG: Schema\Builder: ManyMany for Email.replyToEmailAddresses
[2026-02-10 10:23:42] DEBUG: Schema\Builder: ManyMany for Email.users
[2026-02-10 10:23:42] DEBUG: Schema\Builder: ManyMany for Email.assignedUsers
[2026-02-10 10:23:42] DEBUG: Schema\Builder: ManyMany for Email.teams
[2026-02-10 10:23:42] DEBUG: Schema\Builder: ManyMany for GroupEmailFolder.teams
[2026-02-10 10:23:42] DEBUG: Schema\Builder: ManyMany for InboundEmail.teams
[2026-02-10 10:23:42] DEBUG: Schema\Builder: ManyMany for Note.users
[2026-02-10 10:23:42] DEBUG: Schema\Builder: ManyMany for Note.portals
[2026-02-10 10:23:42] DEBUG: Schema\Builder: ManyMany for Note.teams
[2026-02-10 10:23:42] DEBUG: Schema\Builder: ManyMany for Portal.articles
[2026-02-10 10:23:42] DEBUG: Schema\Builder: ManyMany for Portal.portalRoles
[2026-02-10 10:23:42] DEBUG: Schema\Builder: ManyMany for Portal.users
[2026-02-10 10:23:42] DEBUG: Schema\Builder: ManyMany for PortalRole.users
[2026-02-10 10:23:42] DEBUG: Schema\Builder: ManyMany for Role.teams
[2026-02-10 10:23:42] DEBUG: Schema\Builder: ManyMany for Role.users
[2026-02-10 10:23:42] DEBUG: Schema\Builder: ManyMany for Team.users
[2026-02-10 10:23:42] DEBUG: Schema\Builder: ManyMany for User.emailAddresses
[2026-02-10 10:23:42] DEBUG: Schema\Builder: ManyMany for User.phoneNumbers
[2026-02-10 10:23:42] DEBUG: Schema\Builder: ManyMany for User.targetLists
[2026-02-10 10:23:42] DEBUG: Schema\Builder: ManyMany for User.accounts
[2026-02-10 10:23:42] DEBUG: Schema\Builder: ManyMany for User.calls
[2026-02-10 10:23:42] DEBUG: Schema\Builder: ManyMany for User.meetings
[2026-02-10 10:23:42] DEBUG: Schema\Builder: ManyMany for User.workingTimeRanges
[2026-02-10 10:23:42] DEBUG: Schema\Builder: ManyMany for WorkingTimeCalendar.ranges
[2026-02-10 10:23:42] DEBUG: Schema\Builder: ManyMany for Account.portalUsers
[2026-02-10 10:23:42] DEBUG: Schema\Builder: Table [account_portal_user] exists.
[2026-02-10 10:23:42] DEBUG: Schema\Builder: ManyMany for Account.targetLists
[2026-02-10 10:23:42] DEBUG: Schema\Builder: ManyMany for Account.documents
[2026-02-10 10:23:42] DEBUG: Schema\Builder: ManyMany for Account.contacts
[2026-02-10 10:23:42] DEBUG: Schema\Builder: ManyMany for Call.leads
[2026-02-10 10:23:42] DEBUG: Schema\Builder: ManyMany for Call.contacts
[2026-02-10 10:23:42] DEBUG: Schema\Builder: ManyMany for Campaign.excludingTargetLists
[2026-02-10 10:23:42] DEBUG: Schema\Builder: ManyMany for Campaign.targetLists
[2026-02-10 10:23:42] DEBUG: Schema\Builder: ManyMany for Case.articles
[2026-02-10 10:23:42] DEBUG: Schema\Builder: ManyMany for Case.contacts
[2026-02-10 10:23:42] DEBUG: Schema\Builder: ManyMany for Contact.documents
[2026-02-10 10:23:42] DEBUG: Schema\Builder: ManyMany for Contact.targetLists
[2026-02-10 10:23:42] DEBUG: Schema\Builder: ManyMany for Contact.meetings
[2026-02-10 10:23:42] DEBUG: Schema\Builder: ManyMany for Contact.opportunities
[2026-02-10 10:23:42] DEBUG: Schema\Builder: ManyMany for Document.leads
[2026-02-10 10:23:42] DEBUG: Schema\Builder: ManyMany for Document.opportunities
[2026-02-10 10:23:42] DEBUG: Schema\Builder: ManyMany for KnowledgeBaseArticle.categories
[2026-02-10 10:23:42] DEBUG: Schema\Builder: ManyMany for Lead.targetLists
[2026-02-10 10:23:42] DEBUG: Schema\Builder: ManyMany for Lead.meetings
[2026-02-10 10:23:42] DEBUG: Schema\Builder: ManyMany for MassEmail.excludingTargetLists
[2026-02-10 10:23:42] DEBUG: Schema\Builder: ManyMany for MassEmail.targetLists
[2026-02-10 10:23:42] DEBUG: Schema\Builder - End
[2026-02-10 10:24:55] DEBUG: API (409) Field 'dateOfIssue' already exists in 'CEmployee'.; POST /Admin/fieldManager/CEmployee; Input data: {"type":"foreign","dynamicLogicVisible":null,"dynamicLogicReadOnly":null,"dynamicLogicInvalid":null,"dynamicLogicReadOnlySaved":null,"link":"passport","field":"dateOfIssue","name":"dateOfIssue","label":"Date of Issue","view":"views/fields/foreign-date","relateOnImport":false,"tooltipText":null,"tooltip":false}; Route pattern: /Admin/fieldManager/{scope}; Route params: Array
(
    [controller] => FieldManager
    [action] => create
    [scope] => CEmployee
)
[2026-02-10 10:24:55] ERROR: (409) Field 'dateOfIssue' already exists in 'CEmployee'. :: POST /Admin/fieldManager/CEmployee 
[object] (Espo\Core\Exceptions\Conflict(code: 409): Field 'dateOfIssue' already exists in 'CEmployee'. at D:\xampp\htdocs\EspoCRM-9.2.7\application\Espo\Core\Exceptions\Conflict.php:61)
[stacktrace]
#0 D:\xampp\htdocs\EspoCRM-9.2.7\application\Espo\Tools\FieldManager\FieldManager.php(125): Espo\Core\Exceptions\Conflict::createWithBody('Field 'dateOfIs...', '{"messageTransl...')
#1 D:\xampp\htdocs\EspoCRM-9.2.7\application\Espo\Controllers\FieldManager.php(103): Espo\Tools\FieldManager\FieldManager->create('CEmployee', 'dateOfIssue', Array)
#2 D:\xampp\htdocs\EspoCRM-9.2.7\application\Espo\Core\Api\ControllerActionProcessor.php(87): Espo\Controllers\FieldManager->postActionCreate(Object(Espo\Core\Api\RequestWrapper), Object(Espo\Core\Api\ResponseWrapper))
#3 D:\xampp\htdocs\EspoCRM-9.2.7\application\Espo\Core\Api\ControllerActionHandler.php(65): Espo\Core\Api\ControllerActionProcessor->process('FieldManager', 'create', Object(Espo\Core\Api\RequestWrapper), Object(Espo\Core\Api\ResponseWrapper))
#4 D:\xampp\htdocs\EspoCRM-9.2.7\vendor\slim\slim\Slim\MiddlewareDispatcher.php(73): Espo\Core\Api\ControllerActionHandler->handle(Object(Slim\Psr7\Request))
#5 D:\xampp\htdocs\EspoCRM-9.2.7\application\Espo\Core\Api\RouteProcessor.php(221): Slim\MiddlewareDispatcher->handle(Object(Slim\Psr7\Request))
#6 D:\xampp\htdocs\EspoCRM-9.2.7\application\Espo\Core\Api\RouteProcessor.php(148): Espo\Core\Api\RouteProcessor->processControllerAction(Object(Espo\Core\Api\ProcessData), Object(Slim\Psr7\Request), Object(Espo\Core\Api\ResponseWrapper))
#7 D:\xampp\htdocs\EspoCRM-9.2.7\application\Espo\Core\Api\RouteProcessor.php(126): Espo\Core\Api\RouteProcessor->processAfterAuth(Object(Espo\Core\Api\ProcessData), Object(Slim\Psr7\Request), Object(Espo\Core\Api\ResponseWrapper))
#8 D:\xampp\htdocs\EspoCRM-9.2.7\application\Espo\Core\Api\RouteProcessor.php(78): Espo\Core\Api\RouteProcessor->processInternal(Object(Espo\Core\Api\ProcessData), Object(Slim\Psr7\Request), Object(Espo\Core\Api\RequestWrapper), Object(Espo\Core\Api\ResponseWrapper))
#9 D:\xampp\htdocs\EspoCRM-9.2.7\application\Espo\Core\Api\Starter.php(126): Espo\Core\Api\RouteProcessor->process(Object(Espo\Core\Api\ProcessData), Object(Slim\Psr7\Request), Object(Slim\Psr7\Response))
#10 D:\xampp\htdocs\EspoCRM-9.2.7\vendor\slim\slim\Slim\Handlers\Strategies\RequestResponse.php(38): Espo\Core\Api\Starter->Espo\Core\Api\{closure}(Object(Slim\Psr7\Request), Object(Slim\Psr7\Response), Array)
#11 D:\xampp\htdocs\EspoCRM-9.2.7\vendor\slim\slim\Slim\Routing\Route.php(363): Slim\Handlers\Strategies\RequestResponse->__invoke(Object(Closure), Object(Slim\Psr7\Request), Object(Slim\Psr7\Response), Array)
#12 D:\xampp\htdocs\EspoCRM-9.2.7\vendor\slim\slim\Slim\MiddlewareDispatcher.php(73): Slim\Routing\Route->handle(Object(Slim\Psr7\Request))
#13 D:\xampp\htdocs\EspoCRM-9.2.7\vendor\slim\slim\Slim\MiddlewareDispatcher.php(73): Slim\MiddlewareDispatcher->handle(Object(Slim\Psr7\Request))
#14 D:\xampp\htdocs\EspoCRM-9.2.7\vendor\slim\slim\Slim\Routing\Route.php(321): Slim\MiddlewareDispatcher->handle(Object(Slim\Psr7\Request))
#15 D:\xampp\htdocs\EspoCRM-9.2.7\vendor\slim\slim\Slim\Routing\RouteRunner.php(74): Slim\Routing\Route->run(Object(Slim\Psr7\Request))
#16 D:\xampp\htdocs\EspoCRM-9.2.7\vendor\slim\slim\Slim\Middleware\RoutingMiddleware.php(45): Slim\Routing\RouteRunner->handle(Object(Slim\Psr7\Request))
#17 D:\xampp\htdocs\EspoCRM-9.2.7\vendor\slim\slim\Slim\MiddlewareDispatcher.php(129): Slim\Middleware\RoutingMiddleware->process(Object(Slim\Psr7\Request), Object(Slim\Routing\RouteRunner))
#18 D:\xampp\htdocs\EspoCRM-9.2.7\vendor\slim\slim\Slim\Middleware\ErrorMiddleware.php(77): Psr\Http\Server\RequestHandlerInterface@anonymous->handle(Object(Slim\Psr7\Request))
#19 D:\xampp\htdocs\EspoCRM-9.2.7\vendor\slim\slim\Slim\MiddlewareDispatcher.php(129): Slim\Middleware\ErrorMiddleware->process(Object(Slim\Psr7\Request), Object(Psr\Http\Server\RequestHandlerInterface@anonymous))
#20 D:\xampp\htdocs\EspoCRM-9.2.7\vendor\slim\slim\Slim\MiddlewareDispatcher.php(73): Psr\Http\Server\RequestHandlerInterface@anonymous->handle(Object(Slim\Psr7\Request))
#21 D:\xampp\htdocs\EspoCRM-9.2.7\vendor\slim\slim\Slim\App.php(209): Slim\MiddlewareDispatcher->handle(Object(Slim\Psr7\Request))
#22 D:\xampp\htdocs\EspoCRM-9.2.7\vendor\slim\slim\Slim\App.php(193): Slim\App->handle(Object(Slim\Psr7\Request))
#23 D:\xampp\htdocs\EspoCRM-9.2.7\application\Espo\Core\Api\Starter.php(84): Slim\App->run()
#24 D:\xampp\htdocs\EspoCRM-9.2.7\application\Espo\Core\ApplicationRunners\Api.php(45): Espo\Core\Api\Starter->start()
#25 D:\xampp\htdocs\EspoCRM-9.2.7\application\Espo\Core\Application\RunnerRunner.php(84): Espo\Core\ApplicationRunners\Api->run()
#26 D:\xampp\htdocs\EspoCRM-9.2.7\application\Espo\Core\Application.php(86): Espo\Core\Application\RunnerRunner->run('Espo\\Core\\Appli...', NULL)
#27 D:\xampp\htdocs\EspoCRM-9.2.7\public\api\v1\index.php(35): Espo\Core\Application->run('Espo\\Core\\Appli...')
#28 {main}
[2026-02-10 10:25:33] DEBUG: Schema\Builder - Start
[2026-02-10 10:25:33] DEBUG: Schema\Builder: Rebuild for entity types: [CEmployee] with dependent entity types: [CEmployee, Attachment, User, EmailAddress, PhoneNumber, TargetList, Lead, Document, DocumentFolder, Team, GroupEmailFolder, Email, Task, Contact, CampaignLogRecord, EmailQueueItem, MassEmail, InboundEmail, EmailFilter, EmailFolder, EmailTemplate, EmailTemplateCategory, Campaign, Template, CampaignTrackingUrl, Opportunity, Call, Account, Meeting, Case, KnowledgeBaseArticle, KnowledgeBaseCategory, Portal, AuthenticationProvider, LayoutSet, LayoutRecord, Note, PortalRole, EmailAccount, WorkingTimeCalendar, WorkingTimeRange, Role, TargetListCategory, UserData, DashboardTemplate, CPassport, CPanCard, CVoterIdCard, CDrivingLicense, CADHAR, CDepartment, CEmployeeAddress, CCountry, CEmployeePastExperience, CWorkRole, CCity, CState, CBanks, CEmployeeBank, CEmployeeDocuments, CEmployeeContact, CContactType, CEmployeeDependent, CDependantRelation]
[2026-02-10 10:25:33] DEBUG: Schema\Builder: Entity Attachment
[2026-02-10 10:25:33] DEBUG: Schema\Builder: Entity AuthenticationProvider
[2026-02-10 10:25:33] DEBUG: Schema\Builder: Entity DashboardTemplate
[2026-02-10 10:25:33] DEBUG: Schema\Builder: Entity Email
[2026-02-10 10:25:33] DEBUG: Schema\Builder: Entity EmailAccount
[2026-02-10 10:25:33] DEBUG: Schema\Builder: Entity EmailAddress
[2026-02-10 10:25:33] DEBUG: Schema\Builder: Entity EmailFilter
[2026-02-10 10:25:33] DEBUG: Schema\Builder: Entity EmailFolder
[2026-02-10 10:25:33] DEBUG: Schema\Builder: Entity EmailTemplate
[2026-02-10 10:25:33] DEBUG: Schema\Builder: Entity EmailTemplateCategory
[2026-02-10 10:25:33] DEBUG: Schema\Builder: Entity GroupEmailFolder
[2026-02-10 10:25:33] DEBUG: Schema\Builder: Entity InboundEmail
[2026-02-10 10:25:33] DEBUG: Schema\Builder: Entity LayoutRecord
[2026-02-10 10:25:33] DEBUG: Schema\Builder: Entity LayoutSet
[2026-02-10 10:25:33] DEBUG: Schema\Builder: Entity Note
[2026-02-10 10:25:33] DEBUG: Schema\Builder: Entity PhoneNumber
[2026-02-10 10:25:33] DEBUG: Schema\Builder: Entity Portal
[2026-02-10 10:25:33] DEBUG: Schema\Builder: Entity PortalRole
[2026-02-10 10:25:33] DEBUG: Schema\Builder: Entity Role
[2026-02-10 10:25:33] DEBUG: Schema\Builder: Entity Team
[2026-02-10 10:25:33] DEBUG: Schema\Builder: Entity Template
[2026-02-10 10:25:33] DEBUG: Schema\Builder: Entity User
[2026-02-10 10:25:33] DEBUG: Schema\Builder: Entity UserData
[2026-02-10 10:25:33] DEBUG: Schema\Builder: Entity WorkingTimeCalendar
[2026-02-10 10:25:33] DEBUG: Schema\Builder: Entity WorkingTimeRange
[2026-02-10 10:25:33] DEBUG: Schema\Builder: Entity Account
[2026-02-10 10:25:33] DEBUG: Schema\Builder: Entity Call
[2026-02-10 10:25:33] DEBUG: Schema\Builder: Entity Campaign
[2026-02-10 10:25:33] DEBUG: Schema\Builder: Entity CampaignLogRecord
[2026-02-10 10:25:33] DEBUG: Schema\Builder: Entity CampaignTrackingUrl
[2026-02-10 10:25:33] DEBUG: Schema\Builder: Entity Case
[2026-02-10 10:25:33] DEBUG: Schema\Builder: Entity Contact
[2026-02-10 10:25:33] DEBUG: Schema\Builder: Entity Document
[2026-02-10 10:25:33] DEBUG: Schema\Builder: Entity DocumentFolder
[2026-02-10 10:25:33] DEBUG: Schema\Builder: Entity EmailQueueItem
[2026-02-10 10:25:33] DEBUG: Schema\Builder: Entity KnowledgeBaseArticle
[2026-02-10 10:25:33] DEBUG: Schema\Builder: Entity KnowledgeBaseCategory
[2026-02-10 10:25:33] DEBUG: Schema\Builder: Entity Lead
[2026-02-10 10:25:33] DEBUG: Schema\Builder: Entity MassEmail
[2026-02-10 10:25:33] DEBUG: Schema\Builder: Entity Meeting
[2026-02-10 10:25:33] DEBUG: Schema\Builder: Entity Opportunity
[2026-02-10 10:25:33] DEBUG: Schema\Builder: Entity TargetList
[2026-02-10 10:25:33] DEBUG: Schema\Builder: Entity TargetListCategory
[2026-02-10 10:25:33] DEBUG: Schema\Builder: Entity Task
[2026-02-10 10:25:33] DEBUG: Schema\Builder: Entity CADHAR
[2026-02-10 10:25:33] DEBUG: Schema\Builder: Entity CBanks
[2026-02-10 10:25:33] DEBUG: Schema\Builder: Entity CCity
[2026-02-10 10:25:33] DEBUG: Schema\Builder: Entity CContactType
[2026-02-10 10:25:33] DEBUG: Schema\Builder: Entity CCountry
[2026-02-10 10:25:33] DEBUG: Schema\Builder: Entity CDepartment
[2026-02-10 10:25:33] DEBUG: Schema\Builder: Entity CDependantRelation
[2026-02-10 10:25:33] DEBUG: Schema\Builder: Entity CDrivingLicense
[2026-02-10 10:25:33] DEBUG: Schema\Builder: Entity CEmployee
[2026-02-10 10:25:33] DEBUG: Schema\Builder: Entity CEmployeeAddress
[2026-02-10 10:25:33] DEBUG: Schema\Builder: Entity CEmployeeBank
[2026-02-10 10:25:33] DEBUG: Schema\Builder: Entity CEmployeeContact
[2026-02-10 10:25:33] DEBUG: Schema\Builder: Entity CEmployeeDependent
[2026-02-10 10:25:33] DEBUG: Schema\Builder: Entity CEmployeeDocuments
[2026-02-10 10:25:33] DEBUG: Schema\Builder: Entity CEmployeePastExperience
[2026-02-10 10:25:33] DEBUG: Schema\Builder: Entity CPanCard
[2026-02-10 10:25:33] DEBUG: Schema\Builder: Entity CPassport
[2026-02-10 10:25:33] DEBUG: Schema\Builder: Entity CState
[2026-02-10 10:25:33] DEBUG: Schema\Builder: Entity CVoterIdCard
[2026-02-10 10:25:33] DEBUG: Schema\Builder: Entity CWorkRole
[2026-02-10 10:25:33] DEBUG: Schema\Builder: ManyMany for Email.emailAccounts
[2026-02-10 10:25:33] DEBUG: Schema\Builder: ManyMany for Email.inboundEmails
[2026-02-10 10:25:33] DEBUG: Schema\Builder: ManyMany for Email.replyToEmailAddresses
[2026-02-10 10:25:33] DEBUG: Schema\Builder: ManyMany for Email.users
[2026-02-10 10:25:33] DEBUG: Schema\Builder: ManyMany for Email.assignedUsers
[2026-02-10 10:25:33] DEBUG: Schema\Builder: ManyMany for Email.teams
[2026-02-10 10:25:33] DEBUG: Schema\Builder: ManyMany for GroupEmailFolder.teams
[2026-02-10 10:25:33] DEBUG: Schema\Builder: ManyMany for InboundEmail.teams
[2026-02-10 10:25:33] DEBUG: Schema\Builder: ManyMany for Note.users
[2026-02-10 10:25:33] DEBUG: Schema\Builder: ManyMany for Note.portals
[2026-02-10 10:25:33] DEBUG: Schema\Builder: ManyMany for Note.teams
[2026-02-10 10:25:33] DEBUG: Schema\Builder: ManyMany for Portal.articles
[2026-02-10 10:25:33] DEBUG: Schema\Builder: ManyMany for Portal.portalRoles
[2026-02-10 10:25:33] DEBUG: Schema\Builder: ManyMany for Portal.users
[2026-02-10 10:25:33] DEBUG: Schema\Builder: ManyMany for PortalRole.users
[2026-02-10 10:25:33] DEBUG: Schema\Builder: ManyMany for Role.teams
[2026-02-10 10:25:33] DEBUG: Schema\Builder: ManyMany for Role.users
[2026-02-10 10:25:33] DEBUG: Schema\Builder: ManyMany for Team.users
[2026-02-10 10:25:33] DEBUG: Schema\Builder: ManyMany for User.emailAddresses
[2026-02-10 10:25:33] DEBUG: Schema\Builder: ManyMany for User.phoneNumbers
[2026-02-10 10:25:33] DEBUG: Schema\Builder: ManyMany for User.targetLists
[2026-02-10 10:25:33] DEBUG: Schema\Builder: ManyMany for User.accounts
[2026-02-10 10:25:33] DEBUG: Schema\Builder: ManyMany for User.calls
[2026-02-10 10:25:33] DEBUG: Schema\Builder: ManyMany for User.meetings
[2026-02-10 10:25:33] DEBUG: Schema\Builder: ManyMany for User.workingTimeRanges
[2026-02-10 10:25:33] DEBUG: Schema\Builder: ManyMany for WorkingTimeCalendar.ranges
[2026-02-10 10:25:33] DEBUG: Schema\Builder: ManyMany for Account.portalUsers
[2026-02-10 10:25:33] DEBUG: Schema\Builder: Table [account_portal_user] exists.
[2026-02-10 10:25:33] DEBUG: Schema\Builder: ManyMany for Account.targetLists
[2026-02-10 10:25:33] DEBUG: Schema\Builder: ManyMany for Account.documents
[2026-02-10 10:25:33] DEBUG: Schema\Builder: ManyMany for Account.contacts
[2026-02-10 10:25:33] DEBUG: Schema\Builder: ManyMany for Call.leads
[2026-02-10 10:25:33] DEBUG: Schema\Builder: ManyMany for Call.contacts
[2026-02-10 10:25:33] DEBUG: Schema\Builder: ManyMany for Campaign.excludingTargetLists
[2026-02-10 10:25:33] DEBUG: Schema\Builder: ManyMany for Campaign.targetLists
[2026-02-10 10:25:33] DEBUG: Schema\Builder: ManyMany for Case.articles
[2026-02-10 10:25:33] DEBUG: Schema\Builder: ManyMany for Case.contacts
[2026-02-10 10:25:33] DEBUG: Schema\Builder: ManyMany for Contact.documents
[2026-02-10 10:25:33] DEBUG: Schema\Builder: ManyMany for Contact.targetLists
[2026-02-10 10:25:33] DEBUG: Schema\Builder: ManyMany for Contact.meetings
[2026-02-10 10:25:33] DEBUG: Schema\Builder: ManyMany for Contact.opportunities
[2026-02-10 10:25:33] DEBUG: Schema\Builder: ManyMany for Document.leads
[2026-02-10 10:25:33] DEBUG: Schema\Builder: ManyMany for Document.opportunities
[2026-02-10 10:25:33] DEBUG: Schema\Builder: ManyMany for KnowledgeBaseArticle.categories
[2026-02-10 10:25:33] DEBUG: Schema\Builder: ManyMany for Lead.targetLists
[2026-02-10 10:25:33] DEBUG: Schema\Builder: ManyMany for Lead.meetings
[2026-02-10 10:25:33] DEBUG: Schema\Builder: ManyMany for MassEmail.excludingTargetLists
[2026-02-10 10:25:33] DEBUG: Schema\Builder: ManyMany for MassEmail.targetLists
[2026-02-10 10:25:33] DEBUG: Schema\Builder - End
[2026-02-10 10:28:37] DEBUG: Schema\Builder - Start
[2026-02-10 10:28:37] DEBUG: Schema\Builder: Rebuild for entity types: [CEmployee] with dependent entity types: [CEmployee, Attachment, User, EmailAddress, PhoneNumber, TargetList, Lead, Document, DocumentFolder, Team, GroupEmailFolder, Email, Task, Contact, CampaignLogRecord, EmailQueueItem, MassEmail, InboundEmail, EmailFilter, EmailFolder, EmailTemplate, EmailTemplateCategory, Campaign, Template, CampaignTrackingUrl, Opportunity, Call, Account, Meeting, Case, KnowledgeBaseArticle, KnowledgeBaseCategory, Portal, AuthenticationProvider, LayoutSet, LayoutRecord, Note, PortalRole, EmailAccount, WorkingTimeCalendar, WorkingTimeRange, Role, TargetListCategory, UserData, DashboardTemplate, CPassport, CPanCard, CVoterIdCard, CDrivingLicense, CADHAR, CDepartment, CEmployeeAddress, CCountry, CEmployeePastExperience, CWorkRole, CCity, CState, CBanks, CEmployeeBank, CEmployeeDocuments, CEmployeeContact, CContactType, CEmployeeDependent, CDependantRelation]
[2026-02-10 10:28:37] DEBUG: Schema\Builder: Entity Attachment
[2026-02-10 10:28:37] DEBUG: Schema\Builder: Entity AuthenticationProvider
[2026-02-10 10:28:37] DEBUG: Schema\Builder: Entity DashboardTemplate
[2026-02-10 10:28:37] DEBUG: Schema\Builder: Entity Email
[2026-02-10 10:28:37] DEBUG: Schema\Builder: Entity EmailAccount
[2026-02-10 10:28:37] DEBUG: Schema\Builder: Entity EmailAddress
[2026-02-10 10:28:37] DEBUG: Schema\Builder: Entity EmailFilter
[2026-02-10 10:28:37] DEBUG: Schema\Builder: Entity EmailFolder
[2026-02-10 10:28:37] DEBUG: Schema\Builder: Entity EmailTemplate
[2026-02-10 10:28:37] DEBUG: Schema\Builder: Entity EmailTemplateCategory
[2026-02-10 10:28:37] DEBUG: Schema\Builder: Entity GroupEmailFolder
[2026-02-10 10:28:37] DEBUG: Schema\Builder: Entity InboundEmail
[2026-02-10 10:28:37] DEBUG: Schema\Builder: Entity LayoutRecord
[2026-02-10 10:28:37] DEBUG: Schema\Builder: Entity LayoutSet
[2026-02-10 10:28:37] DEBUG: Schema\Builder: Entity Note
[2026-02-10 10:28:37] DEBUG: Schema\Builder: Entity PhoneNumber
[2026-02-10 10:28:37] DEBUG: Schema\Builder: Entity Portal
[2026-02-10 10:28:37] DEBUG: Schema\Builder: Entity PortalRole
[2026-02-10 10:28:37] DEBUG: Schema\Builder: Entity Role
[2026-02-10 10:28:37] DEBUG: Schema\Builder: Entity Team
[2026-02-10 10:28:37] DEBUG: Schema\Builder: Entity Template
[2026-02-10 10:28:37] DEBUG: Schema\Builder: Entity User
[2026-02-10 10:28:37] DEBUG: Schema\Builder: Entity UserData
[2026-02-10 10:28:37] DEBUG: Schema\Builder: Entity WorkingTimeCalendar
[2026-02-10 10:28:37] DEBUG: Schema\Builder: Entity WorkingTimeRange
[2026-02-10 10:28:37] DEBUG: Schema\Builder: Entity Account
[2026-02-10 10:28:37] DEBUG: Schema\Builder: Entity Call
[2026-02-10 10:28:37] DEBUG: Schema\Builder: Entity Campaign
[2026-02-10 10:28:37] DEBUG: Schema\Builder: Entity CampaignLogRecord
[2026-02-10 10:28:37] DEBUG: Schema\Builder: Entity CampaignTrackingUrl
[2026-02-10 10:28:37] DEBUG: Schema\Builder: Entity Case
[2026-02-10 10:28:37] DEBUG: Schema\Builder: Entity Contact
[2026-02-10 10:28:37] DEBUG: Schema\Builder: Entity Document
[2026-02-10 10:28:37] DEBUG: Schema\Builder: Entity DocumentFolder
[2026-02-10 10:28:37] DEBUG: Schema\Builder: Entity EmailQueueItem
[2026-02-10 10:28:37] DEBUG: Schema\Builder: Entity KnowledgeBaseArticle
[2026-02-10 10:28:37] DEBUG: Schema\Builder: Entity KnowledgeBaseCategory
[2026-02-10 10:28:37] DEBUG: Schema\Builder: Entity Lead
[2026-02-10 10:28:37] DEBUG: Schema\Builder: Entity MassEmail
[2026-02-10 10:28:37] DEBUG: Schema\Builder: Entity Meeting
[2026-02-10 10:28:37] DEBUG: Schema\Builder: Entity Opportunity
[2026-02-10 10:28:37] DEBUG: Schema\Builder: Entity TargetList
[2026-02-10 10:28:37] DEBUG: Schema\Builder: Entity TargetListCategory
[2026-02-10 10:28:37] DEBUG: Schema\Builder: Entity Task
[2026-02-10 10:28:37] DEBUG: Schema\Builder: Entity CADHAR
[2026-02-10 10:28:37] DEBUG: Schema\Builder: Entity CBanks
[2026-02-10 10:28:37] DEBUG: Schema\Builder: Entity CCity
[2026-02-10 10:28:37] DEBUG: Schema\Builder: Entity CContactType
[2026-02-10 10:28:37] DEBUG: Schema\Builder: Entity CCountry
[2026-02-10 10:28:37] DEBUG: Schema\Builder: Entity CDepartment
[2026-02-10 10:28:37] DEBUG: Schema\Builder: Entity CDependantRelation
[2026-02-10 10:28:37] DEBUG: Schema\Builder: Entity CDrivingLicense
[2026-02-10 10:28:37] DEBUG: Schema\Builder: Entity CEmployee
[2026-02-10 10:28:37] DEBUG: Schema\Builder: Entity CEmployeeAddress
[2026-02-10 10:28:37] DEBUG: Schema\Builder: Entity CEmployeeBank
[2026-02-10 10:28:37] DEBUG: Schema\Builder: Entity CEmployeeContact
[2026-02-10 10:28:37] DEBUG: Schema\Builder: Entity CEmployeeDependent
[2026-02-10 10:28:37] DEBUG: Schema\Builder: Entity CEmployeeDocuments
[2026-02-10 10:28:37] DEBUG: Schema\Builder: Entity CEmployeePastExperience
[2026-02-10 10:28:37] DEBUG: Schema\Builder: Entity CPanCard
[2026-02-10 10:28:37] DEBUG: Schema\Builder: Entity CPassport
[2026-02-10 10:28:37] DEBUG: Schema\Builder: Entity CState
[2026-02-10 10:28:37] DEBUG: Schema\Builder: Entity CVoterIdCard
[2026-02-10 10:28:37] DEBUG: Schema\Builder: Entity CWorkRole
[2026-02-10 10:28:37] DEBUG: Schema\Builder: ManyMany for Email.emailAccounts
[2026-02-10 10:28:37] DEBUG: Schema\Builder: ManyMany for Email.inboundEmails
[2026-02-10 10:28:37] DEBUG: Schema\Builder: ManyMany for Email.replyToEmailAddresses
[2026-02-10 10:28:37] DEBUG: Schema\Builder: ManyMany for Email.users
[2026-02-10 10:28:37] DEBUG: Schema\Builder: ManyMany for Email.assignedUsers
[2026-02-10 10:28:37] DEBUG: Schema\Builder: ManyMany for Email.teams
[2026-02-10 10:28:37] DEBUG: Schema\Builder: ManyMany for GroupEmailFolder.teams
[2026-02-10 10:28:37] DEBUG: Schema\Builder: ManyMany for InboundEmail.teams
[2026-02-10 10:28:37] DEBUG: Schema\Builder: ManyMany for Note.users
[2026-02-10 10:28:37] DEBUG: Schema\Builder: ManyMany for Note.portals
[2026-02-10 10:28:37] DEBUG: Schema\Builder: ManyMany for Note.teams
[2026-02-10 10:28:37] DEBUG: Schema\Builder: ManyMany for Portal.articles
[2026-02-10 10:28:37] DEBUG: Schema\Builder: ManyMany for Portal.portalRoles
[2026-02-10 10:28:37] DEBUG: Schema\Builder: ManyMany for Portal.users
[2026-02-10 10:28:37] DEBUG: Schema\Builder: ManyMany for PortalRole.users
[2026-02-10 10:28:37] DEBUG: Schema\Builder: ManyMany for Role.teams
[2026-02-10 10:28:37] DEBUG: Schema\Builder: ManyMany for Role.users
[2026-02-10 10:28:37] DEBUG: Schema\Builder: ManyMany for Team.users
[2026-02-10 10:28:37] DEBUG: Schema\Builder: ManyMany for User.emailAddresses
[2026-02-10 10:28:37] DEBUG: Schema\Builder: ManyMany for User.phoneNumbers
[2026-02-10 10:28:37] DEBUG: Schema\Builder: ManyMany for User.targetLists
[2026-02-10 10:28:37] DEBUG: Schema\Builder: ManyMany for User.accounts
[2026-02-10 10:28:37] DEBUG: Schema\Builder: ManyMany for User.calls
[2026-02-10 10:28:37] DEBUG: Schema\Builder: ManyMany for User.meetings
[2026-02-10 10:28:37] DEBUG: Schema\Builder: ManyMany for User.workingTimeRanges
[2026-02-10 10:28:37] DEBUG: Schema\Builder: ManyMany for WorkingTimeCalendar.ranges
[2026-02-10 10:28:37] DEBUG: Schema\Builder: ManyMany for Account.portalUsers
[2026-02-10 10:28:37] DEBUG: Schema\Builder: Table [account_portal_user] exists.
[2026-02-10 10:28:37] DEBUG: Schema\Builder: ManyMany for Account.targetLists
[2026-02-10 10:28:37] DEBUG: Schema\Builder: ManyMany for Account.documents
[2026-02-10 10:28:37] DEBUG: Schema\Builder: ManyMany for Account.contacts
[2026-02-10 10:28:37] DEBUG: Schema\Builder: ManyMany for Call.leads
[2026-02-10 10:28:37] DEBUG: Schema\Builder: ManyMany for Call.contacts
[2026-02-10 10:28:37] DEBUG: Schema\Builder: ManyMany for Campaign.excludingTargetLists
[2026-02-10 10:28:37] DEBUG: Schema\Builder: ManyMany for Campaign.targetLists
[2026-02-10 10:28:37] DEBUG: Schema\Builder: ManyMany for Case.articles
[2026-02-10 10:28:37] DEBUG: Schema\Builder: ManyMany for Case.contacts
[2026-02-10 10:28:37] DEBUG: Schema\Builder: ManyMany for Contact.documents
[2026-02-10 10:28:37] DEBUG: Schema\Builder: ManyMany for Contact.targetLists
[2026-02-10 10:28:37] DEBUG: Schema\Builder: ManyMany for Contact.meetings
[2026-02-10 10:28:37] DEBUG: Schema\Builder: ManyMany for Contact.opportunities
[2026-02-10 10:28:37] DEBUG: Schema\Builder: ManyMany for Document.leads
[2026-02-10 10:28:37] DEBUG: Schema\Builder: ManyMany for Document.opportunities
[2026-02-10 10:28:37] DEBUG: Schema\Builder: ManyMany for KnowledgeBaseArticle.categories
[2026-02-10 10:28:37] DEBUG: Schema\Builder: ManyMany for Lead.targetLists
[2026-02-10 10:28:37] DEBUG: Schema\Builder: ManyMany for Lead.meetings
[2026-02-10 10:28:37] DEBUG: Schema\Builder: ManyMany for MassEmail.excludingTargetLists
[2026-02-10 10:28:37] DEBUG: Schema\Builder: ManyMany for MassEmail.targetLists
[2026-02-10 10:28:37] DEBUG: Schema\Builder - End
[2026-02-10 10:31:28] DEBUG: Schema\Builder - Start
[2026-02-10 10:31:28] DEBUG: Schema\Builder: Rebuild for entity types: [CEmployee] with dependent entity types: [CEmployee, Attachment, User, EmailAddress, PhoneNumber, TargetList, Lead, Document, DocumentFolder, Team, GroupEmailFolder, Email, Task, Contact, CampaignLogRecord, EmailQueueItem, MassEmail, InboundEmail, EmailFilter, EmailFolder, EmailTemplate, EmailTemplateCategory, Campaign, Template, CampaignTrackingUrl, Opportunity, Call, Account, Meeting, Case, KnowledgeBaseArticle, KnowledgeBaseCategory, Portal, AuthenticationProvider, LayoutSet, LayoutRecord, Note, PortalRole, EmailAccount, WorkingTimeCalendar, WorkingTimeRange, Role, TargetListCategory, UserData, DashboardTemplate, CPassport, CPanCard, CVoterIdCard, CDrivingLicense, CADHAR, CDepartment, CEmployeeAddress, CCountry, CEmployeePastExperience, CWorkRole, CCity, CState, CBanks, CEmployeeBank, CEmployeeDocuments, CEmployeeContact, CContactType, CEmployeeDependent, CDependantRelation]
[2026-02-10 10:31:28] DEBUG: Schema\Builder: Entity Attachment
[2026-02-10 10:31:28] DEBUG: Schema\Builder: Entity AuthenticationProvider
[2026-02-10 10:31:28] DEBUG: Schema\Builder: Entity DashboardTemplate
[2026-02-10 10:31:28] DEBUG: Schema\Builder: Entity Email
[2026-02-10 10:31:28] DEBUG: Schema\Builder: Entity EmailAccount
[2026-02-10 10:31:28] DEBUG: Schema\Builder: Entity EmailAddress
[2026-02-10 10:31:28] DEBUG: Schema\Builder: Entity EmailFilter
[2026-02-10 10:31:28] DEBUG: Schema\Builder: Entity EmailFolder
[2026-02-10 10:31:28] DEBUG: Schema\Builder: Entity EmailTemplate
[2026-02-10 10:31:28] DEBUG: Schema\Builder: Entity EmailTemplateCategory
[2026-02-10 10:31:28] DEBUG: Schema\Builder: Entity GroupEmailFolder
[2026-02-10 10:31:28] DEBUG: Schema\Builder: Entity InboundEmail
[2026-02-10 10:31:28] DEBUG: Schema\Builder: Entity LayoutRecord
[2026-02-10 10:31:28] DEBUG: Schema\Builder: Entity LayoutSet
[2026-02-10 10:31:28] DEBUG: Schema\Builder: Entity Note
[2026-02-10 10:31:28] DEBUG: Schema\Builder: Entity PhoneNumber
[2026-02-10 10:31:28] DEBUG: Schema\Builder: Entity Portal
[2026-02-10 10:31:28] DEBUG: Schema\Builder: Entity PortalRole
[2026-02-10 10:31:28] DEBUG: Schema\Builder: Entity Role
[2026-02-10 10:31:28] DEBUG: Schema\Builder: Entity Team
[2026-02-10 10:31:28] DEBUG: Schema\Builder: Entity Template
[2026-02-10 10:31:28] DEBUG: Schema\Builder: Entity User
[2026-02-10 10:31:28] DEBUG: Schema\Builder: Entity UserData
[2026-02-10 10:31:28] DEBUG: Schema\Builder: Entity WorkingTimeCalendar
[2026-02-10 10:31:28] DEBUG: Schema\Builder: Entity WorkingTimeRange
[2026-02-10 10:31:28] DEBUG: Schema\Builder: Entity Account
[2026-02-10 10:31:28] DEBUG: Schema\Builder: Entity Call
[2026-02-10 10:31:28] DEBUG: Schema\Builder: Entity Campaign
[2026-02-10 10:31:28] DEBUG: Schema\Builder: Entity CampaignLogRecord
[2026-02-10 10:31:28] DEBUG: Schema\Builder: Entity CampaignTrackingUrl
[2026-02-10 10:31:28] DEBUG: Schema\Builder: Entity Case
[2026-02-10 10:31:28] DEBUG: Schema\Builder: Entity Contact
[2026-02-10 10:31:28] DEBUG: Schema\Builder: Entity Document
[2026-02-10 10:31:28] DEBUG: Schema\Builder: Entity DocumentFolder
[2026-02-10 10:31:28] DEBUG: Schema\Builder: Entity EmailQueueItem
[2026-02-10 10:31:28] DEBUG: Schema\Builder: Entity KnowledgeBaseArticle
[2026-02-10 10:31:28] DEBUG: Schema\Builder: Entity KnowledgeBaseCategory
[2026-02-10 10:31:28] DEBUG: Schema\Builder: Entity Lead
[2026-02-10 10:31:28] DEBUG: Schema\Builder: Entity MassEmail
[2026-02-10 10:31:28] DEBUG: Schema\Builder: Entity Meeting
[2026-02-10 10:31:28] DEBUG: Schema\Builder: Entity Opportunity
[2026-02-10 10:31:28] DEBUG: Schema\Builder: Entity TargetList
[2026-02-10 10:31:28] DEBUG: Schema\Builder: Entity TargetListCategory
[2026-02-10 10:31:28] DEBUG: Schema\Builder: Entity Task
[2026-02-10 10:31:28] DEBUG: Schema\Builder: Entity CADHAR
[2026-02-10 10:31:28] DEBUG: Schema\Builder: Entity CBanks
[2026-02-10 10:31:28] DEBUG: Schema\Builder: Entity CCity
[2026-02-10 10:31:28] DEBUG: Schema\Builder: Entity CContactType
[2026-02-10 10:31:28] DEBUG: Schema\Builder: Entity CCountry
[2026-02-10 10:31:28] DEBUG: Schema\Builder: Entity CDepartment
[2026-02-10 10:31:28] DEBUG: Schema\Builder: Entity CDependantRelation
[2026-02-10 10:31:28] DEBUG: Schema\Builder: Entity CDrivingLicense
[2026-02-10 10:31:28] DEBUG: Schema\Builder: Entity CEmployee
[2026-02-10 10:31:28] DEBUG: Schema\Builder: Entity CEmployeeAddress
[2026-02-10 10:31:28] DEBUG: Schema\Builder: Entity CEmployeeBank
[2026-02-10 10:31:28] DEBUG: Schema\Builder: Entity CEmployeeContact
[2026-02-10 10:31:28] DEBUG: Schema\Builder: Entity CEmployeeDependent
[2026-02-10 10:31:28] DEBUG: Schema\Builder: Entity CEmployeeDocuments
[2026-02-10 10:31:28] DEBUG: Schema\Builder: Entity CEmployeePastExperience
[2026-02-10 10:31:28] DEBUG: Schema\Builder: Entity CPanCard
[2026-02-10 10:31:29] DEBUG: Schema\Builder: Entity CPassport
[2026-02-10 10:31:29] DEBUG: Schema\Builder: Entity CState
[2026-02-10 10:31:29] DEBUG: Schema\Builder: Entity CVoterIdCard
[2026-02-10 10:31:29] DEBUG: Schema\Builder: Entity CWorkRole
[2026-02-10 10:31:29] DEBUG: Schema\Builder: ManyMany for Email.emailAccounts
[2026-02-10 10:31:29] DEBUG: Schema\Builder: ManyMany for Email.inboundEmails
[2026-02-10 10:31:29] DEBUG: Schema\Builder: ManyMany for Email.replyToEmailAddresses
[2026-02-10 10:31:29] DEBUG: Schema\Builder: ManyMany for Email.users
[2026-02-10 10:31:29] DEBUG: Schema\Builder: ManyMany for Email.assignedUsers
[2026-02-10 10:31:29] DEBUG: Schema\Builder: ManyMany for Email.teams
[2026-02-10 10:31:29] DEBUG: Schema\Builder: ManyMany for GroupEmailFolder.teams
[2026-02-10 10:31:29] DEBUG: Schema\Builder: ManyMany for InboundEmail.teams
[2026-02-10 10:31:29] DEBUG: Schema\Builder: ManyMany for Note.users
[2026-02-10 10:31:29] DEBUG: Schema\Builder: ManyMany for Note.portals
[2026-02-10 10:31:29] DEBUG: Schema\Builder: ManyMany for Note.teams
[2026-02-10 10:31:29] DEBUG: Schema\Builder: ManyMany for Portal.articles
[2026-02-10 10:31:29] DEBUG: Schema\Builder: ManyMany for Portal.portalRoles
[2026-02-10 10:31:29] DEBUG: Schema\Builder: ManyMany for Portal.users
[2026-02-10 10:31:29] DEBUG: Schema\Builder: ManyMany for PortalRole.users
[2026-02-10 10:31:29] DEBUG: Schema\Builder: ManyMany for Role.teams
[2026-02-10 10:31:29] DEBUG: Schema\Builder: ManyMany for Role.users
[2026-02-10 10:31:29] DEBUG: Schema\Builder: ManyMany for Team.users
[2026-02-10 10:31:29] DEBUG: Schema\Builder: ManyMany for User.emailAddresses
[2026-02-10 10:31:29] DEBUG: Schema\Builder: ManyMany for User.phoneNumbers
[2026-02-10 10:31:29] DEBUG: Schema\Builder: ManyMany for User.targetLists
[2026-02-10 10:31:29] DEBUG: Schema\Builder: ManyMany for User.accounts
[2026-02-10 10:31:29] DEBUG: Schema\Builder: ManyMany for User.calls
[2026-02-10 10:31:29] DEBUG: Schema\Builder: ManyMany for User.meetings
[2026-02-10 10:31:29] DEBUG: Schema\Builder: ManyMany for User.workingTimeRanges
[2026-02-10 10:31:29] DEBUG: Schema\Builder: ManyMany for WorkingTimeCalendar.ranges
[2026-02-10 10:31:29] DEBUG: Schema\Builder: ManyMany for Account.portalUsers
[2026-02-10 10:31:29] DEBUG: Schema\Builder: Table [account_portal_user] exists.
[2026-02-10 10:31:29] DEBUG: Schema\Builder: ManyMany for Account.targetLists
[2026-02-10 10:31:29] DEBUG: Schema\Builder: ManyMany for Account.documents
[2026-02-10 10:31:29] DEBUG: Schema\Builder: ManyMany for Account.contacts
[2026-02-10 10:31:29] DEBUG: Schema\Builder: ManyMany for Call.leads
[2026-02-10 10:31:29] DEBUG: Schema\Builder: ManyMany for Call.contacts
[2026-02-10 10:31:29] DEBUG: Schema\Builder: ManyMany for Campaign.excludingTargetLists
[2026-02-10 10:31:29] DEBUG: Schema\Builder: ManyMany for Campaign.targetLists
[2026-02-10 10:31:29] DEBUG: Schema\Builder: ManyMany for Case.articles
[2026-02-10 10:31:29] DEBUG: Schema\Builder: ManyMany for Case.contacts
[2026-02-10 10:31:29] DEBUG: Schema\Builder: ManyMany for Contact.documents
[2026-02-10 10:31:29] DEBUG: Schema\Builder: ManyMany for Contact.targetLists
[2026-02-10 10:31:29] DEBUG: Schema\Builder: ManyMany for Contact.meetings
[2026-02-10 10:31:29] DEBUG: Schema\Builder: ManyMany for Contact.opportunities
[2026-02-10 10:31:29] DEBUG: Schema\Builder: ManyMany for Document.leads
[2026-02-10 10:31:29] DEBUG: Schema\Builder: ManyMany for Document.opportunities
[2026-02-10 10:31:29] DEBUG: Schema\Builder: ManyMany for KnowledgeBaseArticle.categories
[2026-02-10 10:31:29] DEBUG: Schema\Builder: ManyMany for Lead.targetLists
[2026-02-10 10:31:29] DEBUG: Schema\Builder: ManyMany for Lead.meetings
[2026-02-10 10:31:29] DEBUG: Schema\Builder: ManyMany for MassEmail.excludingTargetLists
[2026-02-10 10:31:29] DEBUG: Schema\Builder: ManyMany for MassEmail.targetLists
[2026-02-10 10:31:29] DEBUG: Schema\Builder - End
[2026-02-10 10:32:27] DEBUG: Schema\Builder - Start
[2026-02-10 10:32:27] DEBUG: Schema\Builder: Rebuild for entity types: [CEmployee] with dependent entity types: [CEmployee, Attachment, User, EmailAddress, PhoneNumber, TargetList, Lead, Document, DocumentFolder, Team, GroupEmailFolder, Email, Task, Contact, CampaignLogRecord, EmailQueueItem, MassEmail, InboundEmail, EmailFilter, EmailFolder, EmailTemplate, EmailTemplateCategory, Campaign, Template, CampaignTrackingUrl, Opportunity, Call, Account, Meeting, Case, KnowledgeBaseArticle, KnowledgeBaseCategory, Portal, AuthenticationProvider, LayoutSet, LayoutRecord, Note, PortalRole, EmailAccount, WorkingTimeCalendar, WorkingTimeRange, Role, TargetListCategory, UserData, DashboardTemplate, CPassport, CPanCard, CVoterIdCard, CDrivingLicense, CADHAR, CDepartment, CEmployeeAddress, CCountry, CEmployeePastExperience, CWorkRole, CCity, CState, CBanks, CEmployeeBank, CEmployeeDocuments, CEmployeeContact, CContactType, CEmployeeDependent, CDependantRelation]
[2026-02-10 10:32:27] DEBUG: Schema\Builder: Entity Attachment
[2026-02-10 10:32:27] DEBUG: Schema\Builder: Entity AuthenticationProvider
[2026-02-10 10:32:27] DEBUG: Schema\Builder: Entity DashboardTemplate
[2026-02-10 10:32:27] DEBUG: Schema\Builder: Entity Email
[2026-02-10 10:32:27] DEBUG: Schema\Builder: Entity EmailAccount
[2026-02-10 10:32:27] DEBUG: Schema\Builder: Entity EmailAddress
[2026-02-10 10:32:27] DEBUG: Schema\Builder: Entity EmailFilter
[2026-02-10 10:32:27] DEBUG: Schema\Builder: Entity EmailFolder
[2026-02-10 10:32:27] DEBUG: Schema\Builder: Entity EmailTemplate
[2026-02-10 10:32:27] DEBUG: Schema\Builder: Entity EmailTemplateCategory
[2026-02-10 10:32:27] DEBUG: Schema\Builder: Entity GroupEmailFolder
[2026-02-10 10:32:27] DEBUG: Schema\Builder: Entity InboundEmail
[2026-02-10 10:32:27] DEBUG: Schema\Builder: Entity LayoutRecord
[2026-02-10 10:32:27] DEBUG: Schema\Builder: Entity LayoutSet
[2026-02-10 10:32:27] DEBUG: Schema\Builder: Entity Note
[2026-02-10 10:32:27] DEBUG: Schema\Builder: Entity PhoneNumber
[2026-02-10 10:32:27] DEBUG: Schema\Builder: Entity Portal
[2026-02-10 10:32:27] DEBUG: Schema\Builder: Entity PortalRole
[2026-02-10 10:32:27] DEBUG: Schema\Builder: Entity Role
[2026-02-10 10:32:27] DEBUG: Schema\Builder: Entity Team
[2026-02-10 10:32:27] DEBUG: Schema\Builder: Entity Template
[2026-02-10 10:32:27] DEBUG: Schema\Builder: Entity User
[2026-02-10 10:32:27] DEBUG: Schema\Builder: Entity UserData
[2026-02-10 10:32:27] DEBUG: Schema\Builder: Entity WorkingTimeCalendar
[2026-02-10 10:32:27] DEBUG: Schema\Builder: Entity WorkingTimeRange
[2026-02-10 10:32:27] DEBUG: Schema\Builder: Entity Account
[2026-02-10 10:32:27] DEBUG: Schema\Builder: Entity Call
[2026-02-10 10:32:27] DEBUG: Schema\Builder: Entity Campaign
[2026-02-10 10:32:27] DEBUG: Schema\Builder: Entity CampaignLogRecord
[2026-02-10 10:32:27] DEBUG: Schema\Builder: Entity CampaignTrackingUrl
[2026-02-10 10:32:27] DEBUG: Schema\Builder: Entity Case
[2026-02-10 10:32:27] DEBUG: Schema\Builder: Entity Contact
[2026-02-10 10:32:27] DEBUG: Schema\Builder: Entity Document
[2026-02-10 10:32:27] DEBUG: Schema\Builder: Entity DocumentFolder
[2026-02-10 10:32:27] DEBUG: Schema\Builder: Entity EmailQueueItem
[2026-02-10 10:32:27] DEBUG: Schema\Builder: Entity KnowledgeBaseArticle
[2026-02-10 10:32:27] DEBUG: Schema\Builder: Entity KnowledgeBaseCategory
[2026-02-10 10:32:27] DEBUG: Schema\Builder: Entity Lead
[2026-02-10 10:32:27] DEBUG: Schema\Builder: Entity MassEmail
[2026-02-10 10:32:27] DEBUG: Schema\Builder: Entity Meeting
[2026-02-10 10:32:27] DEBUG: Schema\Builder: Entity Opportunity
[2026-02-10 10:32:27] DEBUG: Schema\Builder: Entity TargetList
[2026-02-10 10:32:27] DEBUG: Schema\Builder: Entity TargetListCategory
[2026-02-10 10:32:27] DEBUG: Schema\Builder: Entity Task
[2026-02-10 10:32:27] DEBUG: Schema\Builder: Entity CADHAR
[2026-02-10 10:32:27] DEBUG: Schema\Builder: Entity CBanks
[2026-02-10 10:32:27] DEBUG: Schema\Builder: Entity CCity
[2026-02-10 10:32:27] DEBUG: Schema\Builder: Entity CContactType
[2026-02-10 10:32:27] DEBUG: Schema\Builder: Entity CCountry
[2026-02-10 10:32:27] DEBUG: Schema\Builder: Entity CDepartment
[2026-02-10 10:32:27] DEBUG: Schema\Builder: Entity CDependantRelation
[2026-02-10 10:32:27] DEBUG: Schema\Builder: Entity CDrivingLicense
[2026-02-10 10:32:27] DEBUG: Schema\Builder: Entity CEmployee
[2026-02-10 10:32:27] DEBUG: Schema\Builder: Entity CEmployeeAddress
[2026-02-10 10:32:27] DEBUG: Schema\Builder: Entity CEmployeeBank
[2026-02-10 10:32:27] DEBUG: Schema\Builder: Entity CEmployeeContact
[2026-02-10 10:32:27] DEBUG: Schema\Builder: Entity CEmployeeDependent
[2026-02-10 10:32:27] DEBUG: Schema\Builder: Entity CEmployeeDocuments
[2026-02-10 10:32:27] DEBUG: Schema\Builder: Entity CEmployeePastExperience
[2026-02-10 10:32:27] DEBUG: Schema\Builder: Entity CPanCard
[2026-02-10 10:32:27] DEBUG: Schema\Builder: Entity CPassport
[2026-02-10 10:32:27] DEBUG: Schema\Builder: Entity CState
[2026-02-10 10:32:27] DEBUG: Schema\Builder: Entity CVoterIdCard
[2026-02-10 10:32:27] DEBUG: Schema\Builder: Entity CWorkRole
[2026-02-10 10:32:27] DEBUG: Schema\Builder: ManyMany for Email.emailAccounts
[2026-02-10 10:32:27] DEBUG: Schema\Builder: ManyMany for Email.inboundEmails
[2026-02-10 10:32:27] DEBUG: Schema\Builder: ManyMany for Email.replyToEmailAddresses
[2026-02-10 10:32:27] DEBUG: Schema\Builder: ManyMany for Email.users
[2026-02-10 10:32:27] DEBUG: Schema\Builder: ManyMany for Email.assignedUsers
[2026-02-10 10:32:27] DEBUG: Schema\Builder: ManyMany for Email.teams
[2026-02-10 10:32:27] DEBUG: Schema\Builder: ManyMany for GroupEmailFolder.teams
[2026-02-10 10:32:27] DEBUG: Schema\Builder: ManyMany for InboundEmail.teams
[2026-02-10 10:32:27] DEBUG: Schema\Builder: ManyMany for Note.users
[2026-02-10 10:32:27] DEBUG: Schema\Builder: ManyMany for Note.portals
[2026-02-10 10:32:27] DEBUG: Schema\Builder: ManyMany for Note.teams
[2026-02-10 10:32:27] DEBUG: Schema\Builder: ManyMany for Portal.articles
[2026-02-10 10:32:27] DEBUG: Schema\Builder: ManyMany for Portal.portalRoles
[2026-02-10 10:32:27] DEBUG: Schema\Builder: ManyMany for Portal.users
[2026-02-10 10:32:27] DEBUG: Schema\Builder: ManyMany for PortalRole.users
[2026-02-10 10:32:27] DEBUG: Schema\Builder: ManyMany for Role.teams
[2026-02-10 10:32:27] DEBUG: Schema\Builder: ManyMany for Role.users
[2026-02-10 10:32:27] DEBUG: Schema\Builder: ManyMany for Team.users
[2026-02-10 10:32:27] DEBUG: Schema\Builder: ManyMany for User.emailAddresses
[2026-02-10 10:32:27] DEBUG: Schema\Builder: ManyMany for User.phoneNumbers
[2026-02-10 10:32:27] DEBUG: Schema\Builder: ManyMany for User.targetLists
[2026-02-10 10:32:27] DEBUG: Schema\Builder: ManyMany for User.accounts
[2026-02-10 10:32:27] DEBUG: Schema\Builder: ManyMany for User.calls
[2026-02-10 10:32:27] DEBUG: Schema\Builder: ManyMany for User.meetings
[2026-02-10 10:32:27] DEBUG: Schema\Builder: ManyMany for User.workingTimeRanges
[2026-02-10 10:32:27] DEBUG: Schema\Builder: ManyMany for WorkingTimeCalendar.ranges
[2026-02-10 10:32:27] DEBUG: Schema\Builder: ManyMany for Account.portalUsers
[2026-02-10 10:32:27] DEBUG: Schema\Builder: Table [account_portal_user] exists.
[2026-02-10 10:32:27] DEBUG: Schema\Builder: ManyMany for Account.targetLists
[2026-02-10 10:32:27] DEBUG: Schema\Builder: ManyMany for Account.documents
[2026-02-10 10:32:27] DEBUG: Schema\Builder: ManyMany for Account.contacts
[2026-02-10 10:32:27] DEBUG: Schema\Builder: ManyMany for Call.leads
[2026-02-10 10:32:27] DEBUG: Schema\Builder: ManyMany for Call.contacts
[2026-02-10 10:32:27] DEBUG: Schema\Builder: ManyMany for Campaign.excludingTargetLists
[2026-02-10 10:32:27] DEBUG: Schema\Builder: ManyMany for Campaign.targetLists
[2026-02-10 10:32:27] DEBUG: Schema\Builder: ManyMany for Case.articles
[2026-02-10 10:32:27] DEBUG: Schema\Builder: ManyMany for Case.contacts
[2026-02-10 10:32:27] DEBUG: Schema\Builder: ManyMany for Contact.documents
[2026-02-10 10:32:27] DEBUG: Schema\Builder: ManyMany for Contact.targetLists
[2026-02-10 10:32:27] DEBUG: Schema\Builder: ManyMany for Contact.meetings
[2026-02-10 10:32:27] DEBUG: Schema\Builder: ManyMany for Contact.opportunities
[2026-02-10 10:32:27] DEBUG: Schema\Builder: ManyMany for Document.leads
[2026-02-10 10:32:28] DEBUG: Schema\Builder: ManyMany for Document.opportunities
[2026-02-10 10:32:28] DEBUG: Schema\Builder: ManyMany for KnowledgeBaseArticle.categories
[2026-02-10 10:32:28] DEBUG: Schema\Builder: ManyMany for Lead.targetLists
[2026-02-10 10:32:28] DEBUG: Schema\Builder: ManyMany for Lead.meetings
[2026-02-10 10:32:28] DEBUG: Schema\Builder: ManyMany for MassEmail.excludingTargetLists
[2026-02-10 10:32:28] DEBUG: Schema\Builder: ManyMany for MassEmail.targetLists
[2026-02-10 10:32:28] DEBUG: Schema\Builder - End
[2026-02-10 10:33:59] DEBUG: Schema\Builder - Start
[2026-02-10 10:33:59] DEBUG: Schema\Builder: Rebuild for entity types: [CEmployee] with dependent entity types: [CEmployee, Attachment, User, EmailAddress, PhoneNumber, TargetList, Lead, Document, DocumentFolder, Team, GroupEmailFolder, Email, Task, Contact, CampaignLogRecord, EmailQueueItem, MassEmail, InboundEmail, EmailFilter, EmailFolder, EmailTemplate, EmailTemplateCategory, Campaign, Template, CampaignTrackingUrl, Opportunity, Call, Account, Meeting, Case, KnowledgeBaseArticle, KnowledgeBaseCategory, Portal, AuthenticationProvider, LayoutSet, LayoutRecord, Note, PortalRole, EmailAccount, WorkingTimeCalendar, WorkingTimeRange, Role, TargetListCategory, UserData, DashboardTemplate, CPassport, CPanCard, CVoterIdCard, CDrivingLicense, CADHAR, CDepartment, CEmployeeAddress, CCountry, CEmployeePastExperience, CWorkRole, CCity, CState, CBanks, CEmployeeBank, CEmployeeDocuments, CEmployeeContact, CContactType, CEmployeeDependent, CDependantRelation]
[2026-02-10 10:33:59] DEBUG: Schema\Builder: Entity Attachment
[2026-02-10 10:33:59] DEBUG: Schema\Builder: Entity AuthenticationProvider
[2026-02-10 10:33:59] DEBUG: Schema\Builder: Entity DashboardTemplate
[2026-02-10 10:33:59] DEBUG: Schema\Builder: Entity Email
[2026-02-10 10:33:59] DEBUG: Schema\Builder: Entity EmailAccount
[2026-02-10 10:33:59] DEBUG: Schema\Builder: Entity EmailAddress
[2026-02-10 10:33:59] DEBUG: Schema\Builder: Entity EmailFilter
[2026-02-10 10:33:59] DEBUG: Schema\Builder: Entity EmailFolder
[2026-02-10 10:33:59] DEBUG: Schema\Builder: Entity EmailTemplate
[2026-02-10 10:33:59] DEBUG: Schema\Builder: Entity EmailTemplateCategory
[2026-02-10 10:33:59] DEBUG: Schema\Builder: Entity GroupEmailFolder
[2026-02-10 10:33:59] DEBUG: Schema\Builder: Entity InboundEmail
[2026-02-10 10:33:59] DEBUG: Schema\Builder: Entity LayoutRecord
[2026-02-10 10:33:59] DEBUG: Schema\Builder: Entity LayoutSet
[2026-02-10 10:33:59] DEBUG: Schema\Builder: Entity Note
[2026-02-10 10:33:59] DEBUG: Schema\Builder: Entity PhoneNumber
[2026-02-10 10:33:59] DEBUG: Schema\Builder: Entity Portal
[2026-02-10 10:33:59] DEBUG: Schema\Builder: Entity PortalRole
[2026-02-10 10:33:59] DEBUG: Schema\Builder: Entity Role
[2026-02-10 10:33:59] DEBUG: Schema\Builder: Entity Team
[2026-02-10 10:33:59] DEBUG: Schema\Builder: Entity Template
[2026-02-10 10:33:59] DEBUG: Schema\Builder: Entity User
[2026-02-10 10:33:59] DEBUG: Schema\Builder: Entity UserData
[2026-02-10 10:33:59] DEBUG: Schema\Builder: Entity WorkingTimeCalendar
[2026-02-10 10:33:59] DEBUG: Schema\Builder: Entity WorkingTimeRange
[2026-02-10 10:33:59] DEBUG: Schema\Builder: Entity Account
[2026-02-10 10:33:59] DEBUG: Schema\Builder: Entity Call
[2026-02-10 10:33:59] DEBUG: Schema\Builder: Entity Campaign
[2026-02-10 10:33:59] DEBUG: Schema\Builder: Entity CampaignLogRecord
[2026-02-10 10:33:59] DEBUG: Schema\Builder: Entity CampaignTrackingUrl
[2026-02-10 10:33:59] DEBUG: Schema\Builder: Entity Case
[2026-02-10 10:33:59] DEBUG: Schema\Builder: Entity Contact
[2026-02-10 10:33:59] DEBUG: Schema\Builder: Entity Document
[2026-02-10 10:33:59] DEBUG: Schema\Builder: Entity DocumentFolder
[2026-02-10 10:33:59] DEBUG: Schema\Builder: Entity EmailQueueItem
[2026-02-10 10:33:59] DEBUG: Schema\Builder: Entity KnowledgeBaseArticle
[2026-02-10 10:33:59] DEBUG: Schema\Builder: Entity KnowledgeBaseCategory
[2026-02-10 10:33:59] DEBUG: Schema\Builder: Entity Lead
[2026-02-10 10:33:59] DEBUG: Schema\Builder: Entity MassEmail
[2026-02-10 10:33:59] DEBUG: Schema\Builder: Entity Meeting
[2026-02-10 10:33:59] DEBUG: Schema\Builder: Entity Opportunity
[2026-02-10 10:33:59] DEBUG: Schema\Builder: Entity TargetList
[2026-02-10 10:33:59] DEBUG: Schema\Builder: Entity TargetListCategory
[2026-02-10 10:33:59] DEBUG: Schema\Builder: Entity Task
[2026-02-10 10:33:59] DEBUG: Schema\Builder: Entity CADHAR
[2026-02-10 10:33:59] DEBUG: Schema\Builder: Entity CBanks
[2026-02-10 10:33:59] DEBUG: Schema\Builder: Entity CCity
[2026-02-10 10:33:59] DEBUG: Schema\Builder: Entity CContactType
[2026-02-10 10:33:59] DEBUG: Schema\Builder: Entity CCountry
[2026-02-10 10:33:59] DEBUG: Schema\Builder: Entity CDepartment
[2026-02-10 10:33:59] DEBUG: Schema\Builder: Entity CDependantRelation
[2026-02-10 10:33:59] DEBUG: Schema\Builder: Entity CDrivingLicense
[2026-02-10 10:33:59] DEBUG: Schema\Builder: Entity CEmployee
[2026-02-10 10:33:59] DEBUG: Schema\Builder: Entity CEmployeeAddress
[2026-02-10 10:33:59] DEBUG: Schema\Builder: Entity CEmployeeBank
[2026-02-10 10:33:59] DEBUG: Schema\Builder: Entity CEmployeeContact
[2026-02-10 10:33:59] DEBUG: Schema\Builder: Entity CEmployeeDependent
[2026-02-10 10:33:59] DEBUG: Schema\Builder: Entity CEmployeeDocuments
[2026-02-10 10:33:59] DEBUG: Schema\Builder: Entity CEmployeePastExperience
[2026-02-10 10:33:59] DEBUG: Schema\Builder: Entity CPanCard
[2026-02-10 10:33:59] DEBUG: Schema\Builder: Entity CPassport
[2026-02-10 10:33:59] DEBUG: Schema\Builder: Entity CState
[2026-02-10 10:33:59] DEBUG: Schema\Builder: Entity CVoterIdCard
[2026-02-10 10:33:59] DEBUG: Schema\Builder: Entity CWorkRole
[2026-02-10 10:33:59] DEBUG: Schema\Builder: ManyMany for Email.emailAccounts
[2026-02-10 10:33:59] DEBUG: Schema\Builder: ManyMany for Email.inboundEmails
[2026-02-10 10:33:59] DEBUG: Schema\Builder: ManyMany for Email.replyToEmailAddresses
[2026-02-10 10:33:59] DEBUG: Schema\Builder: ManyMany for Email.users
[2026-02-10 10:33:59] DEBUG: Schema\Builder: ManyMany for Email.assignedUsers
[2026-02-10 10:33:59] DEBUG: Schema\Builder: ManyMany for Email.teams
[2026-02-10 10:33:59] DEBUG: Schema\Builder: ManyMany for GroupEmailFolder.teams
[2026-02-10 10:33:59] DEBUG: Schema\Builder: ManyMany for InboundEmail.teams
[2026-02-10 10:33:59] DEBUG: Schema\Builder: ManyMany for Note.users
[2026-02-10 10:33:59] DEBUG: Schema\Builder: ManyMany for Note.portals
[2026-02-10 10:33:59] DEBUG: Schema\Builder: ManyMany for Note.teams
[2026-02-10 10:33:59] DEBUG: Schema\Builder: ManyMany for Portal.articles
[2026-02-10 10:33:59] DEBUG: Schema\Builder: ManyMany for Portal.portalRoles
[2026-02-10 10:33:59] DEBUG: Schema\Builder: ManyMany for Portal.users
[2026-02-10 10:33:59] DEBUG: Schema\Builder: ManyMany for PortalRole.users
[2026-02-10 10:33:59] DEBUG: Schema\Builder: ManyMany for Role.teams
[2026-02-10 10:33:59] DEBUG: Schema\Builder: ManyMany for Role.users
[2026-02-10 10:33:59] DEBUG: Schema\Builder: ManyMany for Team.users
[2026-02-10 10:33:59] DEBUG: Schema\Builder: ManyMany for User.emailAddresses
[2026-02-10 10:33:59] DEBUG: Schema\Builder: ManyMany for User.phoneNumbers
[2026-02-10 10:33:59] DEBUG: Schema\Builder: ManyMany for User.targetLists
[2026-02-10 10:33:59] DEBUG: Schema\Builder: ManyMany for User.accounts
[2026-02-10 10:33:59] DEBUG: Schema\Builder: ManyMany for User.calls
[2026-02-10 10:33:59] DEBUG: Schema\Builder: ManyMany for User.meetings
[2026-02-10 10:33:59] DEBUG: Schema\Builder: ManyMany for User.workingTimeRanges
[2026-02-10 10:33:59] DEBUG: Schema\Builder: ManyMany for WorkingTimeCalendar.ranges
[2026-02-10 10:33:59] DEBUG: Schema\Builder: ManyMany for Account.portalUsers
[2026-02-10 10:33:59] DEBUG: Schema\Builder: Table [account_portal_user] exists.
[2026-02-10 10:33:59] DEBUG: Schema\Builder: ManyMany for Account.targetLists
[2026-02-10 10:33:59] DEBUG: Schema\Builder: ManyMany for Account.documents
[2026-02-10 10:33:59] DEBUG: Schema\Builder: ManyMany for Account.contacts
[2026-02-10 10:33:59] DEBUG: Schema\Builder: ManyMany for Call.leads
[2026-02-10 10:33:59] DEBUG: Schema\Builder: ManyMany for Call.contacts
[2026-02-10 10:33:59] DEBUG: Schema\Builder: ManyMany for Campaign.excludingTargetLists
[2026-02-10 10:33:59] DEBUG: Schema\Builder: ManyMany for Campaign.targetLists
[2026-02-10 10:33:59] DEBUG: Schema\Builder: ManyMany for Case.articles
[2026-02-10 10:33:59] DEBUG: Schema\Builder: ManyMany for Case.contacts
[2026-02-10 10:33:59] DEBUG: Schema\Builder: ManyMany for Contact.documents
[2026-02-10 10:33:59] DEBUG: Schema\Builder: ManyMany for Contact.targetLists
[2026-02-10 10:33:59] DEBUG: Schema\Builder: ManyMany for Contact.meetings
[2026-02-10 10:33:59] DEBUG: Schema\Builder: ManyMany for Contact.opportunities
[2026-02-10 10:33:59] DEBUG: Schema\Builder: ManyMany for Document.leads
[2026-02-10 10:33:59] DEBUG: Schema\Builder: ManyMany for Document.opportunities
[2026-02-10 10:33:59] DEBUG: Schema\Builder: ManyMany for KnowledgeBaseArticle.categories
[2026-02-10 10:33:59] DEBUG: Schema\Builder: ManyMany for Lead.targetLists
[2026-02-10 10:33:59] DEBUG: Schema\Builder: ManyMany for Lead.meetings
[2026-02-10 10:33:59] DEBUG: Schema\Builder: ManyMany for MassEmail.excludingTargetLists
[2026-02-10 10:33:59] DEBUG: Schema\Builder: ManyMany for MassEmail.targetLists
[2026-02-10 10:33:59] DEBUG: Schema\Builder - End
[2026-02-10 10:47:12] DEBUG: Schema\Builder - Start
[2026-02-10 10:47:12] DEBUG: Schema\Builder: Rebuild for entity types: [CADHAR] with dependent entity types: [CADHAR, Attachment, User, EmailAddress, PhoneNumber, CEmployee, CPassport, Team, GroupEmailFolder, Email, Task, Contact, Document, DocumentFolder, Lead, TargetList, Account, CampaignLogRecord, EmailQueueItem, MassEmail, InboundEmail, EmailFilter, EmailFolder, EmailTemplate, EmailTemplateCategory, Campaign, Template, CampaignTrackingUrl, Opportunity, Call, Meeting, Case, KnowledgeBaseArticle, KnowledgeBaseCategory, Portal, AuthenticationProvider, LayoutSet, LayoutRecord, Note, PortalRole, TargetListCategory, EmailAccount, WorkingTimeCalendar, WorkingTimeRange, Role, CPanCard, CVoterIdCard, CDrivingLicense, CDepartment, CEmployeeAddress, CCountry, CEmployeePastExperience, CWorkRole, CCity, CState, CBanks, CEmployeeBank, CEmployeeDocuments, CEmployeeContact, CContactType, CEmployeeDependent, CDependantRelation, UserData, DashboardTemplate]
[2026-02-10 10:47:12] DEBUG: Schema\Builder: Entity Attachment
[2026-02-10 10:47:12] DEBUG: Schema\Builder: Entity AuthenticationProvider
[2026-02-10 10:47:12] DEBUG: Schema\Builder: Entity DashboardTemplate
[2026-02-10 10:47:12] DEBUG: Schema\Builder: Entity Email
[2026-02-10 10:47:12] DEBUG: Schema\Builder: Entity EmailAccount
[2026-02-10 10:47:12] DEBUG: Schema\Builder: Entity EmailAddress
[2026-02-10 10:47:12] DEBUG: Schema\Builder: Entity EmailFilter
[2026-02-10 10:47:12] DEBUG: Schema\Builder: Entity EmailFolder
[2026-02-10 10:47:12] DEBUG: Schema\Builder: Entity EmailTemplate
[2026-02-10 10:47:12] DEBUG: Schema\Builder: Entity EmailTemplateCategory
[2026-02-10 10:47:12] DEBUG: Schema\Builder: Entity GroupEmailFolder
[2026-02-10 10:47:12] DEBUG: Schema\Builder: Entity InboundEmail
[2026-02-10 10:47:12] DEBUG: Schema\Builder: Entity LayoutRecord
[2026-02-10 10:47:12] DEBUG: Schema\Builder: Entity LayoutSet
[2026-02-10 10:47:12] DEBUG: Schema\Builder: Entity Note
[2026-02-10 10:47:12] DEBUG: Schema\Builder: Entity PhoneNumber
[2026-02-10 10:47:12] DEBUG: Schema\Builder: Entity Portal
[2026-02-10 10:47:12] DEBUG: Schema\Builder: Entity PortalRole
[2026-02-10 10:47:12] DEBUG: Schema\Builder: Entity Role
[2026-02-10 10:47:12] DEBUG: Schema\Builder: Entity Team
[2026-02-10 10:47:12] DEBUG: Schema\Builder: Entity Template
[2026-02-10 10:47:12] DEBUG: Schema\Builder: Entity User
[2026-02-10 10:47:12] DEBUG: Schema\Builder: Entity UserData
[2026-02-10 10:47:12] DEBUG: Schema\Builder: Entity WorkingTimeCalendar
[2026-02-10 10:47:12] DEBUG: Schema\Builder: Entity WorkingTimeRange
[2026-02-10 10:47:12] DEBUG: Schema\Builder: Entity Account
[2026-02-10 10:47:12] DEBUG: Schema\Builder: Entity Call
[2026-02-10 10:47:12] DEBUG: Schema\Builder: Entity Campaign
[2026-02-10 10:47:12] DEBUG: Schema\Builder: Entity CampaignLogRecord
[2026-02-10 10:47:12] DEBUG: Schema\Builder: Entity CampaignTrackingUrl
[2026-02-10 10:47:12] DEBUG: Schema\Builder: Entity Case
[2026-02-10 10:47:12] DEBUG: Schema\Builder: Entity Contact
[2026-02-10 10:47:12] DEBUG: Schema\Builder: Entity Document
[2026-02-10 10:47:12] DEBUG: Schema\Builder: Entity DocumentFolder
[2026-02-10 10:47:12] DEBUG: Schema\Builder: Entity EmailQueueItem
[2026-02-10 10:47:12] DEBUG: Schema\Builder: Entity KnowledgeBaseArticle
[2026-02-10 10:47:12] DEBUG: Schema\Builder: Entity KnowledgeBaseCategory
[2026-02-10 10:47:12] DEBUG: Schema\Builder: Entity Lead
[2026-02-10 10:47:12] DEBUG: Schema\Builder: Entity MassEmail
[2026-02-10 10:47:12] DEBUG: Schema\Builder: Entity Meeting
[2026-02-10 10:47:12] DEBUG: Schema\Builder: Entity Opportunity
[2026-02-10 10:47:12] DEBUG: Schema\Builder: Entity TargetList
[2026-02-10 10:47:12] DEBUG: Schema\Builder: Entity TargetListCategory
[2026-02-10 10:47:12] DEBUG: Schema\Builder: Entity Task
[2026-02-10 10:47:12] DEBUG: Schema\Builder: Entity CADHAR
[2026-02-10 10:47:12] DEBUG: Schema\Builder: Entity CBanks
[2026-02-10 10:47:12] DEBUG: Schema\Builder: Entity CCity
[2026-02-10 10:47:12] DEBUG: Schema\Builder: Entity CContactType
[2026-02-10 10:47:12] DEBUG: Schema\Builder: Entity CCountry
[2026-02-10 10:47:12] DEBUG: Schema\Builder: Entity CDepartment
[2026-02-10 10:47:12] DEBUG: Schema\Builder: Entity CDependantRelation
[2026-02-10 10:47:12] DEBUG: Schema\Builder: Entity CDrivingLicense
[2026-02-10 10:47:12] DEBUG: Schema\Builder: Entity CEmployee
[2026-02-10 10:47:12] DEBUG: Schema\Builder: Entity CEmployeeAddress
[2026-02-10 10:47:12] DEBUG: Schema\Builder: Entity CEmployeeBank
[2026-02-10 10:47:12] DEBUG: Schema\Builder: Entity CEmployeeContact
[2026-02-10 10:47:12] DEBUG: Schema\Builder: Entity CEmployeeDependent
[2026-02-10 10:47:12] DEBUG: Schema\Builder: Entity CEmployeeDocuments
[2026-02-10 10:47:12] DEBUG: Schema\Builder: Entity CEmployeePastExperience
[2026-02-10 10:47:12] DEBUG: Schema\Builder: Entity CPanCard
[2026-02-10 10:47:12] DEBUG: Schema\Builder: Entity CPassport
[2026-02-10 10:47:12] DEBUG: Schema\Builder: Entity CState
[2026-02-10 10:47:12] DEBUG: Schema\Builder: Entity CVoterIdCard
[2026-02-10 10:47:12] DEBUG: Schema\Builder: Entity CWorkRole
[2026-02-10 10:47:12] DEBUG: Schema\Builder: ManyMany for Email.emailAccounts
[2026-02-10 10:47:12] DEBUG: Schema\Builder: ManyMany for Email.inboundEmails
[2026-02-10 10:47:12] DEBUG: Schema\Builder: ManyMany for Email.replyToEmailAddresses
[2026-02-10 10:47:12] DEBUG: Schema\Builder: ManyMany for Email.users
[2026-02-10 10:47:12] DEBUG: Schema\Builder: ManyMany for Email.assignedUsers
[2026-02-10 10:47:12] DEBUG: Schema\Builder: ManyMany for Email.teams
[2026-02-10 10:47:12] DEBUG: Schema\Builder: ManyMany for GroupEmailFolder.teams
[2026-02-10 10:47:12] DEBUG: Schema\Builder: ManyMany for InboundEmail.teams
[2026-02-10 10:47:12] DEBUG: Schema\Builder: ManyMany for Note.users
[2026-02-10 10:47:12] DEBUG: Schema\Builder: ManyMany for Note.portals
[2026-02-10 10:47:12] DEBUG: Schema\Builder: ManyMany for Note.teams
[2026-02-10 10:47:12] DEBUG: Schema\Builder: ManyMany for Portal.articles
[2026-02-10 10:47:12] DEBUG: Schema\Builder: ManyMany for Portal.portalRoles
[2026-02-10 10:47:12] DEBUG: Schema\Builder: ManyMany for Portal.users
[2026-02-10 10:47:12] DEBUG: Schema\Builder: ManyMany for PortalRole.users
[2026-02-10 10:47:12] DEBUG: Schema\Builder: ManyMany for Role.teams
[2026-02-10 10:47:12] DEBUG: Schema\Builder: ManyMany for Role.users
[2026-02-10 10:47:12] DEBUG: Schema\Builder: ManyMany for Team.users
[2026-02-10 10:47:12] DEBUG: Schema\Builder: ManyMany for User.emailAddresses
[2026-02-10 10:47:12] DEBUG: Schema\Builder: ManyMany for User.phoneNumbers
[2026-02-10 10:47:12] DEBUG: Schema\Builder: ManyMany for User.targetLists
[2026-02-10 10:47:12] DEBUG: Schema\Builder: ManyMany for User.accounts
[2026-02-10 10:47:12] DEBUG: Schema\Builder: ManyMany for User.calls
[2026-02-10 10:47:12] DEBUG: Schema\Builder: ManyMany for User.meetings
[2026-02-10 10:47:12] DEBUG: Schema\Builder: ManyMany for User.workingTimeRanges
[2026-02-10 10:47:12] DEBUG: Schema\Builder: ManyMany for WorkingTimeCalendar.ranges
[2026-02-10 10:47:12] DEBUG: Schema\Builder: ManyMany for Account.portalUsers
[2026-02-10 10:47:12] DEBUG: Schema\Builder: Table [account_portal_user] exists.
[2026-02-10 10:47:12] DEBUG: Schema\Builder: ManyMany for Account.targetLists
[2026-02-10 10:47:12] DEBUG: Schema\Builder: ManyMany for Account.documents
[2026-02-10 10:47:12] DEBUG: Schema\Builder: ManyMany for Account.contacts
[2026-02-10 10:47:12] DEBUG: Schema\Builder: ManyMany for Call.leads
[2026-02-10 10:47:12] DEBUG: Schema\Builder: ManyMany for Call.contacts
[2026-02-10 10:47:12] DEBUG: Schema\Builder: ManyMany for Campaign.excludingTargetLists
[2026-02-10 10:47:12] DEBUG: Schema\Builder: ManyMany for Campaign.targetLists
[2026-02-10 10:47:12] DEBUG: Schema\Builder: ManyMany for Case.articles
[2026-02-10 10:47:12] DEBUG: Schema\Builder: ManyMany for Case.contacts
[2026-02-10 10:47:12] DEBUG: Schema\Builder: ManyMany for Contact.documents
[2026-02-10 10:47:12] DEBUG: Schema\Builder: ManyMany for Contact.targetLists
[2026-02-10 10:47:12] DEBUG: Schema\Builder: ManyMany for Contact.meetings
[2026-02-10 10:47:12] DEBUG: Schema\Builder: ManyMany for Contact.opportunities
[2026-02-10 10:47:12] DEBUG: Schema\Builder: ManyMany for Document.leads
[2026-02-10 10:47:12] DEBUG: Schema\Builder: ManyMany for Document.opportunities
[2026-02-10 10:47:12] DEBUG: Schema\Builder: ManyMany for KnowledgeBaseArticle.categories
[2026-02-10 10:47:12] DEBUG: Schema\Builder: ManyMany for Lead.targetLists
[2026-02-10 10:47:12] DEBUG: Schema\Builder: ManyMany for Lead.meetings
[2026-02-10 10:47:12] DEBUG: Schema\Builder: ManyMany for MassEmail.excludingTargetLists
[2026-02-10 10:47:12] DEBUG: Schema\Builder: ManyMany for MassEmail.targetLists
[2026-02-10 10:47:12] DEBUG: Schema\Builder - End
[2026-02-10 10:47:13] INFO: Schema, query: ALTER TABLE c_a_d_h_a_r ADD attachment_id VARCHAR(17) CHARACTER SET utf8mb4 DEFAULT NULL COLLATE `utf8mb4_unicode_ci`
[2026-02-10 10:56:02] DEBUG: Schema\Builder - Start
[2026-02-10 10:56:02] DEBUG: Schema\Builder: Rebuild for entity types: [CEmployee] with dependent entity types: [CEmployee, Attachment, User, EmailAddress, PhoneNumber, TargetList, Lead, Document, DocumentFolder, Team, GroupEmailFolder, Email, Task, Contact, CampaignLogRecord, EmailQueueItem, MassEmail, InboundEmail, EmailFilter, EmailFolder, EmailTemplate, EmailTemplateCategory, Campaign, Template, CampaignTrackingUrl, Opportunity, Call, Account, Meeting, Case, KnowledgeBaseArticle, KnowledgeBaseCategory, Portal, AuthenticationProvider, LayoutSet, LayoutRecord, Note, PortalRole, EmailAccount, WorkingTimeCalendar, WorkingTimeRange, Role, TargetListCategory, UserData, DashboardTemplate, CPassport, CPanCard, CVoterIdCard, CDrivingLicense, CADHAR, CDepartment, CEmployeeAddress, CCountry, CEmployeePastExperience, CWorkRole, CCity, CState, CBanks, CEmployeeBank, CEmployeeDocuments, CEmployeeContact, CContactType, CEmployeeDependent, CDependantRelation]
[2026-02-10 10:56:02] DEBUG: Schema\Builder: Entity Attachment
[2026-02-10 10:56:02] DEBUG: Schema\Builder: Entity AuthenticationProvider
[2026-02-10 10:56:02] DEBUG: Schema\Builder: Entity DashboardTemplate
[2026-02-10 10:56:02] DEBUG: Schema\Builder: Entity Email
[2026-02-10 10:56:02] DEBUG: Schema\Builder: Entity EmailAccount
[2026-02-10 10:56:02] DEBUG: Schema\Builder: Entity EmailAddress
[2026-02-10 10:56:02] DEBUG: Schema\Builder: Entity EmailFilter
[2026-02-10 10:56:02] DEBUG: Schema\Builder: Entity EmailFolder
[2026-02-10 10:56:02] DEBUG: Schema\Builder: Entity EmailTemplate
[2026-02-10 10:56:02] DEBUG: Schema\Builder: Entity EmailTemplateCategory
[2026-02-10 10:56:02] DEBUG: Schema\Builder: Entity GroupEmailFolder
[2026-02-10 10:56:02] DEBUG: Schema\Builder: Entity InboundEmail
[2026-02-10 10:56:02] DEBUG: Schema\Builder: Entity LayoutRecord
[2026-02-10 10:56:02] DEBUG: Schema\Builder: Entity LayoutSet
[2026-02-10 10:56:02] DEBUG: Schema\Builder: Entity Note
[2026-02-10 10:56:02] DEBUG: Schema\Builder: Entity PhoneNumber
[2026-02-10 10:56:02] DEBUG: Schema\Builder: Entity Portal
[2026-02-10 10:56:02] DEBUG: Schema\Builder: Entity PortalRole
[2026-02-10 10:56:02] DEBUG: Schema\Builder: Entity Role
[2026-02-10 10:56:02] DEBUG: Schema\Builder: Entity Team
[2026-02-10 10:56:02] DEBUG: Schema\Builder: Entity Template
[2026-02-10 10:56:02] DEBUG: Schema\Builder: Entity User
[2026-02-10 10:56:02] DEBUG: Schema\Builder: Entity UserData
[2026-02-10 10:56:02] DEBUG: Schema\Builder: Entity WorkingTimeCalendar
[2026-02-10 10:56:02] DEBUG: Schema\Builder: Entity WorkingTimeRange
[2026-02-10 10:56:02] DEBUG: Schema\Builder: Entity Account
[2026-02-10 10:56:02] DEBUG: Schema\Builder: Entity Call
[2026-02-10 10:56:02] DEBUG: Schema\Builder: Entity Campaign
[2026-02-10 10:56:02] DEBUG: Schema\Builder: Entity CampaignLogRecord
[2026-02-10 10:56:02] DEBUG: Schema\Builder: Entity CampaignTrackingUrl
[2026-02-10 10:56:02] DEBUG: Schema\Builder: Entity Case
[2026-02-10 10:56:02] DEBUG: Schema\Builder: Entity Contact
[2026-02-10 10:56:02] DEBUG: Schema\Builder: Entity Document
[2026-02-10 10:56:02] DEBUG: Schema\Builder: Entity DocumentFolder
[2026-02-10 10:56:02] DEBUG: Schema\Builder: Entity EmailQueueItem
[2026-02-10 10:56:02] DEBUG: Schema\Builder: Entity KnowledgeBaseArticle
[2026-02-10 10:56:02] DEBUG: Schema\Builder: Entity KnowledgeBaseCategory
[2026-02-10 10:56:02] DEBUG: Schema\Builder: Entity Lead
[2026-02-10 10:56:02] DEBUG: Schema\Builder: Entity MassEmail
[2026-02-10 10:56:02] DEBUG: Schema\Builder: Entity Meeting
[2026-02-10 10:56:02] DEBUG: Schema\Builder: Entity Opportunity
[2026-02-10 10:56:02] DEBUG: Schema\Builder: Entity TargetList
[2026-02-10 10:56:02] DEBUG: Schema\Builder: Entity TargetListCategory
[2026-02-10 10:56:02] DEBUG: Schema\Builder: Entity Task
[2026-02-10 10:56:02] DEBUG: Schema\Builder: Entity CADHAR
[2026-02-10 10:56:02] DEBUG: Schema\Builder: Entity CBanks
[2026-02-10 10:56:02] DEBUG: Schema\Builder: Entity CCity
[2026-02-10 10:56:02] DEBUG: Schema\Builder: Entity CContactType
[2026-02-10 10:56:02] DEBUG: Schema\Builder: Entity CCountry
[2026-02-10 10:56:02] DEBUG: Schema\Builder: Entity CDepartment
[2026-02-10 10:56:02] DEBUG: Schema\Builder: Entity CDependantRelation
[2026-02-10 10:56:02] DEBUG: Schema\Builder: Entity CDrivingLicense
[2026-02-10 10:56:02] DEBUG: Schema\Builder: Entity CEmployee
[2026-02-10 10:56:02] DEBUG: Schema\Builder: Entity CEmployeeAddress
[2026-02-10 10:56:02] DEBUG: Schema\Builder: Entity CEmployeeBank
[2026-02-10 10:56:02] DEBUG: Schema\Builder: Entity CEmployeeContact
[2026-02-10 10:56:02] DEBUG: Schema\Builder: Entity CEmployeeDependent
[2026-02-10 10:56:02] DEBUG: Schema\Builder: Entity CEmployeeDocuments
[2026-02-10 10:56:02] DEBUG: Schema\Builder: Entity CEmployeePastExperience
[2026-02-10 10:56:02] DEBUG: Schema\Builder: Entity CPanCard
[2026-02-10 10:56:02] DEBUG: Schema\Builder: Entity CPassport
[2026-02-10 10:56:02] DEBUG: Schema\Builder: Entity CState
[2026-02-10 10:56:02] DEBUG: Schema\Builder: Entity CVoterIdCard
[2026-02-10 10:56:02] DEBUG: Schema\Builder: Entity CWorkRole
[2026-02-10 10:56:02] DEBUG: Schema\Builder: ManyMany for Email.emailAccounts
[2026-02-10 10:56:02] DEBUG: Schema\Builder: ManyMany for Email.inboundEmails
[2026-02-10 10:56:02] DEBUG: Schema\Builder: ManyMany for Email.replyToEmailAddresses
[2026-02-10 10:56:02] DEBUG: Schema\Builder: ManyMany for Email.users
[2026-02-10 10:56:02] DEBUG: Schema\Builder: ManyMany for Email.assignedUsers
[2026-02-10 10:56:02] DEBUG: Schema\Builder: ManyMany for Email.teams
[2026-02-10 10:56:02] DEBUG: Schema\Builder: ManyMany for GroupEmailFolder.teams
[2026-02-10 10:56:02] DEBUG: Schema\Builder: ManyMany for InboundEmail.teams
[2026-02-10 10:56:02] DEBUG: Schema\Builder: ManyMany for Note.users
[2026-02-10 10:56:02] DEBUG: Schema\Builder: ManyMany for Note.portals
[2026-02-10 10:56:02] DEBUG: Schema\Builder: ManyMany for Note.teams
[2026-02-10 10:56:02] DEBUG: Schema\Builder: ManyMany for Portal.articles
[2026-02-10 10:56:02] DEBUG: Schema\Builder: ManyMany for Portal.portalRoles
[2026-02-10 10:56:02] DEBUG: Schema\Builder: ManyMany for Portal.users
[2026-02-10 10:56:02] DEBUG: Schema\Builder: ManyMany for PortalRole.users
[2026-02-10 10:56:02] DEBUG: Schema\Builder: ManyMany for Role.teams
[2026-02-10 10:56:02] DEBUG: Schema\Builder: ManyMany for Role.users
[2026-02-10 10:56:02] DEBUG: Schema\Builder: ManyMany for Team.users
[2026-02-10 10:56:02] DEBUG: Schema\Builder: ManyMany for User.emailAddresses
[2026-02-10 10:56:02] DEBUG: Schema\Builder: ManyMany for User.phoneNumbers
[2026-02-10 10:56:02] DEBUG: Schema\Builder: ManyMany for User.targetLists
[2026-02-10 10:56:02] DEBUG: Schema\Builder: ManyMany for User.accounts
[2026-02-10 10:56:02] DEBUG: Schema\Builder: ManyMany for User.calls
[2026-02-10 10:56:02] DEBUG: Schema\Builder: ManyMany for User.meetings
[2026-02-10 10:56:02] DEBUG: Schema\Builder: ManyMany for User.workingTimeRanges
[2026-02-10 10:56:02] DEBUG: Schema\Builder: ManyMany for WorkingTimeCalendar.ranges
[2026-02-10 10:56:02] DEBUG: Schema\Builder: ManyMany for Account.portalUsers
[2026-02-10 10:56:02] DEBUG: Schema\Builder: Table [account_portal_user] exists.
[2026-02-10 10:56:02] DEBUG: Schema\Builder: ManyMany for Account.targetLists
[2026-02-10 10:56:02] DEBUG: Schema\Builder: ManyMany for Account.documents
[2026-02-10 10:56:02] DEBUG: Schema\Builder: ManyMany for Account.contacts
[2026-02-10 10:56:02] DEBUG: Schema\Builder: ManyMany for Call.leads
[2026-02-10 10:56:02] DEBUG: Schema\Builder: ManyMany for Call.contacts
[2026-02-10 10:56:02] DEBUG: Schema\Builder: ManyMany for Campaign.excludingTargetLists
[2026-02-10 10:56:02] DEBUG: Schema\Builder: ManyMany for Campaign.targetLists
[2026-02-10 10:56:02] DEBUG: Schema\Builder: ManyMany for Case.articles
[2026-02-10 10:56:02] DEBUG: Schema\Builder: ManyMany for Case.contacts
[2026-02-10 10:56:02] DEBUG: Schema\Builder: ManyMany for Contact.documents
[2026-02-10 10:56:02] DEBUG: Schema\Builder: ManyMany for Contact.targetLists
[2026-02-10 10:56:02] DEBUG: Schema\Builder: ManyMany for Contact.meetings
[2026-02-10 10:56:02] DEBUG: Schema\Builder: ManyMany for Contact.opportunities
[2026-02-10 10:56:02] DEBUG: Schema\Builder: ManyMany for Document.leads
[2026-02-10 10:56:02] DEBUG: Schema\Builder: ManyMany for Document.opportunities
[2026-02-10 10:56:02] DEBUG: Schema\Builder: ManyMany for KnowledgeBaseArticle.categories
[2026-02-10 10:56:02] DEBUG: Schema\Builder: ManyMany for Lead.targetLists
[2026-02-10 10:56:02] DEBUG: Schema\Builder: ManyMany for Lead.meetings
[2026-02-10 10:56:02] DEBUG: Schema\Builder: ManyMany for MassEmail.excludingTargetLists
[2026-02-10 10:56:02] DEBUG: Schema\Builder: ManyMany for MassEmail.targetLists
[2026-02-10 10:56:02] DEBUG: Schema\Builder - End
[2026-02-10 10:56:02] INFO: Schema, query: ALTER TABLE c_employee ADD edit VARCHAR(255) CHARACTER SET utf8mb4 DEFAULT NULL COLLATE `utf8mb4_unicode_ci`
[2026-02-10 11:00:50] DEBUG: Schema\Builder - Start
[2026-02-10 11:00:50] DEBUG: Schema\Builder: Rebuild for entity types: [CEmployee] with dependent entity types: [CEmployee, Attachment, User, EmailAddress, PhoneNumber, TargetList, Lead, Document, DocumentFolder, Team, GroupEmailFolder, Email, Task, Contact, CampaignLogRecord, EmailQueueItem, MassEmail, InboundEmail, EmailFilter, EmailFolder, EmailTemplate, EmailTemplateCategory, Campaign, Template, CampaignTrackingUrl, Opportunity, Call, Account, Meeting, Case, KnowledgeBaseArticle, KnowledgeBaseCategory, Portal, AuthenticationProvider, LayoutSet, LayoutRecord, Note, PortalRole, EmailAccount, WorkingTimeCalendar, WorkingTimeRange, Role, TargetListCategory, UserData, DashboardTemplate, CPassport, CPanCard, CVoterIdCard, CDrivingLicense, CADHAR, CDepartment, CEmployeeAddress, CCountry, CEmployeePastExperience, CWorkRole, CCity, CState, CBanks, CEmployeeBank, CEmployeeDocuments, CEmployeeContact, CContactType, CEmployeeDependent, CDependantRelation]
[2026-02-10 11:00:50] DEBUG: Schema\Builder: Entity Attachment
[2026-02-10 11:00:50] DEBUG: Schema\Builder: Entity AuthenticationProvider
[2026-02-10 11:00:50] DEBUG: Schema\Builder: Entity DashboardTemplate
[2026-02-10 11:00:50] DEBUG: Schema\Builder: Entity Email
[2026-02-10 11:00:50] DEBUG: Schema\Builder: Entity EmailAccount
[2026-02-10 11:00:50] DEBUG: Schema\Builder: Entity EmailAddress
[2026-02-10 11:00:50] DEBUG: Schema\Builder: Entity EmailFilter
[2026-02-10 11:00:50] DEBUG: Schema\Builder: Entity EmailFolder
[2026-02-10 11:00:50] DEBUG: Schema\Builder: Entity EmailTemplate
[2026-02-10 11:00:50] DEBUG: Schema\Builder: Entity EmailTemplateCategory
[2026-02-10 11:00:50] DEBUG: Schema\Builder: Entity GroupEmailFolder
[2026-02-10 11:00:50] DEBUG: Schema\Builder: Entity InboundEmail
[2026-02-10 11:00:50] DEBUG: Schema\Builder: Entity LayoutRecord
[2026-02-10 11:00:50] DEBUG: Schema\Builder: Entity LayoutSet
[2026-02-10 11:00:50] DEBUG: Schema\Builder: Entity Note
[2026-02-10 11:00:50] DEBUG: Schema\Builder: Entity PhoneNumber
[2026-02-10 11:00:50] DEBUG: Schema\Builder: Entity Portal
[2026-02-10 11:00:50] DEBUG: Schema\Builder: Entity PortalRole
[2026-02-10 11:00:50] DEBUG: Schema\Builder: Entity Role
[2026-02-10 11:00:50] DEBUG: Schema\Builder: Entity Team
[2026-02-10 11:00:50] DEBUG: Schema\Builder: Entity Template
[2026-02-10 11:00:50] DEBUG: Schema\Builder: Entity User
[2026-02-10 11:00:50] DEBUG: Schema\Builder: Entity UserData
[2026-02-10 11:00:50] DEBUG: Schema\Builder: Entity WorkingTimeCalendar
[2026-02-10 11:00:50] DEBUG: Schema\Builder: Entity WorkingTimeRange
[2026-02-10 11:00:50] DEBUG: Schema\Builder: Entity Account
[2026-02-10 11:00:50] DEBUG: Schema\Builder: Entity Call
[2026-02-10 11:00:50] DEBUG: Schema\Builder: Entity Campaign
[2026-02-10 11:00:50] DEBUG: Schema\Builder: Entity CampaignLogRecord
[2026-02-10 11:00:50] DEBUG: Schema\Builder: Entity CampaignTrackingUrl
[2026-02-10 11:00:50] DEBUG: Schema\Builder: Entity Case
[2026-02-10 11:00:50] DEBUG: Schema\Builder: Entity Contact
[2026-02-10 11:00:50] DEBUG: Schema\Builder: Entity Document
[2026-02-10 11:00:50] DEBUG: Schema\Builder: Entity DocumentFolder
[2026-02-10 11:00:50] DEBUG: Schema\Builder: Entity EmailQueueItem
[2026-02-10 11:00:50] DEBUG: Schema\Builder: Entity KnowledgeBaseArticle
[2026-02-10 11:00:50] DEBUG: Schema\Builder: Entity KnowledgeBaseCategory
[2026-02-10 11:00:50] DEBUG: Schema\Builder: Entity Lead
[2026-02-10 11:00:50] DEBUG: Schema\Builder: Entity MassEmail
[2026-02-10 11:00:50] DEBUG: Schema\Builder: Entity Meeting
[2026-02-10 11:00:50] DEBUG: Schema\Builder: Entity Opportunity
[2026-02-10 11:00:50] DEBUG: Schema\Builder: Entity TargetList
[2026-02-10 11:00:50] DEBUG: Schema\Builder: Entity TargetListCategory
[2026-02-10 11:00:50] DEBUG: Schema\Builder: Entity Task
[2026-02-10 11:00:50] DEBUG: Schema\Builder: Entity CADHAR
[2026-02-10 11:00:50] DEBUG: Schema\Builder: Entity CBanks
[2026-02-10 11:00:50] DEBUG: Schema\Builder: Entity CCity
[2026-02-10 11:00:50] DEBUG: Schema\Builder: Entity CContactType
[2026-02-10 11:00:50] DEBUG: Schema\Builder: Entity CCountry
[2026-02-10 11:00:50] DEBUG: Schema\Builder: Entity CDepartment
[2026-02-10 11:00:50] DEBUG: Schema\Builder: Entity CDependantRelation
[2026-02-10 11:00:50] DEBUG: Schema\Builder: Entity CDrivingLicense
[2026-02-10 11:00:50] DEBUG: Schema\Builder: Entity CEmployee
[2026-02-10 11:00:50] DEBUG: Schema\Builder: Entity CEmployeeAddress
[2026-02-10 11:00:50] DEBUG: Schema\Builder: Entity CEmployeeBank
[2026-02-10 11:00:50] DEBUG: Schema\Builder: Entity CEmployeeContact
[2026-02-10 11:00:50] DEBUG: Schema\Builder: Entity CEmployeeDependent
[2026-02-10 11:00:50] DEBUG: Schema\Builder: Entity CEmployeeDocuments
[2026-02-10 11:00:50] DEBUG: Schema\Builder: Entity CEmployeePastExperience
[2026-02-10 11:00:50] DEBUG: Schema\Builder: Entity CPanCard
[2026-02-10 11:00:50] DEBUG: Schema\Builder: Entity CPassport
[2026-02-10 11:00:50] DEBUG: Schema\Builder: Entity CState
[2026-02-10 11:00:50] DEBUG: Schema\Builder: Entity CVoterIdCard
[2026-02-10 11:00:50] DEBUG: Schema\Builder: Entity CWorkRole
[2026-02-10 11:00:50] DEBUG: Schema\Builder: ManyMany for Email.emailAccounts
[2026-02-10 11:00:50] DEBUG: Schema\Builder: ManyMany for Email.inboundEmails
[2026-02-10 11:00:50] DEBUG: Schema\Builder: ManyMany for Email.replyToEmailAddresses
[2026-02-10 11:00:50] DEBUG: Schema\Builder: ManyMany for Email.users
[2026-02-10 11:00:50] DEBUG: Schema\Builder: ManyMany for Email.assignedUsers
[2026-02-10 11:00:50] DEBUG: Schema\Builder: ManyMany for Email.teams
[2026-02-10 11:00:50] DEBUG: Schema\Builder: ManyMany for GroupEmailFolder.teams
[2026-02-10 11:00:50] DEBUG: Schema\Builder: ManyMany for InboundEmail.teams
[2026-02-10 11:00:50] DEBUG: Schema\Builder: ManyMany for Note.users
[2026-02-10 11:00:50] DEBUG: Schema\Builder: ManyMany for Note.portals
[2026-02-10 11:00:50] DEBUG: Schema\Builder: ManyMany for Note.teams
[2026-02-10 11:00:50] DEBUG: Schema\Builder: ManyMany for Portal.articles
[2026-02-10 11:00:50] DEBUG: Schema\Builder: ManyMany for Portal.portalRoles
[2026-02-10 11:00:50] DEBUG: Schema\Builder: ManyMany for Portal.users
[2026-02-10 11:00:50] DEBUG: Schema\Builder: ManyMany for PortalRole.users
[2026-02-10 11:00:50] DEBUG: Schema\Builder: ManyMany for Role.teams
[2026-02-10 11:00:50] DEBUG: Schema\Builder: ManyMany for Role.users
[2026-02-10 11:00:50] DEBUG: Schema\Builder: ManyMany for Team.users
[2026-02-10 11:00:50] DEBUG: Schema\Builder: ManyMany for User.emailAddresses
[2026-02-10 11:00:50] DEBUG: Schema\Builder: ManyMany for User.phoneNumbers
[2026-02-10 11:00:50] DEBUG: Schema\Builder: ManyMany for User.targetLists
[2026-02-10 11:00:50] DEBUG: Schema\Builder: ManyMany for User.accounts
[2026-02-10 11:00:50] DEBUG: Schema\Builder: ManyMany for User.calls
[2026-02-10 11:00:50] DEBUG: Schema\Builder: ManyMany for User.meetings
[2026-02-10 11:00:50] DEBUG: Schema\Builder: ManyMany for User.workingTimeRanges
[2026-02-10 11:00:50] DEBUG: Schema\Builder: ManyMany for WorkingTimeCalendar.ranges
[2026-02-10 11:00:50] DEBUG: Schema\Builder: ManyMany for Account.portalUsers
[2026-02-10 11:00:50] DEBUG: Schema\Builder: Table [account_portal_user] exists.
[2026-02-10 11:00:50] DEBUG: Schema\Builder: ManyMany for Account.targetLists
[2026-02-10 11:00:50] DEBUG: Schema\Builder: ManyMany for Account.documents
[2026-02-10 11:00:50] DEBUG: Schema\Builder: ManyMany for Account.contacts
[2026-02-10 11:00:50] DEBUG: Schema\Builder: ManyMany for Call.leads
[2026-02-10 11:00:50] DEBUG: Schema\Builder: ManyMany for Call.contacts
[2026-02-10 11:00:50] DEBUG: Schema\Builder: ManyMany for Campaign.excludingTargetLists
[2026-02-10 11:00:50] DEBUG: Schema\Builder: ManyMany for Campaign.targetLists
[2026-02-10 11:00:50] DEBUG: Schema\Builder: ManyMany for Case.articles
[2026-02-10 11:00:50] DEBUG: Schema\Builder: ManyMany for Case.contacts
[2026-02-10 11:00:50] DEBUG: Schema\Builder: ManyMany for Contact.documents
[2026-02-10 11:00:50] DEBUG: Schema\Builder: ManyMany for Contact.targetLists
[2026-02-10 11:00:50] DEBUG: Schema\Builder: ManyMany for Contact.meetings
[2026-02-10 11:00:50] DEBUG: Schema\Builder: ManyMany for Contact.opportunities
[2026-02-10 11:00:50] DEBUG: Schema\Builder: ManyMany for Document.leads
[2026-02-10 11:00:50] DEBUG: Schema\Builder: ManyMany for Document.opportunities
[2026-02-10 11:00:50] DEBUG: Schema\Builder: ManyMany for KnowledgeBaseArticle.categories
[2026-02-10 11:00:50] DEBUG: Schema\Builder: ManyMany for Lead.targetLists
[2026-02-10 11:00:50] DEBUG: Schema\Builder: ManyMany for Lead.meetings
[2026-02-10 11:00:50] DEBUG: Schema\Builder: ManyMany for MassEmail.excludingTargetLists
[2026-02-10 11:00:50] DEBUG: Schema\Builder: ManyMany for MassEmail.targetLists
[2026-02-10 11:00:50] DEBUG: Schema\Builder - End
[2026-02-10 11:01:30] DEBUG: Schema\Builder - Start
[2026-02-10 11:01:30] DEBUG: Schema\Builder: Rebuild for entity types: [CEmployee] with dependent entity types: [CEmployee, Attachment, User, EmailAddress, PhoneNumber, TargetList, Lead, Document, DocumentFolder, Team, GroupEmailFolder, Email, Task, Contact, CampaignLogRecord, EmailQueueItem, MassEmail, InboundEmail, EmailFilter, EmailFolder, EmailTemplate, EmailTemplateCategory, Campaign, Template, CampaignTrackingUrl, Opportunity, Call, Account, Meeting, Case, KnowledgeBaseArticle, KnowledgeBaseCategory, Portal, AuthenticationProvider, LayoutSet, LayoutRecord, Note, PortalRole, EmailAccount, WorkingTimeCalendar, WorkingTimeRange, Role, TargetListCategory, UserData, DashboardTemplate, CPassport, CPanCard, CVoterIdCard, CDrivingLicense, CADHAR, CDepartment, CEmployeeAddress, CCountry, CEmployeePastExperience, CWorkRole, CCity, CState, CBanks, CEmployeeBank, CEmployeeDocuments, CEmployeeContact, CContactType, CEmployeeDependent, CDependantRelation]
[2026-02-10 11:01:30] DEBUG: Schema\Builder: Entity Attachment
[2026-02-10 11:01:30] DEBUG: Schema\Builder: Entity AuthenticationProvider
[2026-02-10 11:01:30] DEBUG: Schema\Builder: Entity DashboardTemplate
[2026-02-10 11:01:30] DEBUG: Schema\Builder: Entity Email
[2026-02-10 11:01:30] DEBUG: Schema\Builder: Entity EmailAccount
[2026-02-10 11:01:30] DEBUG: Schema\Builder: Entity EmailAddress
[2026-02-10 11:01:30] DEBUG: Schema\Builder: Entity EmailFilter
[2026-02-10 11:01:30] DEBUG: Schema\Builder: Entity EmailFolder
[2026-02-10 11:01:30] DEBUG: Schema\Builder: Entity EmailTemplate
[2026-02-10 11:01:30] DEBUG: Schema\Builder: Entity EmailTemplateCategory
[2026-02-10 11:01:30] DEBUG: Schema\Builder: Entity GroupEmailFolder
[2026-02-10 11:01:30] DEBUG: Schema\Builder: Entity InboundEmail
[2026-02-10 11:01:30] DEBUG: Schema\Builder: Entity LayoutRecord
[2026-02-10 11:01:30] DEBUG: Schema\Builder: Entity LayoutSet
[2026-02-10 11:01:30] DEBUG: Schema\Builder: Entity Note
[2026-02-10 11:01:30] DEBUG: Schema\Builder: Entity PhoneNumber
[2026-02-10 11:01:30] DEBUG: Schema\Builder: Entity Portal
[2026-02-10 11:01:30] DEBUG: Schema\Builder: Entity PortalRole
[2026-02-10 11:01:30] DEBUG: Schema\Builder: Entity Role
[2026-02-10 11:01:30] DEBUG: Schema\Builder: Entity Team
[2026-02-10 11:01:30] DEBUG: Schema\Builder: Entity Template
[2026-02-10 11:01:30] DEBUG: Schema\Builder: Entity User
[2026-02-10 11:01:30] DEBUG: Schema\Builder: Entity UserData
[2026-02-10 11:01:30] DEBUG: Schema\Builder: Entity WorkingTimeCalendar
[2026-02-10 11:01:30] DEBUG: Schema\Builder: Entity WorkingTimeRange
[2026-02-10 11:01:30] DEBUG: Schema\Builder: Entity Account
[2026-02-10 11:01:30] DEBUG: Schema\Builder: Entity Call
[2026-02-10 11:01:30] DEBUG: Schema\Builder: Entity Campaign
[2026-02-10 11:01:30] DEBUG: Schema\Builder: Entity CampaignLogRecord
[2026-02-10 11:01:30] DEBUG: Schema\Builder: Entity CampaignTrackingUrl
[2026-02-10 11:01:30] DEBUG: Schema\Builder: Entity Case
[2026-02-10 11:01:30] DEBUG: Schema\Builder: Entity Contact
[2026-02-10 11:01:30] DEBUG: Schema\Builder: Entity Document
[2026-02-10 11:01:30] DEBUG: Schema\Builder: Entity DocumentFolder
[2026-02-10 11:01:30] DEBUG: Schema\Builder: Entity EmailQueueItem
[2026-02-10 11:01:30] DEBUG: Schema\Builder: Entity KnowledgeBaseArticle
[2026-02-10 11:01:30] DEBUG: Schema\Builder: Entity KnowledgeBaseCategory
[2026-02-10 11:01:30] DEBUG: Schema\Builder: Entity Lead
[2026-02-10 11:01:30] DEBUG: Schema\Builder: Entity MassEmail
[2026-02-10 11:01:30] DEBUG: Schema\Builder: Entity Meeting
[2026-02-10 11:01:30] DEBUG: Schema\Builder: Entity Opportunity
[2026-02-10 11:01:30] DEBUG: Schema\Builder: Entity TargetList
[2026-02-10 11:01:30] DEBUG: Schema\Builder: Entity TargetListCategory
[2026-02-10 11:01:30] DEBUG: Schema\Builder: Entity Task
[2026-02-10 11:01:30] DEBUG: Schema\Builder: Entity CADHAR
[2026-02-10 11:01:30] DEBUG: Schema\Builder: Entity CBanks
[2026-02-10 11:01:30] DEBUG: Schema\Builder: Entity CCity
[2026-02-10 11:01:30] DEBUG: Schema\Builder: Entity CContactType
[2026-02-10 11:01:30] DEBUG: Schema\Builder: Entity CCountry
[2026-02-10 11:01:30] DEBUG: Schema\Builder: Entity CDepartment
[2026-02-10 11:01:30] DEBUG: Schema\Builder: Entity CDependantRelation
[2026-02-10 11:01:30] DEBUG: Schema\Builder: Entity CDrivingLicense
[2026-02-10 11:01:30] DEBUG: Schema\Builder: Entity CEmployee
[2026-02-10 11:01:30] DEBUG: Schema\Builder: Entity CEmployeeAddress
[2026-02-10 11:01:30] DEBUG: Schema\Builder: Entity CEmployeeBank
[2026-02-10 11:01:30] DEBUG: Schema\Builder: Entity CEmployeeContact
[2026-02-10 11:01:30] DEBUG: Schema\Builder: Entity CEmployeeDependent
[2026-02-10 11:01:30] DEBUG: Schema\Builder: Entity CEmployeeDocuments
[2026-02-10 11:01:30] DEBUG: Schema\Builder: Entity CEmployeePastExperience
[2026-02-10 11:01:30] DEBUG: Schema\Builder: Entity CPanCard
[2026-02-10 11:01:30] DEBUG: Schema\Builder: Entity CPassport
[2026-02-10 11:01:30] DEBUG: Schema\Builder: Entity CState
[2026-02-10 11:01:30] DEBUG: Schema\Builder: Entity CVoterIdCard
[2026-02-10 11:01:30] DEBUG: Schema\Builder: Entity CWorkRole
[2026-02-10 11:01:30] DEBUG: Schema\Builder: ManyMany for Email.emailAccounts
[2026-02-10 11:01:30] DEBUG: Schema\Builder: ManyMany for Email.inboundEmails
[2026-02-10 11:01:30] DEBUG: Schema\Builder: ManyMany for Email.replyToEmailAddresses
[2026-02-10 11:01:30] DEBUG: Schema\Builder: ManyMany for Email.users
[2026-02-10 11:01:30] DEBUG: Schema\Builder: ManyMany for Email.assignedUsers
[2026-02-10 11:01:30] DEBUG: Schema\Builder: ManyMany for Email.teams
[2026-02-10 11:01:30] DEBUG: Schema\Builder: ManyMany for GroupEmailFolder.teams
[2026-02-10 11:01:30] DEBUG: Schema\Builder: ManyMany for InboundEmail.teams
[2026-02-10 11:01:30] DEBUG: Schema\Builder: ManyMany for Note.users
[2026-02-10 11:01:30] DEBUG: Schema\Builder: ManyMany for Note.portals
[2026-02-10 11:01:30] DEBUG: Schema\Builder: ManyMany for Note.teams
[2026-02-10 11:01:30] DEBUG: Schema\Builder: ManyMany for Portal.articles
[2026-02-10 11:01:30] DEBUG: Schema\Builder: ManyMany for Portal.portalRoles
[2026-02-10 11:01:30] DEBUG: Schema\Builder: ManyMany for Portal.users
[2026-02-10 11:01:30] DEBUG: Schema\Builder: ManyMany for PortalRole.users
[2026-02-10 11:01:30] DEBUG: Schema\Builder: ManyMany for Role.teams
[2026-02-10 11:01:30] DEBUG: Schema\Builder: ManyMany for Role.users
[2026-02-10 11:01:30] DEBUG: Schema\Builder: ManyMany for Team.users
[2026-02-10 11:01:30] DEBUG: Schema\Builder: ManyMany for User.emailAddresses
[2026-02-10 11:01:30] DEBUG: Schema\Builder: ManyMany for User.phoneNumbers
[2026-02-10 11:01:30] DEBUG: Schema\Builder: ManyMany for User.targetLists
[2026-02-10 11:01:30] DEBUG: Schema\Builder: ManyMany for User.accounts
[2026-02-10 11:01:30] DEBUG: Schema\Builder: ManyMany for User.calls
[2026-02-10 11:01:30] DEBUG: Schema\Builder: ManyMany for User.meetings
[2026-02-10 11:01:30] DEBUG: Schema\Builder: ManyMany for User.workingTimeRanges
[2026-02-10 11:01:30] DEBUG: Schema\Builder: ManyMany for WorkingTimeCalendar.ranges
[2026-02-10 11:01:30] DEBUG: Schema\Builder: ManyMany for Account.portalUsers
[2026-02-10 11:01:30] DEBUG: Schema\Builder: Table [account_portal_user] exists.
[2026-02-10 11:01:30] DEBUG: Schema\Builder: ManyMany for Account.targetLists
[2026-02-10 11:01:30] DEBUG: Schema\Builder: ManyMany for Account.documents
[2026-02-10 11:01:30] DEBUG: Schema\Builder: ManyMany for Account.contacts
[2026-02-10 11:01:30] DEBUG: Schema\Builder: ManyMany for Call.leads
[2026-02-10 11:01:30] DEBUG: Schema\Builder: ManyMany for Call.contacts
[2026-02-10 11:01:30] DEBUG: Schema\Builder: ManyMany for Campaign.excludingTargetLists
[2026-02-10 11:01:30] DEBUG: Schema\Builder: ManyMany for Campaign.targetLists
[2026-02-10 11:01:30] DEBUG: Schema\Builder: ManyMany for Case.articles
[2026-02-10 11:01:30] DEBUG: Schema\Builder: ManyMany for Case.contacts
[2026-02-10 11:01:30] DEBUG: Schema\Builder: ManyMany for Contact.documents
[2026-02-10 11:01:30] DEBUG: Schema\Builder: ManyMany for Contact.targetLists
[2026-02-10 11:01:30] DEBUG: Schema\Builder: ManyMany for Contact.meetings
[2026-02-10 11:01:30] DEBUG: Schema\Builder: ManyMany for Contact.opportunities
[2026-02-10 11:01:30] DEBUG: Schema\Builder: ManyMany for Document.leads
[2026-02-10 11:01:30] DEBUG: Schema\Builder: ManyMany for Document.opportunities
[2026-02-10 11:01:30] DEBUG: Schema\Builder: ManyMany for KnowledgeBaseArticle.categories
[2026-02-10 11:01:30] DEBUG: Schema\Builder: ManyMany for Lead.targetLists
[2026-02-10 11:01:30] DEBUG: Schema\Builder: ManyMany for Lead.meetings
[2026-02-10 11:01:30] DEBUG: Schema\Builder: ManyMany for MassEmail.excludingTargetLists
[2026-02-10 11:01:30] DEBUG: Schema\Builder: ManyMany for MassEmail.targetLists
[2026-02-10 11:01:30] DEBUG: Schema\Builder - End
[2026-02-10 11:01:58] DEBUG: Schema\Builder - Start
[2026-02-10 11:01:58] DEBUG: Schema\Builder: Rebuild for entity types: [CEmployee] with dependent entity types: [CEmployee, Attachment, User, EmailAddress, PhoneNumber, TargetList, Lead, Document, DocumentFolder, Team, GroupEmailFolder, Email, Task, Contact, CampaignLogRecord, EmailQueueItem, MassEmail, InboundEmail, EmailFilter, EmailFolder, EmailTemplate, EmailTemplateCategory, Campaign, Template, CampaignTrackingUrl, Opportunity, Call, Account, Meeting, Case, KnowledgeBaseArticle, KnowledgeBaseCategory, Portal, AuthenticationProvider, LayoutSet, LayoutRecord, Note, PortalRole, EmailAccount, WorkingTimeCalendar, WorkingTimeRange, Role, TargetListCategory, UserData, DashboardTemplate, CPassport, CPanCard, CVoterIdCard, CDrivingLicense, CADHAR, CDepartment, CEmployeeAddress, CCountry, CEmployeePastExperience, CWorkRole, CCity, CState, CBanks, CEmployeeBank, CEmployeeDocuments, CEmployeeContact, CContactType, CEmployeeDependent, CDependantRelation]
[2026-02-10 11:01:58] DEBUG: Schema\Builder: Entity Attachment
[2026-02-10 11:01:58] DEBUG: Schema\Builder: Entity AuthenticationProvider
[2026-02-10 11:01:58] DEBUG: Schema\Builder: Entity DashboardTemplate
[2026-02-10 11:01:58] DEBUG: Schema\Builder: Entity Email
[2026-02-10 11:01:58] DEBUG: Schema\Builder: Entity EmailAccount
[2026-02-10 11:01:58] DEBUG: Schema\Builder: Entity EmailAddress
[2026-02-10 11:01:58] DEBUG: Schema\Builder: Entity EmailFilter
[2026-02-10 11:01:58] DEBUG: Schema\Builder: Entity EmailFolder
[2026-02-10 11:01:58] DEBUG: Schema\Builder: Entity EmailTemplate
[2026-02-10 11:01:58] DEBUG: Schema\Builder: Entity EmailTemplateCategory
[2026-02-10 11:01:58] DEBUG: Schema\Builder: Entity GroupEmailFolder
[2026-02-10 11:01:58] DEBUG: Schema\Builder: Entity InboundEmail
[2026-02-10 11:01:58] DEBUG: Schema\Builder: Entity LayoutRecord
[2026-02-10 11:01:58] DEBUG: Schema\Builder: Entity LayoutSet
[2026-02-10 11:01:58] DEBUG: Schema\Builder: Entity Note
[2026-02-10 11:01:58] DEBUG: Schema\Builder: Entity PhoneNumber
[2026-02-10 11:01:58] DEBUG: Schema\Builder: Entity Portal
[2026-02-10 11:01:58] DEBUG: Schema\Builder: Entity PortalRole
[2026-02-10 11:01:58] DEBUG: Schema\Builder: Entity Role
[2026-02-10 11:01:58] DEBUG: Schema\Builder: Entity Team
[2026-02-10 11:01:58] DEBUG: Schema\Builder: Entity Template
[2026-02-10 11:01:58] DEBUG: Schema\Builder: Entity User
[2026-02-10 11:01:58] DEBUG: Schema\Builder: Entity UserData
[2026-02-10 11:01:58] DEBUG: Schema\Builder: Entity WorkingTimeCalendar
[2026-02-10 11:01:58] DEBUG: Schema\Builder: Entity WorkingTimeRange
[2026-02-10 11:01:58] DEBUG: Schema\Builder: Entity Account
[2026-02-10 11:01:58] DEBUG: Schema\Builder: Entity Call
[2026-02-10 11:01:58] DEBUG: Schema\Builder: Entity Campaign
[2026-02-10 11:01:58] DEBUG: Schema\Builder: Entity CampaignLogRecord
[2026-02-10 11:01:58] DEBUG: Schema\Builder: Entity CampaignTrackingUrl
[2026-02-10 11:01:58] DEBUG: Schema\Builder: Entity Case
[2026-02-10 11:01:58] DEBUG: Schema\Builder: Entity Contact
[2026-02-10 11:01:58] DEBUG: Schema\Builder: Entity Document
[2026-02-10 11:01:58] DEBUG: Schema\Builder: Entity DocumentFolder
[2026-02-10 11:01:58] DEBUG: Schema\Builder: Entity EmailQueueItem
[2026-02-10 11:01:58] DEBUG: Schema\Builder: Entity KnowledgeBaseArticle
[2026-02-10 11:01:58] DEBUG: Schema\Builder: Entity KnowledgeBaseCategory
[2026-02-10 11:01:58] DEBUG: Schema\Builder: Entity Lead
[2026-02-10 11:01:58] DEBUG: Schema\Builder: Entity MassEmail
[2026-02-10 11:01:58] DEBUG: Schema\Builder: Entity Meeting
[2026-02-10 11:01:58] DEBUG: Schema\Builder: Entity Opportunity
[2026-02-10 11:01:58] DEBUG: Schema\Builder: Entity TargetList
[2026-02-10 11:01:58] DEBUG: Schema\Builder: Entity TargetListCategory
[2026-02-10 11:01:58] DEBUG: Schema\Builder: Entity Task
[2026-02-10 11:01:58] DEBUG: Schema\Builder: Entity CADHAR
[2026-02-10 11:01:58] DEBUG: Schema\Builder: Entity CBanks
[2026-02-10 11:01:58] DEBUG: Schema\Builder: Entity CCity
[2026-02-10 11:01:58] DEBUG: Schema\Builder: Entity CContactType
[2026-02-10 11:01:58] DEBUG: Schema\Builder: Entity CCountry
[2026-02-10 11:01:58] DEBUG: Schema\Builder: Entity CDepartment
[2026-02-10 11:01:58] DEBUG: Schema\Builder: Entity CDependantRelation
[2026-02-10 11:01:58] DEBUG: Schema\Builder: Entity CDrivingLicense
[2026-02-10 11:01:58] DEBUG: Schema\Builder: Entity CEmployee
[2026-02-10 11:01:58] DEBUG: Schema\Builder: Entity CEmployeeAddress
[2026-02-10 11:01:58] DEBUG: Schema\Builder: Entity CEmployeeBank
[2026-02-10 11:01:58] DEBUG: Schema\Builder: Entity CEmployeeContact
[2026-02-10 11:01:58] DEBUG: Schema\Builder: Entity CEmployeeDependent
[2026-02-10 11:01:58] DEBUG: Schema\Builder: Entity CEmployeeDocuments
[2026-02-10 11:01:58] DEBUG: Schema\Builder: Entity CEmployeePastExperience
[2026-02-10 11:01:58] DEBUG: Schema\Builder: Entity CPanCard
[2026-02-10 11:01:58] DEBUG: Schema\Builder: Entity CPassport
[2026-02-10 11:01:58] DEBUG: Schema\Builder: Entity CState
[2026-02-10 11:01:58] DEBUG: Schema\Builder: Entity CVoterIdCard
[2026-02-10 11:01:58] DEBUG: Schema\Builder: Entity CWorkRole
[2026-02-10 11:01:58] DEBUG: Schema\Builder: ManyMany for Email.emailAccounts
[2026-02-10 11:01:58] DEBUG: Schema\Builder: ManyMany for Email.inboundEmails
[2026-02-10 11:01:58] DEBUG: Schema\Builder: ManyMany for Email.replyToEmailAddresses
[2026-02-10 11:01:58] DEBUG: Schema\Builder: ManyMany for Email.users
[2026-02-10 11:01:58] DEBUG: Schema\Builder: ManyMany for Email.assignedUsers
[2026-02-10 11:01:58] DEBUG: Schema\Builder: ManyMany for Email.teams
[2026-02-10 11:01:58] DEBUG: Schema\Builder: ManyMany for GroupEmailFolder.teams
[2026-02-10 11:01:58] DEBUG: Schema\Builder: ManyMany for InboundEmail.teams
[2026-02-10 11:01:58] DEBUG: Schema\Builder: ManyMany for Note.users
[2026-02-10 11:01:58] DEBUG: Schema\Builder: ManyMany for Note.portals
[2026-02-10 11:01:58] DEBUG: Schema\Builder: ManyMany for Note.teams
[2026-02-10 11:01:58] DEBUG: Schema\Builder: ManyMany for Portal.articles
[2026-02-10 11:01:58] DEBUG: Schema\Builder: ManyMany for Portal.portalRoles
[2026-02-10 11:01:58] DEBUG: Schema\Builder: ManyMany for Portal.users
[2026-02-10 11:01:58] DEBUG: Schema\Builder: ManyMany for PortalRole.users
[2026-02-10 11:01:58] DEBUG: Schema\Builder: ManyMany for Role.teams
[2026-02-10 11:01:58] DEBUG: Schema\Builder: ManyMany for Role.users
[2026-02-10 11:01:58] DEBUG: Schema\Builder: ManyMany for Team.users
[2026-02-10 11:01:58] DEBUG: Schema\Builder: ManyMany for User.emailAddresses
[2026-02-10 11:01:58] DEBUG: Schema\Builder: ManyMany for User.phoneNumbers
[2026-02-10 11:01:58] DEBUG: Schema\Builder: ManyMany for User.targetLists
[2026-02-10 11:01:58] DEBUG: Schema\Builder: ManyMany for User.accounts
[2026-02-10 11:01:58] DEBUG: Schema\Builder: ManyMany for User.calls
[2026-02-10 11:01:58] DEBUG: Schema\Builder: ManyMany for User.meetings
[2026-02-10 11:01:58] DEBUG: Schema\Builder: ManyMany for User.workingTimeRanges
[2026-02-10 11:01:58] DEBUG: Schema\Builder: ManyMany for WorkingTimeCalendar.ranges
[2026-02-10 11:01:58] DEBUG: Schema\Builder: ManyMany for Account.portalUsers
[2026-02-10 11:01:58] DEBUG: Schema\Builder: Table [account_portal_user] exists.
[2026-02-10 11:01:58] DEBUG: Schema\Builder: ManyMany for Account.targetLists
[2026-02-10 11:01:58] DEBUG: Schema\Builder: ManyMany for Account.documents
[2026-02-10 11:01:58] DEBUG: Schema\Builder: ManyMany for Account.contacts
[2026-02-10 11:01:58] DEBUG: Schema\Builder: ManyMany for Call.leads
[2026-02-10 11:01:58] DEBUG: Schema\Builder: ManyMany for Call.contacts
[2026-02-10 11:01:58] DEBUG: Schema\Builder: ManyMany for Campaign.excludingTargetLists
[2026-02-10 11:01:58] DEBUG: Schema\Builder: ManyMany for Campaign.targetLists
[2026-02-10 11:01:58] DEBUG: Schema\Builder: ManyMany for Case.articles
[2026-02-10 11:01:58] DEBUG: Schema\Builder: ManyMany for Case.contacts
[2026-02-10 11:01:58] DEBUG: Schema\Builder: ManyMany for Contact.documents
[2026-02-10 11:01:58] DEBUG: Schema\Builder: ManyMany for Contact.targetLists
[2026-02-10 11:01:58] DEBUG: Schema\Builder: ManyMany for Contact.meetings
[2026-02-10 11:01:58] DEBUG: Schema\Builder: ManyMany for Contact.opportunities
[2026-02-10 11:01:58] DEBUG: Schema\Builder: ManyMany for Document.leads
[2026-02-10 11:01:58] DEBUG: Schema\Builder: ManyMany for Document.opportunities
[2026-02-10 11:01:58] DEBUG: Schema\Builder: ManyMany for KnowledgeBaseArticle.categories
[2026-02-10 11:01:58] DEBUG: Schema\Builder: ManyMany for Lead.targetLists
[2026-02-10 11:01:58] DEBUG: Schema\Builder: ManyMany for Lead.meetings
[2026-02-10 11:01:58] DEBUG: Schema\Builder: ManyMany for MassEmail.excludingTargetLists
[2026-02-10 11:01:58] DEBUG: Schema\Builder: ManyMany for MassEmail.targetLists
[2026-02-10 11:01:58] DEBUG: Schema\Builder - End
[2026-02-10 11:06:30] DEBUG: Schema\Builder - Start
[2026-02-10 11:06:30] DEBUG: Schema\Builder: Entity ActionHistoryRecord
[2026-02-10 11:06:30] DEBUG: Schema\Builder: Entity AddressCountry
[2026-02-10 11:06:30] DEBUG: Schema\Builder: Entity AppLogRecord
[2026-02-10 11:06:30] DEBUG: Schema\Builder: Entity AppSecret
[2026-02-10 11:06:30] DEBUG: Schema\Builder: Entity ArrayValue
[2026-02-10 11:06:30] DEBUG: Schema\Builder: Entity Attachment
[2026-02-10 11:06:30] DEBUG: Schema\Builder: Entity AuthLogRecord
[2026-02-10 11:06:30] DEBUG: Schema\Builder: Entity AuthToken
[2026-02-10 11:06:30] DEBUG: Schema\Builder: Entity AuthenticationProvider
[2026-02-10 11:06:30] DEBUG: Schema\Builder: Entity Autofollow
[2026-02-10 11:06:30] DEBUG: Schema\Builder: Entity Currency
[2026-02-10 11:06:30] DEBUG: Schema\Builder: Entity DashboardTemplate
[2026-02-10 11:06:30] DEBUG: Schema\Builder: Entity Email
[2026-02-10 11:06:30] DEBUG: Schema\Builder: Entity EmailAccount
[2026-02-10 11:06:30] DEBUG: Schema\Builder: Entity EmailAddress
[2026-02-10 11:06:30] DEBUG: Schema\Builder: Entity EmailFilter
[2026-02-10 11:06:30] DEBUG: Schema\Builder: Entity EmailFolder
[2026-02-10 11:06:30] DEBUG: Schema\Builder: Entity EmailTemplate
[2026-02-10 11:06:30] DEBUG: Schema\Builder: Entity EmailTemplateCategory
[2026-02-10 11:06:30] DEBUG: Schema\Builder: Entity Export
[2026-02-10 11:06:30] DEBUG: Schema\Builder: Entity Extension
[2026-02-10 11:06:30] DEBUG: Schema\Builder: Entity ExternalAccount
[2026-02-10 11:06:30] DEBUG: Schema\Builder: Entity GroupEmailFolder
[2026-02-10 11:06:30] DEBUG: Schema\Builder: Entity Import
[2026-02-10 11:06:30] DEBUG: Schema\Builder: Entity ImportEntity
[2026-02-10 11:06:30] DEBUG: Schema\Builder: Entity ImportError
[2026-02-10 11:06:30] DEBUG: Schema\Builder: Entity InboundEmail
[2026-02-10 11:06:30] DEBUG: Schema\Builder: Entity Integration
[2026-02-10 11:06:30] DEBUG: Schema\Builder: Entity Job
[2026-02-10 11:06:30] DEBUG: Schema\Builder: Entity KanbanOrder
[2026-02-10 11:06:30] DEBUG: Schema\Builder: Entity LayoutRecord
[2026-02-10 11:06:30] DEBUG: Schema\Builder: Entity LayoutSet
[2026-02-10 11:06:30] DEBUG: Schema\Builder: Entity LeadCapture
[2026-02-10 11:06:30] DEBUG: Schema\Builder: Entity LeadCaptureLogRecord
[2026-02-10 11:06:30] DEBUG: Schema\Builder: Entity MassAction
[2026-02-10 11:06:30] DEBUG: Schema\Builder: Entity NextNumber
[2026-02-10 11:06:30] DEBUG: Schema\Builder: Entity Note
[2026-02-10 11:06:30] DEBUG: Schema\Builder: Entity Notification
[2026-02-10 11:06:30] DEBUG: Schema\Builder: Entity OAuthAccount
[2026-02-10 11:06:30] DEBUG: Schema\Builder: Entity OAuthProvider
[2026-02-10 11:06:30] DEBUG: Schema\Builder: Entity PasswordChangeRequest
[2026-02-10 11:06:30] DEBUG: Schema\Builder: Entity PhoneNumber
[2026-02-10 11:06:30] DEBUG: Schema\Builder: Entity Portal
[2026-02-10 11:06:30] DEBUG: Schema\Builder: Entity PortalRole
[2026-02-10 11:06:30] DEBUG: Schema\Builder: Entity Preferences
[2026-02-10 11:06:30] DEBUG: Schema\Builder: Entity Role
[2026-02-10 11:06:30] DEBUG: Schema\Builder: Entity ScheduledJob
[2026-02-10 11:06:30] DEBUG: Schema\Builder: Entity ScheduledJobLogRecord
[2026-02-10 11:06:30] DEBUG: Schema\Builder: Entity Sms
[2026-02-10 11:06:30] DEBUG: Schema\Builder: Entity StarSubscription
[2026-02-10 11:06:30] DEBUG: Schema\Builder: Entity StreamSubscription
[2026-02-10 11:06:30] DEBUG: Schema\Builder: Entity SystemData
[2026-02-10 11:06:30] DEBUG: Schema\Builder: Entity Team
[2026-02-10 11:06:30] DEBUG: Schema\Builder: Entity Template
[2026-02-10 11:06:30] DEBUG: Schema\Builder: Entity TwoFactorCode
[2026-02-10 11:06:30] DEBUG: Schema\Builder: Entity UniqueId
[2026-02-10 11:06:30] DEBUG: Schema\Builder: Entity User
[2026-02-10 11:06:30] DEBUG: Schema\Builder: Entity UserData
[2026-02-10 11:06:30] DEBUG: Schema\Builder: Entity UserReaction
[2026-02-10 11:06:30] DEBUG: Schema\Builder: Entity Webhook
[2026-02-10 11:06:30] DEBUG: Schema\Builder: Entity WebhookEventQueueItem
[2026-02-10 11:06:30] DEBUG: Schema\Builder: Entity WebhookQueueItem
[2026-02-10 11:06:30] DEBUG: Schema\Builder: Entity WorkingTimeCalendar
[2026-02-10 11:06:30] DEBUG: Schema\Builder: Entity WorkingTimeRange
[2026-02-10 11:06:30] DEBUG: Schema\Builder: Entity Account
[2026-02-10 11:06:30] DEBUG: Schema\Builder: Entity Call
[2026-02-10 11:06:30] DEBUG: Schema\Builder: Entity Campaign
[2026-02-10 11:06:30] DEBUG: Schema\Builder: Entity CampaignLogRecord
[2026-02-10 11:06:30] DEBUG: Schema\Builder: Entity CampaignTrackingUrl
[2026-02-10 11:06:30] DEBUG: Schema\Builder: Entity Case
[2026-02-10 11:06:30] DEBUG: Schema\Builder: Entity Contact
[2026-02-10 11:06:30] DEBUG: Schema\Builder: Entity Document
[2026-02-10 11:06:30] DEBUG: Schema\Builder: Entity DocumentFolder
[2026-02-10 11:06:30] DEBUG: Schema\Builder: Entity EmailQueueItem
[2026-02-10 11:06:30] DEBUG: Schema\Builder: Entity KnowledgeBaseArticle
[2026-02-10 11:06:30] DEBUG: Schema\Builder: Entity KnowledgeBaseCategory
[2026-02-10 11:06:30] DEBUG: Schema\Builder: Entity Lead
[2026-02-10 11:06:30] DEBUG: Schema\Builder: Entity MassEmail
[2026-02-10 11:06:30] DEBUG: Schema\Builder: Entity Meeting
[2026-02-10 11:06:30] DEBUG: Schema\Builder: Entity Opportunity
[2026-02-10 11:06:30] DEBUG: Schema\Builder: Entity Reminder
[2026-02-10 11:06:30] DEBUG: Schema\Builder: Entity Target
[2026-02-10 11:06:30] DEBUG: Schema\Builder: Entity TargetList
[2026-02-10 11:06:30] DEBUG: Schema\Builder: Entity TargetListCategory
[2026-02-10 11:06:30] DEBUG: Schema\Builder: Entity Task
[2026-02-10 11:06:30] DEBUG: Schema\Builder: Entity CADHAR
[2026-02-10 11:06:30] DEBUG: Schema\Builder: Entity CBanks
[2026-02-10 11:06:30] DEBUG: Schema\Builder: Entity CCity
[2026-02-10 11:06:30] DEBUG: Schema\Builder: Entity CContactType
[2026-02-10 11:06:30] DEBUG: Schema\Builder: Entity CCountry
[2026-02-10 11:06:30] DEBUG: Schema\Builder: Entity CDepartment
[2026-02-10 11:06:30] DEBUG: Schema\Builder: Entity CDependantRelation
[2026-02-10 11:06:30] DEBUG: Schema\Builder: Entity CDocumentType
[2026-02-10 11:06:30] DEBUG: Schema\Builder: Entity CDrivingLicense
[2026-02-10 11:06:30] DEBUG: Schema\Builder: Entity CEmployee
[2026-02-10 11:06:30] DEBUG: Schema\Builder: Entity CEmployeeAddress
[2026-02-10 11:06:30] DEBUG: Schema\Builder: Entity CEmployeeBank
[2026-02-10 11:06:30] DEBUG: Schema\Builder: Entity CEmployeeContact
[2026-02-10 11:06:30] DEBUG: Schema\Builder: Entity CEmployeeDependent
[2026-02-10 11:06:30] DEBUG: Schema\Builder: Entity CEmployeeDocuments
[2026-02-10 11:06:30] DEBUG: Schema\Builder: Entity CEmployeePastExperience
[2026-02-10 11:06:30] DEBUG: Schema\Builder: Entity CPanCard
[2026-02-10 11:06:30] DEBUG: Schema\Builder: Entity CPassport
[2026-02-10 11:06:30] DEBUG: Schema\Builder: Entity CState
[2026-02-10 11:06:30] DEBUG: Schema\Builder: Entity CVoterIdCard
[2026-02-10 11:06:30] DEBUG: Schema\Builder: Entity CWorkRole
[2026-02-10 11:06:30] DEBUG: Schema\Builder: Entity EmailTemplateCategoryPath
[2026-02-10 11:06:30] DEBUG: Schema\Builder: Entity DocumentFolderPath
[2026-02-10 11:06:30] DEBUG: Schema\Builder: Entity KnowledgeBaseCategoryPath
[2026-02-10 11:06:30] DEBUG: Schema\Builder: Entity TargetListCategoryPath
[2026-02-10 11:06:30] DEBUG: Schema\Builder: ManyMany for Email.emailAccounts
[2026-02-10 11:06:30] DEBUG: Schema\Builder: ManyMany for Email.inboundEmails
[2026-02-10 11:06:30] DEBUG: Schema\Builder: ManyMany for Email.replyToEmailAddresses
[2026-02-10 11:06:30] DEBUG: Schema\Builder: ManyMany for Email.users
[2026-02-10 11:06:30] DEBUG: Schema\Builder: ManyMany for Email.assignedUsers
[2026-02-10 11:06:30] DEBUG: Schema\Builder: ManyMany for Email.teams
[2026-02-10 11:06:30] DEBUG: Schema\Builder: ManyMany for GroupEmailFolder.teams
[2026-02-10 11:06:30] DEBUG: Schema\Builder: ManyMany for InboundEmail.teams
[2026-02-10 11:06:30] DEBUG: Schema\Builder: ManyMany for Note.users
[2026-02-10 11:06:30] DEBUG: Schema\Builder: ManyMany for Note.portals
[2026-02-10 11:06:30] DEBUG: Schema\Builder: ManyMany for Note.teams
[2026-02-10 11:06:30] DEBUG: Schema\Builder: ManyMany for Portal.articles
[2026-02-10 11:06:30] DEBUG: Schema\Builder: ManyMany for Portal.portalRoles
[2026-02-10 11:06:30] DEBUG: Schema\Builder: ManyMany for Portal.users
[2026-02-10 11:06:30] DEBUG: Schema\Builder: ManyMany for PortalRole.users
[2026-02-10 11:06:30] DEBUG: Schema\Builder: ManyMany for Role.teams
[2026-02-10 11:06:30] DEBUG: Schema\Builder: ManyMany for Role.users
[2026-02-10 11:06:30] DEBUG: Schema\Builder: ManyMany for Sms.toPhoneNumbers
[2026-02-10 11:06:30] DEBUG: Schema\Builder: ManyMany for Team.users
[2026-02-10 11:06:30] DEBUG: Schema\Builder: ManyMany for User.emailAddresses
[2026-02-10 11:06:30] DEBUG: Schema\Builder: ManyMany for User.phoneNumbers
[2026-02-10 11:06:30] DEBUG: Schema\Builder: ManyMany for User.targetLists
[2026-02-10 11:06:30] DEBUG: Schema\Builder: ManyMany for User.accounts
[2026-02-10 11:06:30] DEBUG: Schema\Builder: ManyMany for User.calls
[2026-02-10 11:06:30] DEBUG: Schema\Builder: ManyMany for User.meetings
[2026-02-10 11:06:30] DEBUG: Schema\Builder: ManyMany for User.workingTimeRanges
[2026-02-10 11:06:30] DEBUG: Schema\Builder: ManyMany for WorkingTimeCalendar.ranges
[2026-02-10 11:06:30] DEBUG: Schema\Builder: ManyMany for Account.portalUsers
[2026-02-10 11:06:30] DEBUG: Schema\Builder: Table [account_portal_user] exists.
[2026-02-10 11:06:30] DEBUG: Schema\Builder: ManyMany for Account.targetLists
[2026-02-10 11:06:30] DEBUG: Schema\Builder: ManyMany for Account.documents
[2026-02-10 11:06:30] DEBUG: Schema\Builder: ManyMany for Account.contacts
[2026-02-10 11:06:30] DEBUG: Schema\Builder: ManyMany for Call.leads
[2026-02-10 11:06:30] DEBUG: Schema\Builder: ManyMany for Call.contacts
[2026-02-10 11:06:30] DEBUG: Schema\Builder: ManyMany for Campaign.excludingTargetLists
[2026-02-10 11:06:30] DEBUG: Schema\Builder: ManyMany for Campaign.targetLists
[2026-02-10 11:06:30] DEBUG: Schema\Builder: ManyMany for Case.articles
[2026-02-10 11:06:30] DEBUG: Schema\Builder: ManyMany for Case.contacts
[2026-02-10 11:06:30] DEBUG: Schema\Builder: ManyMany for Contact.documents
[2026-02-10 11:06:30] DEBUG: Schema\Builder: ManyMany for Contact.targetLists
[2026-02-10 11:06:30] DEBUG: Schema\Builder: ManyMany for Contact.meetings
[2026-02-10 11:06:30] DEBUG: Schema\Builder: ManyMany for Contact.opportunities
[2026-02-10 11:06:30] DEBUG: Schema\Builder: ManyMany for Document.leads
[2026-02-10 11:06:30] DEBUG: Schema\Builder: ManyMany for Document.opportunities
[2026-02-10 11:06:30] DEBUG: Schema\Builder: ManyMany for KnowledgeBaseArticle.categories
[2026-02-10 11:06:30] DEBUG: Schema\Builder: ManyMany for Lead.targetLists
[2026-02-10 11:06:30] DEBUG: Schema\Builder: ManyMany for Lead.meetings
[2026-02-10 11:06:30] DEBUG: Schema\Builder: ManyMany for MassEmail.excludingTargetLists
[2026-02-10 11:06:30] DEBUG: Schema\Builder: ManyMany for MassEmail.targetLists
[2026-02-10 11:06:30] DEBUG: Schema\Builder - End
[2026-02-10 11:08:14] DEBUG: Schema\Builder - Start
[2026-02-10 11:08:14] DEBUG: Schema\Builder: Entity ActionHistoryRecord
[2026-02-10 11:08:14] DEBUG: Schema\Builder: Entity AddressCountry
[2026-02-10 11:08:14] DEBUG: Schema\Builder: Entity AppLogRecord
[2026-02-10 11:08:14] DEBUG: Schema\Builder: Entity AppSecret
[2026-02-10 11:08:14] DEBUG: Schema\Builder: Entity ArrayValue
[2026-02-10 11:08:14] DEBUG: Schema\Builder: Entity Attachment
[2026-02-10 11:08:14] DEBUG: Schema\Builder: Entity AuthLogRecord
[2026-02-10 11:08:14] DEBUG: Schema\Builder: Entity AuthToken
[2026-02-10 11:08:14] DEBUG: Schema\Builder: Entity AuthenticationProvider
[2026-02-10 11:08:14] DEBUG: Schema\Builder: Entity Autofollow
[2026-02-10 11:08:14] DEBUG: Schema\Builder: Entity Currency
[2026-02-10 11:08:14] DEBUG: Schema\Builder: Entity DashboardTemplate
[2026-02-10 11:08:14] DEBUG: Schema\Builder: Entity Email
[2026-02-10 11:08:14] DEBUG: Schema\Builder: Entity EmailAccount
[2026-02-10 11:08:14] DEBUG: Schema\Builder: Entity EmailAddress
[2026-02-10 11:08:14] DEBUG: Schema\Builder: Entity EmailFilter
[2026-02-10 11:08:14] DEBUG: Schema\Builder: Entity EmailFolder
[2026-02-10 11:08:14] DEBUG: Schema\Builder: Entity EmailTemplate
[2026-02-10 11:08:14] DEBUG: Schema\Builder: Entity EmailTemplateCategory
[2026-02-10 11:08:14] DEBUG: Schema\Builder: Entity Export
[2026-02-10 11:08:14] DEBUG: Schema\Builder: Entity Extension
[2026-02-10 11:08:14] DEBUG: Schema\Builder: Entity ExternalAccount
[2026-02-10 11:08:14] DEBUG: Schema\Builder: Entity GroupEmailFolder
[2026-02-10 11:08:14] DEBUG: Schema\Builder: Entity Import
[2026-02-10 11:08:14] DEBUG: Schema\Builder: Entity ImportEntity
[2026-02-10 11:08:14] DEBUG: Schema\Builder: Entity ImportError
[2026-02-10 11:08:14] DEBUG: Schema\Builder: Entity InboundEmail
[2026-02-10 11:08:14] DEBUG: Schema\Builder: Entity Integration
[2026-02-10 11:08:14] DEBUG: Schema\Builder: Entity Job
[2026-02-10 11:08:14] DEBUG: Schema\Builder: Entity KanbanOrder
[2026-02-10 11:08:14] DEBUG: Schema\Builder: Entity LayoutRecord
[2026-02-10 11:08:14] DEBUG: Schema\Builder: Entity LayoutSet
[2026-02-10 11:08:14] DEBUG: Schema\Builder: Entity LeadCapture
[2026-02-10 11:08:14] DEBUG: Schema\Builder: Entity LeadCaptureLogRecord
[2026-02-10 11:08:14] DEBUG: Schema\Builder: Entity MassAction
[2026-02-10 11:08:14] DEBUG: Schema\Builder: Entity NextNumber
[2026-02-10 11:08:14] DEBUG: Schema\Builder: Entity Note
[2026-02-10 11:08:14] DEBUG: Schema\Builder: Entity Notification
[2026-02-10 11:08:14] DEBUG: Schema\Builder: Entity OAuthAccount
[2026-02-10 11:08:14] DEBUG: Schema\Builder: Entity OAuthProvider
[2026-02-10 11:08:14] DEBUG: Schema\Builder: Entity PasswordChangeRequest
[2026-02-10 11:08:14] DEBUG: Schema\Builder: Entity PhoneNumber
[2026-02-10 11:08:14] DEBUG: Schema\Builder: Entity Portal
[2026-02-10 11:08:14] DEBUG: Schema\Builder: Entity PortalRole
[2026-02-10 11:08:14] DEBUG: Schema\Builder: Entity Preferences
[2026-02-10 11:08:14] DEBUG: Schema\Builder: Entity Role
[2026-02-10 11:08:14] DEBUG: Schema\Builder: Entity ScheduledJob
[2026-02-10 11:08:14] DEBUG: Schema\Builder: Entity ScheduledJobLogRecord
[2026-02-10 11:08:14] DEBUG: Schema\Builder: Entity Sms
[2026-02-10 11:08:14] DEBUG: Schema\Builder: Entity StarSubscription
[2026-02-10 11:08:14] DEBUG: Schema\Builder: Entity StreamSubscription
[2026-02-10 11:08:14] DEBUG: Schema\Builder: Entity SystemData
[2026-02-10 11:08:14] DEBUG: Schema\Builder: Entity Team
[2026-02-10 11:08:14] DEBUG: Schema\Builder: Entity Template
[2026-02-10 11:08:14] DEBUG: Schema\Builder: Entity TwoFactorCode
[2026-02-10 11:08:14] DEBUG: Schema\Builder: Entity UniqueId
[2026-02-10 11:08:14] DEBUG: Schema\Builder: Entity User
[2026-02-10 11:08:14] DEBUG: Schema\Builder: Entity UserData
[2026-02-10 11:08:14] DEBUG: Schema\Builder: Entity UserReaction
[2026-02-10 11:08:14] DEBUG: Schema\Builder: Entity Webhook
[2026-02-10 11:08:14] DEBUG: Schema\Builder: Entity WebhookEventQueueItem
[2026-02-10 11:08:14] DEBUG: Schema\Builder: Entity WebhookQueueItem
[2026-02-10 11:08:14] DEBUG: Schema\Builder: Entity WorkingTimeCalendar
[2026-02-10 11:08:14] DEBUG: Schema\Builder: Entity WorkingTimeRange
[2026-02-10 11:08:14] DEBUG: Schema\Builder: Entity Account
[2026-02-10 11:08:14] DEBUG: Schema\Builder: Entity Call
[2026-02-10 11:08:14] DEBUG: Schema\Builder: Entity Campaign
[2026-02-10 11:08:14] DEBUG: Schema\Builder: Entity CampaignLogRecord
[2026-02-10 11:08:14] DEBUG: Schema\Builder: Entity CampaignTrackingUrl
[2026-02-10 11:08:14] DEBUG: Schema\Builder: Entity Case
[2026-02-10 11:08:14] DEBUG: Schema\Builder: Entity Contact
[2026-02-10 11:08:14] DEBUG: Schema\Builder: Entity Document
[2026-02-10 11:08:14] DEBUG: Schema\Builder: Entity DocumentFolder
[2026-02-10 11:08:14] DEBUG: Schema\Builder: Entity EmailQueueItem
[2026-02-10 11:08:14] DEBUG: Schema\Builder: Entity KnowledgeBaseArticle
[2026-02-10 11:08:14] DEBUG: Schema\Builder: Entity KnowledgeBaseCategory
[2026-02-10 11:08:14] DEBUG: Schema\Builder: Entity Lead
[2026-02-10 11:08:14] DEBUG: Schema\Builder: Entity MassEmail
[2026-02-10 11:08:14] DEBUG: Schema\Builder: Entity Meeting
[2026-02-10 11:08:14] DEBUG: Schema\Builder: Entity Opportunity
[2026-02-10 11:08:14] DEBUG: Schema\Builder: Entity Reminder
[2026-02-10 11:08:14] DEBUG: Schema\Builder: Entity Target
[2026-02-10 11:08:14] DEBUG: Schema\Builder: Entity TargetList
[2026-02-10 11:08:14] DEBUG: Schema\Builder: Entity TargetListCategory
[2026-02-10 11:08:14] DEBUG: Schema\Builder: Entity Task
[2026-02-10 11:08:14] DEBUG: Schema\Builder: Entity CADHAR
[2026-02-10 11:08:14] DEBUG: Schema\Builder: Entity CBanks
[2026-02-10 11:08:14] DEBUG: Schema\Builder: Entity CCity
[2026-02-10 11:08:14] DEBUG: Schema\Builder: Entity CContactType
[2026-02-10 11:08:14] DEBUG: Schema\Builder: Entity CCountry
[2026-02-10 11:08:14] DEBUG: Schema\Builder: Entity CDepartment
[2026-02-10 11:08:14] DEBUG: Schema\Builder: Entity CDependantRelation
[2026-02-10 11:08:14] DEBUG: Schema\Builder: Entity CDocumentType
[2026-02-10 11:08:14] DEBUG: Schema\Builder: Entity CDrivingLicense
[2026-02-10 11:08:14] DEBUG: Schema\Builder: Entity CEmployee
[2026-02-10 11:08:14] DEBUG: Schema\Builder: Entity CEmployeeAddress
[2026-02-10 11:08:14] DEBUG: Schema\Builder: Entity CEmployeeBank
[2026-02-10 11:08:14] DEBUG: Schema\Builder: Entity CEmployeeContact
[2026-02-10 11:08:14] DEBUG: Schema\Builder: Entity CEmployeeDependent
[2026-02-10 11:08:14] DEBUG: Schema\Builder: Entity CEmployeeDocuments
[2026-02-10 11:08:14] DEBUG: Schema\Builder: Entity CEmployeePastExperience
[2026-02-10 11:08:14] DEBUG: Schema\Builder: Entity CPanCard
[2026-02-10 11:08:14] DEBUG: Schema\Builder: Entity CPassport
[2026-02-10 11:08:14] DEBUG: Schema\Builder: Entity CState
[2026-02-10 11:08:14] DEBUG: Schema\Builder: Entity CVoterIdCard
[2026-02-10 11:08:14] DEBUG: Schema\Builder: Entity CWorkRole
[2026-02-10 11:08:14] DEBUG: Schema\Builder: Entity EmailTemplateCategoryPath
[2026-02-10 11:08:14] DEBUG: Schema\Builder: Entity DocumentFolderPath
[2026-02-10 11:08:14] DEBUG: Schema\Builder: Entity KnowledgeBaseCategoryPath
[2026-02-10 11:08:14] DEBUG: Schema\Builder: Entity TargetListCategoryPath
[2026-02-10 11:08:14] DEBUG: Schema\Builder: ManyMany for Email.emailAccounts
[2026-02-10 11:08:14] DEBUG: Schema\Builder: ManyMany for Email.inboundEmails
[2026-02-10 11:08:14] DEBUG: Schema\Builder: ManyMany for Email.replyToEmailAddresses
[2026-02-10 11:08:14] DEBUG: Schema\Builder: ManyMany for Email.users
[2026-02-10 11:08:14] DEBUG: Schema\Builder: ManyMany for Email.assignedUsers
[2026-02-10 11:08:14] DEBUG: Schema\Builder: ManyMany for Email.teams
[2026-02-10 11:08:14] DEBUG: Schema\Builder: ManyMany for GroupEmailFolder.teams
[2026-02-10 11:08:14] DEBUG: Schema\Builder: ManyMany for InboundEmail.teams
[2026-02-10 11:08:14] DEBUG: Schema\Builder: ManyMany for Note.users
[2026-02-10 11:08:14] DEBUG: Schema\Builder: ManyMany for Note.portals
[2026-02-10 11:08:14] DEBUG: Schema\Builder: ManyMany for Note.teams
[2026-02-10 11:08:14] DEBUG: Schema\Builder: ManyMany for Portal.articles
[2026-02-10 11:08:14] DEBUG: Schema\Builder: ManyMany for Portal.portalRoles
[2026-02-10 11:08:14] DEBUG: Schema\Builder: ManyMany for Portal.users
[2026-02-10 11:08:14] DEBUG: Schema\Builder: ManyMany for PortalRole.users
[2026-02-10 11:08:14] DEBUG: Schema\Builder: ManyMany for Role.teams
[2026-02-10 11:08:14] DEBUG: Schema\Builder: ManyMany for Role.users
[2026-02-10 11:08:14] DEBUG: Schema\Builder: ManyMany for Sms.toPhoneNumbers
[2026-02-10 11:08:14] DEBUG: Schema\Builder: ManyMany for Team.users
[2026-02-10 11:08:14] DEBUG: Schema\Builder: ManyMany for User.emailAddresses
[2026-02-10 11:08:14] DEBUG: Schema\Builder: ManyMany for User.phoneNumbers
[2026-02-10 11:08:14] DEBUG: Schema\Builder: ManyMany for User.targetLists
[2026-02-10 11:08:14] DEBUG: Schema\Builder: ManyMany for User.accounts
[2026-02-10 11:08:14] DEBUG: Schema\Builder: ManyMany for User.calls
[2026-02-10 11:08:14] DEBUG: Schema\Builder: ManyMany for User.meetings
[2026-02-10 11:08:14] DEBUG: Schema\Builder: ManyMany for User.workingTimeRanges
[2026-02-10 11:08:14] DEBUG: Schema\Builder: ManyMany for WorkingTimeCalendar.ranges
[2026-02-10 11:08:14] DEBUG: Schema\Builder: ManyMany for Account.portalUsers
[2026-02-10 11:08:14] DEBUG: Schema\Builder: Table [account_portal_user] exists.
[2026-02-10 11:08:14] DEBUG: Schema\Builder: ManyMany for Account.targetLists
[2026-02-10 11:08:14] DEBUG: Schema\Builder: ManyMany for Account.documents
[2026-02-10 11:08:14] DEBUG: Schema\Builder: ManyMany for Account.contacts
[2026-02-10 11:08:14] DEBUG: Schema\Builder: ManyMany for Call.leads
[2026-02-10 11:08:14] DEBUG: Schema\Builder: ManyMany for Call.contacts
[2026-02-10 11:08:14] DEBUG: Schema\Builder: ManyMany for Campaign.excludingTargetLists
[2026-02-10 11:08:14] DEBUG: Schema\Builder: ManyMany for Campaign.targetLists
[2026-02-10 11:08:14] DEBUG: Schema\Builder: ManyMany for Case.articles
[2026-02-10 11:08:14] DEBUG: Schema\Builder: ManyMany for Case.contacts
[2026-02-10 11:08:14] DEBUG: Schema\Builder: ManyMany for Contact.documents
[2026-02-10 11:08:14] DEBUG: Schema\Builder: ManyMany for Contact.targetLists
[2026-02-10 11:08:14] DEBUG: Schema\Builder: ManyMany for Contact.meetings
[2026-02-10 11:08:14] DEBUG: Schema\Builder: ManyMany for Contact.opportunities
[2026-02-10 11:08:14] DEBUG: Schema\Builder: ManyMany for Document.leads
[2026-02-10 11:08:14] DEBUG: Schema\Builder: ManyMany for Document.opportunities
[2026-02-10 11:08:14] DEBUG: Schema\Builder: ManyMany for KnowledgeBaseArticle.categories
[2026-02-10 11:08:14] DEBUG: Schema\Builder: ManyMany for Lead.targetLists
[2026-02-10 11:08:14] DEBUG: Schema\Builder: ManyMany for Lead.meetings
[2026-02-10 11:08:14] DEBUG: Schema\Builder: ManyMany for MassEmail.excludingTargetLists
[2026-02-10 11:08:14] DEBUG: Schema\Builder: ManyMany for MassEmail.targetLists
[2026-02-10 11:08:14] DEBUG: Schema\Builder - End
[2026-02-10 11:54:14] DEBUG: Schema\Builder - Start
[2026-02-10 11:54:14] DEBUG: Schema\Builder: Entity ActionHistoryRecord
[2026-02-10 11:54:14] DEBUG: Schema\Builder: Entity AddressCountry
[2026-02-10 11:54:14] DEBUG: Schema\Builder: Entity AppLogRecord
[2026-02-10 11:54:14] DEBUG: Schema\Builder: Entity AppSecret
[2026-02-10 11:54:14] DEBUG: Schema\Builder: Entity ArrayValue
[2026-02-10 11:54:14] DEBUG: Schema\Builder: Entity Attachment
[2026-02-10 11:54:14] DEBUG: Schema\Builder: Entity AuthLogRecord
[2026-02-10 11:54:14] DEBUG: Schema\Builder: Entity AuthToken
[2026-02-10 11:54:14] DEBUG: Schema\Builder: Entity AuthenticationProvider
[2026-02-10 11:54:14] DEBUG: Schema\Builder: Entity Autofollow
[2026-02-10 11:54:14] DEBUG: Schema\Builder: Entity Currency
[2026-02-10 11:54:14] DEBUG: Schema\Builder: Entity DashboardTemplate
[2026-02-10 11:54:14] DEBUG: Schema\Builder: Entity Email
[2026-02-10 11:54:14] DEBUG: Schema\Builder: Entity EmailAccount
[2026-02-10 11:54:14] DEBUG: Schema\Builder: Entity EmailAddress
[2026-02-10 11:54:14] DEBUG: Schema\Builder: Entity EmailFilter
[2026-02-10 11:54:14] DEBUG: Schema\Builder: Entity EmailFolder
[2026-02-10 11:54:14] DEBUG: Schema\Builder: Entity EmailTemplate
[2026-02-10 11:54:14] DEBUG: Schema\Builder: Entity EmailTemplateCategory
[2026-02-10 11:54:14] DEBUG: Schema\Builder: Entity Export
[2026-02-10 11:54:14] DEBUG: Schema\Builder: Entity Extension
[2026-02-10 11:54:14] DEBUG: Schema\Builder: Entity ExternalAccount
[2026-02-10 11:54:14] DEBUG: Schema\Builder: Entity GroupEmailFolder
[2026-02-10 11:54:14] DEBUG: Schema\Builder: Entity Import
[2026-02-10 11:54:14] DEBUG: Schema\Builder: Entity ImportEntity
[2026-02-10 11:54:14] DEBUG: Schema\Builder: Entity ImportError
[2026-02-10 11:54:14] DEBUG: Schema\Builder: Entity InboundEmail
[2026-02-10 11:54:14] DEBUG: Schema\Builder: Entity Integration
[2026-02-10 11:54:14] DEBUG: Schema\Builder: Entity Job
[2026-02-10 11:54:14] DEBUG: Schema\Builder: Entity KanbanOrder
[2026-02-10 11:54:14] DEBUG: Schema\Builder: Entity LayoutRecord
[2026-02-10 11:54:14] DEBUG: Schema\Builder: Entity LayoutSet
[2026-02-10 11:54:14] DEBUG: Schema\Builder: Entity LeadCapture
[2026-02-10 11:54:14] DEBUG: Schema\Builder: Entity LeadCaptureLogRecord
[2026-02-10 11:54:14] DEBUG: Schema\Builder: Entity MassAction
[2026-02-10 11:54:14] DEBUG: Schema\Builder: Entity NextNumber
[2026-02-10 11:54:14] DEBUG: Schema\Builder: Entity Note
[2026-02-10 11:54:14] DEBUG: Schema\Builder: Entity Notification
[2026-02-10 11:54:14] DEBUG: Schema\Builder: Entity OAuthAccount
[2026-02-10 11:54:14] DEBUG: Schema\Builder: Entity OAuthProvider
[2026-02-10 11:54:14] DEBUG: Schema\Builder: Entity PasswordChangeRequest
[2026-02-10 11:54:14] DEBUG: Schema\Builder: Entity PhoneNumber
[2026-02-10 11:54:14] DEBUG: Schema\Builder: Entity Portal
[2026-02-10 11:54:14] DEBUG: Schema\Builder: Entity PortalRole
[2026-02-10 11:54:14] DEBUG: Schema\Builder: Entity Preferences
[2026-02-10 11:54:14] DEBUG: Schema\Builder: Entity Role
[2026-02-10 11:54:14] DEBUG: Schema\Builder: Entity ScheduledJob
[2026-02-10 11:54:14] DEBUG: Schema\Builder: Entity ScheduledJobLogRecord
[2026-02-10 11:54:14] DEBUG: Schema\Builder: Entity Sms
[2026-02-10 11:54:14] DEBUG: Schema\Builder: Entity StarSubscription
[2026-02-10 11:54:14] DEBUG: Schema\Builder: Entity StreamSubscription
[2026-02-10 11:54:14] DEBUG: Schema\Builder: Entity SystemData
[2026-02-10 11:54:14] DEBUG: Schema\Builder: Entity Team
[2026-02-10 11:54:14] DEBUG: Schema\Builder: Entity Template
[2026-02-10 11:54:14] DEBUG: Schema\Builder: Entity TwoFactorCode
[2026-02-10 11:54:14] DEBUG: Schema\Builder: Entity UniqueId
[2026-02-10 11:54:14] DEBUG: Schema\Builder: Entity User
[2026-02-10 11:54:14] DEBUG: Schema\Builder: Entity UserData
[2026-02-10 11:54:14] DEBUG: Schema\Builder: Entity UserReaction
[2026-02-10 11:54:14] DEBUG: Schema\Builder: Entity Webhook
[2026-02-10 11:54:14] DEBUG: Schema\Builder: Entity WebhookEventQueueItem
[2026-02-10 11:54:14] DEBUG: Schema\Builder: Entity WebhookQueueItem
[2026-02-10 11:54:14] DEBUG: Schema\Builder: Entity WorkingTimeCalendar
[2026-02-10 11:54:14] DEBUG: Schema\Builder: Entity WorkingTimeRange
[2026-02-10 11:54:14] DEBUG: Schema\Builder: Entity Account
[2026-02-10 11:54:14] DEBUG: Schema\Builder: Entity Call
[2026-02-10 11:54:14] DEBUG: Schema\Builder: Entity Campaign
[2026-02-10 11:54:14] DEBUG: Schema\Builder: Entity CampaignLogRecord
[2026-02-10 11:54:14] DEBUG: Schema\Builder: Entity CampaignTrackingUrl
[2026-02-10 11:54:14] DEBUG: Schema\Builder: Entity Case
[2026-02-10 11:54:14] DEBUG: Schema\Builder: Entity Contact
[2026-02-10 11:54:14] DEBUG: Schema\Builder: Entity Document
[2026-02-10 11:54:14] DEBUG: Schema\Builder: Entity DocumentFolder
[2026-02-10 11:54:14] DEBUG: Schema\Builder: Entity EmailQueueItem
[2026-02-10 11:54:14] DEBUG: Schema\Builder: Entity KnowledgeBaseArticle
[2026-02-10 11:54:14] DEBUG: Schema\Builder: Entity KnowledgeBaseCategory
[2026-02-10 11:54:14] DEBUG: Schema\Builder: Entity Lead
[2026-02-10 11:54:14] DEBUG: Schema\Builder: Entity MassEmail
[2026-02-10 11:54:14] DEBUG: Schema\Builder: Entity Meeting
[2026-02-10 11:54:14] DEBUG: Schema\Builder: Entity Opportunity
[2026-02-10 11:54:14] DEBUG: Schema\Builder: Entity Reminder
[2026-02-10 11:54:14] DEBUG: Schema\Builder: Entity Target
[2026-02-10 11:54:14] DEBUG: Schema\Builder: Entity TargetList
[2026-02-10 11:54:14] DEBUG: Schema\Builder: Entity TargetListCategory
[2026-02-10 11:54:14] DEBUG: Schema\Builder: Entity Task
[2026-02-10 11:54:14] DEBUG: Schema\Builder: Entity CADHAR
[2026-02-10 11:54:14] DEBUG: Schema\Builder: Entity CBanks
[2026-02-10 11:54:14] DEBUG: Schema\Builder: Entity CCity
[2026-02-10 11:54:14] DEBUG: Schema\Builder: Entity CContactType
[2026-02-10 11:54:14] DEBUG: Schema\Builder: Entity CCountry
[2026-02-10 11:54:14] DEBUG: Schema\Builder: Entity CDepartment
[2026-02-10 11:54:14] DEBUG: Schema\Builder: Entity CDependantRelation
[2026-02-10 11:54:14] DEBUG: Schema\Builder: Entity CDocumentType
[2026-02-10 11:54:14] DEBUG: Schema\Builder: Entity CDrivingLicense
[2026-02-10 11:54:14] DEBUG: Schema\Builder: Entity CEmployee
[2026-02-10 11:54:14] DEBUG: Schema\Builder: Entity CEmployeeAddress
[2026-02-10 11:54:14] DEBUG: Schema\Builder: Entity CEmployeeBank
[2026-02-10 11:54:14] DEBUG: Schema\Builder: Entity CEmployeeContact
[2026-02-10 11:54:14] DEBUG: Schema\Builder: Entity CEmployeeDependent
[2026-02-10 11:54:14] DEBUG: Schema\Builder: Entity CEmployeeDocuments
[2026-02-10 11:54:14] DEBUG: Schema\Builder: Entity CEmployeePastExperience
[2026-02-10 11:54:14] DEBUG: Schema\Builder: Entity CPanCard
[2026-02-10 11:54:14] DEBUG: Schema\Builder: Entity CPassport
[2026-02-10 11:54:14] DEBUG: Schema\Builder: Entity CState
[2026-02-10 11:54:14] DEBUG: Schema\Builder: Entity CVoterIdCard
[2026-02-10 11:54:14] DEBUG: Schema\Builder: Entity CWorkRole
[2026-02-10 11:54:14] DEBUG: Schema\Builder: Entity EmailTemplateCategoryPath
[2026-02-10 11:54:14] DEBUG: Schema\Builder: Entity DocumentFolderPath
[2026-02-10 11:54:14] DEBUG: Schema\Builder: Entity KnowledgeBaseCategoryPath
[2026-02-10 11:54:14] DEBUG: Schema\Builder: Entity TargetListCategoryPath
[2026-02-10 11:54:14] DEBUG: Schema\Builder: ManyMany for Email.emailAccounts
[2026-02-10 11:54:14] DEBUG: Schema\Builder: ManyMany for Email.inboundEmails
[2026-02-10 11:54:14] DEBUG: Schema\Builder: ManyMany for Email.replyToEmailAddresses
[2026-02-10 11:54:14] DEBUG: Schema\Builder: ManyMany for Email.users
[2026-02-10 11:54:14] DEBUG: Schema\Builder: ManyMany for Email.assignedUsers
[2026-02-10 11:54:14] DEBUG: Schema\Builder: ManyMany for Email.teams
[2026-02-10 11:54:14] DEBUG: Schema\Builder: ManyMany for GroupEmailFolder.teams
[2026-02-10 11:54:14] DEBUG: Schema\Builder: ManyMany for InboundEmail.teams
[2026-02-10 11:54:14] DEBUG: Schema\Builder: ManyMany for Note.users
[2026-02-10 11:54:14] DEBUG: Schema\Builder: ManyMany for Note.portals
[2026-02-10 11:54:14] DEBUG: Schema\Builder: ManyMany for Note.teams
[2026-02-10 11:54:14] DEBUG: Schema\Builder: ManyMany for Portal.articles
[2026-02-10 11:54:14] DEBUG: Schema\Builder: ManyMany for Portal.portalRoles
[2026-02-10 11:54:14] DEBUG: Schema\Builder: ManyMany for Portal.users
[2026-02-10 11:54:14] DEBUG: Schema\Builder: ManyMany for PortalRole.users
[2026-02-10 11:54:14] DEBUG: Schema\Builder: ManyMany for Role.teams
[2026-02-10 11:54:14] DEBUG: Schema\Builder: ManyMany for Role.users
[2026-02-10 11:54:14] DEBUG: Schema\Builder: ManyMany for Sms.toPhoneNumbers
[2026-02-10 11:54:14] DEBUG: Schema\Builder: ManyMany for Team.users
[2026-02-10 11:54:14] DEBUG: Schema\Builder: ManyMany for User.emailAddresses
[2026-02-10 11:54:14] DEBUG: Schema\Builder: ManyMany for User.phoneNumbers
[2026-02-10 11:54:14] DEBUG: Schema\Builder: ManyMany for User.targetLists
[2026-02-10 11:54:14] DEBUG: Schema\Builder: ManyMany for User.accounts
[2026-02-10 11:54:14] DEBUG: Schema\Builder: ManyMany for User.calls
[2026-02-10 11:54:14] DEBUG: Schema\Builder: ManyMany for User.meetings
[2026-02-10 11:54:14] DEBUG: Schema\Builder: ManyMany for User.workingTimeRanges
[2026-02-10 11:54:14] DEBUG: Schema\Builder: ManyMany for WorkingTimeCalendar.ranges
[2026-02-10 11:54:14] DEBUG: Schema\Builder: ManyMany for Account.portalUsers
[2026-02-10 11:54:14] DEBUG: Schema\Builder: Table [account_portal_user] exists.
[2026-02-10 11:54:14] DEBUG: Schema\Builder: ManyMany for Account.targetLists
[2026-02-10 11:54:14] DEBUG: Schema\Builder: ManyMany for Account.documents
[2026-02-10 11:54:14] DEBUG: Schema\Builder: ManyMany for Account.contacts
[2026-02-10 11:54:14] DEBUG: Schema\Builder: ManyMany for Call.leads
[2026-02-10 11:54:14] DEBUG: Schema\Builder: ManyMany for Call.contacts
[2026-02-10 11:54:14] DEBUG: Schema\Builder: ManyMany for Campaign.excludingTargetLists
[2026-02-10 11:54:14] DEBUG: Schema\Builder: ManyMany for Campaign.targetLists
[2026-02-10 11:54:14] DEBUG: Schema\Builder: ManyMany for Case.articles
[2026-02-10 11:54:14] DEBUG: Schema\Builder: ManyMany for Case.contacts
[2026-02-10 11:54:14] DEBUG: Schema\Builder: ManyMany for Contact.documents
[2026-02-10 11:54:14] DEBUG: Schema\Builder: ManyMany for Contact.targetLists
[2026-02-10 11:54:14] DEBUG: Schema\Builder: ManyMany for Contact.meetings
[2026-02-10 11:54:14] DEBUG: Schema\Builder: ManyMany for Contact.opportunities
[2026-02-10 11:54:14] DEBUG: Schema\Builder: ManyMany for Document.leads
[2026-02-10 11:54:14] DEBUG: Schema\Builder: ManyMany for Document.opportunities
[2026-02-10 11:54:14] DEBUG: Schema\Builder: ManyMany for KnowledgeBaseArticle.categories
[2026-02-10 11:54:14] DEBUG: Schema\Builder: ManyMany for Lead.targetLists
[2026-02-10 11:54:14] DEBUG: Schema\Builder: ManyMany for Lead.meetings
[2026-02-10 11:54:14] DEBUG: Schema\Builder: ManyMany for MassEmail.excludingTargetLists
[2026-02-10 11:54:14] DEBUG: Schema\Builder: ManyMany for MassEmail.targetLists
[2026-02-10 11:54:14] DEBUG: Schema\Builder - End
[2026-02-10 12:03:57] DEBUG: Schema\Builder - Start
[2026-02-10 12:03:57] DEBUG: Schema\Builder: Entity ActionHistoryRecord
[2026-02-10 12:03:57] DEBUG: Schema\Builder: Entity AddressCountry
[2026-02-10 12:03:57] DEBUG: Schema\Builder: Entity AppLogRecord
[2026-02-10 12:03:57] DEBUG: Schema\Builder: Entity AppSecret
[2026-02-10 12:03:57] DEBUG: Schema\Builder: Entity ArrayValue
[2026-02-10 12:03:57] DEBUG: Schema\Builder: Entity Attachment
[2026-02-10 12:03:57] DEBUG: Schema\Builder: Entity AuthLogRecord
[2026-02-10 12:03:57] DEBUG: Schema\Builder: Entity AuthToken
[2026-02-10 12:03:57] DEBUG: Schema\Builder: Entity AuthenticationProvider
[2026-02-10 12:03:57] DEBUG: Schema\Builder: Entity Autofollow
[2026-02-10 12:03:57] DEBUG: Schema\Builder: Entity Currency
[2026-02-10 12:03:57] DEBUG: Schema\Builder: Entity DashboardTemplate
[2026-02-10 12:03:57] DEBUG: Schema\Builder: Entity Email
[2026-02-10 12:03:57] DEBUG: Schema\Builder: Entity EmailAccount
[2026-02-10 12:03:57] DEBUG: Schema\Builder: Entity EmailAddress
[2026-02-10 12:03:57] DEBUG: Schema\Builder: Entity EmailFilter
[2026-02-10 12:03:57] DEBUG: Schema\Builder: Entity EmailFolder
[2026-02-10 12:03:57] DEBUG: Schema\Builder: Entity EmailTemplate
[2026-02-10 12:03:57] DEBUG: Schema\Builder: Entity EmailTemplateCategory
[2026-02-10 12:03:57] DEBUG: Schema\Builder: Entity Export
[2026-02-10 12:03:57] DEBUG: Schema\Builder: Entity Extension
[2026-02-10 12:03:57] DEBUG: Schema\Builder: Entity ExternalAccount
[2026-02-10 12:03:57] DEBUG: Schema\Builder: Entity GroupEmailFolder
[2026-02-10 12:03:57] DEBUG: Schema\Builder: Entity Import
[2026-02-10 12:03:57] DEBUG: Schema\Builder: Entity ImportEntity
[2026-02-10 12:03:57] DEBUG: Schema\Builder: Entity ImportError
[2026-02-10 12:03:57] DEBUG: Schema\Builder: Entity InboundEmail
[2026-02-10 12:03:57] DEBUG: Schema\Builder: Entity Integration
[2026-02-10 12:03:57] DEBUG: Schema\Builder: Entity Job
[2026-02-10 12:03:57] DEBUG: Schema\Builder: Entity KanbanOrder
[2026-02-10 12:03:57] DEBUG: Schema\Builder: Entity LayoutRecord
[2026-02-10 12:03:57] DEBUG: Schema\Builder: Entity LayoutSet
[2026-02-10 12:03:57] DEBUG: Schema\Builder: Entity LeadCapture
[2026-02-10 12:03:57] DEBUG: Schema\Builder: Entity LeadCaptureLogRecord
[2026-02-10 12:03:57] DEBUG: Schema\Builder: Entity MassAction
[2026-02-10 12:03:57] DEBUG: Schema\Builder: Entity NextNumber
[2026-02-10 12:03:57] DEBUG: Schema\Builder: Entity Note
[2026-02-10 12:03:57] DEBUG: Schema\Builder: Entity Notification
[2026-02-10 12:03:57] DEBUG: Schema\Builder: Entity OAuthAccount
[2026-02-10 12:03:57] DEBUG: Schema\Builder: Entity OAuthProvider
[2026-02-10 12:03:57] DEBUG: Schema\Builder: Entity PasswordChangeRequest
[2026-02-10 12:03:57] DEBUG: Schema\Builder: Entity PhoneNumber
[2026-02-10 12:03:57] DEBUG: Schema\Builder: Entity Portal
[2026-02-10 12:03:57] DEBUG: Schema\Builder: Entity PortalRole
[2026-02-10 12:03:57] DEBUG: Schema\Builder: Entity Preferences
[2026-02-10 12:03:57] DEBUG: Schema\Builder: Entity Role
[2026-02-10 12:03:57] DEBUG: Schema\Builder: Entity ScheduledJob
[2026-02-10 12:03:57] DEBUG: Schema\Builder: Entity ScheduledJobLogRecord
[2026-02-10 12:03:57] DEBUG: Schema\Builder: Entity Sms
[2026-02-10 12:03:57] DEBUG: Schema\Builder: Entity StarSubscription
[2026-02-10 12:03:57] DEBUG: Schema\Builder: Entity StreamSubscription
[2026-02-10 12:03:57] DEBUG: Schema\Builder: Entity SystemData
[2026-02-10 12:03:57] DEBUG: Schema\Builder: Entity Team
[2026-02-10 12:03:57] DEBUG: Schema\Builder: Entity Template
[2026-02-10 12:03:57] DEBUG: Schema\Builder: Entity TwoFactorCode
[2026-02-10 12:03:57] DEBUG: Schema\Builder: Entity UniqueId
[2026-02-10 12:03:57] DEBUG: Schema\Builder: Entity User
[2026-02-10 12:03:57] DEBUG: Schema\Builder: Entity UserData
[2026-02-10 12:03:57] DEBUG: Schema\Builder: Entity UserReaction
[2026-02-10 12:03:57] DEBUG: Schema\Builder: Entity Webhook
[2026-02-10 12:03:57] DEBUG: Schema\Builder: Entity WebhookEventQueueItem
[2026-02-10 12:03:57] DEBUG: Schema\Builder: Entity WebhookQueueItem
[2026-02-10 12:03:57] DEBUG: Schema\Builder: Entity WorkingTimeCalendar
[2026-02-10 12:03:57] DEBUG: Schema\Builder: Entity WorkingTimeRange
[2026-02-10 12:03:57] DEBUG: Schema\Builder: Entity Account
[2026-02-10 12:03:57] DEBUG: Schema\Builder: Entity Call
[2026-02-10 12:03:57] DEBUG: Schema\Builder: Entity Campaign
[2026-02-10 12:03:57] DEBUG: Schema\Builder: Entity CampaignLogRecord
[2026-02-10 12:03:57] DEBUG: Schema\Builder: Entity CampaignTrackingUrl
[2026-02-10 12:03:57] DEBUG: Schema\Builder: Entity Case
[2026-02-10 12:03:57] DEBUG: Schema\Builder: Entity Contact
[2026-02-10 12:03:57] DEBUG: Schema\Builder: Entity Document
[2026-02-10 12:03:57] DEBUG: Schema\Builder: Entity DocumentFolder
[2026-02-10 12:03:57] DEBUG: Schema\Builder: Entity EmailQueueItem
[2026-02-10 12:03:57] DEBUG: Schema\Builder: Entity KnowledgeBaseArticle
[2026-02-10 12:03:57] DEBUG: Schema\Builder: Entity KnowledgeBaseCategory
[2026-02-10 12:03:57] DEBUG: Schema\Builder: Entity Lead
[2026-02-10 12:03:57] DEBUG: Schema\Builder: Entity MassEmail
[2026-02-10 12:03:57] DEBUG: Schema\Builder: Entity Meeting
[2026-02-10 12:03:57] DEBUG: Schema\Builder: Entity Opportunity
[2026-02-10 12:03:57] DEBUG: Schema\Builder: Entity Reminder
[2026-02-10 12:03:57] DEBUG: Schema\Builder: Entity Target
[2026-02-10 12:03:57] DEBUG: Schema\Builder: Entity TargetList
[2026-02-10 12:03:57] DEBUG: Schema\Builder: Entity TargetListCategory
[2026-02-10 12:03:57] DEBUG: Schema\Builder: Entity Task
[2026-02-10 12:03:57] DEBUG: Schema\Builder: Entity CADHAR
[2026-02-10 12:03:57] DEBUG: Schema\Builder: Entity CBanks
[2026-02-10 12:03:57] DEBUG: Schema\Builder: Entity CCity
[2026-02-10 12:03:57] DEBUG: Schema\Builder: Entity CContactType
[2026-02-10 12:03:57] DEBUG: Schema\Builder: Entity CCountry
[2026-02-10 12:03:57] DEBUG: Schema\Builder: Entity CDepartment
[2026-02-10 12:03:57] DEBUG: Schema\Builder: Entity CDependantRelation
[2026-02-10 12:03:57] DEBUG: Schema\Builder: Entity CDocumentType
[2026-02-10 12:03:57] DEBUG: Schema\Builder: Entity CDrivingLicense
[2026-02-10 12:03:57] DEBUG: Schema\Builder: Entity CEmployee
[2026-02-10 12:03:57] DEBUG: Schema\Builder: Entity CEmployeeAddress
[2026-02-10 12:03:57] DEBUG: Schema\Builder: Entity CEmployeeBank
[2026-02-10 12:03:57] DEBUG: Schema\Builder: Entity CEmployeeContact
[2026-02-10 12:03:57] DEBUG: Schema\Builder: Entity CEmployeeDependent
[2026-02-10 12:03:57] DEBUG: Schema\Builder: Entity CEmployeeDocuments
[2026-02-10 12:03:57] DEBUG: Schema\Builder: Entity CEmployeePastExperience
[2026-02-10 12:03:57] DEBUG: Schema\Builder: Entity CPanCard
[2026-02-10 12:03:57] DEBUG: Schema\Builder: Entity CPassport
[2026-02-10 12:03:57] DEBUG: Schema\Builder: Entity CState
[2026-02-10 12:03:57] DEBUG: Schema\Builder: Entity CVoterIdCard
[2026-02-10 12:03:57] DEBUG: Schema\Builder: Entity CWorkRole
[2026-02-10 12:03:57] DEBUG: Schema\Builder: Entity EmailTemplateCategoryPath
[2026-02-10 12:03:57] DEBUG: Schema\Builder: Entity DocumentFolderPath
[2026-02-10 12:03:57] DEBUG: Schema\Builder: Entity KnowledgeBaseCategoryPath
[2026-02-10 12:03:57] DEBUG: Schema\Builder: Entity TargetListCategoryPath
[2026-02-10 12:03:57] DEBUG: Schema\Builder: ManyMany for Email.emailAccounts
[2026-02-10 12:03:57] DEBUG: Schema\Builder: ManyMany for Email.inboundEmails
[2026-02-10 12:03:57] DEBUG: Schema\Builder: ManyMany for Email.replyToEmailAddresses
[2026-02-10 12:03:57] DEBUG: Schema\Builder: ManyMany for Email.users
[2026-02-10 12:03:57] DEBUG: Schema\Builder: ManyMany for Email.assignedUsers
[2026-02-10 12:03:57] DEBUG: Schema\Builder: ManyMany for Email.teams
[2026-02-10 12:03:57] DEBUG: Schema\Builder: ManyMany for GroupEmailFolder.teams
[2026-02-10 12:03:57] DEBUG: Schema\Builder: ManyMany for InboundEmail.teams
[2026-02-10 12:03:57] DEBUG: Schema\Builder: ManyMany for Note.users
[2026-02-10 12:03:57] DEBUG: Schema\Builder: ManyMany for Note.portals
[2026-02-10 12:03:57] DEBUG: Schema\Builder: ManyMany for Note.teams
[2026-02-10 12:03:57] DEBUG: Schema\Builder: ManyMany for Portal.articles
[2026-02-10 12:03:57] DEBUG: Schema\Builder: ManyMany for Portal.portalRoles
[2026-02-10 12:03:57] DEBUG: Schema\Builder: ManyMany for Portal.users
[2026-02-10 12:03:57] DEBUG: Schema\Builder: ManyMany for PortalRole.users
[2026-02-10 12:03:57] DEBUG: Schema\Builder: ManyMany for Role.teams
[2026-02-10 12:03:57] DEBUG: Schema\Builder: ManyMany for Role.users
[2026-02-10 12:03:57] DEBUG: Schema\Builder: ManyMany for Sms.toPhoneNumbers
[2026-02-10 12:03:57] DEBUG: Schema\Builder: ManyMany for Team.users
[2026-02-10 12:03:57] DEBUG: Schema\Builder: ManyMany for User.emailAddresses
[2026-02-10 12:03:57] DEBUG: Schema\Builder: ManyMany for User.phoneNumbers
[2026-02-10 12:03:57] DEBUG: Schema\Builder: ManyMany for User.targetLists
[2026-02-10 12:03:57] DEBUG: Schema\Builder: ManyMany for User.accounts
[2026-02-10 12:03:57] DEBUG: Schema\Builder: ManyMany for User.calls
[2026-02-10 12:03:57] DEBUG: Schema\Builder: ManyMany for User.meetings
[2026-02-10 12:03:57] DEBUG: Schema\Builder: ManyMany for User.workingTimeRanges
[2026-02-10 12:03:57] DEBUG: Schema\Builder: ManyMany for WorkingTimeCalendar.ranges
[2026-02-10 12:03:57] DEBUG: Schema\Builder: ManyMany for Account.portalUsers
[2026-02-10 12:03:57] DEBUG: Schema\Builder: Table [account_portal_user] exists.
[2026-02-10 12:03:57] DEBUG: Schema\Builder: ManyMany for Account.targetLists
[2026-02-10 12:03:57] DEBUG: Schema\Builder: ManyMany for Account.documents
[2026-02-10 12:03:57] DEBUG: Schema\Builder: ManyMany for Account.contacts
[2026-02-10 12:03:57] DEBUG: Schema\Builder: ManyMany for Call.leads
[2026-02-10 12:03:57] DEBUG: Schema\Builder: ManyMany for Call.contacts
[2026-02-10 12:03:57] DEBUG: Schema\Builder: ManyMany for Campaign.excludingTargetLists
[2026-02-10 12:03:57] DEBUG: Schema\Builder: ManyMany for Campaign.targetLists
[2026-02-10 12:03:57] DEBUG: Schema\Builder: ManyMany for Case.articles
[2026-02-10 12:03:57] DEBUG: Schema\Builder: ManyMany for Case.contacts
[2026-02-10 12:03:57] DEBUG: Schema\Builder: ManyMany for Contact.documents
[2026-02-10 12:03:57] DEBUG: Schema\Builder: ManyMany for Contact.targetLists
[2026-02-10 12:03:57] DEBUG: Schema\Builder: ManyMany for Contact.meetings
[2026-02-10 12:03:57] DEBUG: Schema\Builder: ManyMany for Contact.opportunities
[2026-02-10 12:03:57] DEBUG: Schema\Builder: ManyMany for Document.leads
[2026-02-10 12:03:57] DEBUG: Schema\Builder: ManyMany for Document.opportunities
[2026-02-10 12:03:57] DEBUG: Schema\Builder: ManyMany for KnowledgeBaseArticle.categories
[2026-02-10 12:03:57] DEBUG: Schema\Builder: ManyMany for Lead.targetLists
[2026-02-10 12:03:57] DEBUG: Schema\Builder: ManyMany for Lead.meetings
[2026-02-10 12:03:57] DEBUG: Schema\Builder: ManyMany for MassEmail.excludingTargetLists
[2026-02-10 12:03:57] DEBUG: Schema\Builder: ManyMany for MassEmail.targetLists
[2026-02-10 12:03:57] DEBUG: Schema\Builder - End
[2026-02-10 12:08:39] DEBUG: Schema\Builder - Start
[2026-02-10 12:08:39] DEBUG: Schema\Builder: Entity ActionHistoryRecord
[2026-02-10 12:08:39] DEBUG: Schema\Builder: Entity AddressCountry
[2026-02-10 12:08:39] DEBUG: Schema\Builder: Entity AppLogRecord
[2026-02-10 12:08:39] DEBUG: Schema\Builder: Entity AppSecret
[2026-02-10 12:08:39] DEBUG: Schema\Builder: Entity ArrayValue
[2026-02-10 12:08:39] DEBUG: Schema\Builder: Entity Attachment
[2026-02-10 12:08:39] DEBUG: Schema\Builder: Entity AuthLogRecord
[2026-02-10 12:08:39] DEBUG: Schema\Builder: Entity AuthToken
[2026-02-10 12:08:39] DEBUG: Schema\Builder: Entity AuthenticationProvider
[2026-02-10 12:08:39] DEBUG: Schema\Builder: Entity Autofollow
[2026-02-10 12:08:39] DEBUG: Schema\Builder: Entity Currency
[2026-02-10 12:08:39] DEBUG: Schema\Builder: Entity DashboardTemplate
[2026-02-10 12:08:39] DEBUG: Schema\Builder: Entity Email
[2026-02-10 12:08:39] DEBUG: Schema\Builder: Entity EmailAccount
[2026-02-10 12:08:39] DEBUG: Schema\Builder: Entity EmailAddress
[2026-02-10 12:08:39] DEBUG: Schema\Builder: Entity EmailFilter
[2026-02-10 12:08:39] DEBUG: Schema\Builder: Entity EmailFolder
[2026-02-10 12:08:39] DEBUG: Schema\Builder: Entity EmailTemplate
[2026-02-10 12:08:39] DEBUG: Schema\Builder: Entity EmailTemplateCategory
[2026-02-10 12:08:39] DEBUG: Schema\Builder: Entity Export
[2026-02-10 12:08:39] DEBUG: Schema\Builder: Entity Extension
[2026-02-10 12:08:39] DEBUG: Schema\Builder: Entity ExternalAccount
[2026-02-10 12:08:39] DEBUG: Schema\Builder: Entity GroupEmailFolder
[2026-02-10 12:08:39] DEBUG: Schema\Builder: Entity Import
[2026-02-10 12:08:39] DEBUG: Schema\Builder: Entity ImportEntity
[2026-02-10 12:08:39] DEBUG: Schema\Builder: Entity ImportError
[2026-02-10 12:08:39] DEBUG: Schema\Builder: Entity InboundEmail
[2026-02-10 12:08:39] DEBUG: Schema\Builder: Entity Integration
[2026-02-10 12:08:39] DEBUG: Schema\Builder: Entity Job
[2026-02-10 12:08:39] DEBUG: Schema\Builder: Entity KanbanOrder
[2026-02-10 12:08:39] DEBUG: Schema\Builder: Entity LayoutRecord
[2026-02-10 12:08:39] DEBUG: Schema\Builder: Entity LayoutSet
[2026-02-10 12:08:39] DEBUG: Schema\Builder: Entity LeadCapture
[2026-02-10 12:08:39] DEBUG: Schema\Builder: Entity LeadCaptureLogRecord
[2026-02-10 12:08:39] DEBUG: Schema\Builder: Entity MassAction
[2026-02-10 12:08:39] DEBUG: Schema\Builder: Entity NextNumber
[2026-02-10 12:08:39] DEBUG: Schema\Builder: Entity Note
[2026-02-10 12:08:39] DEBUG: Schema\Builder: Entity Notification
[2026-02-10 12:08:39] DEBUG: Schema\Builder: Entity OAuthAccount
[2026-02-10 12:08:39] DEBUG: Schema\Builder: Entity OAuthProvider
[2026-02-10 12:08:39] DEBUG: Schema\Builder: Entity PasswordChangeRequest
[2026-02-10 12:08:39] DEBUG: Schema\Builder: Entity PhoneNumber
[2026-02-10 12:08:39] DEBUG: Schema\Builder: Entity Portal
[2026-02-10 12:08:39] DEBUG: Schema\Builder: Entity PortalRole
[2026-02-10 12:08:39] DEBUG: Schema\Builder: Entity Preferences
[2026-02-10 12:08:39] DEBUG: Schema\Builder: Entity Role
[2026-02-10 12:08:39] DEBUG: Schema\Builder: Entity ScheduledJob
[2026-02-10 12:08:39] DEBUG: Schema\Builder: Entity ScheduledJobLogRecord
[2026-02-10 12:08:39] DEBUG: Schema\Builder: Entity Sms
[2026-02-10 12:08:39] DEBUG: Schema\Builder: Entity StarSubscription
[2026-02-10 12:08:39] DEBUG: Schema\Builder: Entity StreamSubscription
[2026-02-10 12:08:39] DEBUG: Schema\Builder: Entity SystemData
[2026-02-10 12:08:39] DEBUG: Schema\Builder: Entity Team
[2026-02-10 12:08:39] DEBUG: Schema\Builder: Entity Template
[2026-02-10 12:08:39] DEBUG: Schema\Builder: Entity TwoFactorCode
[2026-02-10 12:08:39] DEBUG: Schema\Builder: Entity UniqueId
[2026-02-10 12:08:39] DEBUG: Schema\Builder: Entity User
[2026-02-10 12:08:39] DEBUG: Schema\Builder: Entity UserData
[2026-02-10 12:08:39] DEBUG: Schema\Builder: Entity UserReaction
[2026-02-10 12:08:39] DEBUG: Schema\Builder: Entity Webhook
[2026-02-10 12:08:39] DEBUG: Schema\Builder: Entity WebhookEventQueueItem
[2026-02-10 12:08:39] DEBUG: Schema\Builder: Entity WebhookQueueItem
[2026-02-10 12:08:39] DEBUG: Schema\Builder: Entity WorkingTimeCalendar
[2026-02-10 12:08:39] DEBUG: Schema\Builder: Entity WorkingTimeRange
[2026-02-10 12:08:39] DEBUG: Schema\Builder: Entity Account
[2026-02-10 12:08:39] DEBUG: Schema\Builder: Entity Call
[2026-02-10 12:08:39] DEBUG: Schema\Builder: Entity Campaign
[2026-02-10 12:08:39] DEBUG: Schema\Builder: Entity CampaignLogRecord
[2026-02-10 12:08:39] DEBUG: Schema\Builder: Entity CampaignTrackingUrl
[2026-02-10 12:08:39] DEBUG: Schema\Builder: Entity Case
[2026-02-10 12:08:39] DEBUG: Schema\Builder: Entity Contact
[2026-02-10 12:08:39] DEBUG: Schema\Builder: Entity Document
[2026-02-10 12:08:39] DEBUG: Schema\Builder: Entity DocumentFolder
[2026-02-10 12:08:39] DEBUG: Schema\Builder: Entity EmailQueueItem
[2026-02-10 12:08:39] DEBUG: Schema\Builder: Entity KnowledgeBaseArticle
[2026-02-10 12:08:39] DEBUG: Schema\Builder: Entity KnowledgeBaseCategory
[2026-02-10 12:08:39] DEBUG: Schema\Builder: Entity Lead
[2026-02-10 12:08:39] DEBUG: Schema\Builder: Entity MassEmail
[2026-02-10 12:08:39] DEBUG: Schema\Builder: Entity Meeting
[2026-02-10 12:08:39] DEBUG: Schema\Builder: Entity Opportunity
[2026-02-10 12:08:39] DEBUG: Schema\Builder: Entity Reminder
[2026-02-10 12:08:39] DEBUG: Schema\Builder: Entity Target
[2026-02-10 12:08:39] DEBUG: Schema\Builder: Entity TargetList
[2026-02-10 12:08:39] DEBUG: Schema\Builder: Entity TargetListCategory
[2026-02-10 12:08:39] DEBUG: Schema\Builder: Entity Task
[2026-02-10 12:08:39] DEBUG: Schema\Builder: Entity CADHAR
[2026-02-10 12:08:39] DEBUG: Schema\Builder: Entity CBanks
[2026-02-10 12:08:39] DEBUG: Schema\Builder: Entity CCity
[2026-02-10 12:08:39] DEBUG: Schema\Builder: Entity CContactType
[2026-02-10 12:08:39] DEBUG: Schema\Builder: Entity CCountry
[2026-02-10 12:08:39] DEBUG: Schema\Builder: Entity CDepartment
[2026-02-10 12:08:39] DEBUG: Schema\Builder: Entity CDependantRelation
[2026-02-10 12:08:39] DEBUG: Schema\Builder: Entity CDocumentType
[2026-02-10 12:08:39] DEBUG: Schema\Builder: Entity CDrivingLicense
[2026-02-10 12:08:39] DEBUG: Schema\Builder: Entity CEmployee
[2026-02-10 12:08:39] DEBUG: Schema\Builder: Entity CEmployeeAddress
[2026-02-10 12:08:39] DEBUG: Schema\Builder: Entity CEmployeeBank
[2026-02-10 12:08:39] DEBUG: Schema\Builder: Entity CEmployeeContact
[2026-02-10 12:08:39] DEBUG: Schema\Builder: Entity CEmployeeDependent
[2026-02-10 12:08:39] DEBUG: Schema\Builder: Entity CEmployeeDocuments
[2026-02-10 12:08:39] DEBUG: Schema\Builder: Entity CEmployeePastExperience
[2026-02-10 12:08:39] DEBUG: Schema\Builder: Entity CPanCard
[2026-02-10 12:08:39] DEBUG: Schema\Builder: Entity CPassport
[2026-02-10 12:08:39] DEBUG: Schema\Builder: Entity CState
[2026-02-10 12:08:39] DEBUG: Schema\Builder: Entity CVoterIdCard
[2026-02-10 12:08:39] DEBUG: Schema\Builder: Entity CWorkRole
[2026-02-10 12:08:39] DEBUG: Schema\Builder: Entity EmailTemplateCategoryPath
[2026-02-10 12:08:39] DEBUG: Schema\Builder: Entity DocumentFolderPath
[2026-02-10 12:08:39] DEBUG: Schema\Builder: Entity KnowledgeBaseCategoryPath
[2026-02-10 12:08:39] DEBUG: Schema\Builder: Entity TargetListCategoryPath
[2026-02-10 12:08:39] DEBUG: Schema\Builder: ManyMany for Email.emailAccounts
[2026-02-10 12:08:39] DEBUG: Schema\Builder: ManyMany for Email.inboundEmails
[2026-02-10 12:08:39] DEBUG: Schema\Builder: ManyMany for Email.replyToEmailAddresses
[2026-02-10 12:08:39] DEBUG: Schema\Builder: ManyMany for Email.users
[2026-02-10 12:08:39] DEBUG: Schema\Builder: ManyMany for Email.assignedUsers
[2026-02-10 12:08:39] DEBUG: Schema\Builder: ManyMany for Email.teams
[2026-02-10 12:08:39] DEBUG: Schema\Builder: ManyMany for GroupEmailFolder.teams
[2026-02-10 12:08:39] DEBUG: Schema\Builder: ManyMany for InboundEmail.teams
[2026-02-10 12:08:39] DEBUG: Schema\Builder: ManyMany for Note.users
[2026-02-10 12:08:39] DEBUG: Schema\Builder: ManyMany for Note.portals
[2026-02-10 12:08:39] DEBUG: Schema\Builder: ManyMany for Note.teams
[2026-02-10 12:08:39] DEBUG: Schema\Builder: ManyMany for Portal.articles
[2026-02-10 12:08:39] DEBUG: Schema\Builder: ManyMany for Portal.portalRoles
[2026-02-10 12:08:39] DEBUG: Schema\Builder: ManyMany for Portal.users
[2026-02-10 12:08:39] DEBUG: Schema\Builder: ManyMany for PortalRole.users
[2026-02-10 12:08:39] DEBUG: Schema\Builder: ManyMany for Role.teams
[2026-02-10 12:08:39] DEBUG: Schema\Builder: ManyMany for Role.users
[2026-02-10 12:08:39] DEBUG: Schema\Builder: ManyMany for Sms.toPhoneNumbers
[2026-02-10 12:08:39] DEBUG: Schema\Builder: ManyMany for Team.users
[2026-02-10 12:08:39] DEBUG: Schema\Builder: ManyMany for User.emailAddresses
[2026-02-10 12:08:39] DEBUG: Schema\Builder: ManyMany for User.phoneNumbers
[2026-02-10 12:08:39] DEBUG: Schema\Builder: ManyMany for User.targetLists
[2026-02-10 12:08:39] DEBUG: Schema\Builder: ManyMany for User.accounts
[2026-02-10 12:08:39] DEBUG: Schema\Builder: ManyMany for User.calls
[2026-02-10 12:08:39] DEBUG: Schema\Builder: ManyMany for User.meetings
[2026-02-10 12:08:39] DEBUG: Schema\Builder: ManyMany for User.workingTimeRanges
[2026-02-10 12:08:39] DEBUG: Schema\Builder: ManyMany for WorkingTimeCalendar.ranges
[2026-02-10 12:08:39] DEBUG: Schema\Builder: ManyMany for Account.portalUsers
[2026-02-10 12:08:39] DEBUG: Schema\Builder: Table [account_portal_user] exists.
[2026-02-10 12:08:39] DEBUG: Schema\Builder: ManyMany for Account.targetLists
[2026-02-10 12:08:39] DEBUG: Schema\Builder: ManyMany for Account.documents
[2026-02-10 12:08:39] DEBUG: Schema\Builder: ManyMany for Account.contacts
[2026-02-10 12:08:39] DEBUG: Schema\Builder: ManyMany for Call.leads
[2026-02-10 12:08:39] DEBUG: Schema\Builder: ManyMany for Call.contacts
[2026-02-10 12:08:39] DEBUG: Schema\Builder: ManyMany for Campaign.excludingTargetLists
[2026-02-10 12:08:39] DEBUG: Schema\Builder: ManyMany for Campaign.targetLists
[2026-02-10 12:08:39] DEBUG: Schema\Builder: ManyMany for Case.articles
[2026-02-10 12:08:39] DEBUG: Schema\Builder: ManyMany for Case.contacts
[2026-02-10 12:08:39] DEBUG: Schema\Builder: ManyMany for Contact.documents
[2026-02-10 12:08:39] DEBUG: Schema\Builder: ManyMany for Contact.targetLists
[2026-02-10 12:08:39] DEBUG: Schema\Builder: ManyMany for Contact.meetings
[2026-02-10 12:08:39] DEBUG: Schema\Builder: ManyMany for Contact.opportunities
[2026-02-10 12:08:39] DEBUG: Schema\Builder: ManyMany for Document.leads
[2026-02-10 12:08:39] DEBUG: Schema\Builder: ManyMany for Document.opportunities
[2026-02-10 12:08:39] DEBUG: Schema\Builder: ManyMany for KnowledgeBaseArticle.categories
[2026-02-10 12:08:39] DEBUG: Schema\Builder: ManyMany for Lead.targetLists
[2026-02-10 12:08:39] DEBUG: Schema\Builder: ManyMany for Lead.meetings
[2026-02-10 12:08:39] DEBUG: Schema\Builder: ManyMany for MassEmail.excludingTargetLists
[2026-02-10 12:08:39] DEBUG: Schema\Builder: ManyMany for MassEmail.targetLists
[2026-02-10 12:08:39] DEBUG: Schema\Builder - End
[2026-02-10 12:11:18] DEBUG: Schema\Builder - Start
[2026-02-10 12:11:18] DEBUG: Schema\Builder: Entity ActionHistoryRecord
[2026-02-10 12:11:18] DEBUG: Schema\Builder: Entity AddressCountry
[2026-02-10 12:11:18] DEBUG: Schema\Builder: Entity AppLogRecord
[2026-02-10 12:11:18] DEBUG: Schema\Builder: Entity AppSecret
[2026-02-10 12:11:18] DEBUG: Schema\Builder: Entity ArrayValue
[2026-02-10 12:11:18] DEBUG: Schema\Builder: Entity Attachment
[2026-02-10 12:11:18] DEBUG: Schema\Builder: Entity AuthLogRecord
[2026-02-10 12:11:18] DEBUG: Schema\Builder: Entity AuthToken
[2026-02-10 12:11:18] DEBUG: Schema\Builder: Entity AuthenticationProvider
[2026-02-10 12:11:18] DEBUG: Schema\Builder: Entity Autofollow
[2026-02-10 12:11:18] DEBUG: Schema\Builder: Entity Currency
[2026-02-10 12:11:18] DEBUG: Schema\Builder: Entity DashboardTemplate
[2026-02-10 12:11:18] DEBUG: Schema\Builder: Entity Email
[2026-02-10 12:11:18] DEBUG: Schema\Builder: Entity EmailAccount
[2026-02-10 12:11:18] DEBUG: Schema\Builder: Entity EmailAddress
[2026-02-10 12:11:18] DEBUG: Schema\Builder: Entity EmailFilter
[2026-02-10 12:11:18] DEBUG: Schema\Builder: Entity EmailFolder
[2026-02-10 12:11:18] DEBUG: Schema\Builder: Entity EmailTemplate
[2026-02-10 12:11:18] DEBUG: Schema\Builder: Entity EmailTemplateCategory
[2026-02-10 12:11:18] DEBUG: Schema\Builder: Entity Export
[2026-02-10 12:11:18] DEBUG: Schema\Builder: Entity Extension
[2026-02-10 12:11:18] DEBUG: Schema\Builder: Entity ExternalAccount
[2026-02-10 12:11:18] DEBUG: Schema\Builder: Entity GroupEmailFolder
[2026-02-10 12:11:18] DEBUG: Schema\Builder: Entity Import
[2026-02-10 12:11:18] DEBUG: Schema\Builder: Entity ImportEntity
[2026-02-10 12:11:18] DEBUG: Schema\Builder: Entity ImportError
[2026-02-10 12:11:18] DEBUG: Schema\Builder: Entity InboundEmail
[2026-02-10 12:11:18] DEBUG: Schema\Builder: Entity Integration
[2026-02-10 12:11:18] DEBUG: Schema\Builder: Entity Job
[2026-02-10 12:11:18] DEBUG: Schema\Builder: Entity KanbanOrder
[2026-02-10 12:11:18] DEBUG: Schema\Builder: Entity LayoutRecord
[2026-02-10 12:11:18] DEBUG: Schema\Builder: Entity LayoutSet
[2026-02-10 12:11:18] DEBUG: Schema\Builder: Entity LeadCapture
[2026-02-10 12:11:18] DEBUG: Schema\Builder: Entity LeadCaptureLogRecord
[2026-02-10 12:11:18] DEBUG: Schema\Builder: Entity MassAction
[2026-02-10 12:11:18] DEBUG: Schema\Builder: Entity NextNumber
[2026-02-10 12:11:18] DEBUG: Schema\Builder: Entity Note
[2026-02-10 12:11:18] DEBUG: Schema\Builder: Entity Notification
[2026-02-10 12:11:18] DEBUG: Schema\Builder: Entity OAuthAccount
[2026-02-10 12:11:18] DEBUG: Schema\Builder: Entity OAuthProvider
[2026-02-10 12:11:18] DEBUG: Schema\Builder: Entity PasswordChangeRequest
[2026-02-10 12:11:18] DEBUG: Schema\Builder: Entity PhoneNumber
[2026-02-10 12:11:18] DEBUG: Schema\Builder: Entity Portal
[2026-02-10 12:11:18] DEBUG: Schema\Builder: Entity PortalRole
[2026-02-10 12:11:18] DEBUG: Schema\Builder: Entity Preferences
[2026-02-10 12:11:18] DEBUG: Schema\Builder: Entity Role
[2026-02-10 12:11:18] DEBUG: Schema\Builder: Entity ScheduledJob
[2026-02-10 12:11:18] DEBUG: Schema\Builder: Entity ScheduledJobLogRecord
[2026-02-10 12:11:18] DEBUG: Schema\Builder: Entity Sms
[2026-02-10 12:11:18] DEBUG: Schema\Builder: Entity StarSubscription
[2026-02-10 12:11:18] DEBUG: Schema\Builder: Entity StreamSubscription
[2026-02-10 12:11:18] DEBUG: Schema\Builder: Entity SystemData
[2026-02-10 12:11:18] DEBUG: Schema\Builder: Entity Team
[2026-02-10 12:11:18] DEBUG: Schema\Builder: Entity Template
[2026-02-10 12:11:18] DEBUG: Schema\Builder: Entity TwoFactorCode
[2026-02-10 12:11:18] DEBUG: Schema\Builder: Entity UniqueId
[2026-02-10 12:11:18] DEBUG: Schema\Builder: Entity User
[2026-02-10 12:11:18] DEBUG: Schema\Builder: Entity UserData
[2026-02-10 12:11:18] DEBUG: Schema\Builder: Entity UserReaction
[2026-02-10 12:11:18] DEBUG: Schema\Builder: Entity Webhook
[2026-02-10 12:11:19] DEBUG: Schema\Builder: Entity WebhookEventQueueItem
[2026-02-10 12:11:19] DEBUG: Schema\Builder: Entity WebhookQueueItem
[2026-02-10 12:11:19] DEBUG: Schema\Builder: Entity WorkingTimeCalendar
[2026-02-10 12:11:19] DEBUG: Schema\Builder: Entity WorkingTimeRange
[2026-02-10 12:11:19] DEBUG: Schema\Builder: Entity Account
[2026-02-10 12:11:19] DEBUG: Schema\Builder: Entity Call
[2026-02-10 12:11:19] DEBUG: Schema\Builder: Entity Campaign
[2026-02-10 12:11:19] DEBUG: Schema\Builder: Entity CampaignLogRecord
[2026-02-10 12:11:19] DEBUG: Schema\Builder: Entity CampaignTrackingUrl
[2026-02-10 12:11:19] DEBUG: Schema\Builder: Entity Case
[2026-02-10 12:11:19] DEBUG: Schema\Builder: Entity Contact
[2026-02-10 12:11:19] DEBUG: Schema\Builder: Entity Document
[2026-02-10 12:11:19] DEBUG: Schema\Builder: Entity DocumentFolder
[2026-02-10 12:11:19] DEBUG: Schema\Builder: Entity EmailQueueItem
[2026-02-10 12:11:19] DEBUG: Schema\Builder: Entity KnowledgeBaseArticle
[2026-02-10 12:11:19] DEBUG: Schema\Builder: Entity KnowledgeBaseCategory
[2026-02-10 12:11:19] DEBUG: Schema\Builder: Entity Lead
[2026-02-10 12:11:19] DEBUG: Schema\Builder: Entity MassEmail
[2026-02-10 12:11:19] DEBUG: Schema\Builder: Entity Meeting
[2026-02-10 12:11:19] DEBUG: Schema\Builder: Entity Opportunity
[2026-02-10 12:11:19] DEBUG: Schema\Builder: Entity Reminder
[2026-02-10 12:11:19] DEBUG: Schema\Builder: Entity Target
[2026-02-10 12:11:19] DEBUG: Schema\Builder: Entity TargetList
[2026-02-10 12:11:19] DEBUG: Schema\Builder: Entity TargetListCategory
[2026-02-10 12:11:19] DEBUG: Schema\Builder: Entity Task
[2026-02-10 12:11:19] DEBUG: Schema\Builder: Entity CADHAR
[2026-02-10 12:11:19] DEBUG: Schema\Builder: Entity CBanks
[2026-02-10 12:11:19] DEBUG: Schema\Builder: Entity CCity
[2026-02-10 12:11:19] DEBUG: Schema\Builder: Entity CContactType
[2026-02-10 12:11:19] DEBUG: Schema\Builder: Entity CCountry
[2026-02-10 12:11:19] DEBUG: Schema\Builder: Entity CDepartment
[2026-02-10 12:11:19] DEBUG: Schema\Builder: Entity CDependantRelation
[2026-02-10 12:11:19] DEBUG: Schema\Builder: Entity CDocumentType
[2026-02-10 12:11:19] DEBUG: Schema\Builder: Entity CDrivingLicense
[2026-02-10 12:11:19] DEBUG: Schema\Builder: Entity CEmployee
[2026-02-10 12:11:19] DEBUG: Schema\Builder: Entity CEmployeeAddress
[2026-02-10 12:11:19] DEBUG: Schema\Builder: Entity CEmployeeBank
[2026-02-10 12:11:19] DEBUG: Schema\Builder: Entity CEmployeeContact
[2026-02-10 12:11:19] DEBUG: Schema\Builder: Entity CEmployeeDependent
[2026-02-10 12:11:19] DEBUG: Schema\Builder: Entity CEmployeeDocuments
[2026-02-10 12:11:19] DEBUG: Schema\Builder: Entity CEmployeePastExperience
[2026-02-10 12:11:19] DEBUG: Schema\Builder: Entity CPanCard
[2026-02-10 12:11:19] DEBUG: Schema\Builder: Entity CPassport
[2026-02-10 12:11:19] DEBUG: Schema\Builder: Entity CState
[2026-02-10 12:11:19] DEBUG: Schema\Builder: Entity CVoterIdCard
[2026-02-10 12:11:19] DEBUG: Schema\Builder: Entity CWorkRole
[2026-02-10 12:11:19] DEBUG: Schema\Builder: Entity EmailTemplateCategoryPath
[2026-02-10 12:11:19] DEBUG: Schema\Builder: Entity DocumentFolderPath
[2026-02-10 12:11:19] DEBUG: Schema\Builder: Entity KnowledgeBaseCategoryPath
[2026-02-10 12:11:19] DEBUG: Schema\Builder: Entity TargetListCategoryPath
[2026-02-10 12:11:19] DEBUG: Schema\Builder: ManyMany for Email.emailAccounts
[2026-02-10 12:11:19] DEBUG: Schema\Builder: ManyMany for Email.inboundEmails
[2026-02-10 12:11:19] DEBUG: Schema\Builder: ManyMany for Email.replyToEmailAddresses
[2026-02-10 12:11:19] DEBUG: Schema\Builder: ManyMany for Email.users
[2026-02-10 12:11:19] DEBUG: Schema\Builder: ManyMany for Email.assignedUsers
[2026-02-10 12:11:19] DEBUG: Schema\Builder: ManyMany for Email.teams
[2026-02-10 12:11:19] DEBUG: Schema\Builder: ManyMany for GroupEmailFolder.teams
[2026-02-10 12:11:19] DEBUG: Schema\Builder: ManyMany for InboundEmail.teams
[2026-02-10 12:11:19] DEBUG: Schema\Builder: ManyMany for Note.users
[2026-02-10 12:11:19] DEBUG: Schema\Builder: ManyMany for Note.portals
[2026-02-10 12:11:19] DEBUG: Schema\Builder: ManyMany for Note.teams
[2026-02-10 12:11:19] DEBUG: Schema\Builder: ManyMany for Portal.articles
[2026-02-10 12:11:19] DEBUG: Schema\Builder: ManyMany for Portal.portalRoles
[2026-02-10 12:11:19] DEBUG: Schema\Builder: ManyMany for Portal.users
[2026-02-10 12:11:19] DEBUG: Schema\Builder: ManyMany for PortalRole.users
[2026-02-10 12:11:19] DEBUG: Schema\Builder: ManyMany for Role.teams
[2026-02-10 12:11:19] DEBUG: Schema\Builder: ManyMany for Role.users
[2026-02-10 12:11:19] DEBUG: Schema\Builder: ManyMany for Sms.toPhoneNumbers
[2026-02-10 12:11:19] DEBUG: Schema\Builder: ManyMany for Team.users
[2026-02-10 12:11:19] DEBUG: Schema\Builder: ManyMany for User.emailAddresses
[2026-02-10 12:11:19] DEBUG: Schema\Builder: ManyMany for User.phoneNumbers
[2026-02-10 12:11:19] DEBUG: Schema\Builder: ManyMany for User.targetLists
[2026-02-10 12:11:19] DEBUG: Schema\Builder: ManyMany for User.accounts
[2026-02-10 12:11:19] DEBUG: Schema\Builder: ManyMany for User.calls
[2026-02-10 12:11:19] DEBUG: Schema\Builder: ManyMany for User.meetings
[2026-02-10 12:11:19] DEBUG: Schema\Builder: ManyMany for User.workingTimeRanges
[2026-02-10 12:11:19] DEBUG: Schema\Builder: ManyMany for WorkingTimeCalendar.ranges
[2026-02-10 12:11:19] DEBUG: Schema\Builder: ManyMany for Account.portalUsers
[2026-02-10 12:11:19] DEBUG: Schema\Builder: Table [account_portal_user] exists.
[2026-02-10 12:11:19] DEBUG: Schema\Builder: ManyMany for Account.targetLists
[2026-02-10 12:11:19] DEBUG: Schema\Builder: ManyMany for Account.documents
[2026-02-10 12:11:19] DEBUG: Schema\Builder: ManyMany for Account.contacts
[2026-02-10 12:11:19] DEBUG: Schema\Builder: ManyMany for Call.leads
[2026-02-10 12:11:19] DEBUG: Schema\Builder: ManyMany for Call.contacts
[2026-02-10 12:11:19] DEBUG: Schema\Builder: ManyMany for Campaign.excludingTargetLists
[2026-02-10 12:11:19] DEBUG: Schema\Builder: ManyMany for Campaign.targetLists
[2026-02-10 12:11:19] DEBUG: Schema\Builder: ManyMany for Case.articles
[2026-02-10 12:11:19] DEBUG: Schema\Builder: ManyMany for Case.contacts
[2026-02-10 12:11:19] DEBUG: Schema\Builder: ManyMany for Contact.documents
[2026-02-10 12:11:19] DEBUG: Schema\Builder: ManyMany for Contact.targetLists
[2026-02-10 12:11:19] DEBUG: Schema\Builder: ManyMany for Contact.meetings
[2026-02-10 12:11:19] DEBUG: Schema\Builder: ManyMany for Contact.opportunities
[2026-02-10 12:11:19] DEBUG: Schema\Builder: ManyMany for Document.leads
[2026-02-10 12:11:19] DEBUG: Schema\Builder: ManyMany for Document.opportunities
[2026-02-10 12:11:19] DEBUG: Schema\Builder: ManyMany for KnowledgeBaseArticle.categories
[2026-02-10 12:11:19] DEBUG: Schema\Builder: ManyMany for Lead.targetLists
[2026-02-10 12:11:19] DEBUG: Schema\Builder: ManyMany for Lead.meetings
[2026-02-10 12:11:19] DEBUG: Schema\Builder: ManyMany for MassEmail.excludingTargetLists
[2026-02-10 12:11:19] DEBUG: Schema\Builder: ManyMany for MassEmail.targetLists
[2026-02-10 12:11:19] DEBUG: Schema\Builder - End
[2026-02-10 12:16:46] DEBUG: Schema\Builder - Start
[2026-02-10 12:16:46] DEBUG: Schema\Builder: Rebuild for entity types: [CEmployee] with dependent entity types: [CEmployee, Attachment, User, EmailAddress, PhoneNumber, TargetList, Lead, Document, DocumentFolder, Team, GroupEmailFolder, Email, Task, Contact, CampaignLogRecord, EmailQueueItem, MassEmail, InboundEmail, EmailFilter, EmailFolder, EmailTemplate, EmailTemplateCategory, Campaign, Template, CampaignTrackingUrl, Opportunity, Call, Account, Meeting, Case, KnowledgeBaseArticle, KnowledgeBaseCategory, Portal, AuthenticationProvider, LayoutSet, LayoutRecord, Note, PortalRole, EmailAccount, WorkingTimeCalendar, WorkingTimeRange, Role, TargetListCategory, UserData, DashboardTemplate, CPassport, CPanCard, CVoterIdCard, CDrivingLicense, CADHAR, CDepartment, CEmployeeAddress, CCountry, CEmployeePastExperience, CWorkRole, CCity, CState, CBanks, CEmployeeBank, CEmployeeDocuments, CEmployeeContact, CContactType, CEmployeeDependent, CDependantRelation]
[2026-02-10 12:16:46] DEBUG: Schema\Builder: Entity Attachment
[2026-02-10 12:16:46] DEBUG: Schema\Builder: Entity AuthenticationProvider
[2026-02-10 12:16:46] DEBUG: Schema\Builder: Entity DashboardTemplate
[2026-02-10 12:16:46] DEBUG: Schema\Builder: Entity Email
[2026-02-10 12:16:46] DEBUG: Schema\Builder: Entity EmailAccount
[2026-02-10 12:16:46] DEBUG: Schema\Builder: Entity EmailAddress
[2026-02-10 12:16:46] DEBUG: Schema\Builder: Entity EmailFilter
[2026-02-10 12:16:46] DEBUG: Schema\Builder: Entity EmailFolder
[2026-02-10 12:16:46] DEBUG: Schema\Builder: Entity EmailTemplate
[2026-02-10 12:16:46] DEBUG: Schema\Builder: Entity EmailTemplateCategory
[2026-02-10 12:16:46] DEBUG: Schema\Builder: Entity GroupEmailFolder
[2026-02-10 12:16:46] DEBUG: Schema\Builder: Entity InboundEmail
[2026-02-10 12:16:46] DEBUG: Schema\Builder: Entity LayoutRecord
[2026-02-10 12:16:46] DEBUG: Schema\Builder: Entity LayoutSet
[2026-02-10 12:16:46] DEBUG: Schema\Builder: Entity Note
[2026-02-10 12:16:46] DEBUG: Schema\Builder: Entity PhoneNumber
[2026-02-10 12:16:46] DEBUG: Schema\Builder: Entity Portal
[2026-02-10 12:16:46] DEBUG: Schema\Builder: Entity PortalRole
[2026-02-10 12:16:46] DEBUG: Schema\Builder: Entity Role
[2026-02-10 12:16:46] DEBUG: Schema\Builder: Entity Team
[2026-02-10 12:16:46] DEBUG: Schema\Builder: Entity Template
[2026-02-10 12:16:46] DEBUG: Schema\Builder: Entity User
[2026-02-10 12:16:46] DEBUG: Schema\Builder: Entity UserData
[2026-02-10 12:16:46] DEBUG: Schema\Builder: Entity WorkingTimeCalendar
[2026-02-10 12:16:46] DEBUG: Schema\Builder: Entity WorkingTimeRange
[2026-02-10 12:16:46] DEBUG: Schema\Builder: Entity Account
[2026-02-10 12:16:46] DEBUG: Schema\Builder: Entity Call
[2026-02-10 12:16:46] DEBUG: Schema\Builder: Entity Campaign
[2026-02-10 12:16:46] DEBUG: Schema\Builder: Entity CampaignLogRecord
[2026-02-10 12:16:46] DEBUG: Schema\Builder: Entity CampaignTrackingUrl
[2026-02-10 12:16:46] DEBUG: Schema\Builder: Entity Case
[2026-02-10 12:16:46] DEBUG: Schema\Builder: Entity Contact
[2026-02-10 12:16:46] DEBUG: Schema\Builder: Entity Document
[2026-02-10 12:16:46] DEBUG: Schema\Builder: Entity DocumentFolder
[2026-02-10 12:16:46] DEBUG: Schema\Builder: Entity EmailQueueItem
[2026-02-10 12:16:46] DEBUG: Schema\Builder: Entity KnowledgeBaseArticle
[2026-02-10 12:16:46] DEBUG: Schema\Builder: Entity KnowledgeBaseCategory
[2026-02-10 12:16:46] DEBUG: Schema\Builder: Entity Lead
[2026-02-10 12:16:46] DEBUG: Schema\Builder: Entity MassEmail
[2026-02-10 12:16:46] DEBUG: Schema\Builder: Entity Meeting
[2026-02-10 12:16:46] DEBUG: Schema\Builder: Entity Opportunity
[2026-02-10 12:16:46] DEBUG: Schema\Builder: Entity TargetList
[2026-02-10 12:16:46] DEBUG: Schema\Builder: Entity TargetListCategory
[2026-02-10 12:16:46] DEBUG: Schema\Builder: Entity Task
[2026-02-10 12:16:46] DEBUG: Schema\Builder: Entity CADHAR
[2026-02-10 12:16:46] DEBUG: Schema\Builder: Entity CBanks
[2026-02-10 12:16:46] DEBUG: Schema\Builder: Entity CCity
[2026-02-10 12:16:46] DEBUG: Schema\Builder: Entity CContactType
[2026-02-10 12:16:46] DEBUG: Schema\Builder: Entity CCountry
[2026-02-10 12:16:46] DEBUG: Schema\Builder: Entity CDepartment
[2026-02-10 12:16:46] DEBUG: Schema\Builder: Entity CDependantRelation
[2026-02-10 12:16:46] DEBUG: Schema\Builder: Entity CDrivingLicense
[2026-02-10 12:16:46] DEBUG: Schema\Builder: Entity CEmployee
[2026-02-10 12:16:46] DEBUG: Schema\Builder: Entity CEmployeeAddress
[2026-02-10 12:16:46] DEBUG: Schema\Builder: Entity CEmployeeBank
[2026-02-10 12:16:46] DEBUG: Schema\Builder: Entity CEmployeeContact
[2026-02-10 12:16:46] DEBUG: Schema\Builder: Entity CEmployeeDependent
[2026-02-10 12:16:46] DEBUG: Schema\Builder: Entity CEmployeeDocuments
[2026-02-10 12:16:46] DEBUG: Schema\Builder: Entity CEmployeePastExperience
[2026-02-10 12:16:46] DEBUG: Schema\Builder: Entity CPanCard
[2026-02-10 12:16:46] DEBUG: Schema\Builder: Entity CPassport
[2026-02-10 12:16:46] DEBUG: Schema\Builder: Entity CState
[2026-02-10 12:16:46] DEBUG: Schema\Builder: Entity CVoterIdCard
[2026-02-10 12:16:46] DEBUG: Schema\Builder: Entity CWorkRole
[2026-02-10 12:16:46] DEBUG: Schema\Builder: ManyMany for Email.emailAccounts
[2026-02-10 12:16:46] DEBUG: Schema\Builder: ManyMany for Email.inboundEmails
[2026-02-10 12:16:46] DEBUG: Schema\Builder: ManyMany for Email.replyToEmailAddresses
[2026-02-10 12:16:46] DEBUG: Schema\Builder: ManyMany for Email.users
[2026-02-10 12:16:46] DEBUG: Schema\Builder: ManyMany for Email.assignedUsers
[2026-02-10 12:16:46] DEBUG: Schema\Builder: ManyMany for Email.teams
[2026-02-10 12:16:46] DEBUG: Schema\Builder: ManyMany for GroupEmailFolder.teams
[2026-02-10 12:16:46] DEBUG: Schema\Builder: ManyMany for InboundEmail.teams
[2026-02-10 12:16:46] DEBUG: Schema\Builder: ManyMany for Note.users
[2026-02-10 12:16:46] DEBUG: Schema\Builder: ManyMany for Note.portals
[2026-02-10 12:16:46] DEBUG: Schema\Builder: ManyMany for Note.teams
[2026-02-10 12:16:46] DEBUG: Schema\Builder: ManyMany for Portal.articles
[2026-02-10 12:16:47] DEBUG: Schema\Builder: ManyMany for Portal.portalRoles
[2026-02-10 12:16:47] DEBUG: Schema\Builder: ManyMany for Portal.users
[2026-02-10 12:16:47] DEBUG: Schema\Builder: ManyMany for PortalRole.users
[2026-02-10 12:16:47] DEBUG: Schema\Builder: ManyMany for Role.teams
[2026-02-10 12:16:47] DEBUG: Schema\Builder: ManyMany for Role.users
[2026-02-10 12:16:47] DEBUG: Schema\Builder: ManyMany for Team.users
[2026-02-10 12:16:47] DEBUG: Schema\Builder: ManyMany for User.emailAddresses
[2026-02-10 12:16:47] DEBUG: Schema\Builder: ManyMany for User.phoneNumbers
[2026-02-10 12:16:47] DEBUG: Schema\Builder: ManyMany for User.targetLists
[2026-02-10 12:16:47] DEBUG: Schema\Builder: ManyMany for User.accounts
[2026-02-10 12:16:47] DEBUG: Schema\Builder: ManyMany for User.calls
[2026-02-10 12:16:47] DEBUG: Schema\Builder: ManyMany for User.meetings
[2026-02-10 12:16:47] DEBUG: Schema\Builder: ManyMany for User.workingTimeRanges
[2026-02-10 12:16:47] DEBUG: Schema\Builder: ManyMany for WorkingTimeCalendar.ranges
[2026-02-10 12:16:47] DEBUG: Schema\Builder: ManyMany for Account.portalUsers
[2026-02-10 12:16:47] DEBUG: Schema\Builder: Table [account_portal_user] exists.
[2026-02-10 12:16:47] DEBUG: Schema\Builder: ManyMany for Account.targetLists
[2026-02-10 12:16:47] DEBUG: Schema\Builder: ManyMany for Account.documents
[2026-02-10 12:16:47] DEBUG: Schema\Builder: ManyMany for Account.contacts
[2026-02-10 12:16:47] DEBUG: Schema\Builder: ManyMany for Call.leads
[2026-02-10 12:16:47] DEBUG: Schema\Builder: ManyMany for Call.contacts
[2026-02-10 12:16:47] DEBUG: Schema\Builder: ManyMany for Campaign.excludingTargetLists
[2026-02-10 12:16:47] DEBUG: Schema\Builder: ManyMany for Campaign.targetLists
[2026-02-10 12:16:47] DEBUG: Schema\Builder: ManyMany for Case.articles
[2026-02-10 12:16:47] DEBUG: Schema\Builder: ManyMany for Case.contacts
[2026-02-10 12:16:47] DEBUG: Schema\Builder: ManyMany for Contact.documents
[2026-02-10 12:16:47] DEBUG: Schema\Builder: ManyMany for Contact.targetLists
[2026-02-10 12:16:47] DEBUG: Schema\Builder: ManyMany for Contact.meetings
[2026-02-10 12:16:47] DEBUG: Schema\Builder: ManyMany for Contact.opportunities
[2026-02-10 12:16:47] DEBUG: Schema\Builder: ManyMany for Document.leads
[2026-02-10 12:16:47] DEBUG: Schema\Builder: ManyMany for Document.opportunities
[2026-02-10 12:16:47] DEBUG: Schema\Builder: ManyMany for KnowledgeBaseArticle.categories
[2026-02-10 12:16:47] DEBUG: Schema\Builder: ManyMany for Lead.targetLists
[2026-02-10 12:16:47] DEBUG: Schema\Builder: ManyMany for Lead.meetings
[2026-02-10 12:16:47] DEBUG: Schema\Builder: ManyMany for MassEmail.excludingTargetLists
[2026-02-10 12:16:47] DEBUG: Schema\Builder: ManyMany for MassEmail.targetLists
[2026-02-10 12:16:47] DEBUG: Schema\Builder - End
[2026-02-10 12:17:45] DEBUG: Schema\Builder - Start
[2026-02-10 12:17:45] DEBUG: Schema\Builder: Rebuild for entity types: [CEmployee] with dependent entity types: [CEmployee, Attachment, User, EmailAddress, PhoneNumber, TargetList, Lead, Document, DocumentFolder, Team, GroupEmailFolder, Email, Task, Contact, CampaignLogRecord, EmailQueueItem, MassEmail, InboundEmail, EmailFilter, EmailFolder, EmailTemplate, EmailTemplateCategory, Campaign, Template, CampaignTrackingUrl, Opportunity, Call, Account, Meeting, Case, KnowledgeBaseArticle, KnowledgeBaseCategory, Portal, AuthenticationProvider, LayoutSet, LayoutRecord, Note, PortalRole, EmailAccount, WorkingTimeCalendar, WorkingTimeRange, Role, TargetListCategory, UserData, DashboardTemplate, CPassport, CPanCard, CVoterIdCard, CDrivingLicense, CADHAR, CDepartment, CEmployeeAddress, CCountry, CEmployeePastExperience, CWorkRole, CCity, CState, CBanks, CEmployeeBank, CEmployeeDocuments, CEmployeeContact, CContactType, CEmployeeDependent, CDependantRelation]
[2026-02-10 12:17:45] DEBUG: Schema\Builder: Entity Attachment
[2026-02-10 12:17:45] DEBUG: Schema\Builder: Entity AuthenticationProvider
[2026-02-10 12:17:45] DEBUG: Schema\Builder: Entity DashboardTemplate
[2026-02-10 12:17:45] DEBUG: Schema\Builder: Entity Email
[2026-02-10 12:17:45] DEBUG: Schema\Builder: Entity EmailAccount
[2026-02-10 12:17:45] DEBUG: Schema\Builder: Entity EmailAddress
[2026-02-10 12:17:45] DEBUG: Schema\Builder: Entity EmailFilter
[2026-02-10 12:17:45] DEBUG: Schema\Builder: Entity EmailFolder
[2026-02-10 12:17:45] DEBUG: Schema\Builder: Entity EmailTemplate
[2026-02-10 12:17:45] DEBUG: Schema\Builder: Entity EmailTemplateCategory
[2026-02-10 12:17:45] DEBUG: Schema\Builder: Entity GroupEmailFolder
[2026-02-10 12:17:45] DEBUG: Schema\Builder: Entity InboundEmail
[2026-02-10 12:17:45] DEBUG: Schema\Builder: Entity LayoutRecord
[2026-02-10 12:17:45] DEBUG: Schema\Builder: Entity LayoutSet
[2026-02-10 12:17:45] DEBUG: Schema\Builder: Entity Note
[2026-02-10 12:17:45] DEBUG: Schema\Builder: Entity PhoneNumber
[2026-02-10 12:17:45] DEBUG: Schema\Builder: Entity Portal
[2026-02-10 12:17:45] DEBUG: Schema\Builder: Entity PortalRole
[2026-02-10 12:17:45] DEBUG: Schema\Builder: Entity Role
[2026-02-10 12:17:45] DEBUG: Schema\Builder: Entity Team
[2026-02-10 12:17:45] DEBUG: Schema\Builder: Entity Template
[2026-02-10 12:17:45] DEBUG: Schema\Builder: Entity User
[2026-02-10 12:17:45] DEBUG: Schema\Builder: Entity UserData
[2026-02-10 12:17:45] DEBUG: Schema\Builder: Entity WorkingTimeCalendar
[2026-02-10 12:17:45] DEBUG: Schema\Builder: Entity WorkingTimeRange
[2026-02-10 12:17:45] DEBUG: Schema\Builder: Entity Account
[2026-02-10 12:17:45] DEBUG: Schema\Builder: Entity Call
[2026-02-10 12:17:45] DEBUG: Schema\Builder: Entity Campaign
[2026-02-10 12:17:45] DEBUG: Schema\Builder: Entity CampaignLogRecord
[2026-02-10 12:17:45] DEBUG: Schema\Builder: Entity CampaignTrackingUrl
[2026-02-10 12:17:45] DEBUG: Schema\Builder: Entity Case
[2026-02-10 12:17:45] DEBUG: Schema\Builder: Entity Contact
[2026-02-10 12:17:45] DEBUG: Schema\Builder: Entity Document
[2026-02-10 12:17:45] DEBUG: Schema\Builder: Entity DocumentFolder
[2026-02-10 12:17:45] DEBUG: Schema\Builder: Entity EmailQueueItem
[2026-02-10 12:17:45] DEBUG: Schema\Builder: Entity KnowledgeBaseArticle
[2026-02-10 12:17:45] DEBUG: Schema\Builder: Entity KnowledgeBaseCategory
[2026-02-10 12:17:45] DEBUG: Schema\Builder: Entity Lead
[2026-02-10 12:17:45] DEBUG: Schema\Builder: Entity MassEmail
[2026-02-10 12:17:45] DEBUG: Schema\Builder: Entity Meeting
[2026-02-10 12:17:45] DEBUG: Schema\Builder: Entity Opportunity
[2026-02-10 12:17:45] DEBUG: Schema\Builder: Entity TargetList
[2026-02-10 12:17:45] DEBUG: Schema\Builder: Entity TargetListCategory
[2026-02-10 12:17:45] DEBUG: Schema\Builder: Entity Task
[2026-02-10 12:17:45] DEBUG: Schema\Builder: Entity CADHAR
[2026-02-10 12:17:45] DEBUG: Schema\Builder: Entity CBanks
[2026-02-10 12:17:45] DEBUG: Schema\Builder: Entity CCity
[2026-02-10 12:17:45] DEBUG: Schema\Builder: Entity CContactType
[2026-02-10 12:17:45] DEBUG: Schema\Builder: Entity CCountry
[2026-02-10 12:17:45] DEBUG: Schema\Builder: Entity CDepartment
[2026-02-10 12:17:45] DEBUG: Schema\Builder: Entity CDependantRelation
[2026-02-10 12:17:45] DEBUG: Schema\Builder: Entity CDrivingLicense
[2026-02-10 12:17:45] DEBUG: Schema\Builder: Entity CEmployee
[2026-02-10 12:17:45] DEBUG: Schema\Builder: Entity CEmployeeAddress
[2026-02-10 12:17:45] DEBUG: Schema\Builder: Entity CEmployeeBank
[2026-02-10 12:17:45] DEBUG: Schema\Builder: Entity CEmployeeContact
[2026-02-10 12:17:45] DEBUG: Schema\Builder: Entity CEmployeeDependent
[2026-02-10 12:17:45] DEBUG: Schema\Builder: Entity CEmployeeDocuments
[2026-02-10 12:17:45] DEBUG: Schema\Builder: Entity CEmployeePastExperience
[2026-02-10 12:17:45] DEBUG: Schema\Builder: Entity CPanCard
[2026-02-10 12:17:45] DEBUG: Schema\Builder: Entity CPassport
[2026-02-10 12:17:45] DEBUG: Schema\Builder: Entity CState
[2026-02-10 12:17:45] DEBUG: Schema\Builder: Entity CVoterIdCard
[2026-02-10 12:17:45] DEBUG: Schema\Builder: Entity CWorkRole
[2026-02-10 12:17:45] DEBUG: Schema\Builder: ManyMany for Email.emailAccounts
[2026-02-10 12:17:45] DEBUG: Schema\Builder: ManyMany for Email.inboundEmails
[2026-02-10 12:17:45] DEBUG: Schema\Builder: ManyMany for Email.replyToEmailAddresses
[2026-02-10 12:17:45] DEBUG: Schema\Builder: ManyMany for Email.users
[2026-02-10 12:17:45] DEBUG: Schema\Builder: ManyMany for Email.assignedUsers
[2026-02-10 12:17:45] DEBUG: Schema\Builder: ManyMany for Email.teams
[2026-02-10 12:17:45] DEBUG: Schema\Builder: ManyMany for GroupEmailFolder.teams
[2026-02-10 12:17:45] DEBUG: Schema\Builder: ManyMany for InboundEmail.teams
[2026-02-10 12:17:45] DEBUG: Schema\Builder: ManyMany for Note.users
[2026-02-10 12:17:45] DEBUG: Schema\Builder: ManyMany for Note.portals
[2026-02-10 12:17:45] DEBUG: Schema\Builder: ManyMany for Note.teams
[2026-02-10 12:17:45] DEBUG: Schema\Builder: ManyMany for Portal.articles
[2026-02-10 12:17:45] DEBUG: Schema\Builder: ManyMany for Portal.portalRoles
[2026-02-10 12:17:45] DEBUG: Schema\Builder: ManyMany for Portal.users
[2026-02-10 12:17:45] DEBUG: Schema\Builder: ManyMany for PortalRole.users
[2026-02-10 12:17:45] DEBUG: Schema\Builder: ManyMany for Role.teams
[2026-02-10 12:17:45] DEBUG: Schema\Builder: ManyMany for Role.users
[2026-02-10 12:17:45] DEBUG: Schema\Builder: ManyMany for Team.users
[2026-02-10 12:17:45] DEBUG: Schema\Builder: ManyMany for User.emailAddresses
[2026-02-10 12:17:45] DEBUG: Schema\Builder: ManyMany for User.phoneNumbers
[2026-02-10 12:17:45] DEBUG: Schema\Builder: ManyMany for User.targetLists
[2026-02-10 12:17:45] DEBUG: Schema\Builder: ManyMany for User.accounts
[2026-02-10 12:17:45] DEBUG: Schema\Builder: ManyMany for User.calls
[2026-02-10 12:17:45] DEBUG: Schema\Builder: ManyMany for User.meetings
[2026-02-10 12:17:45] DEBUG: Schema\Builder: ManyMany for User.workingTimeRanges
[2026-02-10 12:17:45] DEBUG: Schema\Builder: ManyMany for WorkingTimeCalendar.ranges
[2026-02-10 12:17:46] DEBUG: Schema\Builder: ManyMany for Account.portalUsers
[2026-02-10 12:17:46] DEBUG: Schema\Builder: Table [account_portal_user] exists.
[2026-02-10 12:17:46] DEBUG: Schema\Builder: ManyMany for Account.targetLists
[2026-02-10 12:17:46] DEBUG: Schema\Builder: ManyMany for Account.documents
[2026-02-10 12:17:46] DEBUG: Schema\Builder: ManyMany for Account.contacts
[2026-02-10 12:17:46] DEBUG: Schema\Builder: ManyMany for Call.leads
[2026-02-10 12:17:46] DEBUG: Schema\Builder: ManyMany for Call.contacts
[2026-02-10 12:17:46] DEBUG: Schema\Builder: ManyMany for Campaign.excludingTargetLists
[2026-02-10 12:17:46] DEBUG: Schema\Builder: ManyMany for Campaign.targetLists
[2026-02-10 12:17:46] DEBUG: Schema\Builder: ManyMany for Case.articles
[2026-02-10 12:17:46] DEBUG: Schema\Builder: ManyMany for Case.contacts
[2026-02-10 12:17:46] DEBUG: Schema\Builder: ManyMany for Contact.documents
[2026-02-10 12:17:46] DEBUG: Schema\Builder: ManyMany for Contact.targetLists
[2026-02-10 12:17:46] DEBUG: Schema\Builder: ManyMany for Contact.meetings
[2026-02-10 12:17:46] DEBUG: Schema\Builder: ManyMany for Contact.opportunities
[2026-02-10 12:17:46] DEBUG: Schema\Builder: ManyMany for Document.leads
[2026-02-10 12:17:46] DEBUG: Schema\Builder: ManyMany for Document.opportunities
[2026-02-10 12:17:46] DEBUG: Schema\Builder: ManyMany for KnowledgeBaseArticle.categories
[2026-02-10 12:17:46] DEBUG: Schema\Builder: ManyMany for Lead.targetLists
[2026-02-10 12:17:46] DEBUG: Schema\Builder: ManyMany for Lead.meetings
[2026-02-10 12:17:46] DEBUG: Schema\Builder: ManyMany for MassEmail.excludingTargetLists
[2026-02-10 12:17:46] DEBUG: Schema\Builder: ManyMany for MassEmail.targetLists
[2026-02-10 12:17:46] DEBUG: Schema\Builder - End
[2026-02-10 12:18:26] DEBUG: Schema\Builder - Start
[2026-02-10 12:18:26] DEBUG: Schema\Builder: Rebuild for entity types: [CEmployee] with dependent entity types: [CEmployee, Attachment, User, EmailAddress, PhoneNumber, TargetList, Lead, Document, DocumentFolder, Team, GroupEmailFolder, Email, Task, Contact, CampaignLogRecord, EmailQueueItem, MassEmail, InboundEmail, EmailFilter, EmailFolder, EmailTemplate, EmailTemplateCategory, Campaign, Template, CampaignTrackingUrl, Opportunity, Call, Account, Meeting, Case, KnowledgeBaseArticle, KnowledgeBaseCategory, Portal, AuthenticationProvider, LayoutSet, LayoutRecord, Note, PortalRole, EmailAccount, WorkingTimeCalendar, WorkingTimeRange, Role, TargetListCategory, UserData, DashboardTemplate, CPassport, CPanCard, CVoterIdCard, CDrivingLicense, CADHAR, CDepartment, CEmployeeAddress, CCountry, CEmployeePastExperience, CWorkRole, CCity, CState, CBanks, CEmployeeBank, CEmployeeDocuments, CEmployeeContact, CContactType, CEmployeeDependent, CDependantRelation]
[2026-02-10 12:18:26] DEBUG: Schema\Builder: Entity Attachment
[2026-02-10 12:18:26] DEBUG: Schema\Builder: Entity AuthenticationProvider
[2026-02-10 12:18:26] DEBUG: Schema\Builder: Entity DashboardTemplate
[2026-02-10 12:18:26] DEBUG: Schema\Builder: Entity Email
[2026-02-10 12:18:26] DEBUG: Schema\Builder: Entity EmailAccount
[2026-02-10 12:18:26] DEBUG: Schema\Builder: Entity EmailAddress
[2026-02-10 12:18:26] DEBUG: Schema\Builder: Entity EmailFilter
[2026-02-10 12:18:26] DEBUG: Schema\Builder: Entity EmailFolder
[2026-02-10 12:18:26] DEBUG: Schema\Builder: Entity EmailTemplate
[2026-02-10 12:18:26] DEBUG: Schema\Builder: Entity EmailTemplateCategory
[2026-02-10 12:18:26] DEBUG: Schema\Builder: Entity GroupEmailFolder
[2026-02-10 12:18:26] DEBUG: Schema\Builder: Entity InboundEmail
[2026-02-10 12:18:26] DEBUG: Schema\Builder: Entity LayoutRecord
[2026-02-10 12:18:26] DEBUG: Schema\Builder: Entity LayoutSet
[2026-02-10 12:18:26] DEBUG: Schema\Builder: Entity Note
[2026-02-10 12:18:26] DEBUG: Schema\Builder: Entity PhoneNumber
[2026-02-10 12:18:26] DEBUG: Schema\Builder: Entity Portal
[2026-02-10 12:18:26] DEBUG: Schema\Builder: Entity PortalRole
[2026-02-10 12:18:26] DEBUG: Schema\Builder: Entity Role
[2026-02-10 12:18:26] DEBUG: Schema\Builder: Entity Team
[2026-02-10 12:18:26] DEBUG: Schema\Builder: Entity Template
[2026-02-10 12:18:26] DEBUG: Schema\Builder: Entity User
[2026-02-10 12:18:26] DEBUG: Schema\Builder: Entity UserData
[2026-02-10 12:18:26] DEBUG: Schema\Builder: Entity WorkingTimeCalendar
[2026-02-10 12:18:26] DEBUG: Schema\Builder: Entity WorkingTimeRange
[2026-02-10 12:18:26] DEBUG: Schema\Builder: Entity Account
[2026-02-10 12:18:26] DEBUG: Schema\Builder: Entity Call
[2026-02-10 12:18:26] DEBUG: Schema\Builder: Entity Campaign
[2026-02-10 12:18:26] DEBUG: Schema\Builder: Entity CampaignLogRecord
[2026-02-10 12:18:26] DEBUG: Schema\Builder: Entity CampaignTrackingUrl
[2026-02-10 12:18:26] DEBUG: Schema\Builder: Entity Case
[2026-02-10 12:18:26] DEBUG: Schema\Builder: Entity Contact
[2026-02-10 12:18:26] DEBUG: Schema\Builder: Entity Document
[2026-02-10 12:18:26] DEBUG: Schema\Builder: Entity DocumentFolder
[2026-02-10 12:18:26] DEBUG: Schema\Builder: Entity EmailQueueItem
[2026-02-10 12:18:26] DEBUG: Schema\Builder: Entity KnowledgeBaseArticle
[2026-02-10 12:18:26] DEBUG: Schema\Builder: Entity KnowledgeBaseCategory
[2026-02-10 12:18:26] DEBUG: Schema\Builder: Entity Lead
[2026-02-10 12:18:26] DEBUG: Schema\Builder: Entity MassEmail
[2026-02-10 12:18:26] DEBUG: Schema\Builder: Entity Meeting
[2026-02-10 12:18:26] DEBUG: Schema\Builder: Entity Opportunity
[2026-02-10 12:18:26] DEBUG: Schema\Builder: Entity TargetList
[2026-02-10 12:18:26] DEBUG: Schema\Builder: Entity TargetListCategory
[2026-02-10 12:18:26] DEBUG: Schema\Builder: Entity Task
[2026-02-10 12:18:26] DEBUG: Schema\Builder: Entity CADHAR
[2026-02-10 12:18:26] DEBUG: Schema\Builder: Entity CBanks
[2026-02-10 12:18:26] DEBUG: Schema\Builder: Entity CCity
[2026-02-10 12:18:26] DEBUG: Schema\Builder: Entity CContactType
[2026-02-10 12:18:26] DEBUG: Schema\Builder: Entity CCountry
[2026-02-10 12:18:26] DEBUG: Schema\Builder: Entity CDepartment
[2026-02-10 12:18:26] DEBUG: Schema\Builder: Entity CDependantRelation
[2026-02-10 12:18:26] DEBUG: Schema\Builder: Entity CDrivingLicense
[2026-02-10 12:18:26] DEBUG: Schema\Builder: Entity CEmployee
[2026-02-10 12:18:26] DEBUG: Schema\Builder: Entity CEmployeeAddress
[2026-02-10 12:18:26] DEBUG: Schema\Builder: Entity CEmployeeBank
[2026-02-10 12:18:26] DEBUG: Schema\Builder: Entity CEmployeeContact
[2026-02-10 12:18:26] DEBUG: Schema\Builder: Entity CEmployeeDependent
[2026-02-10 12:18:26] DEBUG: Schema\Builder: Entity CEmployeeDocuments
[2026-02-10 12:18:26] DEBUG: Schema\Builder: Entity CEmployeePastExperience
[2026-02-10 12:18:26] DEBUG: Schema\Builder: Entity CPanCard
[2026-02-10 12:18:26] DEBUG: Schema\Builder: Entity CPassport
[2026-02-10 12:18:26] DEBUG: Schema\Builder: Entity CState
[2026-02-10 12:18:26] DEBUG: Schema\Builder: Entity CVoterIdCard
[2026-02-10 12:18:26] DEBUG: Schema\Builder: Entity CWorkRole
[2026-02-10 12:18:26] DEBUG: Schema\Builder: ManyMany for Email.emailAccounts
[2026-02-10 12:18:26] DEBUG: Schema\Builder: ManyMany for Email.inboundEmails
[2026-02-10 12:18:26] DEBUG: Schema\Builder: ManyMany for Email.replyToEmailAddresses
[2026-02-10 12:18:26] DEBUG: Schema\Builder: ManyMany for Email.users
[2026-02-10 12:18:26] DEBUG: Schema\Builder: ManyMany for Email.assignedUsers
[2026-02-10 12:18:26] DEBUG: Schema\Builder: ManyMany for Email.teams
[2026-02-10 12:18:26] DEBUG: Schema\Builder: ManyMany for GroupEmailFolder.teams
[2026-02-10 12:18:26] DEBUG: Schema\Builder: ManyMany for InboundEmail.teams
[2026-02-10 12:18:26] DEBUG: Schema\Builder: ManyMany for Note.users
[2026-02-10 12:18:26] DEBUG: Schema\Builder: ManyMany for Note.portals
[2026-02-10 12:18:26] DEBUG: Schema\Builder: ManyMany for Note.teams
[2026-02-10 12:18:26] DEBUG: Schema\Builder: ManyMany for Portal.articles
[2026-02-10 12:18:26] DEBUG: Schema\Builder: ManyMany for Portal.portalRoles
[2026-02-10 12:18:26] DEBUG: Schema\Builder: ManyMany for Portal.users
[2026-02-10 12:18:26] DEBUG: Schema\Builder: ManyMany for PortalRole.users
[2026-02-10 12:18:26] DEBUG: Schema\Builder: ManyMany for Role.teams
[2026-02-10 12:18:26] DEBUG: Schema\Builder: ManyMany for Role.users
[2026-02-10 12:18:26] DEBUG: Schema\Builder: ManyMany for Team.users
[2026-02-10 12:18:26] DEBUG: Schema\Builder: ManyMany for User.emailAddresses
[2026-02-10 12:18:26] DEBUG: Schema\Builder: ManyMany for User.phoneNumbers
[2026-02-10 12:18:26] DEBUG: Schema\Builder: ManyMany for User.targetLists
[2026-02-10 12:18:26] DEBUG: Schema\Builder: ManyMany for User.accounts
[2026-02-10 12:18:26] DEBUG: Schema\Builder: ManyMany for User.calls
[2026-02-10 12:18:26] DEBUG: Schema\Builder: ManyMany for User.meetings
[2026-02-10 12:18:26] DEBUG: Schema\Builder: ManyMany for User.workingTimeRanges
[2026-02-10 12:18:26] DEBUG: Schema\Builder: ManyMany for WorkingTimeCalendar.ranges
[2026-02-10 12:18:26] DEBUG: Schema\Builder: ManyMany for Account.portalUsers
[2026-02-10 12:18:26] DEBUG: Schema\Builder: Table [account_portal_user] exists.
[2026-02-10 12:18:26] DEBUG: Schema\Builder: ManyMany for Account.targetLists
[2026-02-10 12:18:26] DEBUG: Schema\Builder: ManyMany for Account.documents
[2026-02-10 12:18:26] DEBUG: Schema\Builder: ManyMany for Account.contacts
[2026-02-10 12:18:26] DEBUG: Schema\Builder: ManyMany for Call.leads
[2026-02-10 12:18:26] DEBUG: Schema\Builder: ManyMany for Call.contacts
[2026-02-10 12:18:26] DEBUG: Schema\Builder: ManyMany for Campaign.excludingTargetLists
[2026-02-10 12:18:26] DEBUG: Schema\Builder: ManyMany for Campaign.targetLists
[2026-02-10 12:18:26] DEBUG: Schema\Builder: ManyMany for Case.articles
[2026-02-10 12:18:26] DEBUG: Schema\Builder: ManyMany for Case.contacts
[2026-02-10 12:18:26] DEBUG: Schema\Builder: ManyMany for Contact.documents
[2026-02-10 12:18:26] DEBUG: Schema\Builder: ManyMany for Contact.targetLists
[2026-02-10 12:18:26] DEBUG: Schema\Builder: ManyMany for Contact.meetings
[2026-02-10 12:18:26] DEBUG: Schema\Builder: ManyMany for Contact.opportunities
[2026-02-10 12:18:26] DEBUG: Schema\Builder: ManyMany for Document.leads
[2026-02-10 12:18:26] DEBUG: Schema\Builder: ManyMany for Document.opportunities
[2026-02-10 12:18:26] DEBUG: Schema\Builder: ManyMany for KnowledgeBaseArticle.categories
[2026-02-10 12:18:26] DEBUG: Schema\Builder: ManyMany for Lead.targetLists
[2026-02-10 12:18:26] DEBUG: Schema\Builder: ManyMany for Lead.meetings
[2026-02-10 12:18:26] DEBUG: Schema\Builder: ManyMany for MassEmail.excludingTargetLists
[2026-02-10 12:18:26] DEBUG: Schema\Builder: ManyMany for MassEmail.targetLists
[2026-02-10 12:18:26] DEBUG: Schema\Builder - End
[2026-02-10 12:19:29] DEBUG: Schema\Builder - Start
[2026-02-10 12:19:29] DEBUG: Schema\Builder: Rebuild for entity types: [CEmployee] with dependent entity types: [CEmployee, Attachment, User, EmailAddress, PhoneNumber, TargetList, Lead, Document, DocumentFolder, Team, GroupEmailFolder, Email, Task, Contact, CampaignLogRecord, EmailQueueItem, MassEmail, InboundEmail, EmailFilter, EmailFolder, EmailTemplate, EmailTemplateCategory, Campaign, Template, CampaignTrackingUrl, Opportunity, Call, Account, Meeting, Case, KnowledgeBaseArticle, KnowledgeBaseCategory, Portal, AuthenticationProvider, LayoutSet, LayoutRecord, Note, PortalRole, EmailAccount, WorkingTimeCalendar, WorkingTimeRange, Role, TargetListCategory, UserData, DashboardTemplate, CPassport, CPanCard, CVoterIdCard, CDrivingLicense, CADHAR, CDepartment, CEmployeeAddress, CCountry, CEmployeePastExperience, CWorkRole, CCity, CState, CBanks, CEmployeeBank, CEmployeeDocuments, CEmployeeContact, CContactType, CEmployeeDependent, CDependantRelation]
[2026-02-10 12:19:29] DEBUG: Schema\Builder: Entity Attachment
[2026-02-10 12:19:29] DEBUG: Schema\Builder: Entity AuthenticationProvider
[2026-02-10 12:19:29] DEBUG: Schema\Builder: Entity DashboardTemplate
[2026-02-10 12:19:29] DEBUG: Schema\Builder: Entity Email
[2026-02-10 12:19:29] DEBUG: Schema\Builder: Entity EmailAccount
[2026-02-10 12:19:29] DEBUG: Schema\Builder: Entity EmailAddress
[2026-02-10 12:19:29] DEBUG: Schema\Builder: Entity EmailFilter
[2026-02-10 12:19:29] DEBUG: Schema\Builder: Entity EmailFolder
[2026-02-10 12:19:29] DEBUG: Schema\Builder: Entity EmailTemplate
[2026-02-10 12:19:29] DEBUG: Schema\Builder: Entity EmailTemplateCategory
[2026-02-10 12:19:29] DEBUG: Schema\Builder: Entity GroupEmailFolder
[2026-02-10 12:19:29] DEBUG: Schema\Builder: Entity InboundEmail
[2026-02-10 12:19:29] DEBUG: Schema\Builder: Entity LayoutRecord
[2026-02-10 12:19:29] DEBUG: Schema\Builder: Entity LayoutSet
[2026-02-10 12:19:29] DEBUG: Schema\Builder: Entity Note
[2026-02-10 12:19:29] DEBUG: Schema\Builder: Entity PhoneNumber
[2026-02-10 12:19:29] DEBUG: Schema\Builder: Entity Portal
[2026-02-10 12:19:29] DEBUG: Schema\Builder: Entity PortalRole
[2026-02-10 12:19:29] DEBUG: Schema\Builder: Entity Role
[2026-02-10 12:19:29] DEBUG: Schema\Builder: Entity Team
[2026-02-10 12:19:29] DEBUG: Schema\Builder: Entity Template
[2026-02-10 12:19:29] DEBUG: Schema\Builder: Entity User
[2026-02-10 12:19:29] DEBUG: Schema\Builder: Entity UserData
[2026-02-10 12:19:29] DEBUG: Schema\Builder: Entity WorkingTimeCalendar
[2026-02-10 12:19:29] DEBUG: Schema\Builder: Entity WorkingTimeRange
[2026-02-10 12:19:29] DEBUG: Schema\Builder: Entity Account
[2026-02-10 12:19:29] DEBUG: Schema\Builder: Entity Call
[2026-02-10 12:19:29] DEBUG: Schema\Builder: Entity Campaign
[2026-02-10 12:19:29] DEBUG: Schema\Builder: Entity CampaignLogRecord
[2026-02-10 12:19:29] DEBUG: Schema\Builder: Entity CampaignTrackingUrl
[2026-02-10 12:19:29] DEBUG: Schema\Builder: Entity Case
[2026-02-10 12:19:29] DEBUG: Schema\Builder: Entity Contact
[2026-02-10 12:19:29] DEBUG: Schema\Builder: Entity Document
[2026-02-10 12:19:29] DEBUG: Schema\Builder: Entity DocumentFolder
[2026-02-10 12:19:29] DEBUG: Schema\Builder: Entity EmailQueueItem
[2026-02-10 12:19:29] DEBUG: Schema\Builder: Entity KnowledgeBaseArticle
[2026-02-10 12:19:29] DEBUG: Schema\Builder: Entity KnowledgeBaseCategory
[2026-02-10 12:19:29] DEBUG: Schema\Builder: Entity Lead
[2026-02-10 12:19:29] DEBUG: Schema\Builder: Entity MassEmail
[2026-02-10 12:19:29] DEBUG: Schema\Builder: Entity Meeting
[2026-02-10 12:19:29] DEBUG: Schema\Builder: Entity Opportunity
[2026-02-10 12:19:29] DEBUG: Schema\Builder: Entity TargetList
[2026-02-10 12:19:29] DEBUG: Schema\Builder: Entity TargetListCategory
[2026-02-10 12:19:29] DEBUG: Schema\Builder: Entity Task
[2026-02-10 12:19:29] DEBUG: Schema\Builder: Entity CADHAR
[2026-02-10 12:19:29] DEBUG: Schema\Builder: Entity CBanks
[2026-02-10 12:19:29] DEBUG: Schema\Builder: Entity CCity
[2026-02-10 12:19:29] DEBUG: Schema\Builder: Entity CContactType
[2026-02-10 12:19:29] DEBUG: Schema\Builder: Entity CCountry
[2026-02-10 12:19:29] DEBUG: Schema\Builder: Entity CDepartment
[2026-02-10 12:19:29] DEBUG: Schema\Builder: Entity CDependantRelation
[2026-02-10 12:19:29] DEBUG: Schema\Builder: Entity CDrivingLicense
[2026-02-10 12:19:29] DEBUG: Schema\Builder: Entity CEmployee
[2026-02-10 12:19:29] DEBUG: Schema\Builder: Entity CEmployeeAddress
[2026-02-10 12:19:29] DEBUG: Schema\Builder: Entity CEmployeeBank
[2026-02-10 12:19:29] DEBUG: Schema\Builder: Entity CEmployeeContact
[2026-02-10 12:19:29] DEBUG: Schema\Builder: Entity CEmployeeDependent
[2026-02-10 12:19:29] DEBUG: Schema\Builder: Entity CEmployeeDocuments
[2026-02-10 12:19:29] DEBUG: Schema\Builder: Entity CEmployeePastExperience
[2026-02-10 12:19:29] DEBUG: Schema\Builder: Entity CPanCard
[2026-02-10 12:19:29] DEBUG: Schema\Builder: Entity CPassport
[2026-02-10 12:19:29] DEBUG: Schema\Builder: Entity CState
[2026-02-10 12:19:29] DEBUG: Schema\Builder: Entity CVoterIdCard
[2026-02-10 12:19:29] DEBUG: Schema\Builder: Entity CWorkRole
[2026-02-10 12:19:29] DEBUG: Schema\Builder: ManyMany for Email.emailAccounts
[2026-02-10 12:19:29] DEBUG: Schema\Builder: ManyMany for Email.inboundEmails
[2026-02-10 12:19:29] DEBUG: Schema\Builder: ManyMany for Email.replyToEmailAddresses
[2026-02-10 12:19:29] DEBUG: Schema\Builder: ManyMany for Email.users
[2026-02-10 12:19:29] DEBUG: Schema\Builder: ManyMany for Email.assignedUsers
[2026-02-10 12:19:29] DEBUG: Schema\Builder: ManyMany for Email.teams
[2026-02-10 12:19:29] DEBUG: Schema\Builder: ManyMany for GroupEmailFolder.teams
[2026-02-10 12:19:29] DEBUG: Schema\Builder: ManyMany for InboundEmail.teams
[2026-02-10 12:19:29] DEBUG: Schema\Builder: ManyMany for Note.users
[2026-02-10 12:19:29] DEBUG: Schema\Builder: ManyMany for Note.portals
[2026-02-10 12:19:29] DEBUG: Schema\Builder: ManyMany for Note.teams
[2026-02-10 12:19:29] DEBUG: Schema\Builder: ManyMany for Portal.articles
[2026-02-10 12:19:29] DEBUG: Schema\Builder: ManyMany for Portal.portalRoles
[2026-02-10 12:19:29] DEBUG: Schema\Builder: ManyMany for Portal.users
[2026-02-10 12:19:29] DEBUG: Schema\Builder: ManyMany for PortalRole.users
[2026-02-10 12:19:29] DEBUG: Schema\Builder: ManyMany for Role.teams
[2026-02-10 12:19:29] DEBUG: Schema\Builder: ManyMany for Role.users
[2026-02-10 12:19:29] DEBUG: Schema\Builder: ManyMany for Team.users
[2026-02-10 12:19:29] DEBUG: Schema\Builder: ManyMany for User.emailAddresses
[2026-02-10 12:19:29] DEBUG: Schema\Builder: ManyMany for User.phoneNumbers
[2026-02-10 12:19:29] DEBUG: Schema\Builder: ManyMany for User.targetLists
[2026-02-10 12:19:29] DEBUG: Schema\Builder: ManyMany for User.accounts
[2026-02-10 12:19:29] DEBUG: Schema\Builder: ManyMany for User.calls
[2026-02-10 12:19:29] DEBUG: Schema\Builder: ManyMany for User.meetings
[2026-02-10 12:19:29] DEBUG: Schema\Builder: ManyMany for User.workingTimeRanges
[2026-02-10 12:19:29] DEBUG: Schema\Builder: ManyMany for WorkingTimeCalendar.ranges
[2026-02-10 12:19:29] DEBUG: Schema\Builder: ManyMany for Account.portalUsers
[2026-02-10 12:19:29] DEBUG: Schema\Builder: Table [account_portal_user] exists.
[2026-02-10 12:19:29] DEBUG: Schema\Builder: ManyMany for Account.targetLists
[2026-02-10 12:19:29] DEBUG: Schema\Builder: ManyMany for Account.documents
[2026-02-10 12:19:29] DEBUG: Schema\Builder: ManyMany for Account.contacts
[2026-02-10 12:19:29] DEBUG: Schema\Builder: ManyMany for Call.leads
[2026-02-10 12:19:29] DEBUG: Schema\Builder: ManyMany for Call.contacts
[2026-02-10 12:19:29] DEBUG: Schema\Builder: ManyMany for Campaign.excludingTargetLists
[2026-02-10 12:19:29] DEBUG: Schema\Builder: ManyMany for Campaign.targetLists
[2026-02-10 12:19:29] DEBUG: Schema\Builder: ManyMany for Case.articles
[2026-02-10 12:19:29] DEBUG: Schema\Builder: ManyMany for Case.contacts
[2026-02-10 12:19:29] DEBUG: Schema\Builder: ManyMany for Contact.documents
[2026-02-10 12:19:29] DEBUG: Schema\Builder: ManyMany for Contact.targetLists
[2026-02-10 12:19:29] DEBUG: Schema\Builder: ManyMany for Contact.meetings
[2026-02-10 12:19:29] DEBUG: Schema\Builder: ManyMany for Contact.opportunities
[2026-02-10 12:19:29] DEBUG: Schema\Builder: ManyMany for Document.leads
[2026-02-10 12:19:29] DEBUG: Schema\Builder: ManyMany for Document.opportunities
[2026-02-10 12:19:29] DEBUG: Schema\Builder: ManyMany for KnowledgeBaseArticle.categories
[2026-02-10 12:19:29] DEBUG: Schema\Builder: ManyMany for Lead.targetLists
[2026-02-10 12:19:29] DEBUG: Schema\Builder: ManyMany for Lead.meetings
[2026-02-10 12:19:29] DEBUG: Schema\Builder: ManyMany for MassEmail.excludingTargetLists
[2026-02-10 12:19:29] DEBUG: Schema\Builder: ManyMany for MassEmail.targetLists
[2026-02-10 12:19:29] DEBUG: Schema\Builder - End
[2026-02-10 12:20:10] DEBUG: Schema\Builder - Start
[2026-02-10 12:20:10] DEBUG: Schema\Builder: Rebuild for entity types: [CEmployee] with dependent entity types: [CEmployee, Attachment, User, EmailAddress, PhoneNumber, TargetList, Lead, Document, DocumentFolder, Team, GroupEmailFolder, Email, Task, Contact, CampaignLogRecord, EmailQueueItem, MassEmail, InboundEmail, EmailFilter, EmailFolder, EmailTemplate, EmailTemplateCategory, Campaign, Template, CampaignTrackingUrl, Opportunity, Call, Account, Meeting, Case, KnowledgeBaseArticle, KnowledgeBaseCategory, Portal, AuthenticationProvider, LayoutSet, LayoutRecord, Note, PortalRole, EmailAccount, WorkingTimeCalendar, WorkingTimeRange, Role, TargetListCategory, UserData, DashboardTemplate, CPassport, CPanCard, CVoterIdCard, CDrivingLicense, CADHAR, CDepartment, CEmployeeAddress, CCountry, CEmployeePastExperience, CWorkRole, CCity, CState, CBanks, CEmployeeBank, CEmployeeDocuments, CEmployeeContact, CContactType, CEmployeeDependent, CDependantRelation]
[2026-02-10 12:20:10] DEBUG: Schema\Builder: Entity Attachment
[2026-02-10 12:20:10] DEBUG: Schema\Builder: Entity AuthenticationProvider
[2026-02-10 12:20:10] DEBUG: Schema\Builder: Entity DashboardTemplate
[2026-02-10 12:20:10] DEBUG: Schema\Builder: Entity Email
[2026-02-10 12:20:10] DEBUG: Schema\Builder: Entity EmailAccount
[2026-02-10 12:20:10] DEBUG: Schema\Builder: Entity EmailAddress
[2026-02-10 12:20:10] DEBUG: Schema\Builder: Entity EmailFilter
[2026-02-10 12:20:10] DEBUG: Schema\Builder: Entity EmailFolder
[2026-02-10 12:20:10] DEBUG: Schema\Builder: Entity EmailTemplate
[2026-02-10 12:20:10] DEBUG: Schema\Builder: Entity EmailTemplateCategory
[2026-02-10 12:20:10] DEBUG: Schema\Builder: Entity GroupEmailFolder
[2026-02-10 12:20:10] DEBUG: Schema\Builder: Entity InboundEmail
[2026-02-10 12:20:10] DEBUG: Schema\Builder: Entity LayoutRecord
[2026-02-10 12:20:10] DEBUG: Schema\Builder: Entity LayoutSet
[2026-02-10 12:20:10] DEBUG: Schema\Builder: Entity Note
[2026-02-10 12:20:10] DEBUG: Schema\Builder: Entity PhoneNumber
[2026-02-10 12:20:10] DEBUG: Schema\Builder: Entity Portal
[2026-02-10 12:20:10] DEBUG: Schema\Builder: Entity PortalRole
[2026-02-10 12:20:10] DEBUG: Schema\Builder: Entity Role
[2026-02-10 12:20:10] DEBUG: Schema\Builder: Entity Team
[2026-02-10 12:20:10] DEBUG: Schema\Builder: Entity Template
[2026-02-10 12:20:10] DEBUG: Schema\Builder: Entity User
[2026-02-10 12:20:10] DEBUG: Schema\Builder: Entity UserData
[2026-02-10 12:20:10] DEBUG: Schema\Builder: Entity WorkingTimeCalendar
[2026-02-10 12:20:10] DEBUG: Schema\Builder: Entity WorkingTimeRange
[2026-02-10 12:20:10] DEBUG: Schema\Builder: Entity Account
[2026-02-10 12:20:10] DEBUG: Schema\Builder: Entity Call
[2026-02-10 12:20:10] DEBUG: Schema\Builder: Entity Campaign
[2026-02-10 12:20:10] DEBUG: Schema\Builder: Entity CampaignLogRecord
[2026-02-10 12:20:10] DEBUG: Schema\Builder: Entity CampaignTrackingUrl
[2026-02-10 12:20:10] DEBUG: Schema\Builder: Entity Case
[2026-02-10 12:20:10] DEBUG: Schema\Builder: Entity Contact
[2026-02-10 12:20:10] DEBUG: Schema\Builder: Entity Document
[2026-02-10 12:20:10] DEBUG: Schema\Builder: Entity DocumentFolder
[2026-02-10 12:20:10] DEBUG: Schema\Builder: Entity EmailQueueItem
[2026-02-10 12:20:10] DEBUG: Schema\Builder: Entity KnowledgeBaseArticle
[2026-02-10 12:20:10] DEBUG: Schema\Builder: Entity KnowledgeBaseCategory
[2026-02-10 12:20:10] DEBUG: Schema\Builder: Entity Lead
[2026-02-10 12:20:10] DEBUG: Schema\Builder: Entity MassEmail
[2026-02-10 12:20:10] DEBUG: Schema\Builder: Entity Meeting
[2026-02-10 12:20:10] DEBUG: Schema\Builder: Entity Opportunity
[2026-02-10 12:20:10] DEBUG: Schema\Builder: Entity TargetList
[2026-02-10 12:20:10] DEBUG: Schema\Builder: Entity TargetListCategory
[2026-02-10 12:20:10] DEBUG: Schema\Builder: Entity Task
[2026-02-10 12:20:10] DEBUG: Schema\Builder: Entity CADHAR
[2026-02-10 12:20:10] DEBUG: Schema\Builder: Entity CBanks
[2026-02-10 12:20:10] DEBUG: Schema\Builder: Entity CCity
[2026-02-10 12:20:10] DEBUG: Schema\Builder: Entity CContactType
[2026-02-10 12:20:10] DEBUG: Schema\Builder: Entity CCountry
[2026-02-10 12:20:10] DEBUG: Schema\Builder: Entity CDepartment
[2026-02-10 12:20:10] DEBUG: Schema\Builder: Entity CDependantRelation
[2026-02-10 12:20:10] DEBUG: Schema\Builder: Entity CDrivingLicense
[2026-02-10 12:20:10] DEBUG: Schema\Builder: Entity CEmployee
[2026-02-10 12:20:10] DEBUG: Schema\Builder: Entity CEmployeeAddress
[2026-02-10 12:20:10] DEBUG: Schema\Builder: Entity CEmployeeBank
[2026-02-10 12:20:10] DEBUG: Schema\Builder: Entity CEmployeeContact
[2026-02-10 12:20:10] DEBUG: Schema\Builder: Entity CEmployeeDependent
[2026-02-10 12:20:10] DEBUG: Schema\Builder: Entity CEmployeeDocuments
[2026-02-10 12:20:10] DEBUG: Schema\Builder: Entity CEmployeePastExperience
[2026-02-10 12:20:10] DEBUG: Schema\Builder: Entity CPanCard
[2026-02-10 12:20:10] DEBUG: Schema\Builder: Entity CPassport
[2026-02-10 12:20:10] DEBUG: Schema\Builder: Entity CState
[2026-02-10 12:20:10] DEBUG: Schema\Builder: Entity CVoterIdCard
[2026-02-10 12:20:10] DEBUG: Schema\Builder: Entity CWorkRole
[2026-02-10 12:20:10] DEBUG: Schema\Builder: ManyMany for Email.emailAccounts
[2026-02-10 12:20:10] DEBUG: Schema\Builder: ManyMany for Email.inboundEmails
[2026-02-10 12:20:10] DEBUG: Schema\Builder: ManyMany for Email.replyToEmailAddresses
[2026-02-10 12:20:10] DEBUG: Schema\Builder: ManyMany for Email.users
[2026-02-10 12:20:10] DEBUG: Schema\Builder: ManyMany for Email.assignedUsers
[2026-02-10 12:20:10] DEBUG: Schema\Builder: ManyMany for Email.teams
[2026-02-10 12:20:10] DEBUG: Schema\Builder: ManyMany for GroupEmailFolder.teams
[2026-02-10 12:20:10] DEBUG: Schema\Builder: ManyMany for InboundEmail.teams
[2026-02-10 12:20:10] DEBUG: Schema\Builder: ManyMany for Note.users
[2026-02-10 12:20:10] DEBUG: Schema\Builder: ManyMany for Note.portals
[2026-02-10 12:20:10] DEBUG: Schema\Builder: ManyMany for Note.teams
[2026-02-10 12:20:10] DEBUG: Schema\Builder: ManyMany for Portal.articles
[2026-02-10 12:20:10] DEBUG: Schema\Builder: ManyMany for Portal.portalRoles
[2026-02-10 12:20:10] DEBUG: Schema\Builder: ManyMany for Portal.users
[2026-02-10 12:20:10] DEBUG: Schema\Builder: ManyMany for PortalRole.users
[2026-02-10 12:20:10] DEBUG: Schema\Builder: ManyMany for Role.teams
[2026-02-10 12:20:10] DEBUG: Schema\Builder: ManyMany for Role.users
[2026-02-10 12:20:10] DEBUG: Schema\Builder: ManyMany for Team.users
[2026-02-10 12:20:10] DEBUG: Schema\Builder: ManyMany for User.emailAddresses
[2026-02-10 12:20:10] DEBUG: Schema\Builder: ManyMany for User.phoneNumbers
[2026-02-10 12:20:10] DEBUG: Schema\Builder: ManyMany for User.targetLists
[2026-02-10 12:20:10] DEBUG: Schema\Builder: ManyMany for User.accounts
[2026-02-10 12:20:10] DEBUG: Schema\Builder: ManyMany for User.calls
[2026-02-10 12:20:10] DEBUG: Schema\Builder: ManyMany for User.meetings
[2026-02-10 12:20:10] DEBUG: Schema\Builder: ManyMany for User.workingTimeRanges
[2026-02-10 12:20:10] DEBUG: Schema\Builder: ManyMany for WorkingTimeCalendar.ranges
[2026-02-10 12:20:10] DEBUG: Schema\Builder: ManyMany for Account.portalUsers
[2026-02-10 12:20:10] DEBUG: Schema\Builder: Table [account_portal_user] exists.
[2026-02-10 12:20:10] DEBUG: Schema\Builder: ManyMany for Account.targetLists
[2026-02-10 12:20:10] DEBUG: Schema\Builder: ManyMany for Account.documents
[2026-02-10 12:20:10] DEBUG: Schema\Builder: ManyMany for Account.contacts
[2026-02-10 12:20:10] DEBUG: Schema\Builder: ManyMany for Call.leads
[2026-02-10 12:20:10] DEBUG: Schema\Builder: ManyMany for Call.contacts
[2026-02-10 12:20:10] DEBUG: Schema\Builder: ManyMany for Campaign.excludingTargetLists
[2026-02-10 12:20:10] DEBUG: Schema\Builder: ManyMany for Campaign.targetLists
[2026-02-10 12:20:10] DEBUG: Schema\Builder: ManyMany for Case.articles
[2026-02-10 12:20:10] DEBUG: Schema\Builder: ManyMany for Case.contacts
[2026-02-10 12:20:10] DEBUG: Schema\Builder: ManyMany for Contact.documents
[2026-02-10 12:20:10] DEBUG: Schema\Builder: ManyMany for Contact.targetLists
[2026-02-10 12:20:10] DEBUG: Schema\Builder: ManyMany for Contact.meetings
[2026-02-10 12:20:10] DEBUG: Schema\Builder: ManyMany for Contact.opportunities
[2026-02-10 12:20:10] DEBUG: Schema\Builder: ManyMany for Document.leads
[2026-02-10 12:20:10] DEBUG: Schema\Builder: ManyMany for Document.opportunities
[2026-02-10 12:20:10] DEBUG: Schema\Builder: ManyMany for KnowledgeBaseArticle.categories
[2026-02-10 12:20:10] DEBUG: Schema\Builder: ManyMany for Lead.targetLists
[2026-02-10 12:20:10] DEBUG: Schema\Builder: ManyMany for Lead.meetings
[2026-02-10 12:20:10] DEBUG: Schema\Builder: ManyMany for MassEmail.excludingTargetLists
[2026-02-10 12:20:10] DEBUG: Schema\Builder: ManyMany for MassEmail.targetLists
[2026-02-10 12:20:10] DEBUG: Schema\Builder - End
[2026-02-10 12:20:49] DEBUG: Schema\Builder - Start
[2026-02-10 12:20:49] DEBUG: Schema\Builder: Rebuild for entity types: [CEmployee] with dependent entity types: [CEmployee, Attachment, User, EmailAddress, PhoneNumber, TargetList, Lead, Document, DocumentFolder, Team, GroupEmailFolder, Email, Task, Contact, CampaignLogRecord, EmailQueueItem, MassEmail, InboundEmail, EmailFilter, EmailFolder, EmailTemplate, EmailTemplateCategory, Campaign, Template, CampaignTrackingUrl, Opportunity, Call, Account, Meeting, Case, KnowledgeBaseArticle, KnowledgeBaseCategory, Portal, AuthenticationProvider, LayoutSet, LayoutRecord, Note, PortalRole, EmailAccount, WorkingTimeCalendar, WorkingTimeRange, Role, TargetListCategory, UserData, DashboardTemplate, CPassport, CPanCard, CVoterIdCard, CDrivingLicense, CADHAR, CDepartment, CEmployeeAddress, CCountry, CEmployeePastExperience, CWorkRole, CCity, CState, CBanks, CEmployeeBank, CEmployeeDocuments, CEmployeeContact, CContactType, CEmployeeDependent, CDependantRelation]
[2026-02-10 12:20:49] DEBUG: Schema\Builder: Entity Attachment
[2026-02-10 12:20:49] DEBUG: Schema\Builder: Entity AuthenticationProvider
[2026-02-10 12:20:49] DEBUG: Schema\Builder: Entity DashboardTemplate
[2026-02-10 12:20:49] DEBUG: Schema\Builder: Entity Email
[2026-02-10 12:20:49] DEBUG: Schema\Builder: Entity EmailAccount
[2026-02-10 12:20:49] DEBUG: Schema\Builder: Entity EmailAddress
[2026-02-10 12:20:49] DEBUG: Schema\Builder: Entity EmailFilter
[2026-02-10 12:20:49] DEBUG: Schema\Builder: Entity EmailFolder
[2026-02-10 12:20:49] DEBUG: Schema\Builder: Entity EmailTemplate
[2026-02-10 12:20:49] DEBUG: Schema\Builder: Entity EmailTemplateCategory
[2026-02-10 12:20:49] DEBUG: Schema\Builder: Entity GroupEmailFolder
[2026-02-10 12:20:49] DEBUG: Schema\Builder: Entity InboundEmail
[2026-02-10 12:20:49] DEBUG: Schema\Builder: Entity LayoutRecord
[2026-02-10 12:20:49] DEBUG: Schema\Builder: Entity LayoutSet
[2026-02-10 12:20:49] DEBUG: Schema\Builder: Entity Note
[2026-02-10 12:20:49] DEBUG: Schema\Builder: Entity PhoneNumber
[2026-02-10 12:20:49] DEBUG: Schema\Builder: Entity Portal
[2026-02-10 12:20:49] DEBUG: Schema\Builder: Entity PortalRole
[2026-02-10 12:20:49] DEBUG: Schema\Builder: Entity Role
[2026-02-10 12:20:49] DEBUG: Schema\Builder: Entity Team
[2026-02-10 12:20:49] DEBUG: Schema\Builder: Entity Template
[2026-02-10 12:20:49] DEBUG: Schema\Builder: Entity User
[2026-02-10 12:20:49] DEBUG: Schema\Builder: Entity UserData
[2026-02-10 12:20:49] DEBUG: Schema\Builder: Entity WorkingTimeCalendar
[2026-02-10 12:20:49] DEBUG: Schema\Builder: Entity WorkingTimeRange
[2026-02-10 12:20:49] DEBUG: Schema\Builder: Entity Account
[2026-02-10 12:20:49] DEBUG: Schema\Builder: Entity Call
[2026-02-10 12:20:49] DEBUG: Schema\Builder: Entity Campaign
[2026-02-10 12:20:49] DEBUG: Schema\Builder: Entity CampaignLogRecord
[2026-02-10 12:20:49] DEBUG: Schema\Builder: Entity CampaignTrackingUrl
[2026-02-10 12:20:49] DEBUG: Schema\Builder: Entity Case
[2026-02-10 12:20:49] DEBUG: Schema\Builder: Entity Contact
[2026-02-10 12:20:49] DEBUG: Schema\Builder: Entity Document
[2026-02-10 12:20:49] DEBUG: Schema\Builder: Entity DocumentFolder
[2026-02-10 12:20:49] DEBUG: Schema\Builder: Entity EmailQueueItem
[2026-02-10 12:20:49] DEBUG: Schema\Builder: Entity KnowledgeBaseArticle
[2026-02-10 12:20:49] DEBUG: Schema\Builder: Entity KnowledgeBaseCategory
[2026-02-10 12:20:49] DEBUG: Schema\Builder: Entity Lead
[2026-02-10 12:20:49] DEBUG: Schema\Builder: Entity MassEmail
[2026-02-10 12:20:49] DEBUG: Schema\Builder: Entity Meeting
[2026-02-10 12:20:49] DEBUG: Schema\Builder: Entity Opportunity
[2026-02-10 12:20:49] DEBUG: Schema\Builder: Entity TargetList
[2026-02-10 12:20:49] DEBUG: Schema\Builder: Entity TargetListCategory
[2026-02-10 12:20:49] DEBUG: Schema\Builder: Entity Task
[2026-02-10 12:20:49] DEBUG: Schema\Builder: Entity CADHAR
[2026-02-10 12:20:49] DEBUG: Schema\Builder: Entity CBanks
[2026-02-10 12:20:49] DEBUG: Schema\Builder: Entity CCity
[2026-02-10 12:20:49] DEBUG: Schema\Builder: Entity CContactType
[2026-02-10 12:20:49] DEBUG: Schema\Builder: Entity CCountry
[2026-02-10 12:20:49] DEBUG: Schema\Builder: Entity CDepartment
[2026-02-10 12:20:49] DEBUG: Schema\Builder: Entity CDependantRelation
[2026-02-10 12:20:49] DEBUG: Schema\Builder: Entity CDrivingLicense
[2026-02-10 12:20:49] DEBUG: Schema\Builder: Entity CEmployee
[2026-02-10 12:20:49] DEBUG: Schema\Builder: Entity CEmployeeAddress
[2026-02-10 12:20:49] DEBUG: Schema\Builder: Entity CEmployeeBank
[2026-02-10 12:20:49] DEBUG: Schema\Builder: Entity CEmployeeContact
[2026-02-10 12:20:49] DEBUG: Schema\Builder: Entity CEmployeeDependent
[2026-02-10 12:20:49] DEBUG: Schema\Builder: Entity CEmployeeDocuments
[2026-02-10 12:20:49] DEBUG: Schema\Builder: Entity CEmployeePastExperience
[2026-02-10 12:20:49] DEBUG: Schema\Builder: Entity CPanCard
[2026-02-10 12:20:49] DEBUG: Schema\Builder: Entity CPassport
[2026-02-10 12:20:49] DEBUG: Schema\Builder: Entity CState
[2026-02-10 12:20:49] DEBUG: Schema\Builder: Entity CVoterIdCard
[2026-02-10 12:20:49] DEBUG: Schema\Builder: Entity CWorkRole
[2026-02-10 12:20:49] DEBUG: Schema\Builder: ManyMany for Email.emailAccounts
[2026-02-10 12:20:49] DEBUG: Schema\Builder: ManyMany for Email.inboundEmails
[2026-02-10 12:20:49] DEBUG: Schema\Builder: ManyMany for Email.replyToEmailAddresses
[2026-02-10 12:20:49] DEBUG: Schema\Builder: ManyMany for Email.users
[2026-02-10 12:20:49] DEBUG: Schema\Builder: ManyMany for Email.assignedUsers
[2026-02-10 12:20:49] DEBUG: Schema\Builder: ManyMany for Email.teams
[2026-02-10 12:20:49] DEBUG: Schema\Builder: ManyMany for GroupEmailFolder.teams
[2026-02-10 12:20:49] DEBUG: Schema\Builder: ManyMany for InboundEmail.teams
[2026-02-10 12:20:49] DEBUG: Schema\Builder: ManyMany for Note.users
[2026-02-10 12:20:49] DEBUG: Schema\Builder: ManyMany for Note.portals
[2026-02-10 12:20:49] DEBUG: Schema\Builder: ManyMany for Note.teams
[2026-02-10 12:20:49] DEBUG: Schema\Builder: ManyMany for Portal.articles
[2026-02-10 12:20:49] DEBUG: Schema\Builder: ManyMany for Portal.portalRoles
[2026-02-10 12:20:49] DEBUG: Schema\Builder: ManyMany for Portal.users
[2026-02-10 12:20:49] DEBUG: Schema\Builder: ManyMany for PortalRole.users
[2026-02-10 12:20:49] DEBUG: Schema\Builder: ManyMany for Role.teams
[2026-02-10 12:20:49] DEBUG: Schema\Builder: ManyMany for Role.users
[2026-02-10 12:20:49] DEBUG: Schema\Builder: ManyMany for Team.users
[2026-02-10 12:20:49] DEBUG: Schema\Builder: ManyMany for User.emailAddresses
[2026-02-10 12:20:49] DEBUG: Schema\Builder: ManyMany for User.phoneNumbers
[2026-02-10 12:20:49] DEBUG: Schema\Builder: ManyMany for User.targetLists
[2026-02-10 12:20:49] DEBUG: Schema\Builder: ManyMany for User.accounts
[2026-02-10 12:20:49] DEBUG: Schema\Builder: ManyMany for User.calls
[2026-02-10 12:20:49] DEBUG: Schema\Builder: ManyMany for User.meetings
[2026-02-10 12:20:49] DEBUG: Schema\Builder: ManyMany for User.workingTimeRanges
[2026-02-10 12:20:49] DEBUG: Schema\Builder: ManyMany for WorkingTimeCalendar.ranges
[2026-02-10 12:20:49] DEBUG: Schema\Builder: ManyMany for Account.portalUsers
[2026-02-10 12:20:49] DEBUG: Schema\Builder: Table [account_portal_user] exists.
[2026-02-10 12:20:49] DEBUG: Schema\Builder: ManyMany for Account.targetLists
[2026-02-10 12:20:49] DEBUG: Schema\Builder: ManyMany for Account.documents
[2026-02-10 12:20:49] DEBUG: Schema\Builder: ManyMany for Account.contacts
[2026-02-10 12:20:49] DEBUG: Schema\Builder: ManyMany for Call.leads
[2026-02-10 12:20:49] DEBUG: Schema\Builder: ManyMany for Call.contacts
[2026-02-10 12:20:49] DEBUG: Schema\Builder: ManyMany for Campaign.excludingTargetLists
[2026-02-10 12:20:49] DEBUG: Schema\Builder: ManyMany for Campaign.targetLists
[2026-02-10 12:20:49] DEBUG: Schema\Builder: ManyMany for Case.articles
[2026-02-10 12:20:49] DEBUG: Schema\Builder: ManyMany for Case.contacts
[2026-02-10 12:20:49] DEBUG: Schema\Builder: ManyMany for Contact.documents
[2026-02-10 12:20:49] DEBUG: Schema\Builder: ManyMany for Contact.targetLists
[2026-02-10 12:20:49] DEBUG: Schema\Builder: ManyMany for Contact.meetings
[2026-02-10 12:20:49] DEBUG: Schema\Builder: ManyMany for Contact.opportunities
[2026-02-10 12:20:49] DEBUG: Schema\Builder: ManyMany for Document.leads
[2026-02-10 12:20:49] DEBUG: Schema\Builder: ManyMany for Document.opportunities
[2026-02-10 12:20:49] DEBUG: Schema\Builder: ManyMany for KnowledgeBaseArticle.categories
[2026-02-10 12:20:49] DEBUG: Schema\Builder: ManyMany for Lead.targetLists
[2026-02-10 12:20:49] DEBUG: Schema\Builder: ManyMany for Lead.meetings
[2026-02-10 12:20:49] DEBUG: Schema\Builder: ManyMany for MassEmail.excludingTargetLists
[2026-02-10 12:20:49] DEBUG: Schema\Builder: ManyMany for MassEmail.targetLists
[2026-02-10 12:20:49] DEBUG: Schema\Builder - End
[2026-02-10 12:21:53] DEBUG: Schema\Builder - Start
[2026-02-10 12:21:53] DEBUG: Schema\Builder: Rebuild for entity types: [CEmployee] with dependent entity types: [CEmployee, Attachment, User, EmailAddress, PhoneNumber, TargetList, Lead, Document, DocumentFolder, Team, GroupEmailFolder, Email, Task, Contact, CampaignLogRecord, EmailQueueItem, MassEmail, InboundEmail, EmailFilter, EmailFolder, EmailTemplate, EmailTemplateCategory, Campaign, Template, CampaignTrackingUrl, Opportunity, Call, Account, Meeting, Case, KnowledgeBaseArticle, KnowledgeBaseCategory, Portal, AuthenticationProvider, LayoutSet, LayoutRecord, Note, PortalRole, EmailAccount, WorkingTimeCalendar, WorkingTimeRange, Role, TargetListCategory, UserData, DashboardTemplate, CPassport, CPanCard, CVoterIdCard, CDrivingLicense, CADHAR, CDepartment, CEmployeeAddress, CCountry, CEmployeePastExperience, CWorkRole, CCity, CState, CBanks, CEmployeeBank, CEmployeeDocuments, CEmployeeContact, CContactType, CEmployeeDependent, CDependantRelation]
[2026-02-10 12:21:53] DEBUG: Schema\Builder: Entity Attachment
[2026-02-10 12:21:53] DEBUG: Schema\Builder: Entity AuthenticationProvider
[2026-02-10 12:21:53] DEBUG: Schema\Builder: Entity DashboardTemplate
[2026-02-10 12:21:53] DEBUG: Schema\Builder: Entity Email
[2026-02-10 12:21:53] DEBUG: Schema\Builder: Entity EmailAccount
[2026-02-10 12:21:53] DEBUG: Schema\Builder: Entity EmailAddress
[2026-02-10 12:21:53] DEBUG: Schema\Builder: Entity EmailFilter
[2026-02-10 12:21:53] DEBUG: Schema\Builder: Entity EmailFolder
[2026-02-10 12:21:53] DEBUG: Schema\Builder: Entity EmailTemplate
[2026-02-10 12:21:53] DEBUG: Schema\Builder: Entity EmailTemplateCategory
[2026-02-10 12:21:53] DEBUG: Schema\Builder: Entity GroupEmailFolder
[2026-02-10 12:21:53] DEBUG: Schema\Builder: Entity InboundEmail
[2026-02-10 12:21:53] DEBUG: Schema\Builder: Entity LayoutRecord
[2026-02-10 12:21:53] DEBUG: Schema\Builder: Entity LayoutSet
[2026-02-10 12:21:53] DEBUG: Schema\Builder: Entity Note
[2026-02-10 12:21:53] DEBUG: Schema\Builder: Entity PhoneNumber
[2026-02-10 12:21:53] DEBUG: Schema\Builder: Entity Portal
[2026-02-10 12:21:53] DEBUG: Schema\Builder: Entity PortalRole
[2026-02-10 12:21:53] DEBUG: Schema\Builder: Entity Role
[2026-02-10 12:21:53] DEBUG: Schema\Builder: Entity Team
[2026-02-10 12:21:53] DEBUG: Schema\Builder: Entity Template
[2026-02-10 12:21:53] DEBUG: Schema\Builder: Entity User
[2026-02-10 12:21:53] DEBUG: Schema\Builder: Entity UserData
[2026-02-10 12:21:53] DEBUG: Schema\Builder: Entity WorkingTimeCalendar
[2026-02-10 12:21:53] DEBUG: Schema\Builder: Entity WorkingTimeRange
[2026-02-10 12:21:53] DEBUG: Schema\Builder: Entity Account
[2026-02-10 12:21:53] DEBUG: Schema\Builder: Entity Call
[2026-02-10 12:21:53] DEBUG: Schema\Builder: Entity Campaign
[2026-02-10 12:21:53] DEBUG: Schema\Builder: Entity CampaignLogRecord
[2026-02-10 12:21:53] DEBUG: Schema\Builder: Entity CampaignTrackingUrl
[2026-02-10 12:21:53] DEBUG: Schema\Builder: Entity Case
[2026-02-10 12:21:53] DEBUG: Schema\Builder: Entity Contact
[2026-02-10 12:21:53] DEBUG: Schema\Builder: Entity Document
[2026-02-10 12:21:53] DEBUG: Schema\Builder: Entity DocumentFolder
[2026-02-10 12:21:53] DEBUG: Schema\Builder: Entity EmailQueueItem
[2026-02-10 12:21:53] DEBUG: Schema\Builder: Entity KnowledgeBaseArticle
[2026-02-10 12:21:53] DEBUG: Schema\Builder: Entity KnowledgeBaseCategory
[2026-02-10 12:21:53] DEBUG: Schema\Builder: Entity Lead
[2026-02-10 12:21:53] DEBUG: Schema\Builder: Entity MassEmail
[2026-02-10 12:21:53] DEBUG: Schema\Builder: Entity Meeting
[2026-02-10 12:21:53] DEBUG: Schema\Builder: Entity Opportunity
[2026-02-10 12:21:53] DEBUG: Schema\Builder: Entity TargetList
[2026-02-10 12:21:53] DEBUG: Schema\Builder: Entity TargetListCategory
[2026-02-10 12:21:53] DEBUG: Schema\Builder: Entity Task
[2026-02-10 12:21:53] DEBUG: Schema\Builder: Entity CADHAR
[2026-02-10 12:21:53] DEBUG: Schema\Builder: Entity CBanks
[2026-02-10 12:21:53] DEBUG: Schema\Builder: Entity CCity
[2026-02-10 12:21:53] DEBUG: Schema\Builder: Entity CContactType
[2026-02-10 12:21:53] DEBUG: Schema\Builder: Entity CCountry
[2026-02-10 12:21:53] DEBUG: Schema\Builder: Entity CDepartment
[2026-02-10 12:21:53] DEBUG: Schema\Builder: Entity CDependantRelation
[2026-02-10 12:21:53] DEBUG: Schema\Builder: Entity CDrivingLicense
[2026-02-10 12:21:53] DEBUG: Schema\Builder: Entity CEmployee
[2026-02-10 12:21:53] DEBUG: Schema\Builder: Entity CEmployeeAddress
[2026-02-10 12:21:53] DEBUG: Schema\Builder: Entity CEmployeeBank
[2026-02-10 12:21:53] DEBUG: Schema\Builder: Entity CEmployeeContact
[2026-02-10 12:21:53] DEBUG: Schema\Builder: Entity CEmployeeDependent
[2026-02-10 12:21:53] DEBUG: Schema\Builder: Entity CEmployeeDocuments
[2026-02-10 12:21:53] DEBUG: Schema\Builder: Entity CEmployeePastExperience
[2026-02-10 12:21:53] DEBUG: Schema\Builder: Entity CPanCard
[2026-02-10 12:21:53] DEBUG: Schema\Builder: Entity CPassport
[2026-02-10 12:21:53] DEBUG: Schema\Builder: Entity CState
[2026-02-10 12:21:53] DEBUG: Schema\Builder: Entity CVoterIdCard
[2026-02-10 12:21:53] DEBUG: Schema\Builder: Entity CWorkRole
[2026-02-10 12:21:53] DEBUG: Schema\Builder: ManyMany for Email.emailAccounts
[2026-02-10 12:21:53] DEBUG: Schema\Builder: ManyMany for Email.inboundEmails
[2026-02-10 12:21:53] DEBUG: Schema\Builder: ManyMany for Email.replyToEmailAddresses
[2026-02-10 12:21:53] DEBUG: Schema\Builder: ManyMany for Email.users
[2026-02-10 12:21:53] DEBUG: Schema\Builder: ManyMany for Email.assignedUsers
[2026-02-10 12:21:53] DEBUG: Schema\Builder: ManyMany for Email.teams
[2026-02-10 12:21:53] DEBUG: Schema\Builder: ManyMany for GroupEmailFolder.teams
[2026-02-10 12:21:53] DEBUG: Schema\Builder: ManyMany for InboundEmail.teams
[2026-02-10 12:21:53] DEBUG: Schema\Builder: ManyMany for Note.users
[2026-02-10 12:21:53] DEBUG: Schema\Builder: ManyMany for Note.portals
[2026-02-10 12:21:53] DEBUG: Schema\Builder: ManyMany for Note.teams
[2026-02-10 12:21:53] DEBUG: Schema\Builder: ManyMany for Portal.articles
[2026-02-10 12:21:53] DEBUG: Schema\Builder: ManyMany for Portal.portalRoles
[2026-02-10 12:21:53] DEBUG: Schema\Builder: ManyMany for Portal.users
[2026-02-10 12:21:53] DEBUG: Schema\Builder: ManyMany for PortalRole.users
[2026-02-10 12:21:53] DEBUG: Schema\Builder: ManyMany for Role.teams
[2026-02-10 12:21:53] DEBUG: Schema\Builder: ManyMany for Role.users
[2026-02-10 12:21:53] DEBUG: Schema\Builder: ManyMany for Team.users
[2026-02-10 12:21:53] DEBUG: Schema\Builder: ManyMany for User.emailAddresses
[2026-02-10 12:21:53] DEBUG: Schema\Builder: ManyMany for User.phoneNumbers
[2026-02-10 12:21:53] DEBUG: Schema\Builder: ManyMany for User.targetLists
[2026-02-10 12:21:53] DEBUG: Schema\Builder: ManyMany for User.accounts
[2026-02-10 12:21:53] DEBUG: Schema\Builder: ManyMany for User.calls
[2026-02-10 12:21:53] DEBUG: Schema\Builder: ManyMany for User.meetings
[2026-02-10 12:21:53] DEBUG: Schema\Builder: ManyMany for User.workingTimeRanges
[2026-02-10 12:21:53] DEBUG: Schema\Builder: ManyMany for WorkingTimeCalendar.ranges
[2026-02-10 12:21:53] DEBUG: Schema\Builder: ManyMany for Account.portalUsers
[2026-02-10 12:21:53] DEBUG: Schema\Builder: Table [account_portal_user] exists.
[2026-02-10 12:21:53] DEBUG: Schema\Builder: ManyMany for Account.targetLists
[2026-02-10 12:21:53] DEBUG: Schema\Builder: ManyMany for Account.documents
[2026-02-10 12:21:53] DEBUG: Schema\Builder: ManyMany for Account.contacts
[2026-02-10 12:21:53] DEBUG: Schema\Builder: ManyMany for Call.leads
[2026-02-10 12:21:53] DEBUG: Schema\Builder: ManyMany for Call.contacts
[2026-02-10 12:21:53] DEBUG: Schema\Builder: ManyMany for Campaign.excludingTargetLists
[2026-02-10 12:21:53] DEBUG: Schema\Builder: ManyMany for Campaign.targetLists
[2026-02-10 12:21:53] DEBUG: Schema\Builder: ManyMany for Case.articles
[2026-02-10 12:21:53] DEBUG: Schema\Builder: ManyMany for Case.contacts
[2026-02-10 12:21:53] DEBUG: Schema\Builder: ManyMany for Contact.documents
[2026-02-10 12:21:53] DEBUG: Schema\Builder: ManyMany for Contact.targetLists
[2026-02-10 12:21:53] DEBUG: Schema\Builder: ManyMany for Contact.meetings
[2026-02-10 12:21:53] DEBUG: Schema\Builder: ManyMany for Contact.opportunities
[2026-02-10 12:21:53] DEBUG: Schema\Builder: ManyMany for Document.leads
[2026-02-10 12:21:53] DEBUG: Schema\Builder: ManyMany for Document.opportunities
[2026-02-10 12:21:53] DEBUG: Schema\Builder: ManyMany for KnowledgeBaseArticle.categories
[2026-02-10 12:21:53] DEBUG: Schema\Builder: ManyMany for Lead.targetLists
[2026-02-10 12:21:53] DEBUG: Schema\Builder: ManyMany for Lead.meetings
[2026-02-10 12:21:53] DEBUG: Schema\Builder: ManyMany for MassEmail.excludingTargetLists
[2026-02-10 12:21:53] DEBUG: Schema\Builder: ManyMany for MassEmail.targetLists
[2026-02-10 12:21:53] DEBUG: Schema\Builder - End
[2026-02-10 12:21:54] WARNING: E_WARNING: rename(data\tmp\tmp2343.tmp,data/cache/application/entityAcl.php): Access is denied (code: 5)
[2026-02-10 12:21:54] WARNING: E_WARNING: rename(data\tmp\tmp2343.tmp,data/cache/application/entityAcl.php): Access is denied (code: 5)
[2026-02-10 12:22:26] DEBUG: Schema\Builder - Start
[2026-02-10 12:22:26] DEBUG: Schema\Builder: Rebuild for entity types: [CEmployee] with dependent entity types: [CEmployee, Attachment, User, EmailAddress, PhoneNumber, TargetList, Lead, Document, DocumentFolder, Team, GroupEmailFolder, Email, Task, Contact, CampaignLogRecord, EmailQueueItem, MassEmail, InboundEmail, EmailFilter, EmailFolder, EmailTemplate, EmailTemplateCategory, Campaign, Template, CampaignTrackingUrl, Opportunity, Call, Account, Meeting, Case, KnowledgeBaseArticle, KnowledgeBaseCategory, Portal, AuthenticationProvider, LayoutSet, LayoutRecord, Note, PortalRole, EmailAccount, WorkingTimeCalendar, WorkingTimeRange, Role, TargetListCategory, UserData, DashboardTemplate, CPassport, CPanCard, CVoterIdCard, CDrivingLicense, CADHAR, CDepartment, CEmployeeAddress, CCountry, CEmployeePastExperience, CWorkRole, CCity, CState, CBanks, CEmployeeBank, CEmployeeDocuments, CEmployeeContact, CContactType, CEmployeeDependent, CDependantRelation]
[2026-02-10 12:22:26] DEBUG: Schema\Builder: Entity Attachment
[2026-02-10 12:22:26] DEBUG: Schema\Builder: Entity AuthenticationProvider
[2026-02-10 12:22:26] DEBUG: Schema\Builder: Entity DashboardTemplate
[2026-02-10 12:22:26] DEBUG: Schema\Builder: Entity Email
[2026-02-10 12:22:26] DEBUG: Schema\Builder: Entity EmailAccount
[2026-02-10 12:22:26] DEBUG: Schema\Builder: Entity EmailAddress
[2026-02-10 12:22:26] DEBUG: Schema\Builder: Entity EmailFilter
[2026-02-10 12:22:26] DEBUG: Schema\Builder: Entity EmailFolder
[2026-02-10 12:22:26] DEBUG: Schema\Builder: Entity EmailTemplate
[2026-02-10 12:22:26] DEBUG: Schema\Builder: Entity EmailTemplateCategory
[2026-02-10 12:22:26] DEBUG: Schema\Builder: Entity GroupEmailFolder
[2026-02-10 12:22:26] DEBUG: Schema\Builder: Entity InboundEmail
[2026-02-10 12:22:26] DEBUG: Schema\Builder: Entity LayoutRecord
[2026-02-10 12:22:26] DEBUG: Schema\Builder: Entity LayoutSet
[2026-02-10 12:22:26] DEBUG: Schema\Builder: Entity Note
[2026-02-10 12:22:26] DEBUG: Schema\Builder: Entity PhoneNumber
[2026-02-10 12:22:26] DEBUG: Schema\Builder: Entity Portal
[2026-02-10 12:22:26] DEBUG: Schema\Builder: Entity PortalRole
[2026-02-10 12:22:26] DEBUG: Schema\Builder: Entity Role
[2026-02-10 12:22:26] DEBUG: Schema\Builder: Entity Team
[2026-02-10 12:22:26] DEBUG: Schema\Builder: Entity Template
[2026-02-10 12:22:26] DEBUG: Schema\Builder: Entity User
[2026-02-10 12:22:26] DEBUG: Schema\Builder: Entity UserData
[2026-02-10 12:22:26] DEBUG: Schema\Builder: Entity WorkingTimeCalendar
[2026-02-10 12:22:26] DEBUG: Schema\Builder: Entity WorkingTimeRange
[2026-02-10 12:22:26] DEBUG: Schema\Builder: Entity Account
[2026-02-10 12:22:26] DEBUG: Schema\Builder: Entity Call
[2026-02-10 12:22:26] DEBUG: Schema\Builder: Entity Campaign
[2026-02-10 12:22:26] DEBUG: Schema\Builder: Entity CampaignLogRecord
[2026-02-10 12:22:26] DEBUG: Schema\Builder: Entity CampaignTrackingUrl
[2026-02-10 12:22:26] DEBUG: Schema\Builder: Entity Case
[2026-02-10 12:22:26] DEBUG: Schema\Builder: Entity Contact
[2026-02-10 12:22:26] DEBUG: Schema\Builder: Entity Document
[2026-02-10 12:22:26] DEBUG: Schema\Builder: Entity DocumentFolder
[2026-02-10 12:22:26] DEBUG: Schema\Builder: Entity EmailQueueItem
[2026-02-10 12:22:26] DEBUG: Schema\Builder: Entity KnowledgeBaseArticle
[2026-02-10 12:22:26] DEBUG: Schema\Builder: Entity KnowledgeBaseCategory
[2026-02-10 12:22:26] DEBUG: Schema\Builder: Entity Lead
[2026-02-10 12:22:26] DEBUG: Schema\Builder: Entity MassEmail
[2026-02-10 12:22:26] DEBUG: Schema\Builder: Entity Meeting
[2026-02-10 12:22:26] DEBUG: Schema\Builder: Entity Opportunity
[2026-02-10 12:22:26] DEBUG: Schema\Builder: Entity TargetList
[2026-02-10 12:22:26] DEBUG: Schema\Builder: Entity TargetListCategory
[2026-02-10 12:22:26] DEBUG: Schema\Builder: Entity Task
[2026-02-10 12:22:26] DEBUG: Schema\Builder: Entity CADHAR
[2026-02-10 12:22:26] DEBUG: Schema\Builder: Entity CBanks
[2026-02-10 12:22:26] DEBUG: Schema\Builder: Entity CCity
[2026-02-10 12:22:26] DEBUG: Schema\Builder: Entity CContactType
[2026-02-10 12:22:26] DEBUG: Schema\Builder: Entity CCountry
[2026-02-10 12:22:26] DEBUG: Schema\Builder: Entity CDepartment
[2026-02-10 12:22:26] DEBUG: Schema\Builder: Entity CDependantRelation
[2026-02-10 12:22:26] DEBUG: Schema\Builder: Entity CDrivingLicense
[2026-02-10 12:22:26] DEBUG: Schema\Builder: Entity CEmployee
[2026-02-10 12:22:26] DEBUG: Schema\Builder: Entity CEmployeeAddress
[2026-02-10 12:22:26] DEBUG: Schema\Builder: Entity CEmployeeBank
[2026-02-10 12:22:26] DEBUG: Schema\Builder: Entity CEmployeeContact
[2026-02-10 12:22:26] DEBUG: Schema\Builder: Entity CEmployeeDependent
[2026-02-10 12:22:26] DEBUG: Schema\Builder: Entity CEmployeeDocuments
[2026-02-10 12:22:26] DEBUG: Schema\Builder: Entity CEmployeePastExperience
[2026-02-10 12:22:26] DEBUG: Schema\Builder: Entity CPanCard
[2026-02-10 12:22:26] DEBUG: Schema\Builder: Entity CPassport
[2026-02-10 12:22:26] DEBUG: Schema\Builder: Entity CState
[2026-02-10 12:22:26] DEBUG: Schema\Builder: Entity CVoterIdCard
[2026-02-10 12:22:26] DEBUG: Schema\Builder: Entity CWorkRole
[2026-02-10 12:22:26] DEBUG: Schema\Builder: ManyMany for Email.emailAccounts
[2026-02-10 12:22:26] DEBUG: Schema\Builder: ManyMany for Email.inboundEmails
[2026-02-10 12:22:26] DEBUG: Schema\Builder: ManyMany for Email.replyToEmailAddresses
[2026-02-10 12:22:26] DEBUG: Schema\Builder: ManyMany for Email.users
[2026-02-10 12:22:26] DEBUG: Schema\Builder: ManyMany for Email.assignedUsers
[2026-02-10 12:22:26] DEBUG: Schema\Builder: ManyMany for Email.teams
[2026-02-10 12:22:26] DEBUG: Schema\Builder: ManyMany for GroupEmailFolder.teams
[2026-02-10 12:22:26] DEBUG: Schema\Builder: ManyMany for InboundEmail.teams
[2026-02-10 12:22:26] DEBUG: Schema\Builder: ManyMany for Note.users
[2026-02-10 12:22:26] DEBUG: Schema\Builder: ManyMany for Note.portals
[2026-02-10 12:22:26] DEBUG: Schema\Builder: ManyMany for Note.teams
[2026-02-10 12:22:26] DEBUG: Schema\Builder: ManyMany for Portal.articles
[2026-02-10 12:22:26] DEBUG: Schema\Builder: ManyMany for Portal.portalRoles
[2026-02-10 12:22:26] DEBUG: Schema\Builder: ManyMany for Portal.users
[2026-02-10 12:22:26] DEBUG: Schema\Builder: ManyMany for PortalRole.users
[2026-02-10 12:22:26] DEBUG: Schema\Builder: ManyMany for Role.teams
[2026-02-10 12:22:26] DEBUG: Schema\Builder: ManyMany for Role.users
[2026-02-10 12:22:26] DEBUG: Schema\Builder: ManyMany for Team.users
[2026-02-10 12:22:26] DEBUG: Schema\Builder: ManyMany for User.emailAddresses
[2026-02-10 12:22:26] DEBUG: Schema\Builder: ManyMany for User.phoneNumbers
[2026-02-10 12:22:26] DEBUG: Schema\Builder: ManyMany for User.targetLists
[2026-02-10 12:22:26] DEBUG: Schema\Builder: ManyMany for User.accounts
[2026-02-10 12:22:26] DEBUG: Schema\Builder: ManyMany for User.calls
[2026-02-10 12:22:26] DEBUG: Schema\Builder: ManyMany for User.meetings
[2026-02-10 12:22:26] DEBUG: Schema\Builder: ManyMany for User.workingTimeRanges
[2026-02-10 12:22:26] DEBUG: Schema\Builder: ManyMany for WorkingTimeCalendar.ranges
[2026-02-10 12:22:26] DEBUG: Schema\Builder: ManyMany for Account.portalUsers
[2026-02-10 12:22:26] DEBUG: Schema\Builder: Table [account_portal_user] exists.
[2026-02-10 12:22:26] DEBUG: Schema\Builder: ManyMany for Account.targetLists
[2026-02-10 12:22:26] DEBUG: Schema\Builder: ManyMany for Account.documents
[2026-02-10 12:22:26] DEBUG: Schema\Builder: ManyMany for Account.contacts
[2026-02-10 12:22:26] DEBUG: Schema\Builder: ManyMany for Call.leads
[2026-02-10 12:22:26] DEBUG: Schema\Builder: ManyMany for Call.contacts
[2026-02-10 12:22:26] DEBUG: Schema\Builder: ManyMany for Campaign.excludingTargetLists
[2026-02-10 12:22:26] DEBUG: Schema\Builder: ManyMany for Campaign.targetLists
[2026-02-10 12:22:26] DEBUG: Schema\Builder: ManyMany for Case.articles
[2026-02-10 12:22:26] DEBUG: Schema\Builder: ManyMany for Case.contacts
[2026-02-10 12:22:26] DEBUG: Schema\Builder: ManyMany for Contact.documents
[2026-02-10 12:22:26] DEBUG: Schema\Builder: ManyMany for Contact.targetLists
[2026-02-10 12:22:26] DEBUG: Schema\Builder: ManyMany for Contact.meetings
[2026-02-10 12:22:26] DEBUG: Schema\Builder: ManyMany for Contact.opportunities
[2026-02-10 12:22:26] DEBUG: Schema\Builder: ManyMany for Document.leads
[2026-02-10 12:22:26] DEBUG: Schema\Builder: ManyMany for Document.opportunities
[2026-02-10 12:22:26] DEBUG: Schema\Builder: ManyMany for KnowledgeBaseArticle.categories
[2026-02-10 12:22:26] DEBUG: Schema\Builder: ManyMany for Lead.targetLists
[2026-02-10 12:22:26] DEBUG: Schema\Builder: ManyMany for Lead.meetings
[2026-02-10 12:22:26] DEBUG: Schema\Builder: ManyMany for MassEmail.excludingTargetLists
[2026-02-10 12:22:26] DEBUG: Schema\Builder: ManyMany for MassEmail.targetLists
[2026-02-10 12:22:26] DEBUG: Schema\Builder - End
[2026-02-10 12:23:03] DEBUG: Schema\Builder - Start
[2026-02-10 12:23:03] DEBUG: Schema\Builder: Rebuild for entity types: [CEmployee] with dependent entity types: [CEmployee, Attachment, User, EmailAddress, PhoneNumber, TargetList, Lead, Document, DocumentFolder, Team, GroupEmailFolder, Email, Task, Contact, CampaignLogRecord, EmailQueueItem, MassEmail, InboundEmail, EmailFilter, EmailFolder, EmailTemplate, EmailTemplateCategory, Campaign, Template, CampaignTrackingUrl, Opportunity, Call, Account, Meeting, Case, KnowledgeBaseArticle, KnowledgeBaseCategory, Portal, AuthenticationProvider, LayoutSet, LayoutRecord, Note, PortalRole, EmailAccount, WorkingTimeCalendar, WorkingTimeRange, Role, TargetListCategory, UserData, DashboardTemplate, CPassport, CPanCard, CVoterIdCard, CDrivingLicense, CADHAR, CDepartment, CEmployeeAddress, CCountry, CEmployeePastExperience, CWorkRole, CCity, CState, CBanks, CEmployeeBank, CEmployeeDocuments, CEmployeeContact, CContactType, CEmployeeDependent, CDependantRelation]
[2026-02-10 12:23:03] DEBUG: Schema\Builder: Entity Attachment
[2026-02-10 12:23:03] DEBUG: Schema\Builder: Entity AuthenticationProvider
[2026-02-10 12:23:03] DEBUG: Schema\Builder: Entity DashboardTemplate
[2026-02-10 12:23:03] DEBUG: Schema\Builder: Entity Email
[2026-02-10 12:23:03] DEBUG: Schema\Builder: Entity EmailAccount
[2026-02-10 12:23:03] DEBUG: Schema\Builder: Entity EmailAddress
[2026-02-10 12:23:03] DEBUG: Schema\Builder: Entity EmailFilter
[2026-02-10 12:23:03] DEBUG: Schema\Builder: Entity EmailFolder
[2026-02-10 12:23:03] DEBUG: Schema\Builder: Entity EmailTemplate
[2026-02-10 12:23:03] DEBUG: Schema\Builder: Entity EmailTemplateCategory
[2026-02-10 12:23:03] DEBUG: Schema\Builder: Entity GroupEmailFolder
[2026-02-10 12:23:03] DEBUG: Schema\Builder: Entity InboundEmail
[2026-02-10 12:23:03] DEBUG: Schema\Builder: Entity LayoutRecord
[2026-02-10 12:23:03] DEBUG: Schema\Builder: Entity LayoutSet
[2026-02-10 12:23:03] DEBUG: Schema\Builder: Entity Note
[2026-02-10 12:23:03] DEBUG: Schema\Builder: Entity PhoneNumber
[2026-02-10 12:23:03] DEBUG: Schema\Builder: Entity Portal
[2026-02-10 12:23:03] DEBUG: Schema\Builder: Entity PortalRole
[2026-02-10 12:23:03] DEBUG: Schema\Builder: Entity Role
[2026-02-10 12:23:03] DEBUG: Schema\Builder: Entity Team
[2026-02-10 12:23:03] DEBUG: Schema\Builder: Entity Template
[2026-02-10 12:23:03] DEBUG: Schema\Builder: Entity User
[2026-02-10 12:23:03] DEBUG: Schema\Builder: Entity UserData
[2026-02-10 12:23:03] DEBUG: Schema\Builder: Entity WorkingTimeCalendar
[2026-02-10 12:23:03] DEBUG: Schema\Builder: Entity WorkingTimeRange
[2026-02-10 12:23:03] DEBUG: Schema\Builder: Entity Account
[2026-02-10 12:23:03] DEBUG: Schema\Builder: Entity Call
[2026-02-10 12:23:03] DEBUG: Schema\Builder: Entity Campaign
[2026-02-10 12:23:03] DEBUG: Schema\Builder: Entity CampaignLogRecord
[2026-02-10 12:23:03] DEBUG: Schema\Builder: Entity CampaignTrackingUrl
[2026-02-10 12:23:03] DEBUG: Schema\Builder: Entity Case
[2026-02-10 12:23:03] DEBUG: Schema\Builder: Entity Contact
[2026-02-10 12:23:03] DEBUG: Schema\Builder: Entity Document
[2026-02-10 12:23:03] DEBUG: Schema\Builder: Entity DocumentFolder
[2026-02-10 12:23:03] DEBUG: Schema\Builder: Entity EmailQueueItem
[2026-02-10 12:23:03] DEBUG: Schema\Builder: Entity KnowledgeBaseArticle
[2026-02-10 12:23:03] DEBUG: Schema\Builder: Entity KnowledgeBaseCategory
[2026-02-10 12:23:03] DEBUG: Schema\Builder: Entity Lead
[2026-02-10 12:23:03] DEBUG: Schema\Builder: Entity MassEmail
[2026-02-10 12:23:03] DEBUG: Schema\Builder: Entity Meeting
[2026-02-10 12:23:03] DEBUG: Schema\Builder: Entity Opportunity
[2026-02-10 12:23:03] DEBUG: Schema\Builder: Entity TargetList
[2026-02-10 12:23:03] DEBUG: Schema\Builder: Entity TargetListCategory
[2026-02-10 12:23:03] DEBUG: Schema\Builder: Entity Task
[2026-02-10 12:23:03] DEBUG: Schema\Builder: Entity CADHAR
[2026-02-10 12:23:03] DEBUG: Schema\Builder: Entity CBanks
[2026-02-10 12:23:03] DEBUG: Schema\Builder: Entity CCity
[2026-02-10 12:23:03] DEBUG: Schema\Builder: Entity CContactType
[2026-02-10 12:23:03] DEBUG: Schema\Builder: Entity CCountry
[2026-02-10 12:23:03] DEBUG: Schema\Builder: Entity CDepartment
[2026-02-10 12:23:03] DEBUG: Schema\Builder: Entity CDependantRelation
[2026-02-10 12:23:03] DEBUG: Schema\Builder: Entity CDrivingLicense
[2026-02-10 12:23:03] DEBUG: Schema\Builder: Entity CEmployee
[2026-02-10 12:23:03] DEBUG: Schema\Builder: Entity CEmployeeAddress
[2026-02-10 12:23:03] DEBUG: Schema\Builder: Entity CEmployeeBank
[2026-02-10 12:23:03] DEBUG: Schema\Builder: Entity CEmployeeContact
[2026-02-10 12:23:03] DEBUG: Schema\Builder: Entity CEmployeeDependent
[2026-02-10 12:23:03] DEBUG: Schema\Builder: Entity CEmployeeDocuments
[2026-02-10 12:23:03] DEBUG: Schema\Builder: Entity CEmployeePastExperience
[2026-02-10 12:23:03] DEBUG: Schema\Builder: Entity CPanCard
[2026-02-10 12:23:03] DEBUG: Schema\Builder: Entity CPassport
[2026-02-10 12:23:03] DEBUG: Schema\Builder: Entity CState
[2026-02-10 12:23:03] DEBUG: Schema\Builder: Entity CVoterIdCard
[2026-02-10 12:23:03] DEBUG: Schema\Builder: Entity CWorkRole
[2026-02-10 12:23:03] DEBUG: Schema\Builder: ManyMany for Email.emailAccounts
[2026-02-10 12:23:03] DEBUG: Schema\Builder: ManyMany for Email.inboundEmails
[2026-02-10 12:23:03] DEBUG: Schema\Builder: ManyMany for Email.replyToEmailAddresses
[2026-02-10 12:23:03] DEBUG: Schema\Builder: ManyMany for Email.users
[2026-02-10 12:23:03] DEBUG: Schema\Builder: ManyMany for Email.assignedUsers
[2026-02-10 12:23:03] DEBUG: Schema\Builder: ManyMany for Email.teams
[2026-02-10 12:23:03] DEBUG: Schema\Builder: ManyMany for GroupEmailFolder.teams
[2026-02-10 12:23:03] DEBUG: Schema\Builder: ManyMany for InboundEmail.teams
[2026-02-10 12:23:03] DEBUG: Schema\Builder: ManyMany for Note.users
[2026-02-10 12:23:03] DEBUG: Schema\Builder: ManyMany for Note.portals
[2026-02-10 12:23:03] DEBUG: Schema\Builder: ManyMany for Note.teams
[2026-02-10 12:23:03] DEBUG: Schema\Builder: ManyMany for Portal.articles
[2026-02-10 12:23:03] DEBUG: Schema\Builder: ManyMany for Portal.portalRoles
[2026-02-10 12:23:03] DEBUG: Schema\Builder: ManyMany for Portal.users
[2026-02-10 12:23:03] DEBUG: Schema\Builder: ManyMany for PortalRole.users
[2026-02-10 12:23:03] DEBUG: Schema\Builder: ManyMany for Role.teams
[2026-02-10 12:23:03] DEBUG: Schema\Builder: ManyMany for Role.users
[2026-02-10 12:23:03] DEBUG: Schema\Builder: ManyMany for Team.users
[2026-02-10 12:23:03] DEBUG: Schema\Builder: ManyMany for User.emailAddresses
[2026-02-10 12:23:03] DEBUG: Schema\Builder: ManyMany for User.phoneNumbers
[2026-02-10 12:23:03] DEBUG: Schema\Builder: ManyMany for User.targetLists
[2026-02-10 12:23:03] DEBUG: Schema\Builder: ManyMany for User.accounts
[2026-02-10 12:23:03] DEBUG: Schema\Builder: ManyMany for User.calls
[2026-02-10 12:23:03] DEBUG: Schema\Builder: ManyMany for User.meetings
[2026-02-10 12:23:03] DEBUG: Schema\Builder: ManyMany for User.workingTimeRanges
[2026-02-10 12:23:03] DEBUG: Schema\Builder: ManyMany for WorkingTimeCalendar.ranges
[2026-02-10 12:23:03] DEBUG: Schema\Builder: ManyMany for Account.portalUsers
[2026-02-10 12:23:03] DEBUG: Schema\Builder: Table [account_portal_user] exists.
[2026-02-10 12:23:03] DEBUG: Schema\Builder: ManyMany for Account.targetLists
[2026-02-10 12:23:03] DEBUG: Schema\Builder: ManyMany for Account.documents
[2026-02-10 12:23:03] DEBUG: Schema\Builder: ManyMany for Account.contacts
[2026-02-10 12:23:03] DEBUG: Schema\Builder: ManyMany for Call.leads
[2026-02-10 12:23:03] DEBUG: Schema\Builder: ManyMany for Call.contacts
[2026-02-10 12:23:03] DEBUG: Schema\Builder: ManyMany for Campaign.excludingTargetLists
[2026-02-10 12:23:03] DEBUG: Schema\Builder: ManyMany for Campaign.targetLists
[2026-02-10 12:23:03] DEBUG: Schema\Builder: ManyMany for Case.articles
[2026-02-10 12:23:03] DEBUG: Schema\Builder: ManyMany for Case.contacts
[2026-02-10 12:23:03] DEBUG: Schema\Builder: ManyMany for Contact.documents
[2026-02-10 12:23:03] DEBUG: Schema\Builder: ManyMany for Contact.targetLists
[2026-02-10 12:23:03] DEBUG: Schema\Builder: ManyMany for Contact.meetings
[2026-02-10 12:23:03] DEBUG: Schema\Builder: ManyMany for Contact.opportunities
[2026-02-10 12:23:03] DEBUG: Schema\Builder: ManyMany for Document.leads
[2026-02-10 12:23:03] DEBUG: Schema\Builder: ManyMany for Document.opportunities
[2026-02-10 12:23:03] DEBUG: Schema\Builder: ManyMany for KnowledgeBaseArticle.categories
[2026-02-10 12:23:03] DEBUG: Schema\Builder: ManyMany for Lead.targetLists
[2026-02-10 12:23:03] DEBUG: Schema\Builder: ManyMany for Lead.meetings
[2026-02-10 12:23:03] DEBUG: Schema\Builder: ManyMany for MassEmail.excludingTargetLists
[2026-02-10 12:23:03] DEBUG: Schema\Builder: ManyMany for MassEmail.targetLists
[2026-02-10 12:23:03] DEBUG: Schema\Builder - End
[2026-02-10 12:23:53] DEBUG: Schema\Builder - Start
[2026-02-10 12:23:53] DEBUG: Schema\Builder: Rebuild for entity types: [CEmployee] with dependent entity types: [CEmployee, Attachment, User, EmailAddress, PhoneNumber, TargetList, Lead, Document, DocumentFolder, Team, GroupEmailFolder, Email, Task, Contact, CampaignLogRecord, EmailQueueItem, MassEmail, InboundEmail, EmailFilter, EmailFolder, EmailTemplate, EmailTemplateCategory, Campaign, Template, CampaignTrackingUrl, Opportunity, Call, Account, Meeting, Case, KnowledgeBaseArticle, KnowledgeBaseCategory, Portal, AuthenticationProvider, LayoutSet, LayoutRecord, Note, PortalRole, EmailAccount, WorkingTimeCalendar, WorkingTimeRange, Role, TargetListCategory, UserData, DashboardTemplate, CPassport, CPanCard, CVoterIdCard, CDrivingLicense, CADHAR, CDepartment, CEmployeeAddress, CCountry, CEmployeePastExperience, CWorkRole, CCity, CState, CBanks, CEmployeeBank, CEmployeeDocuments, CEmployeeContact, CContactType, CEmployeeDependent, CDependantRelation]
[2026-02-10 12:23:53] DEBUG: Schema\Builder: Entity Attachment
[2026-02-10 12:23:53] DEBUG: Schema\Builder: Entity AuthenticationProvider
[2026-02-10 12:23:53] DEBUG: Schema\Builder: Entity DashboardTemplate
[2026-02-10 12:23:53] DEBUG: Schema\Builder: Entity Email
[2026-02-10 12:23:53] DEBUG: Schema\Builder: Entity EmailAccount
[2026-02-10 12:23:53] DEBUG: Schema\Builder: Entity EmailAddress
[2026-02-10 12:23:53] DEBUG: Schema\Builder: Entity EmailFilter
[2026-02-10 12:23:53] DEBUG: Schema\Builder: Entity EmailFolder
[2026-02-10 12:23:53] DEBUG: Schema\Builder: Entity EmailTemplate
[2026-02-10 12:23:53] DEBUG: Schema\Builder: Entity EmailTemplateCategory
[2026-02-10 12:23:53] DEBUG: Schema\Builder: Entity GroupEmailFolder
[2026-02-10 12:23:53] DEBUG: Schema\Builder: Entity InboundEmail
[2026-02-10 12:23:53] DEBUG: Schema\Builder: Entity LayoutRecord
[2026-02-10 12:23:53] DEBUG: Schema\Builder: Entity LayoutSet
[2026-02-10 12:23:53] DEBUG: Schema\Builder: Entity Note
[2026-02-10 12:23:53] DEBUG: Schema\Builder: Entity PhoneNumber
[2026-02-10 12:23:53] DEBUG: Schema\Builder: Entity Portal
[2026-02-10 12:23:53] DEBUG: Schema\Builder: Entity PortalRole
[2026-02-10 12:23:53] DEBUG: Schema\Builder: Entity Role
[2026-02-10 12:23:53] DEBUG: Schema\Builder: Entity Team
[2026-02-10 12:23:53] DEBUG: Schema\Builder: Entity Template
[2026-02-10 12:23:53] DEBUG: Schema\Builder: Entity User
[2026-02-10 12:23:53] DEBUG: Schema\Builder: Entity UserData
[2026-02-10 12:23:53] DEBUG: Schema\Builder: Entity WorkingTimeCalendar
[2026-02-10 12:23:53] DEBUG: Schema\Builder: Entity WorkingTimeRange
[2026-02-10 12:23:53] DEBUG: Schema\Builder: Entity Account
[2026-02-10 12:23:53] DEBUG: Schema\Builder: Entity Call
[2026-02-10 12:23:53] DEBUG: Schema\Builder: Entity Campaign
[2026-02-10 12:23:53] DEBUG: Schema\Builder: Entity CampaignLogRecord
[2026-02-10 12:23:53] DEBUG: Schema\Builder: Entity CampaignTrackingUrl
[2026-02-10 12:23:53] DEBUG: Schema\Builder: Entity Case
[2026-02-10 12:23:53] DEBUG: Schema\Builder: Entity Contact
[2026-02-10 12:23:53] DEBUG: Schema\Builder: Entity Document
[2026-02-10 12:23:53] DEBUG: Schema\Builder: Entity DocumentFolder
[2026-02-10 12:23:53] DEBUG: Schema\Builder: Entity EmailQueueItem
[2026-02-10 12:23:53] DEBUG: Schema\Builder: Entity KnowledgeBaseArticle
[2026-02-10 12:23:53] DEBUG: Schema\Builder: Entity KnowledgeBaseCategory
[2026-02-10 12:23:53] DEBUG: Schema\Builder: Entity Lead
[2026-02-10 12:23:53] DEBUG: Schema\Builder: Entity MassEmail
[2026-02-10 12:23:53] DEBUG: Schema\Builder: Entity Meeting
[2026-02-10 12:23:53] DEBUG: Schema\Builder: Entity Opportunity
[2026-02-10 12:23:53] DEBUG: Schema\Builder: Entity TargetList
[2026-02-10 12:23:53] DEBUG: Schema\Builder: Entity TargetListCategory
[2026-02-10 12:23:53] DEBUG: Schema\Builder: Entity Task
[2026-02-10 12:23:53] DEBUG: Schema\Builder: Entity CADHAR
[2026-02-10 12:23:53] DEBUG: Schema\Builder: Entity CBanks
[2026-02-10 12:23:53] DEBUG: Schema\Builder: Entity CCity
[2026-02-10 12:23:53] DEBUG: Schema\Builder: Entity CContactType
[2026-02-10 12:23:53] DEBUG: Schema\Builder: Entity CCountry
[2026-02-10 12:23:53] DEBUG: Schema\Builder: Entity CDepartment
[2026-02-10 12:23:53] DEBUG: Schema\Builder: Entity CDependantRelation
[2026-02-10 12:23:53] DEBUG: Schema\Builder: Entity CDrivingLicense
[2026-02-10 12:23:53] DEBUG: Schema\Builder: Entity CEmployee
[2026-02-10 12:23:53] DEBUG: Schema\Builder: Entity CEmployeeAddress
[2026-02-10 12:23:53] DEBUG: Schema\Builder: Entity CEmployeeBank
[2026-02-10 12:23:53] DEBUG: Schema\Builder: Entity CEmployeeContact
[2026-02-10 12:23:53] DEBUG: Schema\Builder: Entity CEmployeeDependent
[2026-02-10 12:23:53] DEBUG: Schema\Builder: Entity CEmployeeDocuments
[2026-02-10 12:23:53] DEBUG: Schema\Builder: Entity CEmployeePastExperience
[2026-02-10 12:23:53] DEBUG: Schema\Builder: Entity CPanCard
[2026-02-10 12:23:53] DEBUG: Schema\Builder: Entity CPassport
[2026-02-10 12:23:53] DEBUG: Schema\Builder: Entity CState
[2026-02-10 12:23:53] DEBUG: Schema\Builder: Entity CVoterIdCard
[2026-02-10 12:23:53] DEBUG: Schema\Builder: Entity CWorkRole
[2026-02-10 12:23:53] DEBUG: Schema\Builder: ManyMany for Email.emailAccounts
[2026-02-10 12:23:53] DEBUG: Schema\Builder: ManyMany for Email.inboundEmails
[2026-02-10 12:23:53] DEBUG: Schema\Builder: ManyMany for Email.replyToEmailAddresses
[2026-02-10 12:23:53] DEBUG: Schema\Builder: ManyMany for Email.users
[2026-02-10 12:23:53] DEBUG: Schema\Builder: ManyMany for Email.assignedUsers
[2026-02-10 12:23:53] DEBUG: Schema\Builder: ManyMany for Email.teams
[2026-02-10 12:23:53] DEBUG: Schema\Builder: ManyMany for GroupEmailFolder.teams
[2026-02-10 12:23:53] DEBUG: Schema\Builder: ManyMany for InboundEmail.teams
[2026-02-10 12:23:53] DEBUG: Schema\Builder: ManyMany for Note.users
[2026-02-10 12:23:53] DEBUG: Schema\Builder: ManyMany for Note.portals
[2026-02-10 12:23:53] DEBUG: Schema\Builder: ManyMany for Note.teams
[2026-02-10 12:23:53] DEBUG: Schema\Builder: ManyMany for Portal.articles
[2026-02-10 12:23:53] DEBUG: Schema\Builder: ManyMany for Portal.portalRoles
[2026-02-10 12:23:53] DEBUG: Schema\Builder: ManyMany for Portal.users
[2026-02-10 12:23:53] DEBUG: Schema\Builder: ManyMany for PortalRole.users
[2026-02-10 12:23:53] DEBUG: Schema\Builder: ManyMany for Role.teams
[2026-02-10 12:23:53] DEBUG: Schema\Builder: ManyMany for Role.users
[2026-02-10 12:23:53] DEBUG: Schema\Builder: ManyMany for Team.users
[2026-02-10 12:23:53] DEBUG: Schema\Builder: ManyMany for User.emailAddresses
[2026-02-10 12:23:53] DEBUG: Schema\Builder: ManyMany for User.phoneNumbers
[2026-02-10 12:23:53] DEBUG: Schema\Builder: ManyMany for User.targetLists
[2026-02-10 12:23:53] DEBUG: Schema\Builder: ManyMany for User.accounts
[2026-02-10 12:23:53] DEBUG: Schema\Builder: ManyMany for User.calls
[2026-02-10 12:23:53] DEBUG: Schema\Builder: ManyMany for User.meetings
[2026-02-10 12:23:53] DEBUG: Schema\Builder: ManyMany for User.workingTimeRanges
[2026-02-10 12:23:53] DEBUG: Schema\Builder: ManyMany for WorkingTimeCalendar.ranges
[2026-02-10 12:23:53] DEBUG: Schema\Builder: ManyMany for Account.portalUsers
[2026-02-10 12:23:53] DEBUG: Schema\Builder: Table [account_portal_user] exists.
[2026-02-10 12:23:53] DEBUG: Schema\Builder: ManyMany for Account.targetLists
[2026-02-10 12:23:53] DEBUG: Schema\Builder: ManyMany for Account.documents
[2026-02-10 12:23:53] DEBUG: Schema\Builder: ManyMany for Account.contacts
[2026-02-10 12:23:53] DEBUG: Schema\Builder: ManyMany for Call.leads
[2026-02-10 12:23:53] DEBUG: Schema\Builder: ManyMany for Call.contacts
[2026-02-10 12:23:53] DEBUG: Schema\Builder: ManyMany for Campaign.excludingTargetLists
[2026-02-10 12:23:53] DEBUG: Schema\Builder: ManyMany for Campaign.targetLists
[2026-02-10 12:23:53] DEBUG: Schema\Builder: ManyMany for Case.articles
[2026-02-10 12:23:53] DEBUG: Schema\Builder: ManyMany for Case.contacts
[2026-02-10 12:23:53] DEBUG: Schema\Builder: ManyMany for Contact.documents
[2026-02-10 12:23:53] DEBUG: Schema\Builder: ManyMany for Contact.targetLists
[2026-02-10 12:23:53] DEBUG: Schema\Builder: ManyMany for Contact.meetings
[2026-02-10 12:23:53] DEBUG: Schema\Builder: ManyMany for Contact.opportunities
[2026-02-10 12:23:53] DEBUG: Schema\Builder: ManyMany for Document.leads
[2026-02-10 12:23:53] DEBUG: Schema\Builder: ManyMany for Document.opportunities
[2026-02-10 12:23:53] DEBUG: Schema\Builder: ManyMany for KnowledgeBaseArticle.categories
[2026-02-10 12:23:53] DEBUG: Schema\Builder: ManyMany for Lead.targetLists
[2026-02-10 12:23:53] DEBUG: Schema\Builder: ManyMany for Lead.meetings
[2026-02-10 12:23:53] DEBUG: Schema\Builder: ManyMany for MassEmail.excludingTargetLists
[2026-02-10 12:23:53] DEBUG: Schema\Builder: ManyMany for MassEmail.targetLists
[2026-02-10 12:23:53] DEBUG: Schema\Builder - End
[2026-02-10 12:24:27] DEBUG: Schema\Builder - Start
[2026-02-10 12:24:27] DEBUG: Schema\Builder: Rebuild for entity types: [CEmployee] with dependent entity types: [CEmployee, Attachment, User, EmailAddress, PhoneNumber, TargetList, Lead, Document, DocumentFolder, Team, GroupEmailFolder, Email, Task, Contact, CampaignLogRecord, EmailQueueItem, MassEmail, InboundEmail, EmailFilter, EmailFolder, EmailTemplate, EmailTemplateCategory, Campaign, Template, CampaignTrackingUrl, Opportunity, Call, Account, Meeting, Case, KnowledgeBaseArticle, KnowledgeBaseCategory, Portal, AuthenticationProvider, LayoutSet, LayoutRecord, Note, PortalRole, EmailAccount, WorkingTimeCalendar, WorkingTimeRange, Role, TargetListCategory, UserData, DashboardTemplate, CPassport, CPanCard, CVoterIdCard, CDrivingLicense, CADHAR, CDepartment, CEmployeeAddress, CCountry, CEmployeePastExperience, CWorkRole, CCity, CState, CBanks, CEmployeeBank, CEmployeeDocuments, CEmployeeContact, CContactType, CEmployeeDependent, CDependantRelation]
[2026-02-10 12:24:27] DEBUG: Schema\Builder: Entity Attachment
[2026-02-10 12:24:27] DEBUG: Schema\Builder: Entity AuthenticationProvider
[2026-02-10 12:24:27] DEBUG: Schema\Builder: Entity DashboardTemplate
[2026-02-10 12:24:27] DEBUG: Schema\Builder: Entity Email
[2026-02-10 12:24:27] DEBUG: Schema\Builder: Entity EmailAccount
[2026-02-10 12:24:27] DEBUG: Schema\Builder: Entity EmailAddress
[2026-02-10 12:24:27] DEBUG: Schema\Builder: Entity EmailFilter
[2026-02-10 12:24:27] DEBUG: Schema\Builder: Entity EmailFolder
[2026-02-10 12:24:27] DEBUG: Schema\Builder: Entity EmailTemplate
[2026-02-10 12:24:27] DEBUG: Schema\Builder: Entity EmailTemplateCategory
[2026-02-10 12:24:27] DEBUG: Schema\Builder: Entity GroupEmailFolder
[2026-02-10 12:24:27] DEBUG: Schema\Builder: Entity InboundEmail
[2026-02-10 12:24:27] DEBUG: Schema\Builder: Entity LayoutRecord
[2026-02-10 12:24:27] DEBUG: Schema\Builder: Entity LayoutSet
[2026-02-10 12:24:27] DEBUG: Schema\Builder: Entity Note
[2026-02-10 12:24:27] DEBUG: Schema\Builder: Entity PhoneNumber
[2026-02-10 12:24:27] DEBUG: Schema\Builder: Entity Portal
[2026-02-10 12:24:27] DEBUG: Schema\Builder: Entity PortalRole
[2026-02-10 12:24:27] DEBUG: Schema\Builder: Entity Role
[2026-02-10 12:24:27] DEBUG: Schema\Builder: Entity Team
[2026-02-10 12:24:27] DEBUG: Schema\Builder: Entity Template
[2026-02-10 12:24:27] DEBUG: Schema\Builder: Entity User
[2026-02-10 12:24:27] DEBUG: Schema\Builder: Entity UserData
[2026-02-10 12:24:27] DEBUG: Schema\Builder: Entity WorkingTimeCalendar
[2026-02-10 12:24:27] DEBUG: Schema\Builder: Entity WorkingTimeRange
[2026-02-10 12:24:27] DEBUG: Schema\Builder: Entity Account
[2026-02-10 12:24:27] DEBUG: Schema\Builder: Entity Call
[2026-02-10 12:24:27] DEBUG: Schema\Builder: Entity Campaign
[2026-02-10 12:24:27] DEBUG: Schema\Builder: Entity CampaignLogRecord
[2026-02-10 12:24:27] DEBUG: Schema\Builder: Entity CampaignTrackingUrl
[2026-02-10 12:24:27] DEBUG: Schema\Builder: Entity Case
[2026-02-10 12:24:27] DEBUG: Schema\Builder: Entity Contact
[2026-02-10 12:24:27] DEBUG: Schema\Builder: Entity Document
[2026-02-10 12:24:27] DEBUG: Schema\Builder: Entity DocumentFolder
[2026-02-10 12:24:27] DEBUG: Schema\Builder: Entity EmailQueueItem
[2026-02-10 12:24:27] DEBUG: Schema\Builder: Entity KnowledgeBaseArticle
[2026-02-10 12:24:27] DEBUG: Schema\Builder: Entity KnowledgeBaseCategory
[2026-02-10 12:24:27] DEBUG: Schema\Builder: Entity Lead
[2026-02-10 12:24:27] DEBUG: Schema\Builder: Entity MassEmail
[2026-02-10 12:24:27] DEBUG: Schema\Builder: Entity Meeting
[2026-02-10 12:24:27] DEBUG: Schema\Builder: Entity Opportunity
[2026-02-10 12:24:27] DEBUG: Schema\Builder: Entity TargetList
[2026-02-10 12:24:27] DEBUG: Schema\Builder: Entity TargetListCategory
[2026-02-10 12:24:27] DEBUG: Schema\Builder: Entity Task
[2026-02-10 12:24:27] DEBUG: Schema\Builder: Entity CADHAR
[2026-02-10 12:24:27] DEBUG: Schema\Builder: Entity CBanks
[2026-02-10 12:24:27] DEBUG: Schema\Builder: Entity CCity
[2026-02-10 12:24:27] DEBUG: Schema\Builder: Entity CContactType
[2026-02-10 12:24:27] DEBUG: Schema\Builder: Entity CCountry
[2026-02-10 12:24:27] DEBUG: Schema\Builder: Entity CDepartment
[2026-02-10 12:24:27] DEBUG: Schema\Builder: Entity CDependantRelation
[2026-02-10 12:24:27] DEBUG: Schema\Builder: Entity CDrivingLicense
[2026-02-10 12:24:27] DEBUG: Schema\Builder: Entity CEmployee
[2026-02-10 12:24:27] DEBUG: Schema\Builder: Entity CEmployeeAddress
[2026-02-10 12:24:27] DEBUG: Schema\Builder: Entity CEmployeeBank
[2026-02-10 12:24:27] DEBUG: Schema\Builder: Entity CEmployeeContact
[2026-02-10 12:24:27] DEBUG: Schema\Builder: Entity CEmployeeDependent
[2026-02-10 12:24:27] DEBUG: Schema\Builder: Entity CEmployeeDocuments
[2026-02-10 12:24:27] DEBUG: Schema\Builder: Entity CEmployeePastExperience
[2026-02-10 12:24:27] DEBUG: Schema\Builder: Entity CPanCard
[2026-02-10 12:24:27] DEBUG: Schema\Builder: Entity CPassport
[2026-02-10 12:24:27] DEBUG: Schema\Builder: Entity CState
[2026-02-10 12:24:27] DEBUG: Schema\Builder: Entity CVoterIdCard
[2026-02-10 12:24:27] DEBUG: Schema\Builder: Entity CWorkRole
[2026-02-10 12:24:27] DEBUG: Schema\Builder: ManyMany for Email.emailAccounts
[2026-02-10 12:24:27] DEBUG: Schema\Builder: ManyMany for Email.inboundEmails
[2026-02-10 12:24:27] DEBUG: Schema\Builder: ManyMany for Email.replyToEmailAddresses
[2026-02-10 12:24:27] DEBUG: Schema\Builder: ManyMany for Email.users
[2026-02-10 12:24:27] DEBUG: Schema\Builder: ManyMany for Email.assignedUsers
[2026-02-10 12:24:27] DEBUG: Schema\Builder: ManyMany for Email.teams
[2026-02-10 12:24:27] DEBUG: Schema\Builder: ManyMany for GroupEmailFolder.teams
[2026-02-10 12:24:27] DEBUG: Schema\Builder: ManyMany for InboundEmail.teams
[2026-02-10 12:24:27] DEBUG: Schema\Builder: ManyMany for Note.users
[2026-02-10 12:24:27] DEBUG: Schema\Builder: ManyMany for Note.portals
[2026-02-10 12:24:27] DEBUG: Schema\Builder: ManyMany for Note.teams
[2026-02-10 12:24:27] DEBUG: Schema\Builder: ManyMany for Portal.articles
[2026-02-10 12:24:27] DEBUG: Schema\Builder: ManyMany for Portal.portalRoles
[2026-02-10 12:24:27] DEBUG: Schema\Builder: ManyMany for Portal.users
[2026-02-10 12:24:27] DEBUG: Schema\Builder: ManyMany for PortalRole.users
[2026-02-10 12:24:27] DEBUG: Schema\Builder: ManyMany for Role.teams
[2026-02-10 12:24:27] DEBUG: Schema\Builder: ManyMany for Role.users
[2026-02-10 12:24:27] DEBUG: Schema\Builder: ManyMany for Team.users
[2026-02-10 12:24:27] DEBUG: Schema\Builder: ManyMany for User.emailAddresses
[2026-02-10 12:24:27] DEBUG: Schema\Builder: ManyMany for User.phoneNumbers
[2026-02-10 12:24:27] DEBUG: Schema\Builder: ManyMany for User.targetLists
[2026-02-10 12:24:27] DEBUG: Schema\Builder: ManyMany for User.accounts
[2026-02-10 12:24:27] DEBUG: Schema\Builder: ManyMany for User.calls
[2026-02-10 12:24:27] DEBUG: Schema\Builder: ManyMany for User.meetings
[2026-02-10 12:24:27] DEBUG: Schema\Builder: ManyMany for User.workingTimeRanges
[2026-02-10 12:24:27] DEBUG: Schema\Builder: ManyMany for WorkingTimeCalendar.ranges
[2026-02-10 12:24:27] DEBUG: Schema\Builder: ManyMany for Account.portalUsers
[2026-02-10 12:24:27] DEBUG: Schema\Builder: Table [account_portal_user] exists.
[2026-02-10 12:24:27] DEBUG: Schema\Builder: ManyMany for Account.targetLists
[2026-02-10 12:24:27] DEBUG: Schema\Builder: ManyMany for Account.documents
[2026-02-10 12:24:27] DEBUG: Schema\Builder: ManyMany for Account.contacts
[2026-02-10 12:24:27] DEBUG: Schema\Builder: ManyMany for Call.leads
[2026-02-10 12:24:27] DEBUG: Schema\Builder: ManyMany for Call.contacts
[2026-02-10 12:24:27] DEBUG: Schema\Builder: ManyMany for Campaign.excludingTargetLists
[2026-02-10 12:24:27] DEBUG: Schema\Builder: ManyMany for Campaign.targetLists
[2026-02-10 12:24:27] DEBUG: Schema\Builder: ManyMany for Case.articles
[2026-02-10 12:24:27] DEBUG: Schema\Builder: ManyMany for Case.contacts
[2026-02-10 12:24:27] DEBUG: Schema\Builder: ManyMany for Contact.documents
[2026-02-10 12:24:27] DEBUG: Schema\Builder: ManyMany for Contact.targetLists
[2026-02-10 12:24:27] DEBUG: Schema\Builder: ManyMany for Contact.meetings
[2026-02-10 12:24:27] DEBUG: Schema\Builder: ManyMany for Contact.opportunities
[2026-02-10 12:24:27] DEBUG: Schema\Builder: ManyMany for Document.leads
[2026-02-10 12:24:27] DEBUG: Schema\Builder: ManyMany for Document.opportunities
[2026-02-10 12:24:27] DEBUG: Schema\Builder: ManyMany for KnowledgeBaseArticle.categories
[2026-02-10 12:24:27] DEBUG: Schema\Builder: ManyMany for Lead.targetLists
[2026-02-10 12:24:27] DEBUG: Schema\Builder: ManyMany for Lead.meetings
[2026-02-10 12:24:27] DEBUG: Schema\Builder: ManyMany for MassEmail.excludingTargetLists
[2026-02-10 12:24:27] DEBUG: Schema\Builder: ManyMany for MassEmail.targetLists
[2026-02-10 12:24:27] DEBUG: Schema\Builder - End
[2026-02-10 12:24:58] DEBUG: Schema\Builder - Start
[2026-02-10 12:24:58] DEBUG: Schema\Builder: Rebuild for entity types: [CEmployee] with dependent entity types: [CEmployee, Attachment, User, EmailAddress, PhoneNumber, TargetList, Lead, Document, DocumentFolder, Team, GroupEmailFolder, Email, Task, Contact, CampaignLogRecord, EmailQueueItem, MassEmail, InboundEmail, EmailFilter, EmailFolder, EmailTemplate, EmailTemplateCategory, Campaign, Template, CampaignTrackingUrl, Opportunity, Call, Account, Meeting, Case, KnowledgeBaseArticle, KnowledgeBaseCategory, Portal, AuthenticationProvider, LayoutSet, LayoutRecord, Note, PortalRole, EmailAccount, WorkingTimeCalendar, WorkingTimeRange, Role, TargetListCategory, UserData, DashboardTemplate, CPassport, CPanCard, CVoterIdCard, CDrivingLicense, CADHAR, CDepartment, CEmployeeAddress, CCountry, CEmployeePastExperience, CWorkRole, CCity, CState, CBanks, CEmployeeBank, CEmployeeDocuments, CEmployeeContact, CContactType, CEmployeeDependent, CDependantRelation]
[2026-02-10 12:24:58] DEBUG: Schema\Builder: Entity Attachment
[2026-02-10 12:24:58] DEBUG: Schema\Builder: Entity AuthenticationProvider
[2026-02-10 12:24:58] DEBUG: Schema\Builder: Entity DashboardTemplate
[2026-02-10 12:24:58] DEBUG: Schema\Builder: Entity Email
[2026-02-10 12:24:58] DEBUG: Schema\Builder: Entity EmailAccount
[2026-02-10 12:24:58] DEBUG: Schema\Builder: Entity EmailAddress
[2026-02-10 12:24:58] DEBUG: Schema\Builder: Entity EmailFilter
[2026-02-10 12:24:58] DEBUG: Schema\Builder: Entity EmailFolder
[2026-02-10 12:24:58] DEBUG: Schema\Builder: Entity EmailTemplate
[2026-02-10 12:24:58] DEBUG: Schema\Builder: Entity EmailTemplateCategory
[2026-02-10 12:24:58] DEBUG: Schema\Builder: Entity GroupEmailFolder
[2026-02-10 12:24:58] DEBUG: Schema\Builder: Entity InboundEmail
[2026-02-10 12:24:58] DEBUG: Schema\Builder: Entity LayoutRecord
[2026-02-10 12:24:58] DEBUG: Schema\Builder: Entity LayoutSet
[2026-02-10 12:24:58] DEBUG: Schema\Builder: Entity Note
[2026-02-10 12:24:58] DEBUG: Schema\Builder: Entity PhoneNumber
[2026-02-10 12:24:58] DEBUG: Schema\Builder: Entity Portal
[2026-02-10 12:24:58] DEBUG: Schema\Builder: Entity PortalRole
[2026-02-10 12:24:58] DEBUG: Schema\Builder: Entity Role
[2026-02-10 12:24:58] DEBUG: Schema\Builder: Entity Team
[2026-02-10 12:24:58] DEBUG: Schema\Builder: Entity Template
[2026-02-10 12:24:58] DEBUG: Schema\Builder: Entity User
[2026-02-10 12:24:58] DEBUG: Schema\Builder: Entity UserData
[2026-02-10 12:24:58] DEBUG: Schema\Builder: Entity WorkingTimeCalendar
[2026-02-10 12:24:58] DEBUG: Schema\Builder: Entity WorkingTimeRange
[2026-02-10 12:24:58] DEBUG: Schema\Builder: Entity Account
[2026-02-10 12:24:58] DEBUG: Schema\Builder: Entity Call
[2026-02-10 12:24:58] DEBUG: Schema\Builder: Entity Campaign
[2026-02-10 12:24:58] DEBUG: Schema\Builder: Entity CampaignLogRecord
[2026-02-10 12:24:58] DEBUG: Schema\Builder: Entity CampaignTrackingUrl
[2026-02-10 12:24:58] DEBUG: Schema\Builder: Entity Case
[2026-02-10 12:24:58] DEBUG: Schema\Builder: Entity Contact
[2026-02-10 12:24:58] DEBUG: Schema\Builder: Entity Document
[2026-02-10 12:24:58] DEBUG: Schema\Builder: Entity DocumentFolder
[2026-02-10 12:24:58] DEBUG: Schema\Builder: Entity EmailQueueItem
[2026-02-10 12:24:58] DEBUG: Schema\Builder: Entity KnowledgeBaseArticle
[2026-02-10 12:24:58] DEBUG: Schema\Builder: Entity KnowledgeBaseCategory
[2026-02-10 12:24:58] DEBUG: Schema\Builder: Entity Lead
[2026-02-10 12:24:58] DEBUG: Schema\Builder: Entity MassEmail
[2026-02-10 12:24:58] DEBUG: Schema\Builder: Entity Meeting
[2026-02-10 12:24:58] DEBUG: Schema\Builder: Entity Opportunity
[2026-02-10 12:24:58] DEBUG: Schema\Builder: Entity TargetList
[2026-02-10 12:24:58] DEBUG: Schema\Builder: Entity TargetListCategory
[2026-02-10 12:24:58] DEBUG: Schema\Builder: Entity Task
[2026-02-10 12:24:58] DEBUG: Schema\Builder: Entity CADHAR
[2026-02-10 12:24:58] DEBUG: Schema\Builder: Entity CBanks
[2026-02-10 12:24:58] DEBUG: Schema\Builder: Entity CCity
[2026-02-10 12:24:58] DEBUG: Schema\Builder: Entity CContactType
[2026-02-10 12:24:58] DEBUG: Schema\Builder: Entity CCountry
[2026-02-10 12:24:58] DEBUG: Schema\Builder: Entity CDepartment
[2026-02-10 12:24:58] DEBUG: Schema\Builder: Entity CDependantRelation
[2026-02-10 12:24:58] DEBUG: Schema\Builder: Entity CDrivingLicense
[2026-02-10 12:24:58] DEBUG: Schema\Builder: Entity CEmployee
[2026-02-10 12:24:58] DEBUG: Schema\Builder: Entity CEmployeeAddress
[2026-02-10 12:24:58] DEBUG: Schema\Builder: Entity CEmployeeBank
[2026-02-10 12:24:58] DEBUG: Schema\Builder: Entity CEmployeeContact
[2026-02-10 12:24:58] DEBUG: Schema\Builder: Entity CEmployeeDependent
[2026-02-10 12:24:58] DEBUG: Schema\Builder: Entity CEmployeeDocuments
[2026-02-10 12:24:58] DEBUG: Schema\Builder: Entity CEmployeePastExperience
[2026-02-10 12:24:58] DEBUG: Schema\Builder: Entity CPanCard
[2026-02-10 12:24:58] DEBUG: Schema\Builder: Entity CPassport
[2026-02-10 12:24:58] DEBUG: Schema\Builder: Entity CState
[2026-02-10 12:24:58] DEBUG: Schema\Builder: Entity CVoterIdCard
[2026-02-10 12:24:58] DEBUG: Schema\Builder: Entity CWorkRole
[2026-02-10 12:24:58] DEBUG: Schema\Builder: ManyMany for Email.emailAccounts
[2026-02-10 12:24:58] DEBUG: Schema\Builder: ManyMany for Email.inboundEmails
[2026-02-10 12:24:58] DEBUG: Schema\Builder: ManyMany for Email.replyToEmailAddresses
[2026-02-10 12:24:58] DEBUG: Schema\Builder: ManyMany for Email.users
[2026-02-10 12:24:58] DEBUG: Schema\Builder: ManyMany for Email.assignedUsers
[2026-02-10 12:24:58] DEBUG: Schema\Builder: ManyMany for Email.teams
[2026-02-10 12:24:58] DEBUG: Schema\Builder: ManyMany for GroupEmailFolder.teams
[2026-02-10 12:24:58] DEBUG: Schema\Builder: ManyMany for InboundEmail.teams
[2026-02-10 12:24:58] DEBUG: Schema\Builder: ManyMany for Note.users
[2026-02-10 12:24:58] DEBUG: Schema\Builder: ManyMany for Note.portals
[2026-02-10 12:24:58] DEBUG: Schema\Builder: ManyMany for Note.teams
[2026-02-10 12:24:58] DEBUG: Schema\Builder: ManyMany for Portal.articles
[2026-02-10 12:24:58] DEBUG: Schema\Builder: ManyMany for Portal.portalRoles
[2026-02-10 12:24:58] DEBUG: Schema\Builder: ManyMany for Portal.users
[2026-02-10 12:24:58] DEBUG: Schema\Builder: ManyMany for PortalRole.users
[2026-02-10 12:24:58] DEBUG: Schema\Builder: ManyMany for Role.teams
[2026-02-10 12:24:58] DEBUG: Schema\Builder: ManyMany for Role.users
[2026-02-10 12:24:58] DEBUG: Schema\Builder: ManyMany for Team.users
[2026-02-10 12:24:58] DEBUG: Schema\Builder: ManyMany for User.emailAddresses
[2026-02-10 12:24:58] DEBUG: Schema\Builder: ManyMany for User.phoneNumbers
[2026-02-10 12:24:58] DEBUG: Schema\Builder: ManyMany for User.targetLists
[2026-02-10 12:24:58] DEBUG: Schema\Builder: ManyMany for User.accounts
[2026-02-10 12:24:58] DEBUG: Schema\Builder: ManyMany for User.calls
[2026-02-10 12:24:58] DEBUG: Schema\Builder: ManyMany for User.meetings
[2026-02-10 12:24:58] DEBUG: Schema\Builder: ManyMany for User.workingTimeRanges
[2026-02-10 12:24:58] DEBUG: Schema\Builder: ManyMany for WorkingTimeCalendar.ranges
[2026-02-10 12:24:58] DEBUG: Schema\Builder: ManyMany for Account.portalUsers
[2026-02-10 12:24:58] DEBUG: Schema\Builder: Table [account_portal_user] exists.
[2026-02-10 12:24:58] DEBUG: Schema\Builder: ManyMany for Account.targetLists
[2026-02-10 12:24:58] DEBUG: Schema\Builder: ManyMany for Account.documents
[2026-02-10 12:24:58] DEBUG: Schema\Builder: ManyMany for Account.contacts
[2026-02-10 12:24:58] DEBUG: Schema\Builder: ManyMany for Call.leads
[2026-02-10 12:24:58] DEBUG: Schema\Builder: ManyMany for Call.contacts
[2026-02-10 12:24:58] DEBUG: Schema\Builder: ManyMany for Campaign.excludingTargetLists
[2026-02-10 12:24:58] DEBUG: Schema\Builder: ManyMany for Campaign.targetLists
[2026-02-10 12:24:58] DEBUG: Schema\Builder: ManyMany for Case.articles
[2026-02-10 12:24:58] DEBUG: Schema\Builder: ManyMany for Case.contacts
[2026-02-10 12:24:58] DEBUG: Schema\Builder: ManyMany for Contact.documents
[2026-02-10 12:24:58] DEBUG: Schema\Builder: ManyMany for Contact.targetLists
[2026-02-10 12:24:58] DEBUG: Schema\Builder: ManyMany for Contact.meetings
[2026-02-10 12:24:58] DEBUG: Schema\Builder: ManyMany for Contact.opportunities
[2026-02-10 12:24:58] DEBUG: Schema\Builder: ManyMany for Document.leads
[2026-02-10 12:24:58] DEBUG: Schema\Builder: ManyMany for Document.opportunities
[2026-02-10 12:24:58] DEBUG: Schema\Builder: ManyMany for KnowledgeBaseArticle.categories
[2026-02-10 12:24:58] DEBUG: Schema\Builder: ManyMany for Lead.targetLists
[2026-02-10 12:24:58] DEBUG: Schema\Builder: ManyMany for Lead.meetings
[2026-02-10 12:24:58] DEBUG: Schema\Builder: ManyMany for MassEmail.excludingTargetLists
[2026-02-10 12:24:58] DEBUG: Schema\Builder: ManyMany for MassEmail.targetLists
[2026-02-10 12:24:58] DEBUG: Schema\Builder - End
[2026-02-10 12:25:28] DEBUG: Schema\Builder - Start
[2026-02-10 12:25:28] DEBUG: Schema\Builder: Rebuild for entity types: [CEmployee] with dependent entity types: [CEmployee, Attachment, User, EmailAddress, PhoneNumber, TargetList, Lead, Document, DocumentFolder, Team, GroupEmailFolder, Email, Task, Contact, CampaignLogRecord, EmailQueueItem, MassEmail, InboundEmail, EmailFilter, EmailFolder, EmailTemplate, EmailTemplateCategory, Campaign, Template, CampaignTrackingUrl, Opportunity, Call, Account, Meeting, Case, KnowledgeBaseArticle, KnowledgeBaseCategory, Portal, AuthenticationProvider, LayoutSet, LayoutRecord, Note, PortalRole, EmailAccount, WorkingTimeCalendar, WorkingTimeRange, Role, TargetListCategory, UserData, DashboardTemplate, CPassport, CPanCard, CVoterIdCard, CDrivingLicense, CADHAR, CDepartment, CEmployeeAddress, CCountry, CEmployeePastExperience, CWorkRole, CCity, CState, CBanks, CEmployeeBank, CEmployeeDocuments, CEmployeeContact, CContactType, CEmployeeDependent, CDependantRelation]
[2026-02-10 12:25:28] DEBUG: Schema\Builder: Entity Attachment
[2026-02-10 12:25:28] DEBUG: Schema\Builder: Entity AuthenticationProvider
[2026-02-10 12:25:28] DEBUG: Schema\Builder: Entity DashboardTemplate
[2026-02-10 12:25:28] DEBUG: Schema\Builder: Entity Email
[2026-02-10 12:25:28] DEBUG: Schema\Builder: Entity EmailAccount
[2026-02-10 12:25:28] DEBUG: Schema\Builder: Entity EmailAddress
[2026-02-10 12:25:28] DEBUG: Schema\Builder: Entity EmailFilter
[2026-02-10 12:25:28] DEBUG: Schema\Builder: Entity EmailFolder
[2026-02-10 12:25:28] DEBUG: Schema\Builder: Entity EmailTemplate
[2026-02-10 12:25:28] DEBUG: Schema\Builder: Entity EmailTemplateCategory
[2026-02-10 12:25:28] DEBUG: Schema\Builder: Entity GroupEmailFolder
[2026-02-10 12:25:28] DEBUG: Schema\Builder: Entity InboundEmail
[2026-02-10 12:25:28] DEBUG: Schema\Builder: Entity LayoutRecord
[2026-02-10 12:25:28] DEBUG: Schema\Builder: Entity LayoutSet
[2026-02-10 12:25:28] DEBUG: Schema\Builder: Entity Note
[2026-02-10 12:25:28] DEBUG: Schema\Builder: Entity PhoneNumber
[2026-02-10 12:25:28] DEBUG: Schema\Builder: Entity Portal
[2026-02-10 12:25:28] DEBUG: Schema\Builder: Entity PortalRole
[2026-02-10 12:25:28] DEBUG: Schema\Builder: Entity Role
[2026-02-10 12:25:28] DEBUG: Schema\Builder: Entity Team
[2026-02-10 12:25:28] DEBUG: Schema\Builder: Entity Template
[2026-02-10 12:25:28] DEBUG: Schema\Builder: Entity User
[2026-02-10 12:25:28] DEBUG: Schema\Builder: Entity UserData
[2026-02-10 12:25:28] DEBUG: Schema\Builder: Entity WorkingTimeCalendar
[2026-02-10 12:25:28] DEBUG: Schema\Builder: Entity WorkingTimeRange
[2026-02-10 12:25:28] DEBUG: Schema\Builder: Entity Account
[2026-02-10 12:25:28] DEBUG: Schema\Builder: Entity Call
[2026-02-10 12:25:28] DEBUG: Schema\Builder: Entity Campaign
[2026-02-10 12:25:28] DEBUG: Schema\Builder: Entity CampaignLogRecord
[2026-02-10 12:25:28] DEBUG: Schema\Builder: Entity CampaignTrackingUrl
[2026-02-10 12:25:28] DEBUG: Schema\Builder: Entity Case
[2026-02-10 12:25:28] DEBUG: Schema\Builder: Entity Contact
[2026-02-10 12:25:28] DEBUG: Schema\Builder: Entity Document
[2026-02-10 12:25:28] DEBUG: Schema\Builder: Entity DocumentFolder
[2026-02-10 12:25:28] DEBUG: Schema\Builder: Entity EmailQueueItem
[2026-02-10 12:25:28] DEBUG: Schema\Builder: Entity KnowledgeBaseArticle
[2026-02-10 12:25:28] DEBUG: Schema\Builder: Entity KnowledgeBaseCategory
[2026-02-10 12:25:28] DEBUG: Schema\Builder: Entity Lead
[2026-02-10 12:25:28] DEBUG: Schema\Builder: Entity MassEmail
[2026-02-10 12:25:28] DEBUG: Schema\Builder: Entity Meeting
[2026-02-10 12:25:28] DEBUG: Schema\Builder: Entity Opportunity
[2026-02-10 12:25:28] DEBUG: Schema\Builder: Entity TargetList
[2026-02-10 12:25:28] DEBUG: Schema\Builder: Entity TargetListCategory
[2026-02-10 12:25:28] DEBUG: Schema\Builder: Entity Task
[2026-02-10 12:25:28] DEBUG: Schema\Builder: Entity CADHAR
[2026-02-10 12:25:28] DEBUG: Schema\Builder: Entity CBanks
[2026-02-10 12:25:28] DEBUG: Schema\Builder: Entity CCity
[2026-02-10 12:25:28] DEBUG: Schema\Builder: Entity CContactType
[2026-02-10 12:25:28] DEBUG: Schema\Builder: Entity CCountry
[2026-02-10 12:25:28] DEBUG: Schema\Builder: Entity CDepartment
[2026-02-10 12:25:28] DEBUG: Schema\Builder: Entity CDependantRelation
[2026-02-10 12:25:28] DEBUG: Schema\Builder: Entity CDrivingLicense
[2026-02-10 12:25:28] DEBUG: Schema\Builder: Entity CEmployee
[2026-02-10 12:25:28] DEBUG: Schema\Builder: Entity CEmployeeAddress
[2026-02-10 12:25:28] DEBUG: Schema\Builder: Entity CEmployeeBank
[2026-02-10 12:25:28] DEBUG: Schema\Builder: Entity CEmployeeContact
[2026-02-10 12:25:28] DEBUG: Schema\Builder: Entity CEmployeeDependent
[2026-02-10 12:25:28] DEBUG: Schema\Builder: Entity CEmployeeDocuments
[2026-02-10 12:25:28] DEBUG: Schema\Builder: Entity CEmployeePastExperience
[2026-02-10 12:25:28] DEBUG: Schema\Builder: Entity CPanCard
[2026-02-10 12:25:28] DEBUG: Schema\Builder: Entity CPassport
[2026-02-10 12:25:28] DEBUG: Schema\Builder: Entity CState
[2026-02-10 12:25:28] DEBUG: Schema\Builder: Entity CVoterIdCard
[2026-02-10 12:25:28] DEBUG: Schema\Builder: Entity CWorkRole
[2026-02-10 12:25:28] DEBUG: Schema\Builder: ManyMany for Email.emailAccounts
[2026-02-10 12:25:28] DEBUG: Schema\Builder: ManyMany for Email.inboundEmails
[2026-02-10 12:25:28] DEBUG: Schema\Builder: ManyMany for Email.replyToEmailAddresses
[2026-02-10 12:25:28] DEBUG: Schema\Builder: ManyMany for Email.users
[2026-02-10 12:25:28] DEBUG: Schema\Builder: ManyMany for Email.assignedUsers
[2026-02-10 12:25:28] DEBUG: Schema\Builder: ManyMany for Email.teams
[2026-02-10 12:25:28] DEBUG: Schema\Builder: ManyMany for GroupEmailFolder.teams
[2026-02-10 12:25:28] DEBUG: Schema\Builder: ManyMany for InboundEmail.teams
[2026-02-10 12:25:28] DEBUG: Schema\Builder: ManyMany for Note.users
[2026-02-10 12:25:28] DEBUG: Schema\Builder: ManyMany for Note.portals
[2026-02-10 12:25:28] DEBUG: Schema\Builder: ManyMany for Note.teams
[2026-02-10 12:25:28] DEBUG: Schema\Builder: ManyMany for Portal.articles
[2026-02-10 12:25:28] DEBUG: Schema\Builder: ManyMany for Portal.portalRoles
[2026-02-10 12:25:28] DEBUG: Schema\Builder: ManyMany for Portal.users
[2026-02-10 12:25:28] DEBUG: Schema\Builder: ManyMany for PortalRole.users
[2026-02-10 12:25:28] DEBUG: Schema\Builder: ManyMany for Role.teams
[2026-02-10 12:25:28] DEBUG: Schema\Builder: ManyMany for Role.users
[2026-02-10 12:25:28] DEBUG: Schema\Builder: ManyMany for Team.users
[2026-02-10 12:25:28] DEBUG: Schema\Builder: ManyMany for User.emailAddresses
[2026-02-10 12:25:28] DEBUG: Schema\Builder: ManyMany for User.phoneNumbers
[2026-02-10 12:25:28] DEBUG: Schema\Builder: ManyMany for User.targetLists
[2026-02-10 12:25:28] DEBUG: Schema\Builder: ManyMany for User.accounts
[2026-02-10 12:25:28] DEBUG: Schema\Builder: ManyMany for User.calls
[2026-02-10 12:25:28] DEBUG: Schema\Builder: ManyMany for User.meetings
[2026-02-10 12:25:28] DEBUG: Schema\Builder: ManyMany for User.workingTimeRanges
[2026-02-10 12:25:28] DEBUG: Schema\Builder: ManyMany for WorkingTimeCalendar.ranges
[2026-02-10 12:25:28] DEBUG: Schema\Builder: ManyMany for Account.portalUsers
[2026-02-10 12:25:28] DEBUG: Schema\Builder: Table [account_portal_user] exists.
[2026-02-10 12:25:28] DEBUG: Schema\Builder: ManyMany for Account.targetLists
[2026-02-10 12:25:28] DEBUG: Schema\Builder: ManyMany for Account.documents
[2026-02-10 12:25:28] DEBUG: Schema\Builder: ManyMany for Account.contacts
[2026-02-10 12:25:28] DEBUG: Schema\Builder: ManyMany for Call.leads
[2026-02-10 12:25:28] DEBUG: Schema\Builder: ManyMany for Call.contacts
[2026-02-10 12:25:28] DEBUG: Schema\Builder: ManyMany for Campaign.excludingTargetLists
[2026-02-10 12:25:28] DEBUG: Schema\Builder: ManyMany for Campaign.targetLists
[2026-02-10 12:25:28] DEBUG: Schema\Builder: ManyMany for Case.articles
[2026-02-10 12:25:28] DEBUG: Schema\Builder: ManyMany for Case.contacts
[2026-02-10 12:25:28] DEBUG: Schema\Builder: ManyMany for Contact.documents
[2026-02-10 12:25:28] DEBUG: Schema\Builder: ManyMany for Contact.targetLists
[2026-02-10 12:25:28] DEBUG: Schema\Builder: ManyMany for Contact.meetings
[2026-02-10 12:25:28] DEBUG: Schema\Builder: ManyMany for Contact.opportunities
[2026-02-10 12:25:28] DEBUG: Schema\Builder: ManyMany for Document.leads
[2026-02-10 12:25:28] DEBUG: Schema\Builder: ManyMany for Document.opportunities
[2026-02-10 12:25:28] DEBUG: Schema\Builder: ManyMany for KnowledgeBaseArticle.categories
[2026-02-10 12:25:28] DEBUG: Schema\Builder: ManyMany for Lead.targetLists
[2026-02-10 12:25:28] DEBUG: Schema\Builder: ManyMany for Lead.meetings
[2026-02-10 12:25:28] DEBUG: Schema\Builder: ManyMany for MassEmail.excludingTargetLists
[2026-02-10 12:25:28] DEBUG: Schema\Builder: ManyMany for MassEmail.targetLists
[2026-02-10 12:25:28] DEBUG: Schema\Builder - End
[2026-02-10 12:25:28] WARNING: E_WARNING: rename(data\tmp\tmp69DE.tmp,data/cache/application/routes.php): Access is denied (code: 5)
[2026-02-10 12:25:28] WARNING: E_WARNING: rename(data\tmp\tmp6A7D.tmp,data/cache/application/classmapControllers.php): Access is denied (code: 5)
[2026-02-10 12:25:57] DEBUG: Schema\Builder - Start
[2026-02-10 12:25:57] DEBUG: Schema\Builder: Rebuild for entity types: [CEmployee] with dependent entity types: [CEmployee, Attachment, User, EmailAddress, PhoneNumber, TargetList, Lead, Document, DocumentFolder, Team, GroupEmailFolder, Email, Task, Contact, CampaignLogRecord, EmailQueueItem, MassEmail, InboundEmail, EmailFilter, EmailFolder, EmailTemplate, EmailTemplateCategory, Campaign, Template, CampaignTrackingUrl, Opportunity, Call, Account, Meeting, Case, KnowledgeBaseArticle, KnowledgeBaseCategory, Portal, AuthenticationProvider, LayoutSet, LayoutRecord, Note, PortalRole, EmailAccount, WorkingTimeCalendar, WorkingTimeRange, Role, TargetListCategory, UserData, DashboardTemplate, CPassport, CPanCard, CVoterIdCard, CDrivingLicense, CADHAR, CDepartment, CEmployeeAddress, CCountry, CEmployeePastExperience, CWorkRole, CCity, CState, CBanks, CEmployeeBank, CEmployeeDocuments, CEmployeeContact, CContactType, CEmployeeDependent, CDependantRelation]
[2026-02-10 12:25:57] DEBUG: Schema\Builder: Entity Attachment
[2026-02-10 12:25:57] DEBUG: Schema\Builder: Entity AuthenticationProvider
[2026-02-10 12:25:57] DEBUG: Schema\Builder: Entity DashboardTemplate
[2026-02-10 12:25:57] DEBUG: Schema\Builder: Entity Email
[2026-02-10 12:25:57] DEBUG: Schema\Builder: Entity EmailAccount
[2026-02-10 12:25:57] DEBUG: Schema\Builder: Entity EmailAddress
[2026-02-10 12:25:57] DEBUG: Schema\Builder: Entity EmailFilter
[2026-02-10 12:25:57] DEBUG: Schema\Builder: Entity EmailFolder
[2026-02-10 12:25:57] DEBUG: Schema\Builder: Entity EmailTemplate
[2026-02-10 12:25:57] DEBUG: Schema\Builder: Entity EmailTemplateCategory
[2026-02-10 12:25:57] DEBUG: Schema\Builder: Entity GroupEmailFolder
[2026-02-10 12:25:57] DEBUG: Schema\Builder: Entity InboundEmail
[2026-02-10 12:25:57] DEBUG: Schema\Builder: Entity LayoutRecord
[2026-02-10 12:25:57] DEBUG: Schema\Builder: Entity LayoutSet
[2026-02-10 12:25:57] DEBUG: Schema\Builder: Entity Note
[2026-02-10 12:25:57] DEBUG: Schema\Builder: Entity PhoneNumber
[2026-02-10 12:25:57] DEBUG: Schema\Builder: Entity Portal
[2026-02-10 12:25:57] DEBUG: Schema\Builder: Entity PortalRole
[2026-02-10 12:25:57] DEBUG: Schema\Builder: Entity Role
[2026-02-10 12:25:57] DEBUG: Schema\Builder: Entity Team
[2026-02-10 12:25:57] DEBUG: Schema\Builder: Entity Template
[2026-02-10 12:25:57] DEBUG: Schema\Builder: Entity User
[2026-02-10 12:25:57] DEBUG: Schema\Builder: Entity UserData
[2026-02-10 12:25:57] DEBUG: Schema\Builder: Entity WorkingTimeCalendar
[2026-02-10 12:25:57] DEBUG: Schema\Builder: Entity WorkingTimeRange
[2026-02-10 12:25:57] DEBUG: Schema\Builder: Entity Account
[2026-02-10 12:25:57] DEBUG: Schema\Builder: Entity Call
[2026-02-10 12:25:57] DEBUG: Schema\Builder: Entity Campaign
[2026-02-10 12:25:57] DEBUG: Schema\Builder: Entity CampaignLogRecord
[2026-02-10 12:25:57] DEBUG: Schema\Builder: Entity CampaignTrackingUrl
[2026-02-10 12:25:57] DEBUG: Schema\Builder: Entity Case
[2026-02-10 12:25:57] DEBUG: Schema\Builder: Entity Contact
[2026-02-10 12:25:57] DEBUG: Schema\Builder: Entity Document
[2026-02-10 12:25:57] DEBUG: Schema\Builder: Entity DocumentFolder
[2026-02-10 12:25:57] DEBUG: Schema\Builder: Entity EmailQueueItem
[2026-02-10 12:25:57] DEBUG: Schema\Builder: Entity KnowledgeBaseArticle
[2026-02-10 12:25:57] DEBUG: Schema\Builder: Entity KnowledgeBaseCategory
[2026-02-10 12:25:57] DEBUG: Schema\Builder: Entity Lead
[2026-02-10 12:25:57] DEBUG: Schema\Builder: Entity MassEmail
[2026-02-10 12:25:57] DEBUG: Schema\Builder: Entity Meeting
[2026-02-10 12:25:57] DEBUG: Schema\Builder: Entity Opportunity
[2026-02-10 12:25:57] DEBUG: Schema\Builder: Entity TargetList
[2026-02-10 12:25:57] DEBUG: Schema\Builder: Entity TargetListCategory
[2026-02-10 12:25:57] DEBUG: Schema\Builder: Entity Task
[2026-02-10 12:25:57] DEBUG: Schema\Builder: Entity CADHAR
[2026-02-10 12:25:57] DEBUG: Schema\Builder: Entity CBanks
[2026-02-10 12:25:57] DEBUG: Schema\Builder: Entity CCity
[2026-02-10 12:25:57] DEBUG: Schema\Builder: Entity CContactType
[2026-02-10 12:25:57] DEBUG: Schema\Builder: Entity CCountry
[2026-02-10 12:25:57] DEBUG: Schema\Builder: Entity CDepartment
[2026-02-10 12:25:57] DEBUG: Schema\Builder: Entity CDependantRelation
[2026-02-10 12:25:57] DEBUG: Schema\Builder: Entity CDrivingLicense
[2026-02-10 12:25:57] DEBUG: Schema\Builder: Entity CEmployee
[2026-02-10 12:25:57] DEBUG: Schema\Builder: Entity CEmployeeAddress
[2026-02-10 12:25:57] DEBUG: Schema\Builder: Entity CEmployeeBank
[2026-02-10 12:25:57] DEBUG: Schema\Builder: Entity CEmployeeContact
[2026-02-10 12:25:57] DEBUG: Schema\Builder: Entity CEmployeeDependent
[2026-02-10 12:25:57] DEBUG: Schema\Builder: Entity CEmployeeDocuments
[2026-02-10 12:25:57] DEBUG: Schema\Builder: Entity CEmployeePastExperience
[2026-02-10 12:25:57] DEBUG: Schema\Builder: Entity CPanCard
[2026-02-10 12:25:57] DEBUG: Schema\Builder: Entity CPassport
[2026-02-10 12:25:57] DEBUG: Schema\Builder: Entity CState
[2026-02-10 12:25:57] DEBUG: Schema\Builder: Entity CVoterIdCard
[2026-02-10 12:25:57] DEBUG: Schema\Builder: Entity CWorkRole
[2026-02-10 12:25:57] DEBUG: Schema\Builder: ManyMany for Email.emailAccounts
[2026-02-10 12:25:57] DEBUG: Schema\Builder: ManyMany for Email.inboundEmails
[2026-02-10 12:25:57] DEBUG: Schema\Builder: ManyMany for Email.replyToEmailAddresses
[2026-02-10 12:25:57] DEBUG: Schema\Builder: ManyMany for Email.users
[2026-02-10 12:25:57] DEBUG: Schema\Builder: ManyMany for Email.assignedUsers
[2026-02-10 12:25:57] DEBUG: Schema\Builder: ManyMany for Email.teams
[2026-02-10 12:25:57] DEBUG: Schema\Builder: ManyMany for GroupEmailFolder.teams
[2026-02-10 12:25:57] DEBUG: Schema\Builder: ManyMany for InboundEmail.teams
[2026-02-10 12:25:57] DEBUG: Schema\Builder: ManyMany for Note.users
[2026-02-10 12:25:57] DEBUG: Schema\Builder: ManyMany for Note.portals
[2026-02-10 12:25:57] DEBUG: Schema\Builder: ManyMany for Note.teams
[2026-02-10 12:25:57] DEBUG: Schema\Builder: ManyMany for Portal.articles
[2026-02-10 12:25:57] DEBUG: Schema\Builder: ManyMany for Portal.portalRoles
[2026-02-10 12:25:57] DEBUG: Schema\Builder: ManyMany for Portal.users
[2026-02-10 12:25:57] DEBUG: Schema\Builder: ManyMany for PortalRole.users
[2026-02-10 12:25:57] DEBUG: Schema\Builder: ManyMany for Role.teams
[2026-02-10 12:25:57] DEBUG: Schema\Builder: ManyMany for Role.users
[2026-02-10 12:25:57] DEBUG: Schema\Builder: ManyMany for Team.users
[2026-02-10 12:25:57] DEBUG: Schema\Builder: ManyMany for User.emailAddresses
[2026-02-10 12:25:57] DEBUG: Schema\Builder: ManyMany for User.phoneNumbers
[2026-02-10 12:25:57] DEBUG: Schema\Builder: ManyMany for User.targetLists
[2026-02-10 12:25:57] DEBUG: Schema\Builder: ManyMany for User.accounts
[2026-02-10 12:25:57] DEBUG: Schema\Builder: ManyMany for User.calls
[2026-02-10 12:25:57] DEBUG: Schema\Builder: ManyMany for User.meetings
[2026-02-10 12:25:57] DEBUG: Schema\Builder: ManyMany for User.workingTimeRanges
[2026-02-10 12:25:57] DEBUG: Schema\Builder: ManyMany for WorkingTimeCalendar.ranges
[2026-02-10 12:25:57] DEBUG: Schema\Builder: ManyMany for Account.portalUsers
[2026-02-10 12:25:57] DEBUG: Schema\Builder: Table [account_portal_user] exists.
[2026-02-10 12:25:57] DEBUG: Schema\Builder: ManyMany for Account.targetLists
[2026-02-10 12:25:57] DEBUG: Schema\Builder: ManyMany for Account.documents
[2026-02-10 12:25:57] DEBUG: Schema\Builder: ManyMany for Account.contacts
[2026-02-10 12:25:57] DEBUG: Schema\Builder: ManyMany for Call.leads
[2026-02-10 12:25:57] DEBUG: Schema\Builder: ManyMany for Call.contacts
[2026-02-10 12:25:57] DEBUG: Schema\Builder: ManyMany for Campaign.excludingTargetLists
[2026-02-10 12:25:57] DEBUG: Schema\Builder: ManyMany for Campaign.targetLists
[2026-02-10 12:25:57] DEBUG: Schema\Builder: ManyMany for Case.articles
[2026-02-10 12:25:57] DEBUG: Schema\Builder: ManyMany for Case.contacts
[2026-02-10 12:25:57] DEBUG: Schema\Builder: ManyMany for Contact.documents
[2026-02-10 12:25:57] DEBUG: Schema\Builder: ManyMany for Contact.targetLists
[2026-02-10 12:25:57] DEBUG: Schema\Builder: ManyMany for Contact.meetings
[2026-02-10 12:25:57] DEBUG: Schema\Builder: ManyMany for Contact.opportunities
[2026-02-10 12:25:57] DEBUG: Schema\Builder: ManyMany for Document.leads
[2026-02-10 12:25:57] DEBUG: Schema\Builder: ManyMany for Document.opportunities
[2026-02-10 12:25:57] DEBUG: Schema\Builder: ManyMany for KnowledgeBaseArticle.categories
[2026-02-10 12:25:57] DEBUG: Schema\Builder: ManyMany for Lead.targetLists
[2026-02-10 12:25:57] DEBUG: Schema\Builder: ManyMany for Lead.meetings
[2026-02-10 12:25:57] DEBUG: Schema\Builder: ManyMany for MassEmail.excludingTargetLists
[2026-02-10 12:25:57] DEBUG: Schema\Builder: ManyMany for MassEmail.targetLists
[2026-02-10 12:25:57] DEBUG: Schema\Builder - End
[2026-02-10 12:26:56] DEBUG: Schema\Builder - Start
[2026-02-10 12:26:56] DEBUG: Schema\Builder: Rebuild for entity types: [CEmployee] with dependent entity types: [CEmployee, Attachment, User, EmailAddress, PhoneNumber, TargetList, Lead, Document, DocumentFolder, Team, GroupEmailFolder, Email, Task, Contact, CampaignLogRecord, EmailQueueItem, MassEmail, InboundEmail, EmailFilter, EmailFolder, EmailTemplate, EmailTemplateCategory, Campaign, Template, CampaignTrackingUrl, Opportunity, Call, Account, Meeting, Case, KnowledgeBaseArticle, KnowledgeBaseCategory, Portal, AuthenticationProvider, LayoutSet, LayoutRecord, Note, PortalRole, EmailAccount, WorkingTimeCalendar, WorkingTimeRange, Role, TargetListCategory, UserData, DashboardTemplate, CPassport, CPanCard, CVoterIdCard, CDrivingLicense, CADHAR, CDepartment, CEmployeeAddress, CCountry, CEmployeePastExperience, CWorkRole, CCity, CState, CBanks, CEmployeeBank, CEmployeeDocuments, CEmployeeContact, CContactType, CEmployeeDependent, CDependantRelation]
[2026-02-10 12:26:56] DEBUG: Schema\Builder: Entity Attachment
[2026-02-10 12:26:56] DEBUG: Schema\Builder: Entity AuthenticationProvider
[2026-02-10 12:26:56] DEBUG: Schema\Builder: Entity DashboardTemplate
[2026-02-10 12:26:56] DEBUG: Schema\Builder: Entity Email
[2026-02-10 12:26:56] DEBUG: Schema\Builder: Entity EmailAccount
[2026-02-10 12:26:56] DEBUG: Schema\Builder: Entity EmailAddress
[2026-02-10 12:26:56] DEBUG: Schema\Builder: Entity EmailFilter
[2026-02-10 12:26:56] DEBUG: Schema\Builder: Entity EmailFolder
[2026-02-10 12:26:56] DEBUG: Schema\Builder: Entity EmailTemplate
[2026-02-10 12:26:56] DEBUG: Schema\Builder: Entity EmailTemplateCategory
[2026-02-10 12:26:56] DEBUG: Schema\Builder: Entity GroupEmailFolder
[2026-02-10 12:26:56] DEBUG: Schema\Builder: Entity InboundEmail
[2026-02-10 12:26:56] DEBUG: Schema\Builder: Entity LayoutRecord
[2026-02-10 12:26:56] DEBUG: Schema\Builder: Entity LayoutSet
[2026-02-10 12:26:56] DEBUG: Schema\Builder: Entity Note
[2026-02-10 12:26:56] DEBUG: Schema\Builder: Entity PhoneNumber
[2026-02-10 12:26:56] DEBUG: Schema\Builder: Entity Portal
[2026-02-10 12:26:56] DEBUG: Schema\Builder: Entity PortalRole
[2026-02-10 12:26:56] DEBUG: Schema\Builder: Entity Role
[2026-02-10 12:26:56] DEBUG: Schema\Builder: Entity Team
[2026-02-10 12:26:56] DEBUG: Schema\Builder: Entity Template
[2026-02-10 12:26:56] DEBUG: Schema\Builder: Entity User
[2026-02-10 12:26:56] DEBUG: Schema\Builder: Entity UserData
[2026-02-10 12:26:56] DEBUG: Schema\Builder: Entity WorkingTimeCalendar
[2026-02-10 12:26:56] DEBUG: Schema\Builder: Entity WorkingTimeRange
[2026-02-10 12:26:56] DEBUG: Schema\Builder: Entity Account
[2026-02-10 12:26:56] DEBUG: Schema\Builder: Entity Call
[2026-02-10 12:26:56] DEBUG: Schema\Builder: Entity Campaign
[2026-02-10 12:26:56] DEBUG: Schema\Builder: Entity CampaignLogRecord
[2026-02-10 12:26:56] DEBUG: Schema\Builder: Entity CampaignTrackingUrl
[2026-02-10 12:26:56] DEBUG: Schema\Builder: Entity Case
[2026-02-10 12:26:56] DEBUG: Schema\Builder: Entity Contact
[2026-02-10 12:26:56] DEBUG: Schema\Builder: Entity Document
[2026-02-10 12:26:56] DEBUG: Schema\Builder: Entity DocumentFolder
[2026-02-10 12:26:56] DEBUG: Schema\Builder: Entity EmailQueueItem
[2026-02-10 12:26:56] DEBUG: Schema\Builder: Entity KnowledgeBaseArticle
[2026-02-10 12:26:56] DEBUG: Schema\Builder: Entity KnowledgeBaseCategory
[2026-02-10 12:26:56] DEBUG: Schema\Builder: Entity Lead
[2026-02-10 12:26:56] DEBUG: Schema\Builder: Entity MassEmail
[2026-02-10 12:26:56] DEBUG: Schema\Builder: Entity Meeting
[2026-02-10 12:26:56] DEBUG: Schema\Builder: Entity Opportunity
[2026-02-10 12:26:56] DEBUG: Schema\Builder: Entity TargetList
[2026-02-10 12:26:56] DEBUG: Schema\Builder: Entity TargetListCategory
[2026-02-10 12:26:56] DEBUG: Schema\Builder: Entity Task
[2026-02-10 12:26:56] DEBUG: Schema\Builder: Entity CADHAR
[2026-02-10 12:26:56] DEBUG: Schema\Builder: Entity CBanks
[2026-02-10 12:26:56] DEBUG: Schema\Builder: Entity CCity
[2026-02-10 12:26:56] DEBUG: Schema\Builder: Entity CContactType
[2026-02-10 12:26:56] DEBUG: Schema\Builder: Entity CCountry
[2026-02-10 12:26:56] DEBUG: Schema\Builder: Entity CDepartment
[2026-02-10 12:26:56] DEBUG: Schema\Builder: Entity CDependantRelation
[2026-02-10 12:26:56] DEBUG: Schema\Builder: Entity CDrivingLicense
[2026-02-10 12:26:56] DEBUG: Schema\Builder: Entity CEmployee
[2026-02-10 12:26:56] DEBUG: Schema\Builder: Entity CEmployeeAddress
[2026-02-10 12:26:56] DEBUG: Schema\Builder: Entity CEmployeeBank
[2026-02-10 12:26:56] DEBUG: Schema\Builder: Entity CEmployeeContact
[2026-02-10 12:26:56] DEBUG: Schema\Builder: Entity CEmployeeDependent
[2026-02-10 12:26:56] DEBUG: Schema\Builder: Entity CEmployeeDocuments
[2026-02-10 12:26:56] DEBUG: Schema\Builder: Entity CEmployeePastExperience
[2026-02-10 12:26:56] DEBUG: Schema\Builder: Entity CPanCard
[2026-02-10 12:26:56] DEBUG: Schema\Builder: Entity CPassport
[2026-02-10 12:26:56] DEBUG: Schema\Builder: Entity CState
[2026-02-10 12:26:56] DEBUG: Schema\Builder: Entity CVoterIdCard
[2026-02-10 12:26:56] DEBUG: Schema\Builder: Entity CWorkRole
[2026-02-10 12:26:56] DEBUG: Schema\Builder: ManyMany for Email.emailAccounts
[2026-02-10 12:26:56] DEBUG: Schema\Builder: ManyMany for Email.inboundEmails
[2026-02-10 12:26:56] DEBUG: Schema\Builder: ManyMany for Email.replyToEmailAddresses
[2026-02-10 12:26:56] DEBUG: Schema\Builder: ManyMany for Email.users
[2026-02-10 12:26:56] DEBUG: Schema\Builder: ManyMany for Email.assignedUsers
[2026-02-10 12:26:56] DEBUG: Schema\Builder: ManyMany for Email.teams
[2026-02-10 12:26:56] DEBUG: Schema\Builder: ManyMany for GroupEmailFolder.teams
[2026-02-10 12:26:56] DEBUG: Schema\Builder: ManyMany for InboundEmail.teams
[2026-02-10 12:26:56] DEBUG: Schema\Builder: ManyMany for Note.users
[2026-02-10 12:26:56] DEBUG: Schema\Builder: ManyMany for Note.portals
[2026-02-10 12:26:56] DEBUG: Schema\Builder: ManyMany for Note.teams
[2026-02-10 12:26:56] DEBUG: Schema\Builder: ManyMany for Portal.articles
[2026-02-10 12:26:56] DEBUG: Schema\Builder: ManyMany for Portal.portalRoles
[2026-02-10 12:26:56] DEBUG: Schema\Builder: ManyMany for Portal.users
[2026-02-10 12:26:56] DEBUG: Schema\Builder: ManyMany for PortalRole.users
[2026-02-10 12:26:56] DEBUG: Schema\Builder: ManyMany for Role.teams
[2026-02-10 12:26:56] DEBUG: Schema\Builder: ManyMany for Role.users
[2026-02-10 12:26:56] DEBUG: Schema\Builder: ManyMany for Team.users
[2026-02-10 12:26:56] DEBUG: Schema\Builder: ManyMany for User.emailAddresses
[2026-02-10 12:26:56] DEBUG: Schema\Builder: ManyMany for User.phoneNumbers
[2026-02-10 12:26:56] DEBUG: Schema\Builder: ManyMany for User.targetLists
[2026-02-10 12:26:56] DEBUG: Schema\Builder: ManyMany for User.accounts
[2026-02-10 12:26:56] DEBUG: Schema\Builder: ManyMany for User.calls
[2026-02-10 12:26:56] DEBUG: Schema\Builder: ManyMany for User.meetings
[2026-02-10 12:26:56] DEBUG: Schema\Builder: ManyMany for User.workingTimeRanges
[2026-02-10 12:26:56] DEBUG: Schema\Builder: ManyMany for WorkingTimeCalendar.ranges
[2026-02-10 12:26:56] DEBUG: Schema\Builder: ManyMany for Account.portalUsers
[2026-02-10 12:26:56] DEBUG: Schema\Builder: Table [account_portal_user] exists.
[2026-02-10 12:26:56] DEBUG: Schema\Builder: ManyMany for Account.targetLists
[2026-02-10 12:26:56] DEBUG: Schema\Builder: ManyMany for Account.documents
[2026-02-10 12:26:56] DEBUG: Schema\Builder: ManyMany for Account.contacts
[2026-02-10 12:26:56] DEBUG: Schema\Builder: ManyMany for Call.leads
[2026-02-10 12:26:56] DEBUG: Schema\Builder: ManyMany for Call.contacts
[2026-02-10 12:26:56] DEBUG: Schema\Builder: ManyMany for Campaign.excludingTargetLists
[2026-02-10 12:26:56] DEBUG: Schema\Builder: ManyMany for Campaign.targetLists
[2026-02-10 12:26:56] DEBUG: Schema\Builder: ManyMany for Case.articles
[2026-02-10 12:26:56] DEBUG: Schema\Builder: ManyMany for Case.contacts
[2026-02-10 12:26:56] DEBUG: Schema\Builder: ManyMany for Contact.documents
[2026-02-10 12:26:56] DEBUG: Schema\Builder: ManyMany for Contact.targetLists
[2026-02-10 12:26:56] DEBUG: Schema\Builder: ManyMany for Contact.meetings
[2026-02-10 12:26:56] DEBUG: Schema\Builder: ManyMany for Contact.opportunities
[2026-02-10 12:26:56] DEBUG: Schema\Builder: ManyMany for Document.leads
[2026-02-10 12:26:56] DEBUG: Schema\Builder: ManyMany for Document.opportunities
[2026-02-10 12:26:56] DEBUG: Schema\Builder: ManyMany for KnowledgeBaseArticle.categories
[2026-02-10 12:26:56] DEBUG: Schema\Builder: ManyMany for Lead.targetLists
[2026-02-10 12:26:56] DEBUG: Schema\Builder: ManyMany for Lead.meetings
[2026-02-10 12:26:56] DEBUG: Schema\Builder: ManyMany for MassEmail.excludingTargetLists
[2026-02-10 12:26:56] DEBUG: Schema\Builder: ManyMany for MassEmail.targetLists
[2026-02-10 12:26:56] DEBUG: Schema\Builder - End
[2026-02-10 12:27:44] DEBUG: Schema\Builder - Start
[2026-02-10 12:27:44] DEBUG: Schema\Builder: Rebuild for entity types: [CEmployee] with dependent entity types: [CEmployee, Attachment, User, EmailAddress, PhoneNumber, TargetList, Lead, Document, DocumentFolder, Team, GroupEmailFolder, Email, Task, Contact, CampaignLogRecord, EmailQueueItem, MassEmail, InboundEmail, EmailFilter, EmailFolder, EmailTemplate, EmailTemplateCategory, Campaign, Template, CampaignTrackingUrl, Opportunity, Call, Account, Meeting, Case, KnowledgeBaseArticle, KnowledgeBaseCategory, Portal, AuthenticationProvider, LayoutSet, LayoutRecord, Note, PortalRole, EmailAccount, WorkingTimeCalendar, WorkingTimeRange, Role, TargetListCategory, UserData, DashboardTemplate, CPassport, CPanCard, CVoterIdCard, CDrivingLicense, CADHAR, CDepartment, CEmployeeAddress, CCountry, CEmployeePastExperience, CWorkRole, CCity, CState, CBanks, CEmployeeBank, CEmployeeDocuments, CEmployeeContact, CContactType, CEmployeeDependent, CDependantRelation]
[2026-02-10 12:27:44] DEBUG: Schema\Builder: Entity Attachment
[2026-02-10 12:27:44] DEBUG: Schema\Builder: Entity AuthenticationProvider
[2026-02-10 12:27:44] DEBUG: Schema\Builder: Entity DashboardTemplate
[2026-02-10 12:27:44] DEBUG: Schema\Builder: Entity Email
[2026-02-10 12:27:44] DEBUG: Schema\Builder: Entity EmailAccount
[2026-02-10 12:27:44] DEBUG: Schema\Builder: Entity EmailAddress
[2026-02-10 12:27:44] DEBUG: Schema\Builder: Entity EmailFilter
[2026-02-10 12:27:44] DEBUG: Schema\Builder: Entity EmailFolder
[2026-02-10 12:27:44] DEBUG: Schema\Builder: Entity EmailTemplate
[2026-02-10 12:27:44] DEBUG: Schema\Builder: Entity EmailTemplateCategory
[2026-02-10 12:27:44] DEBUG: Schema\Builder: Entity GroupEmailFolder
[2026-02-10 12:27:44] DEBUG: Schema\Builder: Entity InboundEmail
[2026-02-10 12:27:44] DEBUG: Schema\Builder: Entity LayoutRecord
[2026-02-10 12:27:44] DEBUG: Schema\Builder: Entity LayoutSet
[2026-02-10 12:27:44] DEBUG: Schema\Builder: Entity Note
[2026-02-10 12:27:44] DEBUG: Schema\Builder: Entity PhoneNumber
[2026-02-10 12:27:44] DEBUG: Schema\Builder: Entity Portal
[2026-02-10 12:27:44] DEBUG: Schema\Builder: Entity PortalRole
[2026-02-10 12:27:44] DEBUG: Schema\Builder: Entity Role
[2026-02-10 12:27:44] DEBUG: Schema\Builder: Entity Team
[2026-02-10 12:27:44] DEBUG: Schema\Builder: Entity Template
[2026-02-10 12:27:44] DEBUG: Schema\Builder: Entity User
[2026-02-10 12:27:44] DEBUG: Schema\Builder: Entity UserData
[2026-02-10 12:27:44] DEBUG: Schema\Builder: Entity WorkingTimeCalendar
[2026-02-10 12:27:44] DEBUG: Schema\Builder: Entity WorkingTimeRange
[2026-02-10 12:27:44] DEBUG: Schema\Builder: Entity Account
[2026-02-10 12:27:44] DEBUG: Schema\Builder: Entity Call
[2026-02-10 12:27:44] DEBUG: Schema\Builder: Entity Campaign
[2026-02-10 12:27:44] DEBUG: Schema\Builder: Entity CampaignLogRecord
[2026-02-10 12:27:44] DEBUG: Schema\Builder: Entity CampaignTrackingUrl
[2026-02-10 12:27:44] DEBUG: Schema\Builder: Entity Case
[2026-02-10 12:27:44] DEBUG: Schema\Builder: Entity Contact
[2026-02-10 12:27:44] DEBUG: Schema\Builder: Entity Document
[2026-02-10 12:27:44] DEBUG: Schema\Builder: Entity DocumentFolder
[2026-02-10 12:27:44] DEBUG: Schema\Builder: Entity EmailQueueItem
[2026-02-10 12:27:44] DEBUG: Schema\Builder: Entity KnowledgeBaseArticle
[2026-02-10 12:27:44] DEBUG: Schema\Builder: Entity KnowledgeBaseCategory
[2026-02-10 12:27:44] DEBUG: Schema\Builder: Entity Lead
[2026-02-10 12:27:44] DEBUG: Schema\Builder: Entity MassEmail
[2026-02-10 12:27:44] DEBUG: Schema\Builder: Entity Meeting
[2026-02-10 12:27:44] DEBUG: Schema\Builder: Entity Opportunity
[2026-02-10 12:27:44] DEBUG: Schema\Builder: Entity TargetList
[2026-02-10 12:27:44] DEBUG: Schema\Builder: Entity TargetListCategory
[2026-02-10 12:27:44] DEBUG: Schema\Builder: Entity Task
[2026-02-10 12:27:44] DEBUG: Schema\Builder: Entity CADHAR
[2026-02-10 12:27:44] DEBUG: Schema\Builder: Entity CBanks
[2026-02-10 12:27:44] DEBUG: Schema\Builder: Entity CCity
[2026-02-10 12:27:44] DEBUG: Schema\Builder: Entity CContactType
[2026-02-10 12:27:44] DEBUG: Schema\Builder: Entity CCountry
[2026-02-10 12:27:44] DEBUG: Schema\Builder: Entity CDepartment
[2026-02-10 12:27:44] DEBUG: Schema\Builder: Entity CDependantRelation
[2026-02-10 12:27:44] DEBUG: Schema\Builder: Entity CDrivingLicense
[2026-02-10 12:27:44] DEBUG: Schema\Builder: Entity CEmployee
[2026-02-10 12:27:44] DEBUG: Schema\Builder: Entity CEmployeeAddress
[2026-02-10 12:27:44] DEBUG: Schema\Builder: Entity CEmployeeBank
[2026-02-10 12:27:44] DEBUG: Schema\Builder: Entity CEmployeeContact
[2026-02-10 12:27:44] DEBUG: Schema\Builder: Entity CEmployeeDependent
[2026-02-10 12:27:44] DEBUG: Schema\Builder: Entity CEmployeeDocuments
[2026-02-10 12:27:44] DEBUG: Schema\Builder: Entity CEmployeePastExperience
[2026-02-10 12:27:44] DEBUG: Schema\Builder: Entity CPanCard
[2026-02-10 12:27:44] DEBUG: Schema\Builder: Entity CPassport
[2026-02-10 12:27:44] DEBUG: Schema\Builder: Entity CState
[2026-02-10 12:27:44] DEBUG: Schema\Builder: Entity CVoterIdCard
[2026-02-10 12:27:44] DEBUG: Schema\Builder: Entity CWorkRole
[2026-02-10 12:27:44] DEBUG: Schema\Builder: ManyMany for Email.emailAccounts
[2026-02-10 12:27:44] DEBUG: Schema\Builder: ManyMany for Email.inboundEmails
[2026-02-10 12:27:44] DEBUG: Schema\Builder: ManyMany for Email.replyToEmailAddresses
[2026-02-10 12:27:44] DEBUG: Schema\Builder: ManyMany for Email.users
[2026-02-10 12:27:44] DEBUG: Schema\Builder: ManyMany for Email.assignedUsers
[2026-02-10 12:27:44] DEBUG: Schema\Builder: ManyMany for Email.teams
[2026-02-10 12:27:44] DEBUG: Schema\Builder: ManyMany for GroupEmailFolder.teams
[2026-02-10 12:27:44] DEBUG: Schema\Builder: ManyMany for InboundEmail.teams
[2026-02-10 12:27:44] DEBUG: Schema\Builder: ManyMany for Note.users
[2026-02-10 12:27:44] DEBUG: Schema\Builder: ManyMany for Note.portals
[2026-02-10 12:27:44] DEBUG: Schema\Builder: ManyMany for Note.teams
[2026-02-10 12:27:44] DEBUG: Schema\Builder: ManyMany for Portal.articles
[2026-02-10 12:27:44] DEBUG: Schema\Builder: ManyMany for Portal.portalRoles
[2026-02-10 12:27:44] DEBUG: Schema\Builder: ManyMany for Portal.users
[2026-02-10 12:27:44] DEBUG: Schema\Builder: ManyMany for PortalRole.users
[2026-02-10 12:27:44] DEBUG: Schema\Builder: ManyMany for Role.teams
[2026-02-10 12:27:44] DEBUG: Schema\Builder: ManyMany for Role.users
[2026-02-10 12:27:44] DEBUG: Schema\Builder: ManyMany for Team.users
[2026-02-10 12:27:44] DEBUG: Schema\Builder: ManyMany for User.emailAddresses
[2026-02-10 12:27:44] DEBUG: Schema\Builder: ManyMany for User.phoneNumbers
[2026-02-10 12:27:44] DEBUG: Schema\Builder: ManyMany for User.targetLists
[2026-02-10 12:27:44] DEBUG: Schema\Builder: ManyMany for User.accounts
[2026-02-10 12:27:44] DEBUG: Schema\Builder: ManyMany for User.calls
[2026-02-10 12:27:44] DEBUG: Schema\Builder: ManyMany for User.meetings
[2026-02-10 12:27:44] DEBUG: Schema\Builder: ManyMany for User.workingTimeRanges
[2026-02-10 12:27:44] DEBUG: Schema\Builder: ManyMany for WorkingTimeCalendar.ranges
[2026-02-10 12:27:44] DEBUG: Schema\Builder: ManyMany for Account.portalUsers
[2026-02-10 12:27:44] DEBUG: Schema\Builder: Table [account_portal_user] exists.
[2026-02-10 12:27:44] DEBUG: Schema\Builder: ManyMany for Account.targetLists
[2026-02-10 12:27:44] DEBUG: Schema\Builder: ManyMany for Account.documents
[2026-02-10 12:27:44] DEBUG: Schema\Builder: ManyMany for Account.contacts
[2026-02-10 12:27:44] DEBUG: Schema\Builder: ManyMany for Call.leads
[2026-02-10 12:27:44] DEBUG: Schema\Builder: ManyMany for Call.contacts
[2026-02-10 12:27:44] DEBUG: Schema\Builder: ManyMany for Campaign.excludingTargetLists
[2026-02-10 12:27:44] DEBUG: Schema\Builder: ManyMany for Campaign.targetLists
[2026-02-10 12:27:44] DEBUG: Schema\Builder: ManyMany for Case.articles
[2026-02-10 12:27:44] DEBUG: Schema\Builder: ManyMany for Case.contacts
[2026-02-10 12:27:44] DEBUG: Schema\Builder: ManyMany for Contact.documents
[2026-02-10 12:27:44] DEBUG: Schema\Builder: ManyMany for Contact.targetLists
[2026-02-10 12:27:44] DEBUG: Schema\Builder: ManyMany for Contact.meetings
[2026-02-10 12:27:44] DEBUG: Schema\Builder: ManyMany for Contact.opportunities
[2026-02-10 12:27:44] DEBUG: Schema\Builder: ManyMany for Document.leads
[2026-02-10 12:27:44] DEBUG: Schema\Builder: ManyMany for Document.opportunities
[2026-02-10 12:27:44] DEBUG: Schema\Builder: ManyMany for KnowledgeBaseArticle.categories
[2026-02-10 12:27:44] DEBUG: Schema\Builder: ManyMany for Lead.targetLists
[2026-02-10 12:27:44] DEBUG: Schema\Builder: ManyMany for Lead.meetings
[2026-02-10 12:27:44] DEBUG: Schema\Builder: ManyMany for MassEmail.excludingTargetLists
[2026-02-10 12:27:44] DEBUG: Schema\Builder: ManyMany for MassEmail.targetLists
[2026-02-10 12:27:44] DEBUG: Schema\Builder - End
[2026-02-10 12:28:24] DEBUG: Schema\Builder - Start
[2026-02-10 12:28:24] DEBUG: Schema\Builder: Rebuild for entity types: [CEmployee] with dependent entity types: [CEmployee, Attachment, User, EmailAddress, PhoneNumber, TargetList, Lead, Document, DocumentFolder, Team, GroupEmailFolder, Email, Task, Contact, CampaignLogRecord, EmailQueueItem, MassEmail, InboundEmail, EmailFilter, EmailFolder, EmailTemplate, EmailTemplateCategory, Campaign, Template, CampaignTrackingUrl, Opportunity, Call, Account, Meeting, Case, KnowledgeBaseArticle, KnowledgeBaseCategory, Portal, AuthenticationProvider, LayoutSet, LayoutRecord, Note, PortalRole, EmailAccount, WorkingTimeCalendar, WorkingTimeRange, Role, TargetListCategory, UserData, DashboardTemplate, CPassport, CPanCard, CVoterIdCard, CDrivingLicense, CADHAR, CDepartment, CEmployeeAddress, CCountry, CEmployeePastExperience, CWorkRole, CCity, CState, CBanks, CEmployeeBank, CEmployeeDocuments, CEmployeeContact, CContactType, CEmployeeDependent, CDependantRelation]
[2026-02-10 12:28:24] DEBUG: Schema\Builder: Entity Attachment
[2026-02-10 12:28:24] DEBUG: Schema\Builder: Entity AuthenticationProvider
[2026-02-10 12:28:24] DEBUG: Schema\Builder: Entity DashboardTemplate
[2026-02-10 12:28:24] DEBUG: Schema\Builder: Entity Email
[2026-02-10 12:28:24] DEBUG: Schema\Builder: Entity EmailAccount
[2026-02-10 12:28:24] DEBUG: Schema\Builder: Entity EmailAddress
[2026-02-10 12:28:24] DEBUG: Schema\Builder: Entity EmailFilter
[2026-02-10 12:28:24] DEBUG: Schema\Builder: Entity EmailFolder
[2026-02-10 12:28:24] DEBUG: Schema\Builder: Entity EmailTemplate
[2026-02-10 12:28:24] DEBUG: Schema\Builder: Entity EmailTemplateCategory
[2026-02-10 12:28:24] DEBUG: Schema\Builder: Entity GroupEmailFolder
[2026-02-10 12:28:24] DEBUG: Schema\Builder: Entity InboundEmail
[2026-02-10 12:28:24] DEBUG: Schema\Builder: Entity LayoutRecord
[2026-02-10 12:28:24] DEBUG: Schema\Builder: Entity LayoutSet
[2026-02-10 12:28:24] DEBUG: Schema\Builder: Entity Note
[2026-02-10 12:28:24] DEBUG: Schema\Builder: Entity PhoneNumber
[2026-02-10 12:28:24] DEBUG: Schema\Builder: Entity Portal
[2026-02-10 12:28:24] DEBUG: Schema\Builder: Entity PortalRole
[2026-02-10 12:28:24] DEBUG: Schema\Builder: Entity Role
[2026-02-10 12:28:24] DEBUG: Schema\Builder: Entity Team
[2026-02-10 12:28:24] DEBUG: Schema\Builder: Entity Template
[2026-02-10 12:28:24] DEBUG: Schema\Builder: Entity User
[2026-02-10 12:28:24] DEBUG: Schema\Builder: Entity UserData
[2026-02-10 12:28:24] DEBUG: Schema\Builder: Entity WorkingTimeCalendar
[2026-02-10 12:28:24] DEBUG: Schema\Builder: Entity WorkingTimeRange
[2026-02-10 12:28:24] DEBUG: Schema\Builder: Entity Account
[2026-02-10 12:28:24] DEBUG: Schema\Builder: Entity Call
[2026-02-10 12:28:24] DEBUG: Schema\Builder: Entity Campaign
[2026-02-10 12:28:24] DEBUG: Schema\Builder: Entity CampaignLogRecord
[2026-02-10 12:28:24] DEBUG: Schema\Builder: Entity CampaignTrackingUrl
[2026-02-10 12:28:24] DEBUG: Schema\Builder: Entity Case
[2026-02-10 12:28:24] DEBUG: Schema\Builder: Entity Contact
[2026-02-10 12:28:24] DEBUG: Schema\Builder: Entity Document
[2026-02-10 12:28:24] DEBUG: Schema\Builder: Entity DocumentFolder
[2026-02-10 12:28:24] DEBUG: Schema\Builder: Entity EmailQueueItem
[2026-02-10 12:28:24] DEBUG: Schema\Builder: Entity KnowledgeBaseArticle
[2026-02-10 12:28:24] DEBUG: Schema\Builder: Entity KnowledgeBaseCategory
[2026-02-10 12:28:24] DEBUG: Schema\Builder: Entity Lead
[2026-02-10 12:28:24] DEBUG: Schema\Builder: Entity MassEmail
[2026-02-10 12:28:24] DEBUG: Schema\Builder: Entity Meeting
[2026-02-10 12:28:24] DEBUG: Schema\Builder: Entity Opportunity
[2026-02-10 12:28:24] DEBUG: Schema\Builder: Entity TargetList
[2026-02-10 12:28:24] DEBUG: Schema\Builder: Entity TargetListCategory
[2026-02-10 12:28:24] DEBUG: Schema\Builder: Entity Task
[2026-02-10 12:28:24] DEBUG: Schema\Builder: Entity CADHAR
[2026-02-10 12:28:24] DEBUG: Schema\Builder: Entity CBanks
[2026-02-10 12:28:24] DEBUG: Schema\Builder: Entity CCity
[2026-02-10 12:28:24] DEBUG: Schema\Builder: Entity CContactType
[2026-02-10 12:28:24] DEBUG: Schema\Builder: Entity CCountry
[2026-02-10 12:28:24] DEBUG: Schema\Builder: Entity CDepartment
[2026-02-10 12:28:24] DEBUG: Schema\Builder: Entity CDependantRelation
[2026-02-10 12:28:24] DEBUG: Schema\Builder: Entity CDrivingLicense
[2026-02-10 12:28:24] DEBUG: Schema\Builder: Entity CEmployee
[2026-02-10 12:28:24] DEBUG: Schema\Builder: Entity CEmployeeAddress
[2026-02-10 12:28:24] DEBUG: Schema\Builder: Entity CEmployeeBank
[2026-02-10 12:28:24] DEBUG: Schema\Builder: Entity CEmployeeContact
[2026-02-10 12:28:24] DEBUG: Schema\Builder: Entity CEmployeeDependent
[2026-02-10 12:28:24] DEBUG: Schema\Builder: Entity CEmployeeDocuments
[2026-02-10 12:28:24] DEBUG: Schema\Builder: Entity CEmployeePastExperience
[2026-02-10 12:28:24] DEBUG: Schema\Builder: Entity CPanCard
[2026-02-10 12:28:24] DEBUG: Schema\Builder: Entity CPassport
[2026-02-10 12:28:24] DEBUG: Schema\Builder: Entity CState
[2026-02-10 12:28:24] DEBUG: Schema\Builder: Entity CVoterIdCard
[2026-02-10 12:28:24] DEBUG: Schema\Builder: Entity CWorkRole
[2026-02-10 12:28:24] DEBUG: Schema\Builder: ManyMany for Email.emailAccounts
[2026-02-10 12:28:24] DEBUG: Schema\Builder: ManyMany for Email.inboundEmails
[2026-02-10 12:28:24] DEBUG: Schema\Builder: ManyMany for Email.replyToEmailAddresses
[2026-02-10 12:28:24] DEBUG: Schema\Builder: ManyMany for Email.users
[2026-02-10 12:28:24] DEBUG: Schema\Builder: ManyMany for Email.assignedUsers
[2026-02-10 12:28:24] DEBUG: Schema\Builder: ManyMany for Email.teams
[2026-02-10 12:28:24] DEBUG: Schema\Builder: ManyMany for GroupEmailFolder.teams
[2026-02-10 12:28:24] DEBUG: Schema\Builder: ManyMany for InboundEmail.teams
[2026-02-10 12:28:24] DEBUG: Schema\Builder: ManyMany for Note.users
[2026-02-10 12:28:24] DEBUG: Schema\Builder: ManyMany for Note.portals
[2026-02-10 12:28:24] DEBUG: Schema\Builder: ManyMany for Note.teams
[2026-02-10 12:28:24] DEBUG: Schema\Builder: ManyMany for Portal.articles
[2026-02-10 12:28:24] DEBUG: Schema\Builder: ManyMany for Portal.portalRoles
[2026-02-10 12:28:24] DEBUG: Schema\Builder: ManyMany for Portal.users
[2026-02-10 12:28:24] DEBUG: Schema\Builder: ManyMany for PortalRole.users
[2026-02-10 12:28:24] DEBUG: Schema\Builder: ManyMany for Role.teams
[2026-02-10 12:28:24] DEBUG: Schema\Builder: ManyMany for Role.users
[2026-02-10 12:28:24] DEBUG: Schema\Builder: ManyMany for Team.users
[2026-02-10 12:28:24] DEBUG: Schema\Builder: ManyMany for User.emailAddresses
[2026-02-10 12:28:24] DEBUG: Schema\Builder: ManyMany for User.phoneNumbers
[2026-02-10 12:28:24] DEBUG: Schema\Builder: ManyMany for User.targetLists
[2026-02-10 12:28:24] DEBUG: Schema\Builder: ManyMany for User.accounts
[2026-02-10 12:28:24] DEBUG: Schema\Builder: ManyMany for User.calls
[2026-02-10 12:28:24] DEBUG: Schema\Builder: ManyMany for User.meetings
[2026-02-10 12:28:24] DEBUG: Schema\Builder: ManyMany for User.workingTimeRanges
[2026-02-10 12:28:24] DEBUG: Schema\Builder: ManyMany for WorkingTimeCalendar.ranges
[2026-02-10 12:28:24] DEBUG: Schema\Builder: ManyMany for Account.portalUsers
[2026-02-10 12:28:24] DEBUG: Schema\Builder: Table [account_portal_user] exists.
[2026-02-10 12:28:24] DEBUG: Schema\Builder: ManyMany for Account.targetLists
[2026-02-10 12:28:24] DEBUG: Schema\Builder: ManyMany for Account.documents
[2026-02-10 12:28:24] DEBUG: Schema\Builder: ManyMany for Account.contacts
[2026-02-10 12:28:24] DEBUG: Schema\Builder: ManyMany for Call.leads
[2026-02-10 12:28:24] DEBUG: Schema\Builder: ManyMany for Call.contacts
[2026-02-10 12:28:24] DEBUG: Schema\Builder: ManyMany for Campaign.excludingTargetLists
[2026-02-10 12:28:24] DEBUG: Schema\Builder: ManyMany for Campaign.targetLists
[2026-02-10 12:28:24] DEBUG: Schema\Builder: ManyMany for Case.articles
[2026-02-10 12:28:24] DEBUG: Schema\Builder: ManyMany for Case.contacts
[2026-02-10 12:28:24] DEBUG: Schema\Builder: ManyMany for Contact.documents
[2026-02-10 12:28:24] DEBUG: Schema\Builder: ManyMany for Contact.targetLists
[2026-02-10 12:28:24] DEBUG: Schema\Builder: ManyMany for Contact.meetings
[2026-02-10 12:28:24] DEBUG: Schema\Builder: ManyMany for Contact.opportunities
[2026-02-10 12:28:24] DEBUG: Schema\Builder: ManyMany for Document.leads
[2026-02-10 12:28:24] DEBUG: Schema\Builder: ManyMany for Document.opportunities
[2026-02-10 12:28:24] DEBUG: Schema\Builder: ManyMany for KnowledgeBaseArticle.categories
[2026-02-10 12:28:24] DEBUG: Schema\Builder: ManyMany for Lead.targetLists
[2026-02-10 12:28:24] DEBUG: Schema\Builder: ManyMany for Lead.meetings
[2026-02-10 12:28:24] DEBUG: Schema\Builder: ManyMany for MassEmail.excludingTargetLists
[2026-02-10 12:28:24] DEBUG: Schema\Builder: ManyMany for MassEmail.targetLists
[2026-02-10 12:28:24] DEBUG: Schema\Builder - End
[2026-02-10 12:30:08] DEBUG: Schema\Builder - Start
[2026-02-10 12:30:08] DEBUG: Schema\Builder: Rebuild for entity types: [CEmployee] with dependent entity types: [CEmployee, Attachment, User, EmailAddress, PhoneNumber, TargetList, Lead, Document, DocumentFolder, Team, GroupEmailFolder, Email, Task, Contact, CampaignLogRecord, EmailQueueItem, MassEmail, InboundEmail, EmailFilter, EmailFolder, EmailTemplate, EmailTemplateCategory, Campaign, Template, CampaignTrackingUrl, Opportunity, Call, Account, Meeting, Case, KnowledgeBaseArticle, KnowledgeBaseCategory, Portal, AuthenticationProvider, LayoutSet, LayoutRecord, Note, PortalRole, EmailAccount, WorkingTimeCalendar, WorkingTimeRange, Role, TargetListCategory, UserData, DashboardTemplate, CPassport, CPanCard, CVoterIdCard, CDrivingLicense, CADHAR, CDepartment, CEmployeeAddress, CCountry, CEmployeePastExperience, CWorkRole, CCity, CState, CBanks, CEmployeeBank, CEmployeeDocuments, CEmployeeContact, CContactType, CEmployeeDependent, CDependantRelation]
[2026-02-10 12:30:08] DEBUG: Schema\Builder: Entity Attachment
[2026-02-10 12:30:08] DEBUG: Schema\Builder: Entity AuthenticationProvider
[2026-02-10 12:30:08] DEBUG: Schema\Builder: Entity DashboardTemplate
[2026-02-10 12:30:08] DEBUG: Schema\Builder: Entity Email
[2026-02-10 12:30:08] DEBUG: Schema\Builder: Entity EmailAccount
[2026-02-10 12:30:08] DEBUG: Schema\Builder: Entity EmailAddress
[2026-02-10 12:30:08] DEBUG: Schema\Builder: Entity EmailFilter
[2026-02-10 12:30:08] DEBUG: Schema\Builder: Entity EmailFolder
[2026-02-10 12:30:08] DEBUG: Schema\Builder: Entity EmailTemplate
[2026-02-10 12:30:08] DEBUG: Schema\Builder: Entity EmailTemplateCategory
[2026-02-10 12:30:08] DEBUG: Schema\Builder: Entity GroupEmailFolder
[2026-02-10 12:30:08] DEBUG: Schema\Builder: Entity InboundEmail
[2026-02-10 12:30:08] DEBUG: Schema\Builder: Entity LayoutRecord
[2026-02-10 12:30:08] DEBUG: Schema\Builder: Entity LayoutSet
[2026-02-10 12:30:08] DEBUG: Schema\Builder: Entity Note
[2026-02-10 12:30:08] DEBUG: Schema\Builder: Entity PhoneNumber
[2026-02-10 12:30:08] DEBUG: Schema\Builder: Entity Portal
[2026-02-10 12:30:08] DEBUG: Schema\Builder: Entity PortalRole
[2026-02-10 12:30:08] DEBUG: Schema\Builder: Entity Role
[2026-02-10 12:30:08] DEBUG: Schema\Builder: Entity Team
[2026-02-10 12:30:08] DEBUG: Schema\Builder: Entity Template
[2026-02-10 12:30:08] DEBUG: Schema\Builder: Entity User
[2026-02-10 12:30:08] DEBUG: Schema\Builder: Entity UserData
[2026-02-10 12:30:08] DEBUG: Schema\Builder: Entity WorkingTimeCalendar
[2026-02-10 12:30:08] DEBUG: Schema\Builder: Entity WorkingTimeRange
[2026-02-10 12:30:08] DEBUG: Schema\Builder: Entity Account
[2026-02-10 12:30:08] DEBUG: Schema\Builder: Entity Call
[2026-02-10 12:30:08] DEBUG: Schema\Builder: Entity Campaign
[2026-02-10 12:30:08] DEBUG: Schema\Builder: Entity CampaignLogRecord
[2026-02-10 12:30:08] DEBUG: Schema\Builder: Entity CampaignTrackingUrl
[2026-02-10 12:30:08] DEBUG: Schema\Builder: Entity Case
[2026-02-10 12:30:08] DEBUG: Schema\Builder: Entity Contact
[2026-02-10 12:30:08] DEBUG: Schema\Builder: Entity Document
[2026-02-10 12:30:08] DEBUG: Schema\Builder: Entity DocumentFolder
[2026-02-10 12:30:08] DEBUG: Schema\Builder: Entity EmailQueueItem
[2026-02-10 12:30:08] DEBUG: Schema\Builder: Entity KnowledgeBaseArticle
[2026-02-10 12:30:08] DEBUG: Schema\Builder: Entity KnowledgeBaseCategory
[2026-02-10 12:30:08] DEBUG: Schema\Builder: Entity Lead
[2026-02-10 12:30:08] DEBUG: Schema\Builder: Entity MassEmail
[2026-02-10 12:30:08] DEBUG: Schema\Builder: Entity Meeting
[2026-02-10 12:30:08] DEBUG: Schema\Builder: Entity Opportunity
[2026-02-10 12:30:08] DEBUG: Schema\Builder: Entity TargetList
[2026-02-10 12:30:08] DEBUG: Schema\Builder: Entity TargetListCategory
[2026-02-10 12:30:08] DEBUG: Schema\Builder: Entity Task
[2026-02-10 12:30:08] DEBUG: Schema\Builder: Entity CADHAR
[2026-02-10 12:30:08] DEBUG: Schema\Builder: Entity CBanks
[2026-02-10 12:30:08] DEBUG: Schema\Builder: Entity CCity
[2026-02-10 12:30:08] DEBUG: Schema\Builder: Entity CContactType
[2026-02-10 12:30:08] DEBUG: Schema\Builder: Entity CCountry
[2026-02-10 12:30:08] DEBUG: Schema\Builder: Entity CDepartment
[2026-02-10 12:30:08] DEBUG: Schema\Builder: Entity CDependantRelation
[2026-02-10 12:30:08] DEBUG: Schema\Builder: Entity CDrivingLicense
[2026-02-10 12:30:08] DEBUG: Schema\Builder: Entity CEmployee
[2026-02-10 12:30:08] DEBUG: Schema\Builder: Entity CEmployeeAddress
[2026-02-10 12:30:08] DEBUG: Schema\Builder: Entity CEmployeeBank
[2026-02-10 12:30:08] DEBUG: Schema\Builder: Entity CEmployeeContact
[2026-02-10 12:30:08] DEBUG: Schema\Builder: Entity CEmployeeDependent
[2026-02-10 12:30:08] DEBUG: Schema\Builder: Entity CEmployeeDocuments
[2026-02-10 12:30:08] DEBUG: Schema\Builder: Entity CEmployeePastExperience
[2026-02-10 12:30:08] DEBUG: Schema\Builder: Entity CPanCard
[2026-02-10 12:30:08] DEBUG: Schema\Builder: Entity CPassport
[2026-02-10 12:30:08] DEBUG: Schema\Builder: Entity CState
[2026-02-10 12:30:08] DEBUG: Schema\Builder: Entity CVoterIdCard
[2026-02-10 12:30:08] DEBUG: Schema\Builder: Entity CWorkRole
[2026-02-10 12:30:08] DEBUG: Schema\Builder: ManyMany for Email.emailAccounts
[2026-02-10 12:30:08] DEBUG: Schema\Builder: ManyMany for Email.inboundEmails
[2026-02-10 12:30:08] DEBUG: Schema\Builder: ManyMany for Email.replyToEmailAddresses
[2026-02-10 12:30:08] DEBUG: Schema\Builder: ManyMany for Email.users
[2026-02-10 12:30:08] DEBUG: Schema\Builder: ManyMany for Email.assignedUsers
[2026-02-10 12:30:08] DEBUG: Schema\Builder: ManyMany for Email.teams
[2026-02-10 12:30:08] DEBUG: Schema\Builder: ManyMany for GroupEmailFolder.teams
[2026-02-10 12:30:08] DEBUG: Schema\Builder: ManyMany for InboundEmail.teams
[2026-02-10 12:30:08] DEBUG: Schema\Builder: ManyMany for Note.users
[2026-02-10 12:30:08] DEBUG: Schema\Builder: ManyMany for Note.portals
[2026-02-10 12:30:08] DEBUG: Schema\Builder: ManyMany for Note.teams
[2026-02-10 12:30:08] DEBUG: Schema\Builder: ManyMany for Portal.articles
[2026-02-10 12:30:08] DEBUG: Schema\Builder: ManyMany for Portal.portalRoles
[2026-02-10 12:30:08] DEBUG: Schema\Builder: ManyMany for Portal.users
[2026-02-10 12:30:08] DEBUG: Schema\Builder: ManyMany for PortalRole.users
[2026-02-10 12:30:08] DEBUG: Schema\Builder: ManyMany for Role.teams
[2026-02-10 12:30:08] DEBUG: Schema\Builder: ManyMany for Role.users
[2026-02-10 12:30:08] DEBUG: Schema\Builder: ManyMany for Team.users
[2026-02-10 12:30:08] DEBUG: Schema\Builder: ManyMany for User.emailAddresses
[2026-02-10 12:30:08] DEBUG: Schema\Builder: ManyMany for User.phoneNumbers
[2026-02-10 12:30:08] DEBUG: Schema\Builder: ManyMany for User.targetLists
[2026-02-10 12:30:08] DEBUG: Schema\Builder: ManyMany for User.accounts
[2026-02-10 12:30:08] DEBUG: Schema\Builder: ManyMany for User.calls
[2026-02-10 12:30:08] DEBUG: Schema\Builder: ManyMany for User.meetings
[2026-02-10 12:30:08] DEBUG: Schema\Builder: ManyMany for User.workingTimeRanges
[2026-02-10 12:30:08] DEBUG: Schema\Builder: ManyMany for WorkingTimeCalendar.ranges
[2026-02-10 12:30:08] DEBUG: Schema\Builder: ManyMany for Account.portalUsers
[2026-02-10 12:30:08] DEBUG: Schema\Builder: Table [account_portal_user] exists.
[2026-02-10 12:30:08] DEBUG: Schema\Builder: ManyMany for Account.targetLists
[2026-02-10 12:30:08] DEBUG: Schema\Builder: ManyMany for Account.documents
[2026-02-10 12:30:08] DEBUG: Schema\Builder: ManyMany for Account.contacts
[2026-02-10 12:30:08] DEBUG: Schema\Builder: ManyMany for Call.leads
[2026-02-10 12:30:08] DEBUG: Schema\Builder: ManyMany for Call.contacts
[2026-02-10 12:30:08] DEBUG: Schema\Builder: ManyMany for Campaign.excludingTargetLists
[2026-02-10 12:30:08] DEBUG: Schema\Builder: ManyMany for Campaign.targetLists
[2026-02-10 12:30:08] DEBUG: Schema\Builder: ManyMany for Case.articles
[2026-02-10 12:30:08] DEBUG: Schema\Builder: ManyMany for Case.contacts
[2026-02-10 12:30:08] DEBUG: Schema\Builder: ManyMany for Contact.documents
[2026-02-10 12:30:08] DEBUG: Schema\Builder: ManyMany for Contact.targetLists
[2026-02-10 12:30:08] DEBUG: Schema\Builder: ManyMany for Contact.meetings
[2026-02-10 12:30:08] DEBUG: Schema\Builder: ManyMany for Contact.opportunities
[2026-02-10 12:30:08] DEBUG: Schema\Builder: ManyMany for Document.leads
[2026-02-10 12:30:08] DEBUG: Schema\Builder: ManyMany for Document.opportunities
[2026-02-10 12:30:08] DEBUG: Schema\Builder: ManyMany for KnowledgeBaseArticle.categories
[2026-02-10 12:30:08] DEBUG: Schema\Builder: ManyMany for Lead.targetLists
[2026-02-10 12:30:08] DEBUG: Schema\Builder: ManyMany for Lead.meetings
[2026-02-10 12:30:08] DEBUG: Schema\Builder: ManyMany for MassEmail.excludingTargetLists
[2026-02-10 12:30:08] DEBUG: Schema\Builder: ManyMany for MassEmail.targetLists
[2026-02-10 12:30:08] DEBUG: Schema\Builder - End
[2026-02-10 12:30:52] DEBUG: Schema\Builder - Start
[2026-02-10 12:30:52] DEBUG: Schema\Builder: Rebuild for entity types: [CEmployee] with dependent entity types: [CEmployee, Attachment, User, EmailAddress, PhoneNumber, TargetList, Lead, Document, DocumentFolder, Team, GroupEmailFolder, Email, Task, Contact, CampaignLogRecord, EmailQueueItem, MassEmail, InboundEmail, EmailFilter, EmailFolder, EmailTemplate, EmailTemplateCategory, Campaign, Template, CampaignTrackingUrl, Opportunity, Call, Account, Meeting, Case, KnowledgeBaseArticle, KnowledgeBaseCategory, Portal, AuthenticationProvider, LayoutSet, LayoutRecord, Note, PortalRole, EmailAccount, WorkingTimeCalendar, WorkingTimeRange, Role, TargetListCategory, UserData, DashboardTemplate, CPassport, CPanCard, CVoterIdCard, CDrivingLicense, CADHAR, CDepartment, CEmployeeAddress, CCountry, CEmployeePastExperience, CWorkRole, CCity, CState, CBanks, CEmployeeBank, CEmployeeDocuments, CEmployeeContact, CContactType, CEmployeeDependent, CDependantRelation]
[2026-02-10 12:30:52] DEBUG: Schema\Builder: Entity Attachment
[2026-02-10 12:30:52] DEBUG: Schema\Builder: Entity AuthenticationProvider
[2026-02-10 12:30:52] DEBUG: Schema\Builder: Entity DashboardTemplate
[2026-02-10 12:30:52] DEBUG: Schema\Builder: Entity Email
[2026-02-10 12:30:52] DEBUG: Schema\Builder: Entity EmailAccount
[2026-02-10 12:30:52] DEBUG: Schema\Builder: Entity EmailAddress
[2026-02-10 12:30:52] DEBUG: Schema\Builder: Entity EmailFilter
[2026-02-10 12:30:52] DEBUG: Schema\Builder: Entity EmailFolder
[2026-02-10 12:30:52] DEBUG: Schema\Builder: Entity EmailTemplate
[2026-02-10 12:30:52] DEBUG: Schema\Builder: Entity EmailTemplateCategory
[2026-02-10 12:30:52] DEBUG: Schema\Builder: Entity GroupEmailFolder
[2026-02-10 12:30:52] DEBUG: Schema\Builder: Entity InboundEmail
[2026-02-10 12:30:52] DEBUG: Schema\Builder: Entity LayoutRecord
[2026-02-10 12:30:52] DEBUG: Schema\Builder: Entity LayoutSet
[2026-02-10 12:30:52] DEBUG: Schema\Builder: Entity Note
[2026-02-10 12:30:52] DEBUG: Schema\Builder: Entity PhoneNumber
[2026-02-10 12:30:52] DEBUG: Schema\Builder: Entity Portal
[2026-02-10 12:30:52] DEBUG: Schema\Builder: Entity PortalRole
[2026-02-10 12:30:52] DEBUG: Schema\Builder: Entity Role
[2026-02-10 12:30:52] DEBUG: Schema\Builder: Entity Team
[2026-02-10 12:30:52] DEBUG: Schema\Builder: Entity Template
[2026-02-10 12:30:52] DEBUG: Schema\Builder: Entity User
[2026-02-10 12:30:52] DEBUG: Schema\Builder: Entity UserData
[2026-02-10 12:30:52] DEBUG: Schema\Builder: Entity WorkingTimeCalendar
[2026-02-10 12:30:52] DEBUG: Schema\Builder: Entity WorkingTimeRange
[2026-02-10 12:30:52] DEBUG: Schema\Builder: Entity Account
[2026-02-10 12:30:52] DEBUG: Schema\Builder: Entity Call
[2026-02-10 12:30:52] DEBUG: Schema\Builder: Entity Campaign
[2026-02-10 12:30:52] DEBUG: Schema\Builder: Entity CampaignLogRecord
[2026-02-10 12:30:52] DEBUG: Schema\Builder: Entity CampaignTrackingUrl
[2026-02-10 12:30:52] DEBUG: Schema\Builder: Entity Case
[2026-02-10 12:30:52] DEBUG: Schema\Builder: Entity Contact
[2026-02-10 12:30:52] DEBUG: Schema\Builder: Entity Document
[2026-02-10 12:30:52] DEBUG: Schema\Builder: Entity DocumentFolder
[2026-02-10 12:30:52] DEBUG: Schema\Builder: Entity EmailQueueItem
[2026-02-10 12:30:52] DEBUG: Schema\Builder: Entity KnowledgeBaseArticle
[2026-02-10 12:30:52] DEBUG: Schema\Builder: Entity KnowledgeBaseCategory
[2026-02-10 12:30:52] DEBUG: Schema\Builder: Entity Lead
[2026-02-10 12:30:52] DEBUG: Schema\Builder: Entity MassEmail
[2026-02-10 12:30:52] DEBUG: Schema\Builder: Entity Meeting
[2026-02-10 12:30:52] DEBUG: Schema\Builder: Entity Opportunity
[2026-02-10 12:30:52] DEBUG: Schema\Builder: Entity TargetList
[2026-02-10 12:30:52] DEBUG: Schema\Builder: Entity TargetListCategory
[2026-02-10 12:30:52] DEBUG: Schema\Builder: Entity Task
[2026-02-10 12:30:52] DEBUG: Schema\Builder: Entity CADHAR
[2026-02-10 12:30:52] DEBUG: Schema\Builder: Entity CBanks
[2026-02-10 12:30:52] DEBUG: Schema\Builder: Entity CCity
[2026-02-10 12:30:52] DEBUG: Schema\Builder: Entity CContactType
[2026-02-10 12:30:52] DEBUG: Schema\Builder: Entity CCountry
[2026-02-10 12:30:52] DEBUG: Schema\Builder: Entity CDepartment
[2026-02-10 12:30:52] DEBUG: Schema\Builder: Entity CDependantRelation
[2026-02-10 12:30:52] DEBUG: Schema\Builder: Entity CDrivingLicense
[2026-02-10 12:30:52] DEBUG: Schema\Builder: Entity CEmployee
[2026-02-10 12:30:52] DEBUG: Schema\Builder: Entity CEmployeeAddress
[2026-02-10 12:30:52] DEBUG: Schema\Builder: Entity CEmployeeBank
[2026-02-10 12:30:52] DEBUG: Schema\Builder: Entity CEmployeeContact
[2026-02-10 12:30:52] DEBUG: Schema\Builder: Entity CEmployeeDependent
[2026-02-10 12:30:52] DEBUG: Schema\Builder: Entity CEmployeeDocuments
[2026-02-10 12:30:52] DEBUG: Schema\Builder: Entity CEmployeePastExperience
[2026-02-10 12:30:52] DEBUG: Schema\Builder: Entity CPanCard
[2026-02-10 12:30:52] DEBUG: Schema\Builder: Entity CPassport
[2026-02-10 12:30:52] DEBUG: Schema\Builder: Entity CState
[2026-02-10 12:30:52] DEBUG: Schema\Builder: Entity CVoterIdCard
[2026-02-10 12:30:52] DEBUG: Schema\Builder: Entity CWorkRole
[2026-02-10 12:30:52] DEBUG: Schema\Builder: ManyMany for Email.emailAccounts
[2026-02-10 12:30:52] DEBUG: Schema\Builder: ManyMany for Email.inboundEmails
[2026-02-10 12:30:52] DEBUG: Schema\Builder: ManyMany for Email.replyToEmailAddresses
[2026-02-10 12:30:52] DEBUG: Schema\Builder: ManyMany for Email.users
[2026-02-10 12:30:52] DEBUG: Schema\Builder: ManyMany for Email.assignedUsers
[2026-02-10 12:30:52] DEBUG: Schema\Builder: ManyMany for Email.teams
[2026-02-10 12:30:52] DEBUG: Schema\Builder: ManyMany for GroupEmailFolder.teams
[2026-02-10 12:30:52] DEBUG: Schema\Builder: ManyMany for InboundEmail.teams
[2026-02-10 12:30:52] DEBUG: Schema\Builder: ManyMany for Note.users
[2026-02-10 12:30:52] DEBUG: Schema\Builder: ManyMany for Note.portals
[2026-02-10 12:30:52] DEBUG: Schema\Builder: ManyMany for Note.teams
[2026-02-10 12:30:52] DEBUG: Schema\Builder: ManyMany for Portal.articles
[2026-02-10 12:30:52] DEBUG: Schema\Builder: ManyMany for Portal.portalRoles
[2026-02-10 12:30:52] DEBUG: Schema\Builder: ManyMany for Portal.users
[2026-02-10 12:30:52] DEBUG: Schema\Builder: ManyMany for PortalRole.users
[2026-02-10 12:30:52] DEBUG: Schema\Builder: ManyMany for Role.teams
[2026-02-10 12:30:52] DEBUG: Schema\Builder: ManyMany for Role.users
[2026-02-10 12:30:52] DEBUG: Schema\Builder: ManyMany for Team.users
[2026-02-10 12:30:52] DEBUG: Schema\Builder: ManyMany for User.emailAddresses
[2026-02-10 12:30:52] DEBUG: Schema\Builder: ManyMany for User.phoneNumbers
[2026-02-10 12:30:52] DEBUG: Schema\Builder: ManyMany for User.targetLists
[2026-02-10 12:30:52] DEBUG: Schema\Builder: ManyMany for User.accounts
[2026-02-10 12:30:52] DEBUG: Schema\Builder: ManyMany for User.calls
[2026-02-10 12:30:52] DEBUG: Schema\Builder: ManyMany for User.meetings
[2026-02-10 12:30:52] DEBUG: Schema\Builder: ManyMany for User.workingTimeRanges
[2026-02-10 12:30:52] DEBUG: Schema\Builder: ManyMany for WorkingTimeCalendar.ranges
[2026-02-10 12:30:52] DEBUG: Schema\Builder: ManyMany for Account.portalUsers
[2026-02-10 12:30:52] DEBUG: Schema\Builder: Table [account_portal_user] exists.
[2026-02-10 12:30:52] DEBUG: Schema\Builder: ManyMany for Account.targetLists
[2026-02-10 12:30:52] DEBUG: Schema\Builder: ManyMany for Account.documents
[2026-02-10 12:30:52] DEBUG: Schema\Builder: ManyMany for Account.contacts
[2026-02-10 12:30:52] DEBUG: Schema\Builder: ManyMany for Call.leads
[2026-02-10 12:30:52] DEBUG: Schema\Builder: ManyMany for Call.contacts
[2026-02-10 12:30:52] DEBUG: Schema\Builder: ManyMany for Campaign.excludingTargetLists
[2026-02-10 12:30:52] DEBUG: Schema\Builder: ManyMany for Campaign.targetLists
[2026-02-10 12:30:52] DEBUG: Schema\Builder: ManyMany for Case.articles
[2026-02-10 12:30:52] DEBUG: Schema\Builder: ManyMany for Case.contacts
[2026-02-10 12:30:52] DEBUG: Schema\Builder: ManyMany for Contact.documents
[2026-02-10 12:30:52] DEBUG: Schema\Builder: ManyMany for Contact.targetLists
[2026-02-10 12:30:52] DEBUG: Schema\Builder: ManyMany for Contact.meetings
[2026-02-10 12:30:52] DEBUG: Schema\Builder: ManyMany for Contact.opportunities
[2026-02-10 12:30:52] DEBUG: Schema\Builder: ManyMany for Document.leads
[2026-02-10 12:30:52] DEBUG: Schema\Builder: ManyMany for Document.opportunities
[2026-02-10 12:30:52] DEBUG: Schema\Builder: ManyMany for KnowledgeBaseArticle.categories
[2026-02-10 12:30:52] DEBUG: Schema\Builder: ManyMany for Lead.targetLists
[2026-02-10 12:30:52] DEBUG: Schema\Builder: ManyMany for Lead.meetings
[2026-02-10 12:30:52] DEBUG: Schema\Builder: ManyMany for MassEmail.excludingTargetLists
[2026-02-10 12:30:52] DEBUG: Schema\Builder: ManyMany for MassEmail.targetLists
[2026-02-10 12:30:52] DEBUG: Schema\Builder - End
[2026-02-10 12:30:52] WARNING: E_WARNING: rename(data\tmp\tmp599A.tmp,data/cache/application/classmapEntities.php): Access is denied (code: 5)
[2026-02-10 12:32:09] DEBUG: Schema\Builder - Start
[2026-02-10 12:32:09] DEBUG: Schema\Builder: Rebuild for entity types: [CEmployee] with dependent entity types: [CEmployee, Attachment, User, EmailAddress, PhoneNumber, TargetList, Lead, Document, DocumentFolder, Team, GroupEmailFolder, Email, Task, Contact, CampaignLogRecord, EmailQueueItem, MassEmail, InboundEmail, EmailFilter, EmailFolder, EmailTemplate, EmailTemplateCategory, Campaign, Template, CampaignTrackingUrl, Opportunity, Call, Account, Meeting, Case, KnowledgeBaseArticle, KnowledgeBaseCategory, Portal, AuthenticationProvider, LayoutSet, LayoutRecord, Note, PortalRole, EmailAccount, WorkingTimeCalendar, WorkingTimeRange, Role, TargetListCategory, UserData, DashboardTemplate, CPassport, CPanCard, CVoterIdCard, CDrivingLicense, CADHAR, CDepartment, CEmployeeAddress, CCountry, CEmployeePastExperience, CWorkRole, CCity, CState, CBanks, CEmployeeBank, CEmployeeDocuments, CEmployeeContact, CContactType, CEmployeeDependent, CDependantRelation]
[2026-02-10 12:32:09] DEBUG: Schema\Builder: Entity Attachment
[2026-02-10 12:32:09] DEBUG: Schema\Builder: Entity AuthenticationProvider
[2026-02-10 12:32:09] DEBUG: Schema\Builder: Entity DashboardTemplate
[2026-02-10 12:32:09] DEBUG: Schema\Builder: Entity Email
[2026-02-10 12:32:09] DEBUG: Schema\Builder: Entity EmailAccount
[2026-02-10 12:32:09] DEBUG: Schema\Builder: Entity EmailAddress
[2026-02-10 12:32:09] DEBUG: Schema\Builder: Entity EmailFilter
[2026-02-10 12:32:09] DEBUG: Schema\Builder: Entity EmailFolder
[2026-02-10 12:32:09] DEBUG: Schema\Builder: Entity EmailTemplate
[2026-02-10 12:32:09] DEBUG: Schema\Builder: Entity EmailTemplateCategory
[2026-02-10 12:32:09] DEBUG: Schema\Builder: Entity GroupEmailFolder
[2026-02-10 12:32:09] DEBUG: Schema\Builder: Entity InboundEmail
[2026-02-10 12:32:09] DEBUG: Schema\Builder: Entity LayoutRecord
[2026-02-10 12:32:09] DEBUG: Schema\Builder: Entity LayoutSet
[2026-02-10 12:32:09] DEBUG: Schema\Builder: Entity Note
[2026-02-10 12:32:09] DEBUG: Schema\Builder: Entity PhoneNumber
[2026-02-10 12:32:09] DEBUG: Schema\Builder: Entity Portal
[2026-02-10 12:32:09] DEBUG: Schema\Builder: Entity PortalRole
[2026-02-10 12:32:09] DEBUG: Schema\Builder: Entity Role
[2026-02-10 12:32:09] DEBUG: Schema\Builder: Entity Team
[2026-02-10 12:32:09] DEBUG: Schema\Builder: Entity Template
[2026-02-10 12:32:09] DEBUG: Schema\Builder: Entity User
[2026-02-10 12:32:09] DEBUG: Schema\Builder: Entity UserData
[2026-02-10 12:32:09] DEBUG: Schema\Builder: Entity WorkingTimeCalendar
[2026-02-10 12:32:09] DEBUG: Schema\Builder: Entity WorkingTimeRange
[2026-02-10 12:32:09] DEBUG: Schema\Builder: Entity Account
[2026-02-10 12:32:09] DEBUG: Schema\Builder: Entity Call
[2026-02-10 12:32:09] DEBUG: Schema\Builder: Entity Campaign
[2026-02-10 12:32:09] DEBUG: Schema\Builder: Entity CampaignLogRecord
[2026-02-10 12:32:09] DEBUG: Schema\Builder: Entity CampaignTrackingUrl
[2026-02-10 12:32:09] DEBUG: Schema\Builder: Entity Case
[2026-02-10 12:32:09] DEBUG: Schema\Builder: Entity Contact
[2026-02-10 12:32:09] DEBUG: Schema\Builder: Entity Document
[2026-02-10 12:32:09] DEBUG: Schema\Builder: Entity DocumentFolder
[2026-02-10 12:32:09] DEBUG: Schema\Builder: Entity EmailQueueItem
[2026-02-10 12:32:09] DEBUG: Schema\Builder: Entity KnowledgeBaseArticle
[2026-02-10 12:32:09] DEBUG: Schema\Builder: Entity KnowledgeBaseCategory
[2026-02-10 12:32:09] DEBUG: Schema\Builder: Entity Lead
[2026-02-10 12:32:09] DEBUG: Schema\Builder: Entity MassEmail
[2026-02-10 12:32:09] DEBUG: Schema\Builder: Entity Meeting
[2026-02-10 12:32:09] DEBUG: Schema\Builder: Entity Opportunity
[2026-02-10 12:32:09] DEBUG: Schema\Builder: Entity TargetList
[2026-02-10 12:32:09] DEBUG: Schema\Builder: Entity TargetListCategory
[2026-02-10 12:32:09] DEBUG: Schema\Builder: Entity Task
[2026-02-10 12:32:09] DEBUG: Schema\Builder: Entity CADHAR
[2026-02-10 12:32:09] DEBUG: Schema\Builder: Entity CBanks
[2026-02-10 12:32:09] DEBUG: Schema\Builder: Entity CCity
[2026-02-10 12:32:09] DEBUG: Schema\Builder: Entity CContactType
[2026-02-10 12:32:09] DEBUG: Schema\Builder: Entity CCountry
[2026-02-10 12:32:09] DEBUG: Schema\Builder: Entity CDepartment
[2026-02-10 12:32:09] DEBUG: Schema\Builder: Entity CDependantRelation
[2026-02-10 12:32:09] DEBUG: Schema\Builder: Entity CDrivingLicense
[2026-02-10 12:32:09] DEBUG: Schema\Builder: Entity CEmployee
[2026-02-10 12:32:09] DEBUG: Schema\Builder: Entity CEmployeeAddress
[2026-02-10 12:32:09] DEBUG: Schema\Builder: Entity CEmployeeBank
[2026-02-10 12:32:09] DEBUG: Schema\Builder: Entity CEmployeeContact
[2026-02-10 12:32:09] DEBUG: Schema\Builder: Entity CEmployeeDependent
[2026-02-10 12:32:09] DEBUG: Schema\Builder: Entity CEmployeeDocuments
[2026-02-10 12:32:09] DEBUG: Schema\Builder: Entity CEmployeePastExperience
[2026-02-10 12:32:09] DEBUG: Schema\Builder: Entity CPanCard
[2026-02-10 12:32:09] DEBUG: Schema\Builder: Entity CPassport
[2026-02-10 12:32:09] DEBUG: Schema\Builder: Entity CState
[2026-02-10 12:32:09] DEBUG: Schema\Builder: Entity CVoterIdCard
[2026-02-10 12:32:09] DEBUG: Schema\Builder: Entity CWorkRole
[2026-02-10 12:32:09] DEBUG: Schema\Builder: ManyMany for Email.emailAccounts
[2026-02-10 12:32:09] DEBUG: Schema\Builder: ManyMany for Email.inboundEmails
[2026-02-10 12:32:09] DEBUG: Schema\Builder: ManyMany for Email.replyToEmailAddresses
[2026-02-10 12:32:09] DEBUG: Schema\Builder: ManyMany for Email.users
[2026-02-10 12:32:09] DEBUG: Schema\Builder: ManyMany for Email.assignedUsers
[2026-02-10 12:32:09] DEBUG: Schema\Builder: ManyMany for Email.teams
[2026-02-10 12:32:09] DEBUG: Schema\Builder: ManyMany for GroupEmailFolder.teams
[2026-02-10 12:32:09] DEBUG: Schema\Builder: ManyMany for InboundEmail.teams
[2026-02-10 12:32:09] DEBUG: Schema\Builder: ManyMany for Note.users
[2026-02-10 12:32:09] DEBUG: Schema\Builder: ManyMany for Note.portals
[2026-02-10 12:32:09] DEBUG: Schema\Builder: ManyMany for Note.teams
[2026-02-10 12:32:09] DEBUG: Schema\Builder: ManyMany for Portal.articles
[2026-02-10 12:32:09] DEBUG: Schema\Builder: ManyMany for Portal.portalRoles
[2026-02-10 12:32:09] DEBUG: Schema\Builder: ManyMany for Portal.users
[2026-02-10 12:32:09] DEBUG: Schema\Builder: ManyMany for PortalRole.users
[2026-02-10 12:32:09] DEBUG: Schema\Builder: ManyMany for Role.teams
[2026-02-10 12:32:09] DEBUG: Schema\Builder: ManyMany for Role.users
[2026-02-10 12:32:09] DEBUG: Schema\Builder: ManyMany for Team.users
[2026-02-10 12:32:09] DEBUG: Schema\Builder: ManyMany for User.emailAddresses
[2026-02-10 12:32:09] DEBUG: Schema\Builder: ManyMany for User.phoneNumbers
[2026-02-10 12:32:09] DEBUG: Schema\Builder: ManyMany for User.targetLists
[2026-02-10 12:32:09] DEBUG: Schema\Builder: ManyMany for User.accounts
[2026-02-10 12:32:09] DEBUG: Schema\Builder: ManyMany for User.calls
[2026-02-10 12:32:09] DEBUG: Schema\Builder: ManyMany for User.meetings
[2026-02-10 12:32:09] DEBUG: Schema\Builder: ManyMany for User.workingTimeRanges
[2026-02-10 12:32:09] DEBUG: Schema\Builder: ManyMany for WorkingTimeCalendar.ranges
[2026-02-10 12:32:09] DEBUG: Schema\Builder: ManyMany for Account.portalUsers
[2026-02-10 12:32:09] DEBUG: Schema\Builder: Table [account_portal_user] exists.
[2026-02-10 12:32:09] DEBUG: Schema\Builder: ManyMany for Account.targetLists
[2026-02-10 12:32:09] DEBUG: Schema\Builder: ManyMany for Account.documents
[2026-02-10 12:32:09] DEBUG: Schema\Builder: ManyMany for Account.contacts
[2026-02-10 12:32:09] DEBUG: Schema\Builder: ManyMany for Call.leads
[2026-02-10 12:32:09] DEBUG: Schema\Builder: ManyMany for Call.contacts
[2026-02-10 12:32:09] DEBUG: Schema\Builder: ManyMany for Campaign.excludingTargetLists
[2026-02-10 12:32:09] DEBUG: Schema\Builder: ManyMany for Campaign.targetLists
[2026-02-10 12:32:09] DEBUG: Schema\Builder: ManyMany for Case.articles
[2026-02-10 12:32:09] DEBUG: Schema\Builder: ManyMany for Case.contacts
[2026-02-10 12:32:09] DEBUG: Schema\Builder: ManyMany for Contact.documents
[2026-02-10 12:32:09] DEBUG: Schema\Builder: ManyMany for Contact.targetLists
[2026-02-10 12:32:09] DEBUG: Schema\Builder: ManyMany for Contact.meetings
[2026-02-10 12:32:09] DEBUG: Schema\Builder: ManyMany for Contact.opportunities
[2026-02-10 12:32:09] DEBUG: Schema\Builder: ManyMany for Document.leads
[2026-02-10 12:32:09] DEBUG: Schema\Builder: ManyMany for Document.opportunities
[2026-02-10 12:32:09] DEBUG: Schema\Builder: ManyMany for KnowledgeBaseArticle.categories
[2026-02-10 12:32:09] DEBUG: Schema\Builder: ManyMany for Lead.targetLists
[2026-02-10 12:32:09] DEBUG: Schema\Builder: ManyMany for Lead.meetings
[2026-02-10 12:32:09] DEBUG: Schema\Builder: ManyMany for MassEmail.excludingTargetLists
[2026-02-10 12:32:09] DEBUG: Schema\Builder: ManyMany for MassEmail.targetLists
[2026-02-10 12:32:09] DEBUG: Schema\Builder - End
[2026-02-10 12:32:38] DEBUG: Schema\Builder - Start
[2026-02-10 12:32:38] DEBUG: Schema\Builder: Rebuild for entity types: [CEmployee] with dependent entity types: [CEmployee, Attachment, User, EmailAddress, PhoneNumber, TargetList, Lead, Document, DocumentFolder, Team, GroupEmailFolder, Email, Task, Contact, CampaignLogRecord, EmailQueueItem, MassEmail, InboundEmail, EmailFilter, EmailFolder, EmailTemplate, EmailTemplateCategory, Campaign, Template, CampaignTrackingUrl, Opportunity, Call, Account, Meeting, Case, KnowledgeBaseArticle, KnowledgeBaseCategory, Portal, AuthenticationProvider, LayoutSet, LayoutRecord, Note, PortalRole, EmailAccount, WorkingTimeCalendar, WorkingTimeRange, Role, TargetListCategory, UserData, DashboardTemplate, CPassport, CPanCard, CVoterIdCard, CDrivingLicense, CADHAR, CDepartment, CEmployeeAddress, CCountry, CEmployeePastExperience, CWorkRole, CCity, CState, CBanks, CEmployeeBank, CEmployeeDocuments, CEmployeeContact, CContactType, CEmployeeDependent, CDependantRelation]
[2026-02-10 12:32:38] DEBUG: Schema\Builder: Entity Attachment
[2026-02-10 12:32:38] DEBUG: Schema\Builder: Entity AuthenticationProvider
[2026-02-10 12:32:38] DEBUG: Schema\Builder: Entity DashboardTemplate
[2026-02-10 12:32:38] DEBUG: Schema\Builder: Entity Email
[2026-02-10 12:32:38] DEBUG: Schema\Builder: Entity EmailAccount
[2026-02-10 12:32:38] DEBUG: Schema\Builder: Entity EmailAddress
[2026-02-10 12:32:38] DEBUG: Schema\Builder: Entity EmailFilter
[2026-02-10 12:32:38] DEBUG: Schema\Builder: Entity EmailFolder
[2026-02-10 12:32:38] DEBUG: Schema\Builder: Entity EmailTemplate
[2026-02-10 12:32:38] DEBUG: Schema\Builder: Entity EmailTemplateCategory
[2026-02-10 12:32:38] DEBUG: Schema\Builder: Entity GroupEmailFolder
[2026-02-10 12:32:38] DEBUG: Schema\Builder: Entity InboundEmail
[2026-02-10 12:32:38] DEBUG: Schema\Builder: Entity LayoutRecord
[2026-02-10 12:32:38] DEBUG: Schema\Builder: Entity LayoutSet
[2026-02-10 12:32:38] DEBUG: Schema\Builder: Entity Note
[2026-02-10 12:32:38] DEBUG: Schema\Builder: Entity PhoneNumber
[2026-02-10 12:32:38] DEBUG: Schema\Builder: Entity Portal
[2026-02-10 12:32:38] DEBUG: Schema\Builder: Entity PortalRole
[2026-02-10 12:32:38] DEBUG: Schema\Builder: Entity Role
[2026-02-10 12:32:38] DEBUG: Schema\Builder: Entity Team
[2026-02-10 12:32:38] DEBUG: Schema\Builder: Entity Template
[2026-02-10 12:32:38] DEBUG: Schema\Builder: Entity User
[2026-02-10 12:32:38] DEBUG: Schema\Builder: Entity UserData
[2026-02-10 12:32:38] DEBUG: Schema\Builder: Entity WorkingTimeCalendar
[2026-02-10 12:32:38] DEBUG: Schema\Builder: Entity WorkingTimeRange
[2026-02-10 12:32:38] DEBUG: Schema\Builder: Entity Account
[2026-02-10 12:32:38] DEBUG: Schema\Builder: Entity Call
[2026-02-10 12:32:38] DEBUG: Schema\Builder: Entity Campaign
[2026-02-10 12:32:38] DEBUG: Schema\Builder: Entity CampaignLogRecord
[2026-02-10 12:32:38] DEBUG: Schema\Builder: Entity CampaignTrackingUrl
[2026-02-10 12:32:38] DEBUG: Schema\Builder: Entity Case
[2026-02-10 12:32:38] DEBUG: Schema\Builder: Entity Contact
[2026-02-10 12:32:38] DEBUG: Schema\Builder: Entity Document
[2026-02-10 12:32:38] DEBUG: Schema\Builder: Entity DocumentFolder
[2026-02-10 12:32:38] DEBUG: Schema\Builder: Entity EmailQueueItem
[2026-02-10 12:32:38] DEBUG: Schema\Builder: Entity KnowledgeBaseArticle
[2026-02-10 12:32:38] DEBUG: Schema\Builder: Entity KnowledgeBaseCategory
[2026-02-10 12:32:38] DEBUG: Schema\Builder: Entity Lead
[2026-02-10 12:32:38] DEBUG: Schema\Builder: Entity MassEmail
[2026-02-10 12:32:38] DEBUG: Schema\Builder: Entity Meeting
[2026-02-10 12:32:38] DEBUG: Schema\Builder: Entity Opportunity
[2026-02-10 12:32:38] DEBUG: Schema\Builder: Entity TargetList
[2026-02-10 12:32:38] DEBUG: Schema\Builder: Entity TargetListCategory
[2026-02-10 12:32:38] DEBUG: Schema\Builder: Entity Task
[2026-02-10 12:32:38] DEBUG: Schema\Builder: Entity CADHAR
[2026-02-10 12:32:38] DEBUG: Schema\Builder: Entity CBanks
[2026-02-10 12:32:38] DEBUG: Schema\Builder: Entity CCity
[2026-02-10 12:32:38] DEBUG: Schema\Builder: Entity CContactType
[2026-02-10 12:32:38] DEBUG: Schema\Builder: Entity CCountry
[2026-02-10 12:32:38] DEBUG: Schema\Builder: Entity CDepartment
[2026-02-10 12:32:38] DEBUG: Schema\Builder: Entity CDependantRelation
[2026-02-10 12:32:38] DEBUG: Schema\Builder: Entity CDrivingLicense
[2026-02-10 12:32:38] DEBUG: Schema\Builder: Entity CEmployee
[2026-02-10 12:32:38] DEBUG: Schema\Builder: Entity CEmployeeAddress
[2026-02-10 12:32:38] DEBUG: Schema\Builder: Entity CEmployeeBank
[2026-02-10 12:32:38] DEBUG: Schema\Builder: Entity CEmployeeContact
[2026-02-10 12:32:38] DEBUG: Schema\Builder: Entity CEmployeeDependent
[2026-02-10 12:32:38] DEBUG: Schema\Builder: Entity CEmployeeDocuments
[2026-02-10 12:32:38] DEBUG: Schema\Builder: Entity CEmployeePastExperience
[2026-02-10 12:32:38] DEBUG: Schema\Builder: Entity CPanCard
[2026-02-10 12:32:38] DEBUG: Schema\Builder: Entity CPassport
[2026-02-10 12:32:38] DEBUG: Schema\Builder: Entity CState
[2026-02-10 12:32:38] DEBUG: Schema\Builder: Entity CVoterIdCard
[2026-02-10 12:32:38] DEBUG: Schema\Builder: Entity CWorkRole
[2026-02-10 12:32:38] DEBUG: Schema\Builder: ManyMany for Email.emailAccounts
[2026-02-10 12:32:38] DEBUG: Schema\Builder: ManyMany for Email.inboundEmails
[2026-02-10 12:32:38] DEBUG: Schema\Builder: ManyMany for Email.replyToEmailAddresses
[2026-02-10 12:32:38] DEBUG: Schema\Builder: ManyMany for Email.users
[2026-02-10 12:32:38] DEBUG: Schema\Builder: ManyMany for Email.assignedUsers
[2026-02-10 12:32:38] DEBUG: Schema\Builder: ManyMany for Email.teams
[2026-02-10 12:32:38] DEBUG: Schema\Builder: ManyMany for GroupEmailFolder.teams
[2026-02-10 12:32:38] DEBUG: Schema\Builder: ManyMany for InboundEmail.teams
[2026-02-10 12:32:38] DEBUG: Schema\Builder: ManyMany for Note.users
[2026-02-10 12:32:38] DEBUG: Schema\Builder: ManyMany for Note.portals
[2026-02-10 12:32:38] DEBUG: Schema\Builder: ManyMany for Note.teams
[2026-02-10 12:32:38] DEBUG: Schema\Builder: ManyMany for Portal.articles
[2026-02-10 12:32:38] DEBUG: Schema\Builder: ManyMany for Portal.portalRoles
[2026-02-10 12:32:38] DEBUG: Schema\Builder: ManyMany for Portal.users
[2026-02-10 12:32:38] DEBUG: Schema\Builder: ManyMany for PortalRole.users
[2026-02-10 12:32:38] DEBUG: Schema\Builder: ManyMany for Role.teams
[2026-02-10 12:32:38] DEBUG: Schema\Builder: ManyMany for Role.users
[2026-02-10 12:32:38] DEBUG: Schema\Builder: ManyMany for Team.users
[2026-02-10 12:32:38] DEBUG: Schema\Builder: ManyMany for User.emailAddresses
[2026-02-10 12:32:38] DEBUG: Schema\Builder: ManyMany for User.phoneNumbers
[2026-02-10 12:32:38] DEBUG: Schema\Builder: ManyMany for User.targetLists
[2026-02-10 12:32:38] DEBUG: Schema\Builder: ManyMany for User.accounts
[2026-02-10 12:32:38] DEBUG: Schema\Builder: ManyMany for User.calls
[2026-02-10 12:32:38] DEBUG: Schema\Builder: ManyMany for User.meetings
[2026-02-10 12:32:38] DEBUG: Schema\Builder: ManyMany for User.workingTimeRanges
[2026-02-10 12:32:38] DEBUG: Schema\Builder: ManyMany for WorkingTimeCalendar.ranges
[2026-02-10 12:32:38] DEBUG: Schema\Builder: ManyMany for Account.portalUsers
[2026-02-10 12:32:38] DEBUG: Schema\Builder: Table [account_portal_user] exists.
[2026-02-10 12:32:38] DEBUG: Schema\Builder: ManyMany for Account.targetLists
[2026-02-10 12:32:38] DEBUG: Schema\Builder: ManyMany for Account.documents
[2026-02-10 12:32:38] DEBUG: Schema\Builder: ManyMany for Account.contacts
[2026-02-10 12:32:38] DEBUG: Schema\Builder: ManyMany for Call.leads
[2026-02-10 12:32:38] DEBUG: Schema\Builder: ManyMany for Call.contacts
[2026-02-10 12:32:38] DEBUG: Schema\Builder: ManyMany for Campaign.excludingTargetLists
[2026-02-10 12:32:38] DEBUG: Schema\Builder: ManyMany for Campaign.targetLists
[2026-02-10 12:32:38] DEBUG: Schema\Builder: ManyMany for Case.articles
[2026-02-10 12:32:38] DEBUG: Schema\Builder: ManyMany for Case.contacts
[2026-02-10 12:32:38] DEBUG: Schema\Builder: ManyMany for Contact.documents
[2026-02-10 12:32:38] DEBUG: Schema\Builder: ManyMany for Contact.targetLists
[2026-02-10 12:32:38] DEBUG: Schema\Builder: ManyMany for Contact.meetings
[2026-02-10 12:32:38] DEBUG: Schema\Builder: ManyMany for Contact.opportunities
[2026-02-10 12:32:38] DEBUG: Schema\Builder: ManyMany for Document.leads
[2026-02-10 12:32:38] DEBUG: Schema\Builder: ManyMany for Document.opportunities
[2026-02-10 12:32:38] DEBUG: Schema\Builder: ManyMany for KnowledgeBaseArticle.categories
[2026-02-10 12:32:38] DEBUG: Schema\Builder: ManyMany for Lead.targetLists
[2026-02-10 12:32:38] DEBUG: Schema\Builder: ManyMany for Lead.meetings
[2026-02-10 12:32:38] DEBUG: Schema\Builder: ManyMany for MassEmail.excludingTargetLists
[2026-02-10 12:32:38] DEBUG: Schema\Builder: ManyMany for MassEmail.targetLists
[2026-02-10 12:32:38] DEBUG: Schema\Builder - End
[2026-02-10 12:33:19] DEBUG: Schema\Builder - Start
[2026-02-10 12:33:19] DEBUG: Schema\Builder: Rebuild for entity types: [CEmployee] with dependent entity types: [CEmployee, Attachment, User, EmailAddress, PhoneNumber, TargetList, Lead, Document, DocumentFolder, Team, GroupEmailFolder, Email, Task, Contact, CampaignLogRecord, EmailQueueItem, MassEmail, InboundEmail, EmailFilter, EmailFolder, EmailTemplate, EmailTemplateCategory, Campaign, Template, CampaignTrackingUrl, Opportunity, Call, Account, Meeting, Case, KnowledgeBaseArticle, KnowledgeBaseCategory, Portal, AuthenticationProvider, LayoutSet, LayoutRecord, Note, PortalRole, EmailAccount, WorkingTimeCalendar, WorkingTimeRange, Role, TargetListCategory, UserData, DashboardTemplate, CPassport, CPanCard, CVoterIdCard, CDrivingLicense, CADHAR, CDepartment, CEmployeeAddress, CCountry, CEmployeePastExperience, CWorkRole, CCity, CState, CBanks, CEmployeeBank, CEmployeeDocuments, CEmployeeContact, CContactType, CEmployeeDependent, CDependantRelation]
[2026-02-10 12:33:19] DEBUG: Schema\Builder: Entity Attachment
[2026-02-10 12:33:19] DEBUG: Schema\Builder: Entity AuthenticationProvider
[2026-02-10 12:33:19] DEBUG: Schema\Builder: Entity DashboardTemplate
[2026-02-10 12:33:19] DEBUG: Schema\Builder: Entity Email
[2026-02-10 12:33:19] DEBUG: Schema\Builder: Entity EmailAccount
[2026-02-10 12:33:19] DEBUG: Schema\Builder: Entity EmailAddress
[2026-02-10 12:33:19] DEBUG: Schema\Builder: Entity EmailFilter
[2026-02-10 12:33:19] DEBUG: Schema\Builder: Entity EmailFolder
[2026-02-10 12:33:19] DEBUG: Schema\Builder: Entity EmailTemplate
[2026-02-10 12:33:19] DEBUG: Schema\Builder: Entity EmailTemplateCategory
[2026-02-10 12:33:19] DEBUG: Schema\Builder: Entity GroupEmailFolder
[2026-02-10 12:33:19] DEBUG: Schema\Builder: Entity InboundEmail
[2026-02-10 12:33:19] DEBUG: Schema\Builder: Entity LayoutRecord
[2026-02-10 12:33:19] DEBUG: Schema\Builder: Entity LayoutSet
[2026-02-10 12:33:19] DEBUG: Schema\Builder: Entity Note
[2026-02-10 12:33:19] DEBUG: Schema\Builder: Entity PhoneNumber
[2026-02-10 12:33:19] DEBUG: Schema\Builder: Entity Portal
[2026-02-10 12:33:19] DEBUG: Schema\Builder: Entity PortalRole
[2026-02-10 12:33:19] DEBUG: Schema\Builder: Entity Role
[2026-02-10 12:33:19] DEBUG: Schema\Builder: Entity Team
[2026-02-10 12:33:19] DEBUG: Schema\Builder: Entity Template
[2026-02-10 12:33:19] DEBUG: Schema\Builder: Entity User
[2026-02-10 12:33:19] DEBUG: Schema\Builder: Entity UserData
[2026-02-10 12:33:19] DEBUG: Schema\Builder: Entity WorkingTimeCalendar
[2026-02-10 12:33:19] DEBUG: Schema\Builder: Entity WorkingTimeRange
[2026-02-10 12:33:19] DEBUG: Schema\Builder: Entity Account
[2026-02-10 12:33:19] DEBUG: Schema\Builder: Entity Call
[2026-02-10 12:33:19] DEBUG: Schema\Builder: Entity Campaign
[2026-02-10 12:33:19] DEBUG: Schema\Builder: Entity CampaignLogRecord
[2026-02-10 12:33:19] DEBUG: Schema\Builder: Entity CampaignTrackingUrl
[2026-02-10 12:33:19] DEBUG: Schema\Builder: Entity Case
[2026-02-10 12:33:19] DEBUG: Schema\Builder: Entity Contact
[2026-02-10 12:33:19] DEBUG: Schema\Builder: Entity Document
[2026-02-10 12:33:19] DEBUG: Schema\Builder: Entity DocumentFolder
[2026-02-10 12:33:19] DEBUG: Schema\Builder: Entity EmailQueueItem
[2026-02-10 12:33:19] DEBUG: Schema\Builder: Entity KnowledgeBaseArticle
[2026-02-10 12:33:19] DEBUG: Schema\Builder: Entity KnowledgeBaseCategory
[2026-02-10 12:33:19] DEBUG: Schema\Builder: Entity Lead
[2026-02-10 12:33:19] DEBUG: Schema\Builder: Entity MassEmail
[2026-02-10 12:33:19] DEBUG: Schema\Builder: Entity Meeting
[2026-02-10 12:33:19] DEBUG: Schema\Builder: Entity Opportunity
[2026-02-10 12:33:19] DEBUG: Schema\Builder: Entity TargetList
[2026-02-10 12:33:19] DEBUG: Schema\Builder: Entity TargetListCategory
[2026-02-10 12:33:19] DEBUG: Schema\Builder: Entity Task
[2026-02-10 12:33:19] DEBUG: Schema\Builder: Entity CADHAR
[2026-02-10 12:33:19] DEBUG: Schema\Builder: Entity CBanks
[2026-02-10 12:33:19] DEBUG: Schema\Builder: Entity CCity
[2026-02-10 12:33:19] DEBUG: Schema\Builder: Entity CContactType
[2026-02-10 12:33:19] DEBUG: Schema\Builder: Entity CCountry
[2026-02-10 12:33:19] DEBUG: Schema\Builder: Entity CDepartment
[2026-02-10 12:33:19] DEBUG: Schema\Builder: Entity CDependantRelation
[2026-02-10 12:33:19] DEBUG: Schema\Builder: Entity CDrivingLicense
[2026-02-10 12:33:19] DEBUG: Schema\Builder: Entity CEmployee
[2026-02-10 12:33:19] DEBUG: Schema\Builder: Entity CEmployeeAddress
[2026-02-10 12:33:19] DEBUG: Schema\Builder: Entity CEmployeeBank
[2026-02-10 12:33:19] DEBUG: Schema\Builder: Entity CEmployeeContact
[2026-02-10 12:33:19] DEBUG: Schema\Builder: Entity CEmployeeDependent
[2026-02-10 12:33:19] DEBUG: Schema\Builder: Entity CEmployeeDocuments
[2026-02-10 12:33:19] DEBUG: Schema\Builder: Entity CEmployeePastExperience
[2026-02-10 12:33:19] DEBUG: Schema\Builder: Entity CPanCard
[2026-02-10 12:33:19] DEBUG: Schema\Builder: Entity CPassport
[2026-02-10 12:33:19] DEBUG: Schema\Builder: Entity CState
[2026-02-10 12:33:19] DEBUG: Schema\Builder: Entity CVoterIdCard
[2026-02-10 12:33:19] DEBUG: Schema\Builder: Entity CWorkRole
[2026-02-10 12:33:19] DEBUG: Schema\Builder: ManyMany for Email.emailAccounts
[2026-02-10 12:33:19] DEBUG: Schema\Builder: ManyMany for Email.inboundEmails
[2026-02-10 12:33:19] DEBUG: Schema\Builder: ManyMany for Email.replyToEmailAddresses
[2026-02-10 12:33:19] DEBUG: Schema\Builder: ManyMany for Email.users
[2026-02-10 12:33:19] DEBUG: Schema\Builder: ManyMany for Email.assignedUsers
[2026-02-10 12:33:19] DEBUG: Schema\Builder: ManyMany for Email.teams
[2026-02-10 12:33:19] DEBUG: Schema\Builder: ManyMany for GroupEmailFolder.teams
[2026-02-10 12:33:19] DEBUG: Schema\Builder: ManyMany for InboundEmail.teams
[2026-02-10 12:33:19] DEBUG: Schema\Builder: ManyMany for Note.users
[2026-02-10 12:33:19] DEBUG: Schema\Builder: ManyMany for Note.portals
[2026-02-10 12:33:19] DEBUG: Schema\Builder: ManyMany for Note.teams
[2026-02-10 12:33:19] DEBUG: Schema\Builder: ManyMany for Portal.articles
[2026-02-10 12:33:19] DEBUG: Schema\Builder: ManyMany for Portal.portalRoles
[2026-02-10 12:33:19] DEBUG: Schema\Builder: ManyMany for Portal.users
[2026-02-10 12:33:19] DEBUG: Schema\Builder: ManyMany for PortalRole.users
[2026-02-10 12:33:19] DEBUG: Schema\Builder: ManyMany for Role.teams
[2026-02-10 12:33:19] DEBUG: Schema\Builder: ManyMany for Role.users
[2026-02-10 12:33:19] DEBUG: Schema\Builder: ManyMany for Team.users
[2026-02-10 12:33:19] DEBUG: Schema\Builder: ManyMany for User.emailAddresses
[2026-02-10 12:33:19] DEBUG: Schema\Builder: ManyMany for User.phoneNumbers
[2026-02-10 12:33:19] DEBUG: Schema\Builder: ManyMany for User.targetLists
[2026-02-10 12:33:19] DEBUG: Schema\Builder: ManyMany for User.accounts
[2026-02-10 12:33:19] DEBUG: Schema\Builder: ManyMany for User.calls
[2026-02-10 12:33:19] DEBUG: Schema\Builder: ManyMany for User.meetings
[2026-02-10 12:33:19] DEBUG: Schema\Builder: ManyMany for User.workingTimeRanges
[2026-02-10 12:33:19] DEBUG: Schema\Builder: ManyMany for WorkingTimeCalendar.ranges
[2026-02-10 12:33:19] DEBUG: Schema\Builder: ManyMany for Account.portalUsers
[2026-02-10 12:33:19] DEBUG: Schema\Builder: Table [account_portal_user] exists.
[2026-02-10 12:33:19] DEBUG: Schema\Builder: ManyMany for Account.targetLists
[2026-02-10 12:33:19] DEBUG: Schema\Builder: ManyMany for Account.documents
[2026-02-10 12:33:19] DEBUG: Schema\Builder: ManyMany for Account.contacts
[2026-02-10 12:33:19] DEBUG: Schema\Builder: ManyMany for Call.leads
[2026-02-10 12:33:19] DEBUG: Schema\Builder: ManyMany for Call.contacts
[2026-02-10 12:33:19] DEBUG: Schema\Builder: ManyMany for Campaign.excludingTargetLists
[2026-02-10 12:33:19] DEBUG: Schema\Builder: ManyMany for Campaign.targetLists
[2026-02-10 12:33:19] DEBUG: Schema\Builder: ManyMany for Case.articles
[2026-02-10 12:33:19] DEBUG: Schema\Builder: ManyMany for Case.contacts
[2026-02-10 12:33:19] DEBUG: Schema\Builder: ManyMany for Contact.documents
[2026-02-10 12:33:19] DEBUG: Schema\Builder: ManyMany for Contact.targetLists
[2026-02-10 12:33:19] DEBUG: Schema\Builder: ManyMany for Contact.meetings
[2026-02-10 12:33:19] DEBUG: Schema\Builder: ManyMany for Contact.opportunities
[2026-02-10 12:33:19] DEBUG: Schema\Builder: ManyMany for Document.leads
[2026-02-10 12:33:19] DEBUG: Schema\Builder: ManyMany for Document.opportunities
[2026-02-10 12:33:19] DEBUG: Schema\Builder: ManyMany for KnowledgeBaseArticle.categories
[2026-02-10 12:33:19] DEBUG: Schema\Builder: ManyMany for Lead.targetLists
[2026-02-10 12:33:19] DEBUG: Schema\Builder: ManyMany for Lead.meetings
[2026-02-10 12:33:19] DEBUG: Schema\Builder: ManyMany for MassEmail.excludingTargetLists
[2026-02-10 12:33:19] DEBUG: Schema\Builder: ManyMany for MassEmail.targetLists
[2026-02-10 12:33:19] DEBUG: Schema\Builder - End
[2026-02-10 12:34:33] DEBUG: Schema\Builder - Start
[2026-02-10 12:34:33] DEBUG: Schema\Builder: Rebuild for entity types: [CEmployee] with dependent entity types: [CEmployee, Attachment, User, EmailAddress, PhoneNumber, TargetList, Lead, Document, DocumentFolder, Team, GroupEmailFolder, Email, Task, Contact, CampaignLogRecord, EmailQueueItem, MassEmail, InboundEmail, EmailFilter, EmailFolder, EmailTemplate, EmailTemplateCategory, Campaign, Template, CampaignTrackingUrl, Opportunity, Call, Account, Meeting, Case, KnowledgeBaseArticle, KnowledgeBaseCategory, Portal, AuthenticationProvider, LayoutSet, LayoutRecord, Note, PortalRole, EmailAccount, WorkingTimeCalendar, WorkingTimeRange, Role, TargetListCategory, UserData, DashboardTemplate, CPassport, CPanCard, CVoterIdCard, CDrivingLicense, CADHAR, CDepartment, CEmployeeAddress, CCountry, CEmployeePastExperience, CWorkRole, CCity, CState, CBanks, CEmployeeBank, CEmployeeDocuments, CEmployeeContact, CContactType, CEmployeeDependent, CDependantRelation]
[2026-02-10 12:34:33] DEBUG: Schema\Builder: Entity Attachment
[2026-02-10 12:34:33] DEBUG: Schema\Builder: Entity AuthenticationProvider
[2026-02-10 12:34:33] DEBUG: Schema\Builder: Entity DashboardTemplate
[2026-02-10 12:34:33] DEBUG: Schema\Builder: Entity Email
[2026-02-10 12:34:33] DEBUG: Schema\Builder: Entity EmailAccount
[2026-02-10 12:34:33] DEBUG: Schema\Builder: Entity EmailAddress
[2026-02-10 12:34:33] DEBUG: Schema\Builder: Entity EmailFilter
[2026-02-10 12:34:33] DEBUG: Schema\Builder: Entity EmailFolder
[2026-02-10 12:34:33] DEBUG: Schema\Builder: Entity EmailTemplate
[2026-02-10 12:34:33] DEBUG: Schema\Builder: Entity EmailTemplateCategory
[2026-02-10 12:34:33] DEBUG: Schema\Builder: Entity GroupEmailFolder
[2026-02-10 12:34:33] DEBUG: Schema\Builder: Entity InboundEmail
[2026-02-10 12:34:33] DEBUG: Schema\Builder: Entity LayoutRecord
[2026-02-10 12:34:33] DEBUG: Schema\Builder: Entity LayoutSet
[2026-02-10 12:34:33] DEBUG: Schema\Builder: Entity Note
[2026-02-10 12:34:33] DEBUG: Schema\Builder: Entity PhoneNumber
[2026-02-10 12:34:33] DEBUG: Schema\Builder: Entity Portal
[2026-02-10 12:34:33] DEBUG: Schema\Builder: Entity PortalRole
[2026-02-10 12:34:33] DEBUG: Schema\Builder: Entity Role
[2026-02-10 12:34:33] DEBUG: Schema\Builder: Entity Team
[2026-02-10 12:34:33] DEBUG: Schema\Builder: Entity Template
[2026-02-10 12:34:33] DEBUG: Schema\Builder: Entity User
[2026-02-10 12:34:33] DEBUG: Schema\Builder: Entity UserData
[2026-02-10 12:34:33] DEBUG: Schema\Builder: Entity WorkingTimeCalendar
[2026-02-10 12:34:33] DEBUG: Schema\Builder: Entity WorkingTimeRange
[2026-02-10 12:34:33] DEBUG: Schema\Builder: Entity Account
[2026-02-10 12:34:33] DEBUG: Schema\Builder: Entity Call
[2026-02-10 12:34:33] DEBUG: Schema\Builder: Entity Campaign
[2026-02-10 12:34:33] DEBUG: Schema\Builder: Entity CampaignLogRecord
[2026-02-10 12:34:33] DEBUG: Schema\Builder: Entity CampaignTrackingUrl
[2026-02-10 12:34:33] DEBUG: Schema\Builder: Entity Case
[2026-02-10 12:34:33] DEBUG: Schema\Builder: Entity Contact
[2026-02-10 12:34:33] DEBUG: Schema\Builder: Entity Document
[2026-02-10 12:34:33] DEBUG: Schema\Builder: Entity DocumentFolder
[2026-02-10 12:34:33] DEBUG: Schema\Builder: Entity EmailQueueItem
[2026-02-10 12:34:33] DEBUG: Schema\Builder: Entity KnowledgeBaseArticle
[2026-02-10 12:34:33] DEBUG: Schema\Builder: Entity KnowledgeBaseCategory
[2026-02-10 12:34:33] DEBUG: Schema\Builder: Entity Lead
[2026-02-10 12:34:33] DEBUG: Schema\Builder: Entity MassEmail
[2026-02-10 12:34:33] DEBUG: Schema\Builder: Entity Meeting
[2026-02-10 12:34:33] DEBUG: Schema\Builder: Entity Opportunity
[2026-02-10 12:34:33] DEBUG: Schema\Builder: Entity TargetList
[2026-02-10 12:34:33] DEBUG: Schema\Builder: Entity TargetListCategory
[2026-02-10 12:34:33] DEBUG: Schema\Builder: Entity Task
[2026-02-10 12:34:33] DEBUG: Schema\Builder: Entity CADHAR
[2026-02-10 12:34:33] DEBUG: Schema\Builder: Entity CBanks
[2026-02-10 12:34:33] DEBUG: Schema\Builder: Entity CCity
[2026-02-10 12:34:33] DEBUG: Schema\Builder: Entity CContactType
[2026-02-10 12:34:33] DEBUG: Schema\Builder: Entity CCountry
[2026-02-10 12:34:33] DEBUG: Schema\Builder: Entity CDepartment
[2026-02-10 12:34:33] DEBUG: Schema\Builder: Entity CDependantRelation
[2026-02-10 12:34:33] DEBUG: Schema\Builder: Entity CDrivingLicense
[2026-02-10 12:34:33] DEBUG: Schema\Builder: Entity CEmployee
[2026-02-10 12:34:33] DEBUG: Schema\Builder: Entity CEmployeeAddress
[2026-02-10 12:34:33] DEBUG: Schema\Builder: Entity CEmployeeBank
[2026-02-10 12:34:33] DEBUG: Schema\Builder: Entity CEmployeeContact
[2026-02-10 12:34:33] DEBUG: Schema\Builder: Entity CEmployeeDependent
[2026-02-10 12:34:33] DEBUG: Schema\Builder: Entity CEmployeeDocuments
[2026-02-10 12:34:33] DEBUG: Schema\Builder: Entity CEmployeePastExperience
[2026-02-10 12:34:33] DEBUG: Schema\Builder: Entity CPanCard
[2026-02-10 12:34:33] DEBUG: Schema\Builder: Entity CPassport
[2026-02-10 12:34:33] DEBUG: Schema\Builder: Entity CState
[2026-02-10 12:34:33] DEBUG: Schema\Builder: Entity CVoterIdCard
[2026-02-10 12:34:33] DEBUG: Schema\Builder: Entity CWorkRole
[2026-02-10 12:34:33] DEBUG: Schema\Builder: ManyMany for Email.emailAccounts
[2026-02-10 12:34:33] DEBUG: Schema\Builder: ManyMany for Email.inboundEmails
[2026-02-10 12:34:33] DEBUG: Schema\Builder: ManyMany for Email.replyToEmailAddresses
[2026-02-10 12:34:33] DEBUG: Schema\Builder: ManyMany for Email.users
[2026-02-10 12:34:33] DEBUG: Schema\Builder: ManyMany for Email.assignedUsers
[2026-02-10 12:34:33] DEBUG: Schema\Builder: ManyMany for Email.teams
[2026-02-10 12:34:33] DEBUG: Schema\Builder: ManyMany for GroupEmailFolder.teams
[2026-02-10 12:34:33] DEBUG: Schema\Builder: ManyMany for InboundEmail.teams
[2026-02-10 12:34:33] DEBUG: Schema\Builder: ManyMany for Note.users
[2026-02-10 12:34:33] DEBUG: Schema\Builder: ManyMany for Note.portals
[2026-02-10 12:34:33] DEBUG: Schema\Builder: ManyMany for Note.teams
[2026-02-10 12:34:33] DEBUG: Schema\Builder: ManyMany for Portal.articles
[2026-02-10 12:34:33] DEBUG: Schema\Builder: ManyMany for Portal.portalRoles
[2026-02-10 12:34:33] DEBUG: Schema\Builder: ManyMany for Portal.users
[2026-02-10 12:34:33] DEBUG: Schema\Builder: ManyMany for PortalRole.users
[2026-02-10 12:34:33] DEBUG: Schema\Builder: ManyMany for Role.teams
[2026-02-10 12:34:33] DEBUG: Schema\Builder: ManyMany for Role.users
[2026-02-10 12:34:33] DEBUG: Schema\Builder: ManyMany for Team.users
[2026-02-10 12:34:33] DEBUG: Schema\Builder: ManyMany for User.emailAddresses
[2026-02-10 12:34:33] DEBUG: Schema\Builder: ManyMany for User.phoneNumbers
[2026-02-10 12:34:33] DEBUG: Schema\Builder: ManyMany for User.targetLists
[2026-02-10 12:34:33] DEBUG: Schema\Builder: ManyMany for User.accounts
[2026-02-10 12:34:33] DEBUG: Schema\Builder: ManyMany for User.calls
[2026-02-10 12:34:33] DEBUG: Schema\Builder: ManyMany for User.meetings
[2026-02-10 12:34:33] DEBUG: Schema\Builder: ManyMany for User.workingTimeRanges
[2026-02-10 12:34:33] DEBUG: Schema\Builder: ManyMany for WorkingTimeCalendar.ranges
[2026-02-10 12:34:33] DEBUG: Schema\Builder: ManyMany for Account.portalUsers
[2026-02-10 12:34:33] DEBUG: Schema\Builder: Table [account_portal_user] exists.
[2026-02-10 12:34:33] DEBUG: Schema\Builder: ManyMany for Account.targetLists
[2026-02-10 12:34:33] DEBUG: Schema\Builder: ManyMany for Account.documents
[2026-02-10 12:34:33] DEBUG: Schema\Builder: ManyMany for Account.contacts
[2026-02-10 12:34:33] DEBUG: Schema\Builder: ManyMany for Call.leads
[2026-02-10 12:34:33] DEBUG: Schema\Builder: ManyMany for Call.contacts
[2026-02-10 12:34:33] DEBUG: Schema\Builder: ManyMany for Campaign.excludingTargetLists
[2026-02-10 12:34:33] DEBUG: Schema\Builder: ManyMany for Campaign.targetLists
[2026-02-10 12:34:33] DEBUG: Schema\Builder: ManyMany for Case.articles
[2026-02-10 12:34:33] DEBUG: Schema\Builder: ManyMany for Case.contacts
[2026-02-10 12:34:33] DEBUG: Schema\Builder: ManyMany for Contact.documents
[2026-02-10 12:34:33] DEBUG: Schema\Builder: ManyMany for Contact.targetLists
[2026-02-10 12:34:33] DEBUG: Schema\Builder: ManyMany for Contact.meetings
[2026-02-10 12:34:33] DEBUG: Schema\Builder: ManyMany for Contact.opportunities
[2026-02-10 12:34:33] DEBUG: Schema\Builder: ManyMany for Document.leads
[2026-02-10 12:34:33] DEBUG: Schema\Builder: ManyMany for Document.opportunities
[2026-02-10 12:34:33] DEBUG: Schema\Builder: ManyMany for KnowledgeBaseArticle.categories
[2026-02-10 12:34:33] DEBUG: Schema\Builder: ManyMany for Lead.targetLists
[2026-02-10 12:34:33] DEBUG: Schema\Builder: ManyMany for Lead.meetings
[2026-02-10 12:34:33] DEBUG: Schema\Builder: ManyMany for MassEmail.excludingTargetLists
[2026-02-10 12:34:33] DEBUG: Schema\Builder: ManyMany for MassEmail.targetLists
[2026-02-10 12:34:33] DEBUG: Schema\Builder - End
