[2026-02-11 05:13:51] WARNING: E_WARNING: rename(data\tmp\tmp98AC.tmp,data/cache/application/routes.php): Access is denied (code: 5)
[2026-02-11 05:14:00] DEBUG: Schema\Builder - Start
[2026-02-11 05:14:00] DEBUG: Schema\Builder: Entity ActionHistoryRecord
[2026-02-11 05:14:00] DEBUG: Schema\Builder: Entity AddressCountry
[2026-02-11 05:14:00] DEBUG: Schema\Builder: Entity AppLogRecord
[2026-02-11 05:14:00] DEBUG: Schema\Builder: Entity AppSecret
[2026-02-11 05:14:00] DEBUG: Schema\Builder: Entity ArrayValue
[2026-02-11 05:14:00] DEBUG: Schema\Builder: Entity Attachment
[2026-02-11 05:14:00] DEBUG: Schema\Builder: Entity AuthLogRecord
[2026-02-11 05:14:00] DEBUG: Schema\Builder: Entity AuthToken
[2026-02-11 05:14:00] DEBUG: Schema\Builder: Entity AuthenticationProvider
[2026-02-11 05:14:00] DEBUG: Schema\Builder: Entity Autofollow
[2026-02-11 05:14:00] DEBUG: Schema\Builder: Entity Currency
[2026-02-11 05:14:00] DEBUG: Schema\Builder: Entity DashboardTemplate
[2026-02-11 05:14:00] DEBUG: Schema\Builder: Entity Email
[2026-02-11 05:14:00] DEBUG: Schema\Builder: Entity EmailAccount
[2026-02-11 05:14:00] DEBUG: Schema\Builder: Entity EmailAddress
[2026-02-11 05:14:00] DEBUG: Schema\Builder: Entity EmailFilter
[2026-02-11 05:14:00] DEBUG: Schema\Builder: Entity EmailFolder
[2026-02-11 05:14:00] DEBUG: Schema\Builder: Entity EmailTemplate
[2026-02-11 05:14:00] DEBUG: Schema\Builder: Entity EmailTemplateCategory
[2026-02-11 05:14:00] DEBUG: Schema\Builder: Entity Export
[2026-02-11 05:14:00] DEBUG: Schema\Builder: Entity Extension
[2026-02-11 05:14:00] DEBUG: Schema\Builder: Entity ExternalAccount
[2026-02-11 05:14:00] DEBUG: Schema\Builder: Entity GroupEmailFolder
[2026-02-11 05:14:00] DEBUG: Schema\Builder: Entity Import
[2026-02-11 05:14:00] DEBUG: Schema\Builder: Entity ImportEntity
[2026-02-11 05:14:00] DEBUG: Schema\Builder: Entity ImportError
[2026-02-11 05:14:00] DEBUG: Schema\Builder: Entity InboundEmail
[2026-02-11 05:14:00] DEBUG: Schema\Builder: Entity Integration
[2026-02-11 05:14:00] DEBUG: Schema\Builder: Entity Job
[2026-02-11 05:14:00] DEBUG: Schema\Builder: Entity KanbanOrder
[2026-02-11 05:14:00] DEBUG: Schema\Builder: Entity LayoutRecord
[2026-02-11 05:14:00] DEBUG: Schema\Builder: Entity LayoutSet
[2026-02-11 05:14:00] DEBUG: Schema\Builder: Entity LeadCapture
[2026-02-11 05:14:00] DEBUG: Schema\Builder: Entity LeadCaptureLogRecord
[2026-02-11 05:14:00] DEBUG: Schema\Builder: Entity MassAction
[2026-02-11 05:14:00] DEBUG: Schema\Builder: Entity NextNumber
[2026-02-11 05:14:00] DEBUG: Schema\Builder: Entity Note
[2026-02-11 05:14:00] DEBUG: Schema\Builder: Entity Notification
[2026-02-11 05:14:00] DEBUG: Schema\Builder: Entity OAuthAccount
[2026-02-11 05:14:00] DEBUG: Schema\Builder: Entity OAuthProvider
[2026-02-11 05:14:00] DEBUG: Schema\Builder: Entity PasswordChangeRequest
[2026-02-11 05:14:00] DEBUG: Schema\Builder: Entity PhoneNumber
[2026-02-11 05:14:00] DEBUG: Schema\Builder: Entity Portal
[2026-02-11 05:14:00] DEBUG: Schema\Builder: Entity PortalRole
[2026-02-11 05:14:00] DEBUG: Schema\Builder: Entity Preferences
[2026-02-11 05:14:00] DEBUG: Schema\Builder: Entity Role
[2026-02-11 05:14:00] DEBUG: Schema\Builder: Entity ScheduledJob
[2026-02-11 05:14:00] DEBUG: Schema\Builder: Entity ScheduledJobLogRecord
[2026-02-11 05:14:00] DEBUG: Schema\Builder: Entity Sms
[2026-02-11 05:14:00] DEBUG: Schema\Builder: Entity StarSubscription
[2026-02-11 05:14:00] DEBUG: Schema\Builder: Entity StreamSubscription
[2026-02-11 05:14:00] DEBUG: Schema\Builder: Entity SystemData
[2026-02-11 05:14:00] DEBUG: Schema\Builder: Entity Team
[2026-02-11 05:14:00] DEBUG: Schema\Builder: Entity Template
[2026-02-11 05:14:00] DEBUG: Schema\Builder: Entity TwoFactorCode
[2026-02-11 05:14:00] DEBUG: Schema\Builder: Entity UniqueId
[2026-02-11 05:14:00] DEBUG: Schema\Builder: Entity User
[2026-02-11 05:14:00] DEBUG: Schema\Builder: Entity UserData
[2026-02-11 05:14:00] DEBUG: Schema\Builder: Entity UserReaction
[2026-02-11 05:14:00] DEBUG: Schema\Builder: Entity Webhook
[2026-02-11 05:14:00] DEBUG: Schema\Builder: Entity WebhookEventQueueItem
[2026-02-11 05:14:00] DEBUG: Schema\Builder: Entity WebhookQueueItem
[2026-02-11 05:14:00] DEBUG: Schema\Builder: Entity WorkingTimeCalendar
[2026-02-11 05:14:00] DEBUG: Schema\Builder: Entity WorkingTimeRange
[2026-02-11 05:14:00] DEBUG: Schema\Builder: Entity Account
[2026-02-11 05:14:00] DEBUG: Schema\Builder: Entity Call
[2026-02-11 05:14:00] DEBUG: Schema\Builder: Entity Campaign
[2026-02-11 05:14:00] DEBUG: Schema\Builder: Entity CampaignLogRecord
[2026-02-11 05:14:00] DEBUG: Schema\Builder: Entity CampaignTrackingUrl
[2026-02-11 05:14:00] DEBUG: Schema\Builder: Entity Case
[2026-02-11 05:14:00] DEBUG: Schema\Builder: Entity Contact
[2026-02-11 05:14:00] DEBUG: Schema\Builder: Entity Document
[2026-02-11 05:14:00] DEBUG: Schema\Builder: Entity DocumentFolder
[2026-02-11 05:14:00] DEBUG: Schema\Builder: Entity EmailQueueItem
[2026-02-11 05:14:00] DEBUG: Schema\Builder: Entity KnowledgeBaseArticle
[2026-02-11 05:14:00] DEBUG: Schema\Builder: Entity KnowledgeBaseCategory
[2026-02-11 05:14:00] DEBUG: Schema\Builder: Entity Lead
[2026-02-11 05:14:00] DEBUG: Schema\Builder: Entity MassEmail
[2026-02-11 05:14:00] DEBUG: Schema\Builder: Entity Meeting
[2026-02-11 05:14:00] DEBUG: Schema\Builder: Entity Opportunity
[2026-02-11 05:14:00] DEBUG: Schema\Builder: Entity Reminder
[2026-02-11 05:14:00] DEBUG: Schema\Builder: Entity Target
[2026-02-11 05:14:00] DEBUG: Schema\Builder: Entity TargetList
[2026-02-11 05:14:00] DEBUG: Schema\Builder: Entity TargetListCategory
[2026-02-11 05:14:00] DEBUG: Schema\Builder: Entity Task
[2026-02-11 05:14:00] DEBUG: Schema\Builder: Entity CADHAR
[2026-02-11 05:14:00] DEBUG: Schema\Builder: Entity CAttendanceRecord
[2026-02-11 05:14:00] DEBUG: Schema\Builder: Entity CBanks
[2026-02-11 05:14:00] DEBUG: Schema\Builder: Entity CCity
[2026-02-11 05:14:00] DEBUG: Schema\Builder: Entity CContactType
[2026-02-11 05:14:00] DEBUG: Schema\Builder: Entity CCountry
[2026-02-11 05:14:00] DEBUG: Schema\Builder: Entity CDepartment
[2026-02-11 05:14:00] DEBUG: Schema\Builder: Entity CDependantRelation
[2026-02-11 05:14:00] DEBUG: Schema\Builder: Entity CDocumentType
[2026-02-11 05:14:00] DEBUG: Schema\Builder: Entity CDrivingLicense
[2026-02-11 05:14:00] DEBUG: Schema\Builder: Entity CEmployee
[2026-02-11 05:14:00] DEBUG: Schema\Builder: Entity CEmployeeAddress
[2026-02-11 05:14:00] DEBUG: Schema\Builder: Entity CEmployeeBank
[2026-02-11 05:14:00] DEBUG: Schema\Builder: Entity CEmployeeContact
[2026-02-11 05:14:00] DEBUG: Schema\Builder: Entity CEmployeeDependent
[2026-02-11 05:14:00] DEBUG: Schema\Builder: Entity CEmployeeDocuments
[2026-02-11 05:14:00] DEBUG: Schema\Builder: Entity CEmployeePastExperience
[2026-02-11 05:14:00] DEBUG: Schema\Builder: Entity CPanCard
[2026-02-11 05:14:00] DEBUG: Schema\Builder: Entity CPassport
[2026-02-11 05:14:00] DEBUG: Schema\Builder: Entity CState
[2026-02-11 05:14:00] DEBUG: Schema\Builder: Entity CVoterIdCard
[2026-02-11 05:14:00] DEBUG: Schema\Builder: Entity CWorkRole
[2026-02-11 05:14:00] DEBUG: Schema\Builder: Entity EmailTemplateCategoryPath
[2026-02-11 05:14:00] DEBUG: Schema\Builder: Entity DocumentFolderPath
[2026-02-11 05:14:00] DEBUG: Schema\Builder: Entity KnowledgeBaseCategoryPath
[2026-02-11 05:14:00] DEBUG: Schema\Builder: Entity TargetListCategoryPath
[2026-02-11 05:14:00] DEBUG: Schema\Builder: ManyMany for Email.emailAccounts
[2026-02-11 05:14:00] DEBUG: Schema\Builder: ManyMany for Email.inboundEmails
[2026-02-11 05:14:00] DEBUG: Schema\Builder: ManyMany for Email.replyToEmailAddresses
[2026-02-11 05:14:00] DEBUG: Schema\Builder: ManyMany for Email.users
[2026-02-11 05:14:00] DEBUG: Schema\Builder: ManyMany for Email.assignedUsers
[2026-02-11 05:14:00] DEBUG: Schema\Builder: ManyMany for Email.teams
[2026-02-11 05:14:00] DEBUG: Schema\Builder: ManyMany for GroupEmailFolder.teams
[2026-02-11 05:14:00] DEBUG: Schema\Builder: ManyMany for InboundEmail.teams
[2026-02-11 05:14:00] DEBUG: Schema\Builder: ManyMany for Note.users
[2026-02-11 05:14:00] DEBUG: Schema\Builder: ManyMany for Note.portals
[2026-02-11 05:14:00] DEBUG: Schema\Builder: ManyMany for Note.teams
[2026-02-11 05:14:00] DEBUG: Schema\Builder: ManyMany for Portal.articles
[2026-02-11 05:14:00] DEBUG: Schema\Builder: ManyMany for Portal.portalRoles
[2026-02-11 05:14:00] DEBUG: Schema\Builder: ManyMany for Portal.users
[2026-02-11 05:14:00] DEBUG: Schema\Builder: ManyMany for PortalRole.users
[2026-02-11 05:14:00] DEBUG: Schema\Builder: ManyMany for Role.teams
[2026-02-11 05:14:00] DEBUG: Schema\Builder: ManyMany for Role.users
[2026-02-11 05:14:00] DEBUG: Schema\Builder: ManyMany for Sms.toPhoneNumbers
[2026-02-11 05:14:00] DEBUG: Schema\Builder: ManyMany for Team.users
[2026-02-11 05:14:00] DEBUG: Schema\Builder: ManyMany for User.emailAddresses
[2026-02-11 05:14:00] DEBUG: Schema\Builder: ManyMany for User.phoneNumbers
[2026-02-11 05:14:00] DEBUG: Schema\Builder: ManyMany for User.targetLists
[2026-02-11 05:14:00] DEBUG: Schema\Builder: ManyMany for User.accounts
[2026-02-11 05:14:00] DEBUG: Schema\Builder: ManyMany for User.calls
[2026-02-11 05:14:00] DEBUG: Schema\Builder: ManyMany for User.meetings
[2026-02-11 05:14:00] DEBUG: Schema\Builder: ManyMany for User.workingTimeRanges
[2026-02-11 05:14:00] DEBUG: Schema\Builder: ManyMany for WorkingTimeCalendar.ranges
[2026-02-11 05:14:00] DEBUG: Schema\Builder: ManyMany for Account.portalUsers
[2026-02-11 05:14:00] DEBUG: Schema\Builder: Table [account_portal_user] exists.
[2026-02-11 05:14:00] DEBUG: Schema\Builder: ManyMany for Account.targetLists
[2026-02-11 05:14:00] DEBUG: Schema\Builder: ManyMany for Account.documents
[2026-02-11 05:14:00] DEBUG: Schema\Builder: ManyMany for Account.contacts
[2026-02-11 05:14:00] DEBUG: Schema\Builder: ManyMany for Call.leads
[2026-02-11 05:14:00] DEBUG: Schema\Builder: ManyMany for Call.contacts
[2026-02-11 05:14:00] DEBUG: Schema\Builder: ManyMany for Campaign.excludingTargetLists
[2026-02-11 05:14:00] DEBUG: Schema\Builder: ManyMany for Campaign.targetLists
[2026-02-11 05:14:00] DEBUG: Schema\Builder: ManyMany for Case.articles
[2026-02-11 05:14:00] DEBUG: Schema\Builder: ManyMany for Case.contacts
[2026-02-11 05:14:00] DEBUG: Schema\Builder: ManyMany for Contact.documents
[2026-02-11 05:14:00] DEBUG: Schema\Builder: ManyMany for Contact.targetLists
[2026-02-11 05:14:00] DEBUG: Schema\Builder: ManyMany for Contact.meetings
[2026-02-11 05:14:00] DEBUG: Schema\Builder: ManyMany for Contact.opportunities
[2026-02-11 05:14:00] DEBUG: Schema\Builder: ManyMany for Document.leads
[2026-02-11 05:14:00] DEBUG: Schema\Builder: ManyMany for Document.opportunities
[2026-02-11 05:14:00] DEBUG: Schema\Builder: ManyMany for KnowledgeBaseArticle.categories
[2026-02-11 05:14:00] DEBUG: Schema\Builder: ManyMany for Lead.targetLists
[2026-02-11 05:14:00] DEBUG: Schema\Builder: ManyMany for Lead.meetings
[2026-02-11 05:14:00] DEBUG: Schema\Builder: ManyMany for MassEmail.excludingTargetLists
[2026-02-11 05:14:00] DEBUG: Schema\Builder: ManyMany for MassEmail.targetLists
[2026-02-11 05:14:00] DEBUG: Schema\Builder - End
[2026-02-11 05:14:01] INFO: Schema, query: CREATE TABLE c_attendance_record (id VARCHAR(17) CHARACTER SET utf8mb4 NOT NULL COLLATE `utf8mb4_unicode_ci`, name VARCHAR(255) CHARACTER SET utf8mb4 DEFAULT NULL COLLATE `utf8mb4_unicode_ci`, deleted TINYINT(1) DEFAULT 0, description MEDIUMTEXT CHARACTER SET utf8mb4 DEFAULT NULL COLLATE `utf8mb4_unicode_ci`, created_at DATETIME DEFAULT NULL, modified_at DATETIME DEFAULT NULL, stream_updated_at DATETIME DEFAULT NULL, created_by_id VARCHAR(17) CHARACTER SET utf8mb4 DEFAULT NULL COLLATE `utf8mb4_unicode_ci`, modified_by_id VARCHAR(17) CHARACTER SET utf8mb4 DEFAULT NULL COLLATE `utf8mb4_unicode_ci`, assigned_user_id VARCHAR(17) CHARACTER SET utf8mb4 DEFAULT NULL COLLATE `utf8mb4_unicode_ci`, INDEX IDX_NAME (name, deleted), INDEX IDX_ASSIGNED_USER (assigned_user_id, deleted), INDEX IDX_CREATED_AT (created_at), UNIQUE INDEX UNIQ_CREATED_AT_ID (created_at, id), INDEX IDX_CREATED_BY_ID (created_by_id), INDEX IDX_MODIFIED_BY_ID (modified_by_id), INDEX IDX_ASSIGNED_USER_ID (assigned_user_id), PRIMARY KEY(id)) DEFAULT CHARACTER SET utf8 COLLATE `utf8_unicode_ci` ENGINE = InnoDB
[2026-02-11 05:14:03] WARNING: E_WARNING: rename(data\tmp\tmpC832.tmp,data/cache/application/classmapControllers.php): Access is denied (code: 5)
[2026-02-11 05:15:57] DEBUG: Schema\Builder - Start
[2026-02-11 05:15:57] DEBUG: Schema\Builder: Rebuild for entity types: [CAttendanceRecord] with dependent entity types: [CAttendanceRecord, Team, GroupEmailFolder, Email, Task, Contact, EmailAddress, PhoneNumber, Document, Attachment, User, CEmployee, CPassport, CPanCard, CVoterIdCard, CDrivingLicense, CADHAR, CDepartment, CEmployeeAddress, CCountry, CEmployeePastExperience, CWorkRole, CCity, CState, CBanks, CEmployeeBank, CEmployeeDocuments, CEmployeeContact, CContactType, CEmployeeDependent, CDependantRelation, TargetList, Lead, CampaignLogRecord, EmailQueueItem, MassEmail, InboundEmail, EmailFilter, EmailFolder, EmailTemplate, EmailTemplateCategory, Campaign, Template, CampaignTrackingUrl, Opportunity, Call, Account, Meeting, Case, KnowledgeBaseArticle, KnowledgeBaseCategory, Portal, AuthenticationProvider, LayoutSet, LayoutRecord, Note, PortalRole, TargetListCategory, UserData, WorkingTimeRange, WorkingTimeCalendar, DashboardTemplate, Role, DocumentFolder, EmailAccount]
[2026-02-11 05:15:57] DEBUG: Schema\Builder: Entity Attachment
[2026-02-11 05:15:57] DEBUG: Schema\Builder: Entity AuthenticationProvider
[2026-02-11 05:15:57] DEBUG: Schema\Builder: Entity DashboardTemplate
[2026-02-11 05:15:57] DEBUG: Schema\Builder: Entity Email
[2026-02-11 05:15:57] DEBUG: Schema\Builder: Entity EmailAccount
[2026-02-11 05:15:57] DEBUG: Schema\Builder: Entity EmailAddress
[2026-02-11 05:15:57] DEBUG: Schema\Builder: Entity EmailFilter
[2026-02-11 05:15:57] DEBUG: Schema\Builder: Entity EmailFolder
[2026-02-11 05:15:57] DEBUG: Schema\Builder: Entity EmailTemplate
[2026-02-11 05:15:57] DEBUG: Schema\Builder: Entity EmailTemplateCategory
[2026-02-11 05:15:57] DEBUG: Schema\Builder: Entity GroupEmailFolder
[2026-02-11 05:15:57] DEBUG: Schema\Builder: Entity InboundEmail
[2026-02-11 05:15:57] DEBUG: Schema\Builder: Entity LayoutRecord
[2026-02-11 05:15:57] DEBUG: Schema\Builder: Entity LayoutSet
[2026-02-11 05:15:57] DEBUG: Schema\Builder: Entity Note
[2026-02-11 05:15:57] DEBUG: Schema\Builder: Entity PhoneNumber
[2026-02-11 05:15:57] DEBUG: Schema\Builder: Entity Portal
[2026-02-11 05:15:57] DEBUG: Schema\Builder: Entity PortalRole
[2026-02-11 05:15:57] DEBUG: Schema\Builder: Entity Role
[2026-02-11 05:15:57] DEBUG: Schema\Builder: Entity Team
[2026-02-11 05:15:57] DEBUG: Schema\Builder: Entity Template
[2026-02-11 05:15:57] DEBUG: Schema\Builder: Entity User
[2026-02-11 05:15:57] DEBUG: Schema\Builder: Entity UserData
[2026-02-11 05:15:57] DEBUG: Schema\Builder: Entity WorkingTimeCalendar
[2026-02-11 05:15:57] DEBUG: Schema\Builder: Entity WorkingTimeRange
[2026-02-11 05:15:57] DEBUG: Schema\Builder: Entity Account
[2026-02-11 05:15:57] DEBUG: Schema\Builder: Entity Call
[2026-02-11 05:15:57] DEBUG: Schema\Builder: Entity Campaign
[2026-02-11 05:15:57] DEBUG: Schema\Builder: Entity CampaignLogRecord
[2026-02-11 05:15:57] DEBUG: Schema\Builder: Entity CampaignTrackingUrl
[2026-02-11 05:15:57] DEBUG: Schema\Builder: Entity Case
[2026-02-11 05:15:57] DEBUG: Schema\Builder: Entity Contact
[2026-02-11 05:15:57] DEBUG: Schema\Builder: Entity Document
[2026-02-11 05:15:57] DEBUG: Schema\Builder: Entity DocumentFolder
[2026-02-11 05:15:57] DEBUG: Schema\Builder: Entity EmailQueueItem
[2026-02-11 05:15:57] DEBUG: Schema\Builder: Entity KnowledgeBaseArticle
[2026-02-11 05:15:57] DEBUG: Schema\Builder: Entity KnowledgeBaseCategory
[2026-02-11 05:15:57] DEBUG: Schema\Builder: Entity Lead
[2026-02-11 05:15:57] DEBUG: Schema\Builder: Entity MassEmail
[2026-02-11 05:15:57] DEBUG: Schema\Builder: Entity Meeting
[2026-02-11 05:15:57] DEBUG: Schema\Builder: Entity Opportunity
[2026-02-11 05:15:57] DEBUG: Schema\Builder: Entity TargetList
[2026-02-11 05:15:57] DEBUG: Schema\Builder: Entity TargetListCategory
[2026-02-11 05:15:57] DEBUG: Schema\Builder: Entity Task
[2026-02-11 05:15:57] DEBUG: Schema\Builder: Entity CADHAR
[2026-02-11 05:15:57] DEBUG: Schema\Builder: Entity CAttendanceRecord
[2026-02-11 05:15:57] DEBUG: Schema\Builder: Entity CBanks
[2026-02-11 05:15:57] DEBUG: Schema\Builder: Entity CCity
[2026-02-11 05:15:57] DEBUG: Schema\Builder: Entity CContactType
[2026-02-11 05:15:57] DEBUG: Schema\Builder: Entity CCountry
[2026-02-11 05:15:57] DEBUG: Schema\Builder: Entity CDepartment
[2026-02-11 05:15:57] DEBUG: Schema\Builder: Entity CDependantRelation
[2026-02-11 05:15:57] DEBUG: Schema\Builder: Entity CDrivingLicense
[2026-02-11 05:15:57] DEBUG: Schema\Builder: Entity CEmployee
[2026-02-11 05:15:57] DEBUG: Schema\Builder: Entity CEmployeeAddress
[2026-02-11 05:15:57] DEBUG: Schema\Builder: Entity CEmployeeBank
[2026-02-11 05:15:57] DEBUG: Schema\Builder: Entity CEmployeeContact
[2026-02-11 05:15:57] DEBUG: Schema\Builder: Entity CEmployeeDependent
[2026-02-11 05:15:57] DEBUG: Schema\Builder: Entity CEmployeeDocuments
[2026-02-11 05:15:57] DEBUG: Schema\Builder: Entity CEmployeePastExperience
[2026-02-11 05:15:57] DEBUG: Schema\Builder: Entity CPanCard
[2026-02-11 05:15:57] DEBUG: Schema\Builder: Entity CPassport
[2026-02-11 05:15:57] DEBUG: Schema\Builder: Entity CState
[2026-02-11 05:15:57] DEBUG: Schema\Builder: Entity CVoterIdCard
[2026-02-11 05:15:57] DEBUG: Schema\Builder: Entity CWorkRole
[2026-02-11 05:15:57] DEBUG: Schema\Builder: ManyMany for Email.emailAccounts
[2026-02-11 05:15:57] DEBUG: Schema\Builder: ManyMany for Email.inboundEmails
[2026-02-11 05:15:57] DEBUG: Schema\Builder: ManyMany for Email.replyToEmailAddresses
[2026-02-11 05:15:57] DEBUG: Schema\Builder: ManyMany for Email.users
[2026-02-11 05:15:57] DEBUG: Schema\Builder: ManyMany for Email.assignedUsers
[2026-02-11 05:15:57] DEBUG: Schema\Builder: ManyMany for Email.teams
[2026-02-11 05:15:57] DEBUG: Schema\Builder: ManyMany for GroupEmailFolder.teams
[2026-02-11 05:15:57] DEBUG: Schema\Builder: ManyMany for InboundEmail.teams
[2026-02-11 05:15:57] DEBUG: Schema\Builder: ManyMany for Note.users
[2026-02-11 05:15:57] DEBUG: Schema\Builder: ManyMany for Note.portals
[2026-02-11 05:15:57] DEBUG: Schema\Builder: ManyMany for Note.teams
[2026-02-11 05:15:57] DEBUG: Schema\Builder: ManyMany for Portal.articles
[2026-02-11 05:15:57] DEBUG: Schema\Builder: ManyMany for Portal.portalRoles
[2026-02-11 05:15:57] DEBUG: Schema\Builder: ManyMany for Portal.users
[2026-02-11 05:15:57] DEBUG: Schema\Builder: ManyMany for PortalRole.users
[2026-02-11 05:15:57] DEBUG: Schema\Builder: ManyMany for Role.teams
[2026-02-11 05:15:57] DEBUG: Schema\Builder: ManyMany for Role.users
[2026-02-11 05:15:57] DEBUG: Schema\Builder: ManyMany for Team.users
[2026-02-11 05:15:57] DEBUG: Schema\Builder: ManyMany for User.emailAddresses
[2026-02-11 05:15:57] DEBUG: Schema\Builder: ManyMany for User.phoneNumbers
[2026-02-11 05:15:57] DEBUG: Schema\Builder: ManyMany for User.targetLists
[2026-02-11 05:15:57] DEBUG: Schema\Builder: ManyMany for User.accounts
[2026-02-11 05:15:57] DEBUG: Schema\Builder: ManyMany for User.calls
[2026-02-11 05:15:57] DEBUG: Schema\Builder: ManyMany for User.meetings
[2026-02-11 05:15:57] DEBUG: Schema\Builder: ManyMany for User.workingTimeRanges
[2026-02-11 05:15:57] DEBUG: Schema\Builder: ManyMany for WorkingTimeCalendar.ranges
[2026-02-11 05:15:57] DEBUG: Schema\Builder: ManyMany for Account.portalUsers
[2026-02-11 05:15:57] DEBUG: Schema\Builder: Table [account_portal_user] exists.
[2026-02-11 05:15:57] DEBUG: Schema\Builder: ManyMany for Account.targetLists
[2026-02-11 05:15:57] DEBUG: Schema\Builder: ManyMany for Account.documents
[2026-02-11 05:15:57] DEBUG: Schema\Builder: ManyMany for Account.contacts
[2026-02-11 05:15:57] DEBUG: Schema\Builder: ManyMany for Call.leads
[2026-02-11 05:15:57] DEBUG: Schema\Builder: ManyMany for Call.contacts
[2026-02-11 05:15:57] DEBUG: Schema\Builder: ManyMany for Campaign.excludingTargetLists
[2026-02-11 05:15:57] DEBUG: Schema\Builder: ManyMany for Campaign.targetLists
[2026-02-11 05:15:57] DEBUG: Schema\Builder: ManyMany for Case.articles
[2026-02-11 05:15:57] DEBUG: Schema\Builder: ManyMany for Case.contacts
[2026-02-11 05:15:57] DEBUG: Schema\Builder: ManyMany for Contact.documents
[2026-02-11 05:15:57] DEBUG: Schema\Builder: ManyMany for Contact.targetLists
[2026-02-11 05:15:57] DEBUG: Schema\Builder: ManyMany for Contact.meetings
[2026-02-11 05:15:57] DEBUG: Schema\Builder: ManyMany for Contact.opportunities
[2026-02-11 05:15:57] DEBUG: Schema\Builder: ManyMany for Document.leads
[2026-02-11 05:15:57] DEBUG: Schema\Builder: ManyMany for Document.opportunities
[2026-02-11 05:15:57] DEBUG: Schema\Builder: ManyMany for KnowledgeBaseArticle.categories
[2026-02-11 05:15:57] DEBUG: Schema\Builder: ManyMany for Lead.targetLists
[2026-02-11 05:15:57] DEBUG: Schema\Builder: ManyMany for Lead.meetings
[2026-02-11 05:15:57] DEBUG: Schema\Builder: ManyMany for MassEmail.excludingTargetLists
[2026-02-11 05:15:57] DEBUG: Schema\Builder: ManyMany for MassEmail.targetLists
[2026-02-11 05:15:57] DEBUG: Schema\Builder - End
[2026-02-11 05:15:57] INFO: Schema, query: ALTER TABLE c_attendance_record ADD employee_name VARCHAR(100) CHARACTER SET utf8mb4 DEFAULT NULL COLLATE `utf8mb4_unicode_ci`
[2026-02-11 05:16:51] DEBUG: Schema\Builder - Start
[2026-02-11 05:16:51] DEBUG: Schema\Builder: Rebuild for entity types: [CAttendanceRecord] with dependent entity types: [CAttendanceRecord, Team, GroupEmailFolder, Email, Task, Contact, EmailAddress, PhoneNumber, Document, Attachment, User, CEmployee, CPassport, CPanCard, CVoterIdCard, CDrivingLicense, CADHAR, CDepartment, CEmployeeAddress, CCountry, CEmployeePastExperience, CWorkRole, CCity, CState, CBanks, CEmployeeBank, CEmployeeDocuments, CEmployeeContact, CContactType, CEmployeeDependent, CDependantRelation, TargetList, Lead, CampaignLogRecord, EmailQueueItem, MassEmail, InboundEmail, EmailFilter, EmailFolder, EmailTemplate, EmailTemplateCategory, Campaign, Template, CampaignTrackingUrl, Opportunity, Call, Account, Meeting, Case, KnowledgeBaseArticle, KnowledgeBaseCategory, Portal, AuthenticationProvider, LayoutSet, LayoutRecord, Note, PortalRole, TargetListCategory, UserData, WorkingTimeRange, WorkingTimeCalendar, DashboardTemplate, Role, DocumentFolder, EmailAccount]
[2026-02-11 05:16:51] DEBUG: Schema\Builder: Entity Attachment
[2026-02-11 05:16:51] DEBUG: Schema\Builder: Entity AuthenticationProvider
[2026-02-11 05:16:51] DEBUG: Schema\Builder: Entity DashboardTemplate
[2026-02-11 05:16:51] DEBUG: Schema\Builder: Entity Email
[2026-02-11 05:16:51] DEBUG: Schema\Builder: Entity EmailAccount
[2026-02-11 05:16:51] DEBUG: Schema\Builder: Entity EmailAddress
[2026-02-11 05:16:51] DEBUG: Schema\Builder: Entity EmailFilter
[2026-02-11 05:16:51] DEBUG: Schema\Builder: Entity EmailFolder
[2026-02-11 05:16:51] DEBUG: Schema\Builder: Entity EmailTemplate
[2026-02-11 05:16:51] DEBUG: Schema\Builder: Entity EmailTemplateCategory
[2026-02-11 05:16:51] DEBUG: Schema\Builder: Entity GroupEmailFolder
[2026-02-11 05:16:51] DEBUG: Schema\Builder: Entity InboundEmail
[2026-02-11 05:16:51] DEBUG: Schema\Builder: Entity LayoutRecord
[2026-02-11 05:16:51] DEBUG: Schema\Builder: Entity LayoutSet
[2026-02-11 05:16:51] DEBUG: Schema\Builder: Entity Note
[2026-02-11 05:16:51] DEBUG: Schema\Builder: Entity PhoneNumber
[2026-02-11 05:16:51] DEBUG: Schema\Builder: Entity Portal
[2026-02-11 05:16:51] DEBUG: Schema\Builder: Entity PortalRole
[2026-02-11 05:16:51] DEBUG: Schema\Builder: Entity Role
[2026-02-11 05:16:51] DEBUG: Schema\Builder: Entity Team
[2026-02-11 05:16:51] DEBUG: Schema\Builder: Entity Template
[2026-02-11 05:16:51] DEBUG: Schema\Builder: Entity User
[2026-02-11 05:16:51] DEBUG: Schema\Builder: Entity UserData
[2026-02-11 05:16:51] DEBUG: Schema\Builder: Entity WorkingTimeCalendar
[2026-02-11 05:16:51] DEBUG: Schema\Builder: Entity WorkingTimeRange
[2026-02-11 05:16:51] DEBUG: Schema\Builder: Entity Account
[2026-02-11 05:16:51] DEBUG: Schema\Builder: Entity Call
[2026-02-11 05:16:51] DEBUG: Schema\Builder: Entity Campaign
[2026-02-11 05:16:51] DEBUG: Schema\Builder: Entity CampaignLogRecord
[2026-02-11 05:16:51] DEBUG: Schema\Builder: Entity CampaignTrackingUrl
[2026-02-11 05:16:51] DEBUG: Schema\Builder: Entity Case
[2026-02-11 05:16:51] DEBUG: Schema\Builder: Entity Contact
[2026-02-11 05:16:51] DEBUG: Schema\Builder: Entity Document
[2026-02-11 05:16:51] DEBUG: Schema\Builder: Entity DocumentFolder
[2026-02-11 05:16:51] DEBUG: Schema\Builder: Entity EmailQueueItem
[2026-02-11 05:16:51] DEBUG: Schema\Builder: Entity KnowledgeBaseArticle
[2026-02-11 05:16:51] DEBUG: Schema\Builder: Entity KnowledgeBaseCategory
[2026-02-11 05:16:51] DEBUG: Schema\Builder: Entity Lead
[2026-02-11 05:16:51] DEBUG: Schema\Builder: Entity MassEmail
[2026-02-11 05:16:51] DEBUG: Schema\Builder: Entity Meeting
[2026-02-11 05:16:51] DEBUG: Schema\Builder: Entity Opportunity
[2026-02-11 05:16:51] DEBUG: Schema\Builder: Entity TargetList
[2026-02-11 05:16:51] DEBUG: Schema\Builder: Entity TargetListCategory
[2026-02-11 05:16:51] DEBUG: Schema\Builder: Entity Task
[2026-02-11 05:16:51] DEBUG: Schema\Builder: Entity CADHAR
[2026-02-11 05:16:51] DEBUG: Schema\Builder: Entity CAttendanceRecord
[2026-02-11 05:16:51] DEBUG: Schema\Builder: Entity CBanks
[2026-02-11 05:16:51] DEBUG: Schema\Builder: Entity CCity
[2026-02-11 05:16:51] DEBUG: Schema\Builder: Entity CContactType
[2026-02-11 05:16:51] DEBUG: Schema\Builder: Entity CCountry
[2026-02-11 05:16:51] DEBUG: Schema\Builder: Entity CDepartment
[2026-02-11 05:16:51] DEBUG: Schema\Builder: Entity CDependantRelation
[2026-02-11 05:16:51] DEBUG: Schema\Builder: Entity CDrivingLicense
[2026-02-11 05:16:51] DEBUG: Schema\Builder: Entity CEmployee
[2026-02-11 05:16:51] DEBUG: Schema\Builder: Entity CEmployeeAddress
[2026-02-11 05:16:51] DEBUG: Schema\Builder: Entity CEmployeeBank
[2026-02-11 05:16:51] DEBUG: Schema\Builder: Entity CEmployeeContact
[2026-02-11 05:16:51] DEBUG: Schema\Builder: Entity CEmployeeDependent
[2026-02-11 05:16:51] DEBUG: Schema\Builder: Entity CEmployeeDocuments
[2026-02-11 05:16:51] DEBUG: Schema\Builder: Entity CEmployeePastExperience
[2026-02-11 05:16:51] DEBUG: Schema\Builder: Entity CPanCard
[2026-02-11 05:16:51] DEBUG: Schema\Builder: Entity CPassport
[2026-02-11 05:16:51] DEBUG: Schema\Builder: Entity CState
[2026-02-11 05:16:51] DEBUG: Schema\Builder: Entity CVoterIdCard
[2026-02-11 05:16:51] DEBUG: Schema\Builder: Entity CWorkRole
[2026-02-11 05:16:51] DEBUG: Schema\Builder: ManyMany for Email.emailAccounts
[2026-02-11 05:16:51] DEBUG: Schema\Builder: ManyMany for Email.inboundEmails
[2026-02-11 05:16:51] DEBUG: Schema\Builder: ManyMany for Email.replyToEmailAddresses
[2026-02-11 05:16:51] DEBUG: Schema\Builder: ManyMany for Email.users
[2026-02-11 05:16:51] DEBUG: Schema\Builder: ManyMany for Email.assignedUsers
[2026-02-11 05:16:51] DEBUG: Schema\Builder: ManyMany for Email.teams
[2026-02-11 05:16:51] DEBUG: Schema\Builder: ManyMany for GroupEmailFolder.teams
[2026-02-11 05:16:51] DEBUG: Schema\Builder: ManyMany for InboundEmail.teams
[2026-02-11 05:16:51] DEBUG: Schema\Builder: ManyMany for Note.users
[2026-02-11 05:16:51] DEBUG: Schema\Builder: ManyMany for Note.portals
[2026-02-11 05:16:51] DEBUG: Schema\Builder: ManyMany for Note.teams
[2026-02-11 05:16:51] DEBUG: Schema\Builder: ManyMany for Portal.articles
[2026-02-11 05:16:51] DEBUG: Schema\Builder: ManyMany for Portal.portalRoles
[2026-02-11 05:16:51] DEBUG: Schema\Builder: ManyMany for Portal.users
[2026-02-11 05:16:51] DEBUG: Schema\Builder: ManyMany for PortalRole.users
[2026-02-11 05:16:51] DEBUG: Schema\Builder: ManyMany for Role.teams
[2026-02-11 05:16:51] DEBUG: Schema\Builder: ManyMany for Role.users
[2026-02-11 05:16:51] DEBUG: Schema\Builder: ManyMany for Team.users
[2026-02-11 05:16:51] DEBUG: Schema\Builder: ManyMany for User.emailAddresses
[2026-02-11 05:16:51] DEBUG: Schema\Builder: ManyMany for User.phoneNumbers
[2026-02-11 05:16:51] DEBUG: Schema\Builder: ManyMany for User.targetLists
[2026-02-11 05:16:51] DEBUG: Schema\Builder: ManyMany for User.accounts
[2026-02-11 05:16:51] DEBUG: Schema\Builder: ManyMany for User.calls
[2026-02-11 05:16:51] DEBUG: Schema\Builder: ManyMany for User.meetings
[2026-02-11 05:16:51] DEBUG: Schema\Builder: ManyMany for User.workingTimeRanges
[2026-02-11 05:16:51] DEBUG: Schema\Builder: ManyMany for WorkingTimeCalendar.ranges
[2026-02-11 05:16:51] DEBUG: Schema\Builder: ManyMany for Account.portalUsers
[2026-02-11 05:16:51] DEBUG: Schema\Builder: Table [account_portal_user] exists.
[2026-02-11 05:16:51] DEBUG: Schema\Builder: ManyMany for Account.targetLists
[2026-02-11 05:16:51] DEBUG: Schema\Builder: ManyMany for Account.documents
[2026-02-11 05:16:51] DEBUG: Schema\Builder: ManyMany for Account.contacts
[2026-02-11 05:16:51] DEBUG: Schema\Builder: ManyMany for Call.leads
[2026-02-11 05:16:51] DEBUG: Schema\Builder: ManyMany for Call.contacts
[2026-02-11 05:16:51] DEBUG: Schema\Builder: ManyMany for Campaign.excludingTargetLists
[2026-02-11 05:16:51] DEBUG: Schema\Builder: ManyMany for Campaign.targetLists
[2026-02-11 05:16:51] DEBUG: Schema\Builder: ManyMany for Case.articles
[2026-02-11 05:16:51] DEBUG: Schema\Builder: ManyMany for Case.contacts
[2026-02-11 05:16:51] DEBUG: Schema\Builder: ManyMany for Contact.documents
[2026-02-11 05:16:51] DEBUG: Schema\Builder: ManyMany for Contact.targetLists
[2026-02-11 05:16:51] DEBUG: Schema\Builder: ManyMany for Contact.meetings
[2026-02-11 05:16:51] DEBUG: Schema\Builder: ManyMany for Contact.opportunities
[2026-02-11 05:16:51] DEBUG: Schema\Builder: ManyMany for Document.leads
[2026-02-11 05:16:51] DEBUG: Schema\Builder: ManyMany for Document.opportunities
[2026-02-11 05:16:51] DEBUG: Schema\Builder: ManyMany for KnowledgeBaseArticle.categories
[2026-02-11 05:16:51] DEBUG: Schema\Builder: ManyMany for Lead.targetLists
[2026-02-11 05:16:51] DEBUG: Schema\Builder: ManyMany for Lead.meetings
[2026-02-11 05:16:51] DEBUG: Schema\Builder: ManyMany for MassEmail.excludingTargetLists
[2026-02-11 05:16:51] DEBUG: Schema\Builder: ManyMany for MassEmail.targetLists
[2026-02-11 05:16:51] DEBUG: Schema\Builder - End
[2026-02-11 05:16:51] INFO: Schema, query: ALTER TABLE c_attendance_record ADD attendance_date DATE DEFAULT NULL
[2026-02-11 05:17:56] DEBUG: Schema\Builder - Start
[2026-02-11 05:17:56] DEBUG: Schema\Builder: Rebuild for entity types: [CAttendanceRecord] with dependent entity types: [CAttendanceRecord, Team, GroupEmailFolder, Email, Task, Contact, EmailAddress, PhoneNumber, Document, Attachment, User, CEmployee, CPassport, CPanCard, CVoterIdCard, CDrivingLicense, CADHAR, CDepartment, CEmployeeAddress, CCountry, CEmployeePastExperience, CWorkRole, CCity, CState, CBanks, CEmployeeBank, CEmployeeDocuments, CEmployeeContact, CContactType, CEmployeeDependent, CDependantRelation, TargetList, Lead, CampaignLogRecord, EmailQueueItem, MassEmail, InboundEmail, EmailFilter, EmailFolder, EmailTemplate, EmailTemplateCategory, Campaign, Template, CampaignTrackingUrl, Opportunity, Call, Account, Meeting, Case, KnowledgeBaseArticle, KnowledgeBaseCategory, Portal, AuthenticationProvider, LayoutSet, LayoutRecord, Note, PortalRole, TargetListCategory, UserData, WorkingTimeRange, WorkingTimeCalendar, DashboardTemplate, Role, DocumentFolder, EmailAccount]
[2026-02-11 05:17:56] DEBUG: Schema\Builder: Entity Attachment
[2026-02-11 05:17:56] DEBUG: Schema\Builder: Entity AuthenticationProvider
[2026-02-11 05:17:56] DEBUG: Schema\Builder: Entity DashboardTemplate
[2026-02-11 05:17:56] DEBUG: Schema\Builder: Entity Email
[2026-02-11 05:17:56] DEBUG: Schema\Builder: Entity EmailAccount
[2026-02-11 05:17:56] DEBUG: Schema\Builder: Entity EmailAddress
[2026-02-11 05:17:56] DEBUG: Schema\Builder: Entity EmailFilter
[2026-02-11 05:17:56] DEBUG: Schema\Builder: Entity EmailFolder
[2026-02-11 05:17:56] DEBUG: Schema\Builder: Entity EmailTemplate
[2026-02-11 05:17:56] DEBUG: Schema\Builder: Entity EmailTemplateCategory
[2026-02-11 05:17:56] DEBUG: Schema\Builder: Entity GroupEmailFolder
[2026-02-11 05:17:56] DEBUG: Schema\Builder: Entity InboundEmail
[2026-02-11 05:17:56] DEBUG: Schema\Builder: Entity LayoutRecord
[2026-02-11 05:17:56] DEBUG: Schema\Builder: Entity LayoutSet
[2026-02-11 05:17:56] DEBUG: Schema\Builder: Entity Note
[2026-02-11 05:17:56] DEBUG: Schema\Builder: Entity PhoneNumber
[2026-02-11 05:17:56] DEBUG: Schema\Builder: Entity Portal
[2026-02-11 05:17:56] DEBUG: Schema\Builder: Entity PortalRole
[2026-02-11 05:17:56] DEBUG: Schema\Builder: Entity Role
[2026-02-11 05:17:56] DEBUG: Schema\Builder: Entity Team
[2026-02-11 05:17:56] DEBUG: Schema\Builder: Entity Template
[2026-02-11 05:17:56] DEBUG: Schema\Builder: Entity User
[2026-02-11 05:17:56] DEBUG: Schema\Builder: Entity UserData
[2026-02-11 05:17:56] DEBUG: Schema\Builder: Entity WorkingTimeCalendar
[2026-02-11 05:17:56] DEBUG: Schema\Builder: Entity WorkingTimeRange
[2026-02-11 05:17:56] DEBUG: Schema\Builder: Entity Account
[2026-02-11 05:17:56] DEBUG: Schema\Builder: Entity Call
[2026-02-11 05:17:56] DEBUG: Schema\Builder: Entity Campaign
[2026-02-11 05:17:56] DEBUG: Schema\Builder: Entity CampaignLogRecord
[2026-02-11 05:17:56] DEBUG: Schema\Builder: Entity CampaignTrackingUrl
[2026-02-11 05:17:56] DEBUG: Schema\Builder: Entity Case
[2026-02-11 05:17:56] DEBUG: Schema\Builder: Entity Contact
[2026-02-11 05:17:56] DEBUG: Schema\Builder: Entity Document
[2026-02-11 05:17:56] DEBUG: Schema\Builder: Entity DocumentFolder
[2026-02-11 05:17:56] DEBUG: Schema\Builder: Entity EmailQueueItem
[2026-02-11 05:17:56] DEBUG: Schema\Builder: Entity KnowledgeBaseArticle
[2026-02-11 05:17:56] DEBUG: Schema\Builder: Entity KnowledgeBaseCategory
[2026-02-11 05:17:56] DEBUG: Schema\Builder: Entity Lead
[2026-02-11 05:17:56] DEBUG: Schema\Builder: Entity MassEmail
[2026-02-11 05:17:56] DEBUG: Schema\Builder: Entity Meeting
[2026-02-11 05:17:56] DEBUG: Schema\Builder: Entity Opportunity
[2026-02-11 05:17:56] DEBUG: Schema\Builder: Entity TargetList
[2026-02-11 05:17:56] DEBUG: Schema\Builder: Entity TargetListCategory
[2026-02-11 05:17:56] DEBUG: Schema\Builder: Entity Task
[2026-02-11 05:17:56] DEBUG: Schema\Builder: Entity CADHAR
[2026-02-11 05:17:56] DEBUG: Schema\Builder: Entity CAttendanceRecord
[2026-02-11 05:17:56] DEBUG: Schema\Builder: Entity CBanks
[2026-02-11 05:17:56] DEBUG: Schema\Builder: Entity CCity
[2026-02-11 05:17:56] DEBUG: Schema\Builder: Entity CContactType
[2026-02-11 05:17:56] DEBUG: Schema\Builder: Entity CCountry
[2026-02-11 05:17:56] DEBUG: Schema\Builder: Entity CDepartment
[2026-02-11 05:17:56] DEBUG: Schema\Builder: Entity CDependantRelation
[2026-02-11 05:17:56] DEBUG: Schema\Builder: Entity CDrivingLicense
[2026-02-11 05:17:56] DEBUG: Schema\Builder: Entity CEmployee
[2026-02-11 05:17:56] DEBUG: Schema\Builder: Entity CEmployeeAddress
[2026-02-11 05:17:56] DEBUG: Schema\Builder: Entity CEmployeeBank
[2026-02-11 05:17:56] DEBUG: Schema\Builder: Entity CEmployeeContact
[2026-02-11 05:17:56] DEBUG: Schema\Builder: Entity CEmployeeDependent
[2026-02-11 05:17:56] DEBUG: Schema\Builder: Entity CEmployeeDocuments
[2026-02-11 05:17:56] DEBUG: Schema\Builder: Entity CEmployeePastExperience
[2026-02-11 05:17:56] DEBUG: Schema\Builder: Entity CPanCard
[2026-02-11 05:17:56] DEBUG: Schema\Builder: Entity CPassport
[2026-02-11 05:17:56] DEBUG: Schema\Builder: Entity CState
[2026-02-11 05:17:56] DEBUG: Schema\Builder: Entity CVoterIdCard
[2026-02-11 05:17:56] DEBUG: Schema\Builder: Entity CWorkRole
[2026-02-11 05:17:56] DEBUG: Schema\Builder: ManyMany for Email.emailAccounts
[2026-02-11 05:17:56] DEBUG: Schema\Builder: ManyMany for Email.inboundEmails
[2026-02-11 05:17:56] DEBUG: Schema\Builder: ManyMany for Email.replyToEmailAddresses
[2026-02-11 05:17:56] DEBUG: Schema\Builder: ManyMany for Email.users
[2026-02-11 05:17:56] DEBUG: Schema\Builder: ManyMany for Email.assignedUsers
[2026-02-11 05:17:56] DEBUG: Schema\Builder: ManyMany for Email.teams
[2026-02-11 05:17:56] DEBUG: Schema\Builder: ManyMany for GroupEmailFolder.teams
[2026-02-11 05:17:56] DEBUG: Schema\Builder: ManyMany for InboundEmail.teams
[2026-02-11 05:17:56] DEBUG: Schema\Builder: ManyMany for Note.users
[2026-02-11 05:17:56] DEBUG: Schema\Builder: ManyMany for Note.portals
[2026-02-11 05:17:56] DEBUG: Schema\Builder: ManyMany for Note.teams
[2026-02-11 05:17:56] DEBUG: Schema\Builder: ManyMany for Portal.articles
[2026-02-11 05:17:56] DEBUG: Schema\Builder: ManyMany for Portal.portalRoles
[2026-02-11 05:17:56] DEBUG: Schema\Builder: ManyMany for Portal.users
[2026-02-11 05:17:56] DEBUG: Schema\Builder: ManyMany for PortalRole.users
[2026-02-11 05:17:56] DEBUG: Schema\Builder: ManyMany for Role.teams
[2026-02-11 05:17:56] DEBUG: Schema\Builder: ManyMany for Role.users
[2026-02-11 05:17:56] DEBUG: Schema\Builder: ManyMany for Team.users
[2026-02-11 05:17:56] DEBUG: Schema\Builder: ManyMany for User.emailAddresses
[2026-02-11 05:17:56] DEBUG: Schema\Builder: ManyMany for User.phoneNumbers
[2026-02-11 05:17:56] DEBUG: Schema\Builder: ManyMany for User.targetLists
[2026-02-11 05:17:56] DEBUG: Schema\Builder: ManyMany for User.accounts
[2026-02-11 05:17:56] DEBUG: Schema\Builder: ManyMany for User.calls
[2026-02-11 05:17:56] DEBUG: Schema\Builder: ManyMany for User.meetings
[2026-02-11 05:17:56] DEBUG: Schema\Builder: ManyMany for User.workingTimeRanges
[2026-02-11 05:17:56] DEBUG: Schema\Builder: ManyMany for WorkingTimeCalendar.ranges
[2026-02-11 05:17:56] DEBUG: Schema\Builder: ManyMany for Account.portalUsers
[2026-02-11 05:17:56] DEBUG: Schema\Builder: Table [account_portal_user] exists.
[2026-02-11 05:17:56] DEBUG: Schema\Builder: ManyMany for Account.targetLists
[2026-02-11 05:17:56] DEBUG: Schema\Builder: ManyMany for Account.documents
[2026-02-11 05:17:56] DEBUG: Schema\Builder: ManyMany for Account.contacts
[2026-02-11 05:17:56] DEBUG: Schema\Builder: ManyMany for Call.leads
[2026-02-11 05:17:56] DEBUG: Schema\Builder: ManyMany for Call.contacts
[2026-02-11 05:17:56] DEBUG: Schema\Builder: ManyMany for Campaign.excludingTargetLists
[2026-02-11 05:17:56] DEBUG: Schema\Builder: ManyMany for Campaign.targetLists
[2026-02-11 05:17:56] DEBUG: Schema\Builder: ManyMany for Case.articles
[2026-02-11 05:17:56] DEBUG: Schema\Builder: ManyMany for Case.contacts
[2026-02-11 05:17:56] DEBUG: Schema\Builder: ManyMany for Contact.documents
[2026-02-11 05:17:56] DEBUG: Schema\Builder: ManyMany for Contact.targetLists
[2026-02-11 05:17:56] DEBUG: Schema\Builder: ManyMany for Contact.meetings
[2026-02-11 05:17:56] DEBUG: Schema\Builder: ManyMany for Contact.opportunities
[2026-02-11 05:17:56] DEBUG: Schema\Builder: ManyMany for Document.leads
[2026-02-11 05:17:56] DEBUG: Schema\Builder: ManyMany for Document.opportunities
[2026-02-11 05:17:56] DEBUG: Schema\Builder: ManyMany for KnowledgeBaseArticle.categories
[2026-02-11 05:17:56] DEBUG: Schema\Builder: ManyMany for Lead.targetLists
[2026-02-11 05:17:56] DEBUG: Schema\Builder: ManyMany for Lead.meetings
[2026-02-11 05:17:56] DEBUG: Schema\Builder: ManyMany for MassEmail.excludingTargetLists
[2026-02-11 05:17:56] DEBUG: Schema\Builder: ManyMany for MassEmail.targetLists
[2026-02-11 05:17:56] DEBUG: Schema\Builder - End
[2026-02-11 05:17:56] INFO: Schema, query: ALTER TABLE c_attendance_record ADD status VARCHAR(100) CHARACTER SET utf8mb4 DEFAULT 'Present' COLLATE `utf8mb4_unicode_ci`
[2026-02-11 05:18:07] DEBUG: Schema\Builder - Start
[2026-02-11 05:18:07] DEBUG: Schema\Builder: Entity ActionHistoryRecord
[2026-02-11 05:18:07] DEBUG: Schema\Builder: Entity AddressCountry
[2026-02-11 05:18:07] DEBUG: Schema\Builder: Entity AppLogRecord
[2026-02-11 05:18:07] DEBUG: Schema\Builder: Entity AppSecret
[2026-02-11 05:18:07] DEBUG: Schema\Builder: Entity ArrayValue
[2026-02-11 05:18:07] DEBUG: Schema\Builder: Entity Attachment
[2026-02-11 05:18:07] DEBUG: Schema\Builder: Entity AuthLogRecord
[2026-02-11 05:18:07] DEBUG: Schema\Builder: Entity AuthToken
[2026-02-11 05:18:07] DEBUG: Schema\Builder: Entity AuthenticationProvider
[2026-02-11 05:18:07] DEBUG: Schema\Builder: Entity Autofollow
[2026-02-11 05:18:07] DEBUG: Schema\Builder: Entity Currency
[2026-02-11 05:18:07] DEBUG: Schema\Builder: Entity DashboardTemplate
[2026-02-11 05:18:07] DEBUG: Schema\Builder: Entity Email
[2026-02-11 05:18:07] DEBUG: Schema\Builder: Entity EmailAccount
[2026-02-11 05:18:07] DEBUG: Schema\Builder: Entity EmailAddress
[2026-02-11 05:18:07] DEBUG: Schema\Builder: Entity EmailFilter
[2026-02-11 05:18:07] DEBUG: Schema\Builder: Entity EmailFolder
[2026-02-11 05:18:07] DEBUG: Schema\Builder: Entity EmailTemplate
[2026-02-11 05:18:07] DEBUG: Schema\Builder: Entity EmailTemplateCategory
[2026-02-11 05:18:07] DEBUG: Schema\Builder: Entity Export
[2026-02-11 05:18:07] DEBUG: Schema\Builder: Entity Extension
[2026-02-11 05:18:07] DEBUG: Schema\Builder: Entity ExternalAccount
[2026-02-11 05:18:07] DEBUG: Schema\Builder: Entity GroupEmailFolder
[2026-02-11 05:18:07] DEBUG: Schema\Builder: Entity Import
[2026-02-11 05:18:07] DEBUG: Schema\Builder: Entity ImportEntity
[2026-02-11 05:18:07] DEBUG: Schema\Builder: Entity ImportError
[2026-02-11 05:18:07] DEBUG: Schema\Builder: Entity InboundEmail
[2026-02-11 05:18:07] DEBUG: Schema\Builder: Entity Integration
[2026-02-11 05:18:07] DEBUG: Schema\Builder: Entity Job
[2026-02-11 05:18:07] DEBUG: Schema\Builder: Entity KanbanOrder
[2026-02-11 05:18:07] DEBUG: Schema\Builder: Entity LayoutRecord
[2026-02-11 05:18:07] DEBUG: Schema\Builder: Entity LayoutSet
[2026-02-11 05:18:07] DEBUG: Schema\Builder: Entity LeadCapture
[2026-02-11 05:18:07] DEBUG: Schema\Builder: Entity LeadCaptureLogRecord
[2026-02-11 05:18:07] DEBUG: Schema\Builder: Entity MassAction
[2026-02-11 05:18:07] DEBUG: Schema\Builder: Entity NextNumber
[2026-02-11 05:18:07] DEBUG: Schema\Builder: Entity Note
[2026-02-11 05:18:07] DEBUG: Schema\Builder: Entity Notification
[2026-02-11 05:18:08] DEBUG: Schema\Builder: Entity OAuthAccount
[2026-02-11 05:18:08] DEBUG: Schema\Builder: Entity OAuthProvider
[2026-02-11 05:18:08] DEBUG: Schema\Builder: Entity PasswordChangeRequest
[2026-02-11 05:18:08] DEBUG: Schema\Builder: Entity PhoneNumber
[2026-02-11 05:18:08] DEBUG: Schema\Builder: Entity Portal
[2026-02-11 05:18:08] DEBUG: Schema\Builder: Entity PortalRole
[2026-02-11 05:18:08] DEBUG: Schema\Builder: Entity Preferences
[2026-02-11 05:18:08] DEBUG: Schema\Builder: Entity Role
[2026-02-11 05:18:08] DEBUG: Schema\Builder: Entity ScheduledJob
[2026-02-11 05:18:08] DEBUG: Schema\Builder: Entity ScheduledJobLogRecord
[2026-02-11 05:18:08] DEBUG: Schema\Builder: Entity Sms
[2026-02-11 05:18:08] DEBUG: Schema\Builder: Entity StarSubscription
[2026-02-11 05:18:08] DEBUG: Schema\Builder: Entity StreamSubscription
[2026-02-11 05:18:08] DEBUG: Schema\Builder: Entity SystemData
[2026-02-11 05:18:08] DEBUG: Schema\Builder: Entity Team
[2026-02-11 05:18:08] DEBUG: Schema\Builder: Entity Template
[2026-02-11 05:18:08] DEBUG: Schema\Builder: Entity TwoFactorCode
[2026-02-11 05:18:08] DEBUG: Schema\Builder: Entity UniqueId
[2026-02-11 05:18:08] DEBUG: Schema\Builder: Entity User
[2026-02-11 05:18:08] DEBUG: Schema\Builder: Entity UserData
[2026-02-11 05:18:08] DEBUG: Schema\Builder: Entity UserReaction
[2026-02-11 05:18:08] DEBUG: Schema\Builder: Entity Webhook
[2026-02-11 05:18:08] DEBUG: Schema\Builder: Entity WebhookEventQueueItem
[2026-02-11 05:18:08] DEBUG: Schema\Builder: Entity WebhookQueueItem
[2026-02-11 05:18:08] DEBUG: Schema\Builder: Entity WorkingTimeCalendar
[2026-02-11 05:18:08] DEBUG: Schema\Builder: Entity WorkingTimeRange
[2026-02-11 05:18:08] DEBUG: Schema\Builder: Entity Account
[2026-02-11 05:18:08] DEBUG: Schema\Builder: Entity Call
[2026-02-11 05:18:08] DEBUG: Schema\Builder: Entity Campaign
[2026-02-11 05:18:08] DEBUG: Schema\Builder: Entity CampaignLogRecord
[2026-02-11 05:18:08] DEBUG: Schema\Builder: Entity CampaignTrackingUrl
[2026-02-11 05:18:08] DEBUG: Schema\Builder: Entity Case
[2026-02-11 05:18:08] DEBUG: Schema\Builder: Entity Contact
[2026-02-11 05:18:08] DEBUG: Schema\Builder: Entity Document
[2026-02-11 05:18:08] DEBUG: Schema\Builder: Entity DocumentFolder
[2026-02-11 05:18:08] DEBUG: Schema\Builder: Entity EmailQueueItem
[2026-02-11 05:18:08] DEBUG: Schema\Builder: Entity KnowledgeBaseArticle
[2026-02-11 05:18:08] DEBUG: Schema\Builder: Entity KnowledgeBaseCategory
[2026-02-11 05:18:08] DEBUG: Schema\Builder: Entity Lead
[2026-02-11 05:18:08] DEBUG: Schema\Builder: Entity MassEmail
[2026-02-11 05:18:08] DEBUG: Schema\Builder: Entity Meeting
[2026-02-11 05:18:08] DEBUG: Schema\Builder: Entity Opportunity
[2026-02-11 05:18:08] DEBUG: Schema\Builder: Entity Reminder
[2026-02-11 05:18:08] DEBUG: Schema\Builder: Entity Target
[2026-02-11 05:18:08] DEBUG: Schema\Builder: Entity TargetList
[2026-02-11 05:18:08] DEBUG: Schema\Builder: Entity TargetListCategory
[2026-02-11 05:18:08] DEBUG: Schema\Builder: Entity Task
[2026-02-11 05:18:08] DEBUG: Schema\Builder: Entity CADHAR
[2026-02-11 05:18:08] DEBUG: Schema\Builder: Entity CAttendanceRecord
[2026-02-11 05:18:08] DEBUG: Schema\Builder: Entity CBanks
[2026-02-11 05:18:08] DEBUG: Schema\Builder: Entity CCity
[2026-02-11 05:18:08] DEBUG: Schema\Builder: Entity CContactType
[2026-02-11 05:18:08] DEBUG: Schema\Builder: Entity CCountry
[2026-02-11 05:18:08] DEBUG: Schema\Builder: Entity CDepartment
[2026-02-11 05:18:08] DEBUG: Schema\Builder: Entity CDependantRelation
[2026-02-11 05:18:08] DEBUG: Schema\Builder: Entity CDocumentType
[2026-02-11 05:18:08] DEBUG: Schema\Builder: Entity CDrivingLicense
[2026-02-11 05:18:08] DEBUG: Schema\Builder: Entity CEmployee
[2026-02-11 05:18:08] DEBUG: Schema\Builder: Entity CEmployeeAddress
[2026-02-11 05:18:08] DEBUG: Schema\Builder: Entity CEmployeeBank
[2026-02-11 05:18:08] DEBUG: Schema\Builder: Entity CEmployeeContact
[2026-02-11 05:18:08] DEBUG: Schema\Builder: Entity CEmployeeDependent
[2026-02-11 05:18:08] DEBUG: Schema\Builder: Entity CEmployeeDocuments
[2026-02-11 05:18:08] DEBUG: Schema\Builder: Entity CEmployeePastExperience
[2026-02-11 05:18:08] DEBUG: Schema\Builder: Entity CPanCard
[2026-02-11 05:18:08] DEBUG: Schema\Builder: Entity CPassport
[2026-02-11 05:18:08] DEBUG: Schema\Builder: Entity CState
[2026-02-11 05:18:08] DEBUG: Schema\Builder: Entity CVoterIdCard
[2026-02-11 05:18:08] DEBUG: Schema\Builder: Entity CWorkRole
[2026-02-11 05:18:08] DEBUG: Schema\Builder: Entity EmailTemplateCategoryPath
[2026-02-11 05:18:08] DEBUG: Schema\Builder: Entity DocumentFolderPath
[2026-02-11 05:18:08] DEBUG: Schema\Builder: Entity KnowledgeBaseCategoryPath
[2026-02-11 05:18:08] DEBUG: Schema\Builder: Entity TargetListCategoryPath
[2026-02-11 05:18:08] DEBUG: Schema\Builder: ManyMany for Email.emailAccounts
[2026-02-11 05:18:08] DEBUG: Schema\Builder: ManyMany for Email.inboundEmails
[2026-02-11 05:18:08] DEBUG: Schema\Builder: ManyMany for Email.replyToEmailAddresses
[2026-02-11 05:18:08] DEBUG: Schema\Builder: ManyMany for Email.users
[2026-02-11 05:18:08] DEBUG: Schema\Builder: ManyMany for Email.assignedUsers
[2026-02-11 05:18:08] DEBUG: Schema\Builder: ManyMany for Email.teams
[2026-02-11 05:18:08] DEBUG: Schema\Builder: ManyMany for GroupEmailFolder.teams
[2026-02-11 05:18:08] DEBUG: Schema\Builder: ManyMany for InboundEmail.teams
[2026-02-11 05:18:08] DEBUG: Schema\Builder: ManyMany for Note.users
[2026-02-11 05:18:08] DEBUG: Schema\Builder: ManyMany for Note.portals
[2026-02-11 05:18:08] DEBUG: Schema\Builder: ManyMany for Note.teams
[2026-02-11 05:18:08] DEBUG: Schema\Builder: ManyMany for Portal.articles
[2026-02-11 05:18:08] DEBUG: Schema\Builder: ManyMany for Portal.portalRoles
[2026-02-11 05:18:08] DEBUG: Schema\Builder: ManyMany for Portal.users
[2026-02-11 05:18:08] DEBUG: Schema\Builder: ManyMany for PortalRole.users
[2026-02-11 05:18:08] DEBUG: Schema\Builder: ManyMany for Role.teams
[2026-02-11 05:18:08] DEBUG: Schema\Builder: ManyMany for Role.users
[2026-02-11 05:18:08] DEBUG: Schema\Builder: ManyMany for Sms.toPhoneNumbers
[2026-02-11 05:18:08] DEBUG: Schema\Builder: ManyMany for Team.users
[2026-02-11 05:18:08] DEBUG: Schema\Builder: ManyMany for User.emailAddresses
[2026-02-11 05:18:08] DEBUG: Schema\Builder: ManyMany for User.phoneNumbers
[2026-02-11 05:18:08] DEBUG: Schema\Builder: ManyMany for User.targetLists
[2026-02-11 05:18:08] DEBUG: Schema\Builder: ManyMany for User.accounts
[2026-02-11 05:18:08] DEBUG: Schema\Builder: ManyMany for User.calls
[2026-02-11 05:18:08] DEBUG: Schema\Builder: ManyMany for User.meetings
[2026-02-11 05:18:08] DEBUG: Schema\Builder: ManyMany for User.workingTimeRanges
[2026-02-11 05:18:08] DEBUG: Schema\Builder: ManyMany for WorkingTimeCalendar.ranges
[2026-02-11 05:18:08] DEBUG: Schema\Builder: ManyMany for Account.portalUsers
[2026-02-11 05:18:08] DEBUG: Schema\Builder: Table [account_portal_user] exists.
[2026-02-11 05:18:08] DEBUG: Schema\Builder: ManyMany for Account.targetLists
[2026-02-11 05:18:08] DEBUG: Schema\Builder: ManyMany for Account.documents
[2026-02-11 05:18:08] DEBUG: Schema\Builder: ManyMany for Account.contacts
[2026-02-11 05:18:08] DEBUG: Schema\Builder: ManyMany for Call.leads
[2026-02-11 05:18:08] DEBUG: Schema\Builder: ManyMany for Call.contacts
[2026-02-11 05:18:08] DEBUG: Schema\Builder: ManyMany for Campaign.excludingTargetLists
[2026-02-11 05:18:08] DEBUG: Schema\Builder: ManyMany for Campaign.targetLists
[2026-02-11 05:18:08] DEBUG: Schema\Builder: ManyMany for Case.articles
[2026-02-11 05:18:08] DEBUG: Schema\Builder: ManyMany for Case.contacts
[2026-02-11 05:18:08] DEBUG: Schema\Builder: ManyMany for Contact.documents
[2026-02-11 05:18:08] DEBUG: Schema\Builder: ManyMany for Contact.targetLists
[2026-02-11 05:18:08] DEBUG: Schema\Builder: ManyMany for Contact.meetings
[2026-02-11 05:18:08] DEBUG: Schema\Builder: ManyMany for Contact.opportunities
[2026-02-11 05:18:08] DEBUG: Schema\Builder: ManyMany for Document.leads
[2026-02-11 05:18:08] DEBUG: Schema\Builder: ManyMany for Document.opportunities
[2026-02-11 05:18:08] DEBUG: Schema\Builder: ManyMany for KnowledgeBaseArticle.categories
[2026-02-11 05:18:08] DEBUG: Schema\Builder: ManyMany for Lead.targetLists
[2026-02-11 05:18:08] DEBUG: Schema\Builder: ManyMany for Lead.meetings
[2026-02-11 05:18:08] DEBUG: Schema\Builder: ManyMany for MassEmail.excludingTargetLists
[2026-02-11 05:18:08] DEBUG: Schema\Builder: ManyMany for MassEmail.targetLists
[2026-02-11 05:18:08] DEBUG: Schema\Builder - End
[2026-02-11 05:43:07] DEBUG: Schema\Builder - Start
[2026-02-11 05:43:07] DEBUG: Schema\Builder: Entity ActionHistoryRecord
[2026-02-11 05:43:07] DEBUG: Schema\Builder: Entity AddressCountry
[2026-02-11 05:43:07] DEBUG: Schema\Builder: Entity AppLogRecord
[2026-02-11 05:43:07] DEBUG: Schema\Builder: Entity AppSecret
[2026-02-11 05:43:07] DEBUG: Schema\Builder: Entity ArrayValue
[2026-02-11 05:43:07] DEBUG: Schema\Builder: Entity Attachment
[2026-02-11 05:43:07] DEBUG: Schema\Builder: Entity AuthLogRecord
[2026-02-11 05:43:07] DEBUG: Schema\Builder: Entity AuthToken
[2026-02-11 05:43:07] DEBUG: Schema\Builder: Entity AuthenticationProvider
[2026-02-11 05:43:07] DEBUG: Schema\Builder: Entity Autofollow
[2026-02-11 05:43:07] DEBUG: Schema\Builder: Entity Currency
[2026-02-11 05:43:07] DEBUG: Schema\Builder: Entity DashboardTemplate
[2026-02-11 05:43:07] DEBUG: Schema\Builder: Entity Email
[2026-02-11 05:43:07] DEBUG: Schema\Builder: Entity EmailAccount
[2026-02-11 05:43:07] DEBUG: Schema\Builder: Entity EmailAddress
[2026-02-11 05:43:07] DEBUG: Schema\Builder: Entity EmailFilter
[2026-02-11 05:43:07] DEBUG: Schema\Builder: Entity EmailFolder
[2026-02-11 05:43:07] DEBUG: Schema\Builder: Entity EmailTemplate
[2026-02-11 05:43:07] DEBUG: Schema\Builder: Entity EmailTemplateCategory
[2026-02-11 05:43:07] DEBUG: Schema\Builder: Entity Export
[2026-02-11 05:43:07] DEBUG: Schema\Builder: Entity Extension
[2026-02-11 05:43:07] DEBUG: Schema\Builder: Entity ExternalAccount
[2026-02-11 05:43:07] DEBUG: Schema\Builder: Entity GroupEmailFolder
[2026-02-11 05:43:07] DEBUG: Schema\Builder: Entity Import
[2026-02-11 05:43:07] DEBUG: Schema\Builder: Entity ImportEntity
[2026-02-11 05:43:07] DEBUG: Schema\Builder: Entity ImportError
[2026-02-11 05:43:07] DEBUG: Schema\Builder: Entity InboundEmail
[2026-02-11 05:43:07] DEBUG: Schema\Builder: Entity Integration
[2026-02-11 05:43:07] DEBUG: Schema\Builder: Entity Job
[2026-02-11 05:43:07] DEBUG: Schema\Builder: Entity KanbanOrder
[2026-02-11 05:43:07] DEBUG: Schema\Builder: Entity LayoutRecord
[2026-02-11 05:43:07] DEBUG: Schema\Builder: Entity LayoutSet
[2026-02-11 05:43:07] DEBUG: Schema\Builder: Entity LeadCapture
[2026-02-11 05:43:07] DEBUG: Schema\Builder: Entity LeadCaptureLogRecord
[2026-02-11 05:43:07] DEBUG: Schema\Builder: Entity MassAction
[2026-02-11 05:43:07] DEBUG: Schema\Builder: Entity NextNumber
[2026-02-11 05:43:07] DEBUG: Schema\Builder: Entity Note
[2026-02-11 05:43:07] DEBUG: Schema\Builder: Entity Notification
[2026-02-11 05:43:07] DEBUG: Schema\Builder: Entity OAuthAccount
[2026-02-11 05:43:07] DEBUG: Schema\Builder: Entity OAuthProvider
[2026-02-11 05:43:07] DEBUG: Schema\Builder: Entity PasswordChangeRequest
[2026-02-11 05:43:07] DEBUG: Schema\Builder: Entity PhoneNumber
[2026-02-11 05:43:07] DEBUG: Schema\Builder: Entity Portal
[2026-02-11 05:43:07] DEBUG: Schema\Builder: Entity PortalRole
[2026-02-11 05:43:07] DEBUG: Schema\Builder: Entity Preferences
[2026-02-11 05:43:07] DEBUG: Schema\Builder: Entity Role
[2026-02-11 05:43:07] DEBUG: Schema\Builder: Entity ScheduledJob
[2026-02-11 05:43:07] DEBUG: Schema\Builder: Entity ScheduledJobLogRecord
[2026-02-11 05:43:07] DEBUG: Schema\Builder: Entity Sms
[2026-02-11 05:43:07] DEBUG: Schema\Builder: Entity StarSubscription
[2026-02-11 05:43:07] DEBUG: Schema\Builder: Entity StreamSubscription
[2026-02-11 05:43:07] DEBUG: Schema\Builder: Entity SystemData
[2026-02-11 05:43:07] DEBUG: Schema\Builder: Entity Team
[2026-02-11 05:43:07] DEBUG: Schema\Builder: Entity Template
[2026-02-11 05:43:07] DEBUG: Schema\Builder: Entity TwoFactorCode
[2026-02-11 05:43:07] DEBUG: Schema\Builder: Entity UniqueId
[2026-02-11 05:43:07] DEBUG: Schema\Builder: Entity User
[2026-02-11 05:43:07] DEBUG: Schema\Builder: Entity UserData
[2026-02-11 05:43:07] DEBUG: Schema\Builder: Entity UserReaction
[2026-02-11 05:43:07] DEBUG: Schema\Builder: Entity Webhook
[2026-02-11 05:43:07] DEBUG: Schema\Builder: Entity WebhookEventQueueItem
[2026-02-11 05:43:07] DEBUG: Schema\Builder: Entity WebhookQueueItem
[2026-02-11 05:43:07] DEBUG: Schema\Builder: Entity WorkingTimeCalendar
[2026-02-11 05:43:07] DEBUG: Schema\Builder: Entity WorkingTimeRange
[2026-02-11 05:43:07] DEBUG: Schema\Builder: Entity Account
[2026-02-11 05:43:07] DEBUG: Schema\Builder: Entity Call
[2026-02-11 05:43:07] DEBUG: Schema\Builder: Entity Campaign
[2026-02-11 05:43:07] DEBUG: Schema\Builder: Entity CampaignLogRecord
[2026-02-11 05:43:07] DEBUG: Schema\Builder: Entity CampaignTrackingUrl
[2026-02-11 05:43:07] DEBUG: Schema\Builder: Entity Case
[2026-02-11 05:43:07] DEBUG: Schema\Builder: Entity Contact
[2026-02-11 05:43:07] DEBUG: Schema\Builder: Entity Document
[2026-02-11 05:43:07] DEBUG: Schema\Builder: Entity DocumentFolder
[2026-02-11 05:43:07] DEBUG: Schema\Builder: Entity EmailQueueItem
[2026-02-11 05:43:07] DEBUG: Schema\Builder: Entity KnowledgeBaseArticle
[2026-02-11 05:43:07] DEBUG: Schema\Builder: Entity KnowledgeBaseCategory
[2026-02-11 05:43:07] DEBUG: Schema\Builder: Entity Lead
[2026-02-11 05:43:07] DEBUG: Schema\Builder: Entity MassEmail
[2026-02-11 05:43:07] DEBUG: Schema\Builder: Entity Meeting
[2026-02-11 05:43:07] DEBUG: Schema\Builder: Entity Opportunity
[2026-02-11 05:43:07] DEBUG: Schema\Builder: Entity Reminder
[2026-02-11 05:43:07] DEBUG: Schema\Builder: Entity Target
[2026-02-11 05:43:07] DEBUG: Schema\Builder: Entity TargetList
[2026-02-11 05:43:07] DEBUG: Schema\Builder: Entity TargetListCategory
[2026-02-11 05:43:07] DEBUG: Schema\Builder: Entity Task
[2026-02-11 05:43:07] DEBUG: Schema\Builder: Entity CADHAR
[2026-02-11 05:43:07] DEBUG: Schema\Builder: Entity CAttendanceRecord
[2026-02-11 05:43:07] DEBUG: Schema\Builder: Entity CBanks
[2026-02-11 05:43:07] DEBUG: Schema\Builder: Entity CCity
[2026-02-11 05:43:07] DEBUG: Schema\Builder: Entity CContactType
[2026-02-11 05:43:07] DEBUG: Schema\Builder: Entity CCountry
[2026-02-11 05:43:07] DEBUG: Schema\Builder: Entity CDepartment
[2026-02-11 05:43:07] DEBUG: Schema\Builder: Entity CDependantRelation
[2026-02-11 05:43:07] DEBUG: Schema\Builder: Entity CDocumentType
[2026-02-11 05:43:07] DEBUG: Schema\Builder: Entity CDrivingLicense
[2026-02-11 05:43:07] DEBUG: Schema\Builder: Entity CEmployee
[2026-02-11 05:43:07] DEBUG: Schema\Builder: Entity CEmployeeAddress
[2026-02-11 05:43:07] DEBUG: Schema\Builder: Entity CEmployeeBank
[2026-02-11 05:43:07] DEBUG: Schema\Builder: Entity CEmployeeContact
[2026-02-11 05:43:07] DEBUG: Schema\Builder: Entity CEmployeeDependent
[2026-02-11 05:43:07] DEBUG: Schema\Builder: Entity CEmployeeDocuments
[2026-02-11 05:43:07] DEBUG: Schema\Builder: Entity CEmployeePastExperience
[2026-02-11 05:43:07] DEBUG: Schema\Builder: Entity CPanCard
[2026-02-11 05:43:07] DEBUG: Schema\Builder: Entity CPassport
[2026-02-11 05:43:07] DEBUG: Schema\Builder: Entity CState
[2026-02-11 05:43:07] DEBUG: Schema\Builder: Entity CVoterIdCard
[2026-02-11 05:43:07] DEBUG: Schema\Builder: Entity CWorkRole
[2026-02-11 05:43:07] DEBUG: Schema\Builder: Entity EmailTemplateCategoryPath
[2026-02-11 05:43:07] DEBUG: Schema\Builder: Entity DocumentFolderPath
[2026-02-11 05:43:07] DEBUG: Schema\Builder: Entity KnowledgeBaseCategoryPath
[2026-02-11 05:43:07] DEBUG: Schema\Builder: Entity TargetListCategoryPath
[2026-02-11 05:43:07] DEBUG: Schema\Builder: ManyMany for Email.emailAccounts
[2026-02-11 05:43:07] DEBUG: Schema\Builder: ManyMany for Email.inboundEmails
[2026-02-11 05:43:07] DEBUG: Schema\Builder: ManyMany for Email.replyToEmailAddresses
[2026-02-11 05:43:07] DEBUG: Schema\Builder: ManyMany for Email.users
[2026-02-11 05:43:07] DEBUG: Schema\Builder: ManyMany for Email.assignedUsers
[2026-02-11 05:43:07] DEBUG: Schema\Builder: ManyMany for Email.teams
[2026-02-11 05:43:07] DEBUG: Schema\Builder: ManyMany for GroupEmailFolder.teams
[2026-02-11 05:43:07] DEBUG: Schema\Builder: ManyMany for InboundEmail.teams
[2026-02-11 05:43:07] DEBUG: Schema\Builder: ManyMany for Note.users
[2026-02-11 05:43:07] DEBUG: Schema\Builder: ManyMany for Note.portals
[2026-02-11 05:43:07] DEBUG: Schema\Builder: ManyMany for Note.teams
[2026-02-11 05:43:07] DEBUG: Schema\Builder: ManyMany for Portal.articles
[2026-02-11 05:43:07] DEBUG: Schema\Builder: ManyMany for Portal.portalRoles
[2026-02-11 05:43:07] DEBUG: Schema\Builder: ManyMany for Portal.users
[2026-02-11 05:43:07] DEBUG: Schema\Builder: ManyMany for PortalRole.users
[2026-02-11 05:43:07] DEBUG: Schema\Builder: ManyMany for Role.teams
[2026-02-11 05:43:07] DEBUG: Schema\Builder: ManyMany for Role.users
[2026-02-11 05:43:07] DEBUG: Schema\Builder: ManyMany for Sms.toPhoneNumbers
[2026-02-11 05:43:07] DEBUG: Schema\Builder: ManyMany for Team.users
[2026-02-11 05:43:07] DEBUG: Schema\Builder: ManyMany for User.emailAddresses
[2026-02-11 05:43:07] DEBUG: Schema\Builder: ManyMany for User.phoneNumbers
[2026-02-11 05:43:07] DEBUG: Schema\Builder: ManyMany for User.targetLists
[2026-02-11 05:43:07] DEBUG: Schema\Builder: ManyMany for User.accounts
[2026-02-11 05:43:07] DEBUG: Schema\Builder: ManyMany for User.calls
[2026-02-11 05:43:07] DEBUG: Schema\Builder: ManyMany for User.meetings
[2026-02-11 05:43:07] DEBUG: Schema\Builder: ManyMany for User.workingTimeRanges
[2026-02-11 05:43:07] DEBUG: Schema\Builder: ManyMany for WorkingTimeCalendar.ranges
[2026-02-11 05:43:07] DEBUG: Schema\Builder: ManyMany for Account.portalUsers
[2026-02-11 05:43:07] DEBUG: Schema\Builder: Table [account_portal_user] exists.
[2026-02-11 05:43:07] DEBUG: Schema\Builder: ManyMany for Account.targetLists
[2026-02-11 05:43:07] DEBUG: Schema\Builder: ManyMany for Account.documents
[2026-02-11 05:43:07] DEBUG: Schema\Builder: ManyMany for Account.contacts
[2026-02-11 05:43:07] DEBUG: Schema\Builder: ManyMany for Call.leads
[2026-02-11 05:43:07] DEBUG: Schema\Builder: ManyMany for Call.contacts
[2026-02-11 05:43:07] DEBUG: Schema\Builder: ManyMany for Campaign.excludingTargetLists
[2026-02-11 05:43:07] DEBUG: Schema\Builder: ManyMany for Campaign.targetLists
[2026-02-11 05:43:07] DEBUG: Schema\Builder: ManyMany for Case.articles
[2026-02-11 05:43:07] DEBUG: Schema\Builder: ManyMany for Case.contacts
[2026-02-11 05:43:07] DEBUG: Schema\Builder: ManyMany for Contact.documents
[2026-02-11 05:43:07] DEBUG: Schema\Builder: ManyMany for Contact.targetLists
[2026-02-11 05:43:07] DEBUG: Schema\Builder: ManyMany for Contact.meetings
[2026-02-11 05:43:07] DEBUG: Schema\Builder: ManyMany for Contact.opportunities
[2026-02-11 05:43:07] DEBUG: Schema\Builder: ManyMany for Document.leads
[2026-02-11 05:43:07] DEBUG: Schema\Builder: ManyMany for Document.opportunities
[2026-02-11 05:43:07] DEBUG: Schema\Builder: ManyMany for KnowledgeBaseArticle.categories
[2026-02-11 05:43:07] DEBUG: Schema\Builder: ManyMany for Lead.targetLists
[2026-02-11 05:43:07] DEBUG: Schema\Builder: ManyMany for Lead.meetings
[2026-02-11 05:43:07] DEBUG: Schema\Builder: ManyMany for MassEmail.excludingTargetLists
[2026-02-11 05:43:07] DEBUG: Schema\Builder: ManyMany for MassEmail.targetLists
[2026-02-11 05:43:07] DEBUG: Schema\Builder - End
[2026-02-11 06:03:15] DEBUG: Schema\Builder - Start
[2026-02-11 06:03:15] DEBUG: Schema\Builder: Entity ActionHistoryRecord
[2026-02-11 06:03:15] DEBUG: Schema\Builder: Entity AddressCountry
[2026-02-11 06:03:15] DEBUG: Schema\Builder: Entity AppLogRecord
[2026-02-11 06:03:15] DEBUG: Schema\Builder: Entity AppSecret
[2026-02-11 06:03:15] DEBUG: Schema\Builder: Entity ArrayValue
[2026-02-11 06:03:15] DEBUG: Schema\Builder: Entity Attachment
[2026-02-11 06:03:15] DEBUG: Schema\Builder: Entity AuthLogRecord
[2026-02-11 06:03:15] DEBUG: Schema\Builder: Entity AuthToken
[2026-02-11 06:03:15] DEBUG: Schema\Builder: Entity AuthenticationProvider
[2026-02-11 06:03:15] DEBUG: Schema\Builder: Entity Autofollow
[2026-02-11 06:03:15] DEBUG: Schema\Builder: Entity Currency
[2026-02-11 06:03:15] DEBUG: Schema\Builder: Entity DashboardTemplate
[2026-02-11 06:03:15] DEBUG: Schema\Builder: Entity Email
[2026-02-11 06:03:15] DEBUG: Schema\Builder: Entity EmailAccount
[2026-02-11 06:03:15] DEBUG: Schema\Builder: Entity EmailAddress
[2026-02-11 06:03:15] DEBUG: Schema\Builder: Entity EmailFilter
[2026-02-11 06:03:15] DEBUG: Schema\Builder: Entity EmailFolder
[2026-02-11 06:03:15] DEBUG: Schema\Builder: Entity EmailTemplate
[2026-02-11 06:03:15] DEBUG: Schema\Builder: Entity EmailTemplateCategory
[2026-02-11 06:03:15] DEBUG: Schema\Builder: Entity Export
[2026-02-11 06:03:15] DEBUG: Schema\Builder: Entity Extension
[2026-02-11 06:03:15] DEBUG: Schema\Builder: Entity ExternalAccount
[2026-02-11 06:03:15] DEBUG: Schema\Builder: Entity GroupEmailFolder
[2026-02-11 06:03:15] DEBUG: Schema\Builder: Entity Import
[2026-02-11 06:03:15] DEBUG: Schema\Builder: Entity ImportEntity
[2026-02-11 06:03:15] DEBUG: Schema\Builder: Entity ImportError
[2026-02-11 06:03:15] DEBUG: Schema\Builder: Entity InboundEmail
[2026-02-11 06:03:15] DEBUG: Schema\Builder: Entity Integration
[2026-02-11 06:03:15] DEBUG: Schema\Builder: Entity Job
[2026-02-11 06:03:15] DEBUG: Schema\Builder: Entity KanbanOrder
[2026-02-11 06:03:15] DEBUG: Schema\Builder: Entity LayoutRecord
[2026-02-11 06:03:15] DEBUG: Schema\Builder: Entity LayoutSet
[2026-02-11 06:03:15] DEBUG: Schema\Builder: Entity LeadCapture
[2026-02-11 06:03:15] DEBUG: Schema\Builder: Entity LeadCaptureLogRecord
[2026-02-11 06:03:15] DEBUG: Schema\Builder: Entity MassAction
[2026-02-11 06:03:15] DEBUG: Schema\Builder: Entity NextNumber
[2026-02-11 06:03:15] DEBUG: Schema\Builder: Entity Note
[2026-02-11 06:03:15] DEBUG: Schema\Builder: Entity Notification
[2026-02-11 06:03:15] DEBUG: Schema\Builder: Entity OAuthAccount
[2026-02-11 06:03:15] DEBUG: Schema\Builder: Entity OAuthProvider
[2026-02-11 06:03:15] DEBUG: Schema\Builder: Entity PasswordChangeRequest
[2026-02-11 06:03:15] DEBUG: Schema\Builder: Entity PhoneNumber
[2026-02-11 06:03:15] DEBUG: Schema\Builder: Entity Portal
[2026-02-11 06:03:15] DEBUG: Schema\Builder: Entity PortalRole
[2026-02-11 06:03:15] DEBUG: Schema\Builder: Entity Preferences
[2026-02-11 06:03:15] DEBUG: Schema\Builder: Entity Role
[2026-02-11 06:03:15] DEBUG: Schema\Builder: Entity ScheduledJob
[2026-02-11 06:03:16] DEBUG: Schema\Builder: Entity ScheduledJobLogRecord
[2026-02-11 06:03:16] DEBUG: Schema\Builder: Entity Sms
[2026-02-11 06:03:16] DEBUG: Schema\Builder: Entity StarSubscription
[2026-02-11 06:03:16] DEBUG: Schema\Builder: Entity StreamSubscription
[2026-02-11 06:03:16] DEBUG: Schema\Builder: Entity SystemData
[2026-02-11 06:03:16] DEBUG: Schema\Builder: Entity Team
[2026-02-11 06:03:16] DEBUG: Schema\Builder: Entity Template
[2026-02-11 06:03:16] DEBUG: Schema\Builder: Entity TwoFactorCode
[2026-02-11 06:03:16] DEBUG: Schema\Builder: Entity UniqueId
[2026-02-11 06:03:16] DEBUG: Schema\Builder: Entity User
[2026-02-11 06:03:16] DEBUG: Schema\Builder: Entity UserData
[2026-02-11 06:03:16] DEBUG: Schema\Builder: Entity UserReaction
[2026-02-11 06:03:16] DEBUG: Schema\Builder: Entity Webhook
[2026-02-11 06:03:16] DEBUG: Schema\Builder: Entity WebhookEventQueueItem
[2026-02-11 06:03:16] DEBUG: Schema\Builder: Entity WebhookQueueItem
[2026-02-11 06:03:16] DEBUG: Schema\Builder: Entity WorkingTimeCalendar
[2026-02-11 06:03:16] DEBUG: Schema\Builder: Entity WorkingTimeRange
[2026-02-11 06:03:16] DEBUG: Schema\Builder: Entity Account
[2026-02-11 06:03:16] DEBUG: Schema\Builder: Entity Call
[2026-02-11 06:03:16] DEBUG: Schema\Builder: Entity Campaign
[2026-02-11 06:03:16] DEBUG: Schema\Builder: Entity CampaignLogRecord
[2026-02-11 06:03:16] DEBUG: Schema\Builder: Entity CampaignTrackingUrl
[2026-02-11 06:03:16] DEBUG: Schema\Builder: Entity Case
[2026-02-11 06:03:16] DEBUG: Schema\Builder: Entity Contact
[2026-02-11 06:03:16] DEBUG: Schema\Builder: Entity Document
[2026-02-11 06:03:16] DEBUG: Schema\Builder: Entity DocumentFolder
[2026-02-11 06:03:16] DEBUG: Schema\Builder: Entity EmailQueueItem
[2026-02-11 06:03:16] DEBUG: Schema\Builder: Entity KnowledgeBaseArticle
[2026-02-11 06:03:16] DEBUG: Schema\Builder: Entity KnowledgeBaseCategory
[2026-02-11 06:03:16] DEBUG: Schema\Builder: Entity Lead
[2026-02-11 06:03:16] DEBUG: Schema\Builder: Entity MassEmail
[2026-02-11 06:03:16] DEBUG: Schema\Builder: Entity Meeting
[2026-02-11 06:03:16] DEBUG: Schema\Builder: Entity Opportunity
[2026-02-11 06:03:16] DEBUG: Schema\Builder: Entity Reminder
[2026-02-11 06:03:16] DEBUG: Schema\Builder: Entity Target
[2026-02-11 06:03:16] DEBUG: Schema\Builder: Entity TargetList
[2026-02-11 06:03:16] DEBUG: Schema\Builder: Entity TargetListCategory
[2026-02-11 06:03:16] DEBUG: Schema\Builder: Entity Task
[2026-02-11 06:03:16] DEBUG: Schema\Builder: Entity CADHAR
[2026-02-11 06:03:16] DEBUG: Schema\Builder: Entity CAttendanceRecord
[2026-02-11 06:03:16] DEBUG: Schema\Builder: Entity CBanks
[2026-02-11 06:03:16] DEBUG: Schema\Builder: Entity CCity
[2026-02-11 06:03:16] DEBUG: Schema\Builder: Entity CContactType
[2026-02-11 06:03:16] DEBUG: Schema\Builder: Entity CCountry
[2026-02-11 06:03:16] DEBUG: Schema\Builder: Entity CDepartment
[2026-02-11 06:03:16] DEBUG: Schema\Builder: Entity CDependantRelation
[2026-02-11 06:03:16] DEBUG: Schema\Builder: Entity CDocumentType
[2026-02-11 06:03:16] DEBUG: Schema\Builder: Entity CDrivingLicense
[2026-02-11 06:03:16] DEBUG: Schema\Builder: Entity CEmployee
[2026-02-11 06:03:16] DEBUG: Schema\Builder: Entity CEmployeeAddress
[2026-02-11 06:03:16] DEBUG: Schema\Builder: Entity CEmployeeBank
[2026-02-11 06:03:16] DEBUG: Schema\Builder: Entity CEmployeeContact
[2026-02-11 06:03:16] DEBUG: Schema\Builder: Entity CEmployeeDependent
[2026-02-11 06:03:16] DEBUG: Schema\Builder: Entity CEmployeeDocuments
[2026-02-11 06:03:16] DEBUG: Schema\Builder: Entity CEmployeePastExperience
[2026-02-11 06:03:16] DEBUG: Schema\Builder: Entity CPanCard
[2026-02-11 06:03:16] DEBUG: Schema\Builder: Entity CPassport
[2026-02-11 06:03:16] DEBUG: Schema\Builder: Entity CState
[2026-02-11 06:03:16] DEBUG: Schema\Builder: Entity CVoterIdCard
[2026-02-11 06:03:16] DEBUG: Schema\Builder: Entity CWorkRole
[2026-02-11 06:03:16] DEBUG: Schema\Builder: Entity EmailTemplateCategoryPath
[2026-02-11 06:03:16] DEBUG: Schema\Builder: Entity DocumentFolderPath
[2026-02-11 06:03:16] DEBUG: Schema\Builder: Entity KnowledgeBaseCategoryPath
[2026-02-11 06:03:16] DEBUG: Schema\Builder: Entity TargetListCategoryPath
[2026-02-11 06:03:16] DEBUG: Schema\Builder: ManyMany for Email.emailAccounts
[2026-02-11 06:03:16] DEBUG: Schema\Builder: ManyMany for Email.inboundEmails
[2026-02-11 06:03:16] DEBUG: Schema\Builder: ManyMany for Email.replyToEmailAddresses
[2026-02-11 06:03:16] DEBUG: Schema\Builder: ManyMany for Email.users
[2026-02-11 06:03:16] DEBUG: Schema\Builder: ManyMany for Email.assignedUsers
[2026-02-11 06:03:16] DEBUG: Schema\Builder: ManyMany for Email.teams
[2026-02-11 06:03:16] DEBUG: Schema\Builder: ManyMany for GroupEmailFolder.teams
[2026-02-11 06:03:16] DEBUG: Schema\Builder: ManyMany for InboundEmail.teams
[2026-02-11 06:03:16] DEBUG: Schema\Builder: ManyMany for Note.users
[2026-02-11 06:03:16] DEBUG: Schema\Builder: ManyMany for Note.portals
[2026-02-11 06:03:16] DEBUG: Schema\Builder: ManyMany for Note.teams
[2026-02-11 06:03:16] DEBUG: Schema\Builder: ManyMany for Portal.articles
[2026-02-11 06:03:16] DEBUG: Schema\Builder: ManyMany for Portal.portalRoles
[2026-02-11 06:03:16] DEBUG: Schema\Builder: ManyMany for Portal.users
[2026-02-11 06:03:16] DEBUG: Schema\Builder: ManyMany for PortalRole.users
[2026-02-11 06:03:16] DEBUG: Schema\Builder: ManyMany for Role.teams
[2026-02-11 06:03:16] DEBUG: Schema\Builder: ManyMany for Role.users
[2026-02-11 06:03:16] DEBUG: Schema\Builder: ManyMany for Sms.toPhoneNumbers
[2026-02-11 06:03:16] DEBUG: Schema\Builder: ManyMany for Team.users
[2026-02-11 06:03:16] DEBUG: Schema\Builder: ManyMany for User.emailAddresses
[2026-02-11 06:03:16] DEBUG: Schema\Builder: ManyMany for User.phoneNumbers
[2026-02-11 06:03:16] DEBUG: Schema\Builder: ManyMany for User.targetLists
[2026-02-11 06:03:16] DEBUG: Schema\Builder: ManyMany for User.accounts
[2026-02-11 06:03:16] DEBUG: Schema\Builder: ManyMany for User.calls
[2026-02-11 06:03:16] DEBUG: Schema\Builder: ManyMany for User.meetings
[2026-02-11 06:03:16] DEBUG: Schema\Builder: ManyMany for User.workingTimeRanges
[2026-02-11 06:03:16] DEBUG: Schema\Builder: ManyMany for WorkingTimeCalendar.ranges
[2026-02-11 06:03:16] DEBUG: Schema\Builder: ManyMany for Account.portalUsers
[2026-02-11 06:03:16] DEBUG: Schema\Builder: Table [account_portal_user] exists.
[2026-02-11 06:03:16] DEBUG: Schema\Builder: ManyMany for Account.targetLists
[2026-02-11 06:03:16] DEBUG: Schema\Builder: ManyMany for Account.documents
[2026-02-11 06:03:16] DEBUG: Schema\Builder: ManyMany for Account.contacts
[2026-02-11 06:03:16] DEBUG: Schema\Builder: ManyMany for Call.leads
[2026-02-11 06:03:16] DEBUG: Schema\Builder: ManyMany for Call.contacts
[2026-02-11 06:03:16] DEBUG: Schema\Builder: ManyMany for Campaign.excludingTargetLists
[2026-02-11 06:03:16] DEBUG: Schema\Builder: ManyMany for Campaign.targetLists
[2026-02-11 06:03:16] DEBUG: Schema\Builder: ManyMany for Case.articles
[2026-02-11 06:03:16] DEBUG: Schema\Builder: ManyMany for Case.contacts
[2026-02-11 06:03:16] DEBUG: Schema\Builder: ManyMany for Contact.documents
[2026-02-11 06:03:16] DEBUG: Schema\Builder: ManyMany for Contact.targetLists
[2026-02-11 06:03:16] DEBUG: Schema\Builder: ManyMany for Contact.meetings
[2026-02-11 06:03:16] DEBUG: Schema\Builder: ManyMany for Contact.opportunities
[2026-02-11 06:03:16] DEBUG: Schema\Builder: ManyMany for Document.leads
[2026-02-11 06:03:16] DEBUG: Schema\Builder: ManyMany for Document.opportunities
[2026-02-11 06:03:16] DEBUG: Schema\Builder: ManyMany for KnowledgeBaseArticle.categories
[2026-02-11 06:03:16] DEBUG: Schema\Builder: ManyMany for Lead.targetLists
[2026-02-11 06:03:16] DEBUG: Schema\Builder: ManyMany for Lead.meetings
[2026-02-11 06:03:16] DEBUG: Schema\Builder: ManyMany for MassEmail.excludingTargetLists
[2026-02-11 06:03:16] DEBUG: Schema\Builder: ManyMany for MassEmail.targetLists
[2026-02-11 06:03:16] DEBUG: Schema\Builder - End
[2026-02-11 06:08:32] DEBUG: Schema\Builder - Start
[2026-02-11 06:08:32] DEBUG: Schema\Builder: Entity ActionHistoryRecord
[2026-02-11 06:08:32] DEBUG: Schema\Builder: Entity AddressCountry
[2026-02-11 06:08:32] DEBUG: Schema\Builder: Entity AppLogRecord
[2026-02-11 06:08:32] DEBUG: Schema\Builder: Entity AppSecret
[2026-02-11 06:08:32] DEBUG: Schema\Builder: Entity ArrayValue
[2026-02-11 06:08:32] DEBUG: Schema\Builder: Entity Attachment
[2026-02-11 06:08:32] DEBUG: Schema\Builder: Entity AuthLogRecord
[2026-02-11 06:08:32] DEBUG: Schema\Builder: Entity AuthToken
[2026-02-11 06:08:32] DEBUG: Schema\Builder: Entity AuthenticationProvider
[2026-02-11 06:08:32] DEBUG: Schema\Builder: Entity Autofollow
[2026-02-11 06:08:32] DEBUG: Schema\Builder: Entity Currency
[2026-02-11 06:08:32] DEBUG: Schema\Builder: Entity DashboardTemplate
[2026-02-11 06:08:32] DEBUG: Schema\Builder: Entity Email
[2026-02-11 06:08:32] DEBUG: Schema\Builder: Entity EmailAccount
[2026-02-11 06:08:32] DEBUG: Schema\Builder: Entity EmailAddress
[2026-02-11 06:08:32] DEBUG: Schema\Builder: Entity EmailFilter
[2026-02-11 06:08:32] DEBUG: Schema\Builder: Entity EmailFolder
[2026-02-11 06:08:32] DEBUG: Schema\Builder: Entity EmailTemplate
[2026-02-11 06:08:32] DEBUG: Schema\Builder: Entity EmailTemplateCategory
[2026-02-11 06:08:32] DEBUG: Schema\Builder: Entity Export
[2026-02-11 06:08:32] DEBUG: Schema\Builder: Entity Extension
[2026-02-11 06:08:32] DEBUG: Schema\Builder: Entity ExternalAccount
[2026-02-11 06:08:32] DEBUG: Schema\Builder: Entity GroupEmailFolder
[2026-02-11 06:08:32] DEBUG: Schema\Builder: Entity Import
[2026-02-11 06:08:32] DEBUG: Schema\Builder: Entity ImportEntity
[2026-02-11 06:08:32] DEBUG: Schema\Builder: Entity ImportError
[2026-02-11 06:08:32] DEBUG: Schema\Builder: Entity InboundEmail
[2026-02-11 06:08:32] DEBUG: Schema\Builder: Entity Integration
[2026-02-11 06:08:32] DEBUG: Schema\Builder: Entity Job
[2026-02-11 06:08:32] DEBUG: Schema\Builder: Entity KanbanOrder
[2026-02-11 06:08:32] DEBUG: Schema\Builder: Entity LayoutRecord
[2026-02-11 06:08:32] DEBUG: Schema\Builder: Entity LayoutSet
[2026-02-11 06:08:32] DEBUG: Schema\Builder: Entity LeadCapture
[2026-02-11 06:08:32] DEBUG: Schema\Builder: Entity LeadCaptureLogRecord
[2026-02-11 06:08:32] DEBUG: Schema\Builder: Entity MassAction
[2026-02-11 06:08:32] DEBUG: Schema\Builder: Entity NextNumber
[2026-02-11 06:08:32] DEBUG: Schema\Builder: Entity Note
[2026-02-11 06:08:32] DEBUG: Schema\Builder: Entity Notification
[2026-02-11 06:08:32] DEBUG: Schema\Builder: Entity OAuthAccount
[2026-02-11 06:08:32] DEBUG: Schema\Builder: Entity OAuthProvider
[2026-02-11 06:08:32] DEBUG: Schema\Builder: Entity PasswordChangeRequest
[2026-02-11 06:08:32] DEBUG: Schema\Builder: Entity PhoneNumber
[2026-02-11 06:08:32] DEBUG: Schema\Builder: Entity Portal
[2026-02-11 06:08:32] DEBUG: Schema\Builder: Entity PortalRole
[2026-02-11 06:08:32] DEBUG: Schema\Builder: Entity Preferences
[2026-02-11 06:08:32] DEBUG: Schema\Builder: Entity Role
[2026-02-11 06:08:32] DEBUG: Schema\Builder: Entity ScheduledJob
[2026-02-11 06:08:32] DEBUG: Schema\Builder: Entity ScheduledJobLogRecord
[2026-02-11 06:08:32] DEBUG: Schema\Builder: Entity Sms
[2026-02-11 06:08:32] DEBUG: Schema\Builder: Entity StarSubscription
[2026-02-11 06:08:32] DEBUG: Schema\Builder: Entity StreamSubscription
[2026-02-11 06:08:32] DEBUG: Schema\Builder: Entity SystemData
[2026-02-11 06:08:32] DEBUG: Schema\Builder: Entity Team
[2026-02-11 06:08:32] DEBUG: Schema\Builder: Entity Template
[2026-02-11 06:08:32] DEBUG: Schema\Builder: Entity TwoFactorCode
[2026-02-11 06:08:32] DEBUG: Schema\Builder: Entity UniqueId
[2026-02-11 06:08:32] DEBUG: Schema\Builder: Entity User
[2026-02-11 06:08:32] DEBUG: Schema\Builder: Entity UserData
[2026-02-11 06:08:32] DEBUG: Schema\Builder: Entity UserReaction
[2026-02-11 06:08:32] DEBUG: Schema\Builder: Entity Webhook
[2026-02-11 06:08:32] DEBUG: Schema\Builder: Entity WebhookEventQueueItem
[2026-02-11 06:08:32] DEBUG: Schema\Builder: Entity WebhookQueueItem
[2026-02-11 06:08:32] DEBUG: Schema\Builder: Entity WorkingTimeCalendar
[2026-02-11 06:08:32] DEBUG: Schema\Builder: Entity WorkingTimeRange
[2026-02-11 06:08:32] DEBUG: Schema\Builder: Entity Account
[2026-02-11 06:08:32] DEBUG: Schema\Builder: Entity Call
[2026-02-11 06:08:32] DEBUG: Schema\Builder: Entity Campaign
[2026-02-11 06:08:32] DEBUG: Schema\Builder: Entity CampaignLogRecord
[2026-02-11 06:08:32] DEBUG: Schema\Builder: Entity CampaignTrackingUrl
[2026-02-11 06:08:32] DEBUG: Schema\Builder: Entity Case
[2026-02-11 06:08:32] DEBUG: Schema\Builder: Entity Contact
[2026-02-11 06:08:32] DEBUG: Schema\Builder: Entity Document
[2026-02-11 06:08:32] DEBUG: Schema\Builder: Entity DocumentFolder
[2026-02-11 06:08:32] DEBUG: Schema\Builder: Entity EmailQueueItem
[2026-02-11 06:08:32] DEBUG: Schema\Builder: Entity KnowledgeBaseArticle
[2026-02-11 06:08:32] DEBUG: Schema\Builder: Entity KnowledgeBaseCategory
[2026-02-11 06:08:32] DEBUG: Schema\Builder: Entity Lead
[2026-02-11 06:08:32] DEBUG: Schema\Builder: Entity MassEmail
[2026-02-11 06:08:32] DEBUG: Schema\Builder: Entity Meeting
[2026-02-11 06:08:32] DEBUG: Schema\Builder: Entity Opportunity
[2026-02-11 06:08:32] DEBUG: Schema\Builder: Entity Reminder
[2026-02-11 06:08:32] DEBUG: Schema\Builder: Entity Target
[2026-02-11 06:08:32] DEBUG: Schema\Builder: Entity TargetList
[2026-02-11 06:08:32] DEBUG: Schema\Builder: Entity TargetListCategory
[2026-02-11 06:08:32] DEBUG: Schema\Builder: Entity Task
[2026-02-11 06:08:32] DEBUG: Schema\Builder: Entity CADHAR
[2026-02-11 06:08:32] DEBUG: Schema\Builder: Entity CAttendanceRecord
[2026-02-11 06:08:32] DEBUG: Schema\Builder: Entity CBanks
[2026-02-11 06:08:32] DEBUG: Schema\Builder: Entity CCity
[2026-02-11 06:08:32] DEBUG: Schema\Builder: Entity CContactType
[2026-02-11 06:08:32] DEBUG: Schema\Builder: Entity CCountry
[2026-02-11 06:08:32] DEBUG: Schema\Builder: Entity CDepartment
[2026-02-11 06:08:32] DEBUG: Schema\Builder: Entity CDependantRelation
[2026-02-11 06:08:32] DEBUG: Schema\Builder: Entity CDocumentType
[2026-02-11 06:08:32] DEBUG: Schema\Builder: Entity CDrivingLicense
[2026-02-11 06:08:32] DEBUG: Schema\Builder: Entity CEmployee
[2026-02-11 06:08:32] DEBUG: Schema\Builder: Entity CEmployeeAddress
[2026-02-11 06:08:32] DEBUG: Schema\Builder: Entity CEmployeeBank
[2026-02-11 06:08:32] DEBUG: Schema\Builder: Entity CEmployeeContact
[2026-02-11 06:08:32] DEBUG: Schema\Builder: Entity CEmployeeDependent
[2026-02-11 06:08:32] DEBUG: Schema\Builder: Entity CEmployeeDocuments
[2026-02-11 06:08:32] DEBUG: Schema\Builder: Entity CEmployeePastExperience
[2026-02-11 06:08:32] DEBUG: Schema\Builder: Entity CPanCard
[2026-02-11 06:08:32] DEBUG: Schema\Builder: Entity CPassport
[2026-02-11 06:08:32] DEBUG: Schema\Builder: Entity CState
[2026-02-11 06:08:32] DEBUG: Schema\Builder: Entity CVoterIdCard
[2026-02-11 06:08:32] DEBUG: Schema\Builder: Entity CWorkRole
[2026-02-11 06:08:32] DEBUG: Schema\Builder: Entity EmailTemplateCategoryPath
[2026-02-11 06:08:32] DEBUG: Schema\Builder: Entity DocumentFolderPath
[2026-02-11 06:08:32] DEBUG: Schema\Builder: Entity KnowledgeBaseCategoryPath
[2026-02-11 06:08:32] DEBUG: Schema\Builder: Entity TargetListCategoryPath
[2026-02-11 06:08:32] DEBUG: Schema\Builder: ManyMany for Email.emailAccounts
[2026-02-11 06:08:32] DEBUG: Schema\Builder: ManyMany for Email.inboundEmails
[2026-02-11 06:08:32] DEBUG: Schema\Builder: ManyMany for Email.replyToEmailAddresses
[2026-02-11 06:08:32] DEBUG: Schema\Builder: ManyMany for Email.users
[2026-02-11 06:08:32] DEBUG: Schema\Builder: ManyMany for Email.assignedUsers
[2026-02-11 06:08:32] DEBUG: Schema\Builder: ManyMany for Email.teams
[2026-02-11 06:08:32] DEBUG: Schema\Builder: ManyMany for GroupEmailFolder.teams
[2026-02-11 06:08:32] DEBUG: Schema\Builder: ManyMany for InboundEmail.teams
[2026-02-11 06:08:32] DEBUG: Schema\Builder: ManyMany for Note.users
[2026-02-11 06:08:32] DEBUG: Schema\Builder: ManyMany for Note.portals
[2026-02-11 06:08:32] DEBUG: Schema\Builder: ManyMany for Note.teams
[2026-02-11 06:08:32] DEBUG: Schema\Builder: ManyMany for Portal.articles
[2026-02-11 06:08:32] DEBUG: Schema\Builder: ManyMany for Portal.portalRoles
[2026-02-11 06:08:32] DEBUG: Schema\Builder: ManyMany for Portal.users
[2026-02-11 06:08:32] DEBUG: Schema\Builder: ManyMany for PortalRole.users
[2026-02-11 06:08:32] DEBUG: Schema\Builder: ManyMany for Role.teams
[2026-02-11 06:08:32] DEBUG: Schema\Builder: ManyMany for Role.users
[2026-02-11 06:08:32] DEBUG: Schema\Builder: ManyMany for Sms.toPhoneNumbers
[2026-02-11 06:08:32] DEBUG: Schema\Builder: ManyMany for Team.users
[2026-02-11 06:08:32] DEBUG: Schema\Builder: ManyMany for User.emailAddresses
[2026-02-11 06:08:32] DEBUG: Schema\Builder: ManyMany for User.phoneNumbers
[2026-02-11 06:08:32] DEBUG: Schema\Builder: ManyMany for User.targetLists
[2026-02-11 06:08:32] DEBUG: Schema\Builder: ManyMany for User.accounts
[2026-02-11 06:08:32] DEBUG: Schema\Builder: ManyMany for User.calls
[2026-02-11 06:08:32] DEBUG: Schema\Builder: ManyMany for User.meetings
[2026-02-11 06:08:32] DEBUG: Schema\Builder: ManyMany for User.workingTimeRanges
[2026-02-11 06:08:32] DEBUG: Schema\Builder: ManyMany for WorkingTimeCalendar.ranges
[2026-02-11 06:08:32] DEBUG: Schema\Builder: ManyMany for Account.portalUsers
[2026-02-11 06:08:32] DEBUG: Schema\Builder: Table [account_portal_user] exists.
[2026-02-11 06:08:32] DEBUG: Schema\Builder: ManyMany for Account.targetLists
[2026-02-11 06:08:32] DEBUG: Schema\Builder: ManyMany for Account.documents
[2026-02-11 06:08:32] DEBUG: Schema\Builder: ManyMany for Account.contacts
[2026-02-11 06:08:32] DEBUG: Schema\Builder: ManyMany for Call.leads
[2026-02-11 06:08:32] DEBUG: Schema\Builder: ManyMany for Call.contacts
[2026-02-11 06:08:32] DEBUG: Schema\Builder: ManyMany for Campaign.excludingTargetLists
[2026-02-11 06:08:32] DEBUG: Schema\Builder: ManyMany for Campaign.targetLists
[2026-02-11 06:08:32] DEBUG: Schema\Builder: ManyMany for Case.articles
[2026-02-11 06:08:32] DEBUG: Schema\Builder: ManyMany for Case.contacts
[2026-02-11 06:08:32] DEBUG: Schema\Builder: ManyMany for Contact.documents
[2026-02-11 06:08:32] DEBUG: Schema\Builder: ManyMany for Contact.targetLists
[2026-02-11 06:08:32] DEBUG: Schema\Builder: ManyMany for Contact.meetings
[2026-02-11 06:08:32] DEBUG: Schema\Builder: ManyMany for Contact.opportunities
[2026-02-11 06:08:32] DEBUG: Schema\Builder: ManyMany for Document.leads
[2026-02-11 06:08:32] DEBUG: Schema\Builder: ManyMany for Document.opportunities
[2026-02-11 06:08:32] DEBUG: Schema\Builder: ManyMany for KnowledgeBaseArticle.categories
[2026-02-11 06:08:32] DEBUG: Schema\Builder: ManyMany for Lead.targetLists
[2026-02-11 06:08:32] DEBUG: Schema\Builder: ManyMany for Lead.meetings
[2026-02-11 06:08:32] DEBUG: Schema\Builder: ManyMany for MassEmail.excludingTargetLists
[2026-02-11 06:08:32] DEBUG: Schema\Builder: ManyMany for MassEmail.targetLists
[2026-02-11 06:08:32] DEBUG: Schema\Builder - End
[2026-02-11 06:19:24] DEBUG: Schema\Builder - Start
[2026-02-11 06:19:24] DEBUG: Schema\Builder: Entity ActionHistoryRecord
[2026-02-11 06:19:24] DEBUG: Schema\Builder: Entity AddressCountry
[2026-02-11 06:19:24] DEBUG: Schema\Builder: Entity AppLogRecord
[2026-02-11 06:19:24] DEBUG: Schema\Builder: Entity AppSecret
[2026-02-11 06:19:24] DEBUG: Schema\Builder: Entity ArrayValue
[2026-02-11 06:19:24] DEBUG: Schema\Builder: Entity Attachment
[2026-02-11 06:19:24] DEBUG: Schema\Builder: Entity AuthLogRecord
[2026-02-11 06:19:24] DEBUG: Schema\Builder: Entity AuthToken
[2026-02-11 06:19:24] DEBUG: Schema\Builder: Entity AuthenticationProvider
[2026-02-11 06:19:24] DEBUG: Schema\Builder: Entity Autofollow
[2026-02-11 06:19:24] DEBUG: Schema\Builder: Entity Currency
[2026-02-11 06:19:24] DEBUG: Schema\Builder: Entity DashboardTemplate
[2026-02-11 06:19:24] DEBUG: Schema\Builder: Entity Email
[2026-02-11 06:19:24] DEBUG: Schema\Builder: Entity EmailAccount
[2026-02-11 06:19:24] DEBUG: Schema\Builder: Entity EmailAddress
[2026-02-11 06:19:24] DEBUG: Schema\Builder: Entity EmailFilter
[2026-02-11 06:19:24] DEBUG: Schema\Builder: Entity EmailFolder
[2026-02-11 06:19:24] DEBUG: Schema\Builder: Entity EmailTemplate
[2026-02-11 06:19:24] DEBUG: Schema\Builder: Entity EmailTemplateCategory
[2026-02-11 06:19:24] DEBUG: Schema\Builder: Entity Export
[2026-02-11 06:19:24] DEBUG: Schema\Builder: Entity Extension
[2026-02-11 06:19:24] DEBUG: Schema\Builder: Entity ExternalAccount
[2026-02-11 06:19:24] DEBUG: Schema\Builder: Entity GroupEmailFolder
[2026-02-11 06:19:24] DEBUG: Schema\Builder: Entity Import
[2026-02-11 06:19:24] DEBUG: Schema\Builder: Entity ImportEntity
[2026-02-11 06:19:24] DEBUG: Schema\Builder: Entity ImportError
[2026-02-11 06:19:24] DEBUG: Schema\Builder: Entity InboundEmail
[2026-02-11 06:19:24] DEBUG: Schema\Builder: Entity Integration
[2026-02-11 06:19:24] DEBUG: Schema\Builder: Entity Job
[2026-02-11 06:19:24] DEBUG: Schema\Builder: Entity KanbanOrder
[2026-02-11 06:19:24] DEBUG: Schema\Builder: Entity LayoutRecord
[2026-02-11 06:19:24] DEBUG: Schema\Builder: Entity LayoutSet
[2026-02-11 06:19:24] DEBUG: Schema\Builder: Entity LeadCapture
[2026-02-11 06:19:24] DEBUG: Schema\Builder: Entity LeadCaptureLogRecord
[2026-02-11 06:19:24] DEBUG: Schema\Builder: Entity MassAction
[2026-02-11 06:19:24] DEBUG: Schema\Builder: Entity NextNumber
[2026-02-11 06:19:24] DEBUG: Schema\Builder: Entity Note
[2026-02-11 06:19:24] DEBUG: Schema\Builder: Entity Notification
[2026-02-11 06:19:24] DEBUG: Schema\Builder: Entity OAuthAccount
[2026-02-11 06:19:24] DEBUG: Schema\Builder: Entity OAuthProvider
[2026-02-11 06:19:24] DEBUG: Schema\Builder: Entity PasswordChangeRequest
[2026-02-11 06:19:24] DEBUG: Schema\Builder: Entity PhoneNumber
[2026-02-11 06:19:24] DEBUG: Schema\Builder: Entity Portal
[2026-02-11 06:19:24] DEBUG: Schema\Builder: Entity PortalRole
[2026-02-11 06:19:24] DEBUG: Schema\Builder: Entity Preferences
[2026-02-11 06:19:24] DEBUG: Schema\Builder: Entity Role
[2026-02-11 06:19:24] DEBUG: Schema\Builder: Entity ScheduledJob
[2026-02-11 06:19:24] DEBUG: Schema\Builder: Entity ScheduledJobLogRecord
[2026-02-11 06:19:24] DEBUG: Schema\Builder: Entity Sms
[2026-02-11 06:19:24] DEBUG: Schema\Builder: Entity StarSubscription
[2026-02-11 06:19:24] DEBUG: Schema\Builder: Entity StreamSubscription
[2026-02-11 06:19:24] DEBUG: Schema\Builder: Entity SystemData
[2026-02-11 06:19:24] DEBUG: Schema\Builder: Entity Team
[2026-02-11 06:19:24] DEBUG: Schema\Builder: Entity Template
[2026-02-11 06:19:24] DEBUG: Schema\Builder: Entity TwoFactorCode
[2026-02-11 06:19:24] DEBUG: Schema\Builder: Entity UniqueId
[2026-02-11 06:19:24] DEBUG: Schema\Builder: Entity User
[2026-02-11 06:19:24] DEBUG: Schema\Builder: Entity UserData
[2026-02-11 06:19:24] DEBUG: Schema\Builder: Entity UserReaction
[2026-02-11 06:19:24] DEBUG: Schema\Builder: Entity Webhook
[2026-02-11 06:19:24] DEBUG: Schema\Builder: Entity WebhookEventQueueItem
[2026-02-11 06:19:24] DEBUG: Schema\Builder: Entity WebhookQueueItem
[2026-02-11 06:19:24] DEBUG: Schema\Builder: Entity WorkingTimeCalendar
[2026-02-11 06:19:24] DEBUG: Schema\Builder: Entity WorkingTimeRange
[2026-02-11 06:19:24] DEBUG: Schema\Builder: Entity Account
[2026-02-11 06:19:24] DEBUG: Schema\Builder: Entity Call
[2026-02-11 06:19:24] DEBUG: Schema\Builder: Entity Campaign
[2026-02-11 06:19:24] DEBUG: Schema\Builder: Entity CampaignLogRecord
[2026-02-11 06:19:24] DEBUG: Schema\Builder: Entity CampaignTrackingUrl
[2026-02-11 06:19:24] DEBUG: Schema\Builder: Entity Case
[2026-02-11 06:19:24] DEBUG: Schema\Builder: Entity Contact
[2026-02-11 06:19:24] DEBUG: Schema\Builder: Entity Document
[2026-02-11 06:19:24] DEBUG: Schema\Builder: Entity DocumentFolder
[2026-02-11 06:19:24] DEBUG: Schema\Builder: Entity EmailQueueItem
[2026-02-11 06:19:24] DEBUG: Schema\Builder: Entity KnowledgeBaseArticle
[2026-02-11 06:19:24] DEBUG: Schema\Builder: Entity KnowledgeBaseCategory
[2026-02-11 06:19:24] DEBUG: Schema\Builder: Entity Lead
[2026-02-11 06:19:24] DEBUG: Schema\Builder: Entity MassEmail
[2026-02-11 06:19:24] DEBUG: Schema\Builder: Entity Meeting
[2026-02-11 06:19:24] DEBUG: Schema\Builder: Entity Opportunity
[2026-02-11 06:19:24] DEBUG: Schema\Builder: Entity Reminder
[2026-02-11 06:19:24] DEBUG: Schema\Builder: Entity Target
[2026-02-11 06:19:24] DEBUG: Schema\Builder: Entity TargetList
[2026-02-11 06:19:24] DEBUG: Schema\Builder: Entity TargetListCategory
[2026-02-11 06:19:24] DEBUG: Schema\Builder: Entity Task
[2026-02-11 06:19:24] DEBUG: Schema\Builder: Entity CADHAR
[2026-02-11 06:19:24] DEBUG: Schema\Builder: Entity CAttendanceRecord
[2026-02-11 06:19:24] DEBUG: Schema\Builder: Entity CBanks
[2026-02-11 06:19:24] DEBUG: Schema\Builder: Entity CCity
[2026-02-11 06:19:24] DEBUG: Schema\Builder: Entity CContactType
[2026-02-11 06:19:24] DEBUG: Schema\Builder: Entity CCountry
[2026-02-11 06:19:24] DEBUG: Schema\Builder: Entity CDepartment
[2026-02-11 06:19:24] DEBUG: Schema\Builder: Entity CDependantRelation
[2026-02-11 06:19:24] DEBUG: Schema\Builder: Entity CDocumentType
[2026-02-11 06:19:24] DEBUG: Schema\Builder: Entity CDrivingLicense
[2026-02-11 06:19:24] DEBUG: Schema\Builder: Entity CEmployee
[2026-02-11 06:19:24] DEBUG: Schema\Builder: Entity CEmployeeAddress
[2026-02-11 06:19:24] DEBUG: Schema\Builder: Entity CEmployeeBank
[2026-02-11 06:19:24] DEBUG: Schema\Builder: Entity CEmployeeContact
[2026-02-11 06:19:24] DEBUG: Schema\Builder: Entity CEmployeeDependent
[2026-02-11 06:19:24] DEBUG: Schema\Builder: Entity CEmployeeDocuments
[2026-02-11 06:19:24] DEBUG: Schema\Builder: Entity CEmployeePastExperience
[2026-02-11 06:19:24] DEBUG: Schema\Builder: Entity CPanCard
[2026-02-11 06:19:24] DEBUG: Schema\Builder: Entity CPassport
[2026-02-11 06:19:24] DEBUG: Schema\Builder: Entity CState
[2026-02-11 06:19:24] DEBUG: Schema\Builder: Entity CVoterIdCard
[2026-02-11 06:19:24] DEBUG: Schema\Builder: Entity CWorkRole
[2026-02-11 06:19:24] DEBUG: Schema\Builder: Entity EmailTemplateCategoryPath
[2026-02-11 06:19:24] DEBUG: Schema\Builder: Entity DocumentFolderPath
[2026-02-11 06:19:24] DEBUG: Schema\Builder: Entity KnowledgeBaseCategoryPath
[2026-02-11 06:19:24] DEBUG: Schema\Builder: Entity TargetListCategoryPath
[2026-02-11 06:19:24] DEBUG: Schema\Builder: ManyMany for Email.emailAccounts
[2026-02-11 06:19:24] DEBUG: Schema\Builder: ManyMany for Email.inboundEmails
[2026-02-11 06:19:24] DEBUG: Schema\Builder: ManyMany for Email.replyToEmailAddresses
[2026-02-11 06:19:24] DEBUG: Schema\Builder: ManyMany for Email.users
[2026-02-11 06:19:24] DEBUG: Schema\Builder: ManyMany for Email.assignedUsers
[2026-02-11 06:19:24] DEBUG: Schema\Builder: ManyMany for Email.teams
[2026-02-11 06:19:24] DEBUG: Schema\Builder: ManyMany for GroupEmailFolder.teams
[2026-02-11 06:19:24] DEBUG: Schema\Builder: ManyMany for InboundEmail.teams
[2026-02-11 06:19:24] DEBUG: Schema\Builder: ManyMany for Note.users
[2026-02-11 06:19:24] DEBUG: Schema\Builder: ManyMany for Note.portals
[2026-02-11 06:19:24] DEBUG: Schema\Builder: ManyMany for Note.teams
[2026-02-11 06:19:24] DEBUG: Schema\Builder: ManyMany for Portal.articles
[2026-02-11 06:19:24] DEBUG: Schema\Builder: ManyMany for Portal.portalRoles
[2026-02-11 06:19:24] DEBUG: Schema\Builder: ManyMany for Portal.users
[2026-02-11 06:19:24] DEBUG: Schema\Builder: ManyMany for PortalRole.users
[2026-02-11 06:19:24] DEBUG: Schema\Builder: ManyMany for Role.teams
[2026-02-11 06:19:24] DEBUG: Schema\Builder: ManyMany for Role.users
[2026-02-11 06:19:24] DEBUG: Schema\Builder: ManyMany for Sms.toPhoneNumbers
[2026-02-11 06:19:24] DEBUG: Schema\Builder: ManyMany for Team.users
[2026-02-11 06:19:24] DEBUG: Schema\Builder: ManyMany for User.emailAddresses
[2026-02-11 06:19:24] DEBUG: Schema\Builder: ManyMany for User.phoneNumbers
[2026-02-11 06:19:24] DEBUG: Schema\Builder: ManyMany for User.targetLists
[2026-02-11 06:19:24] DEBUG: Schema\Builder: ManyMany for User.accounts
[2026-02-11 06:19:24] DEBUG: Schema\Builder: ManyMany for User.calls
[2026-02-11 06:19:24] DEBUG: Schema\Builder: ManyMany for User.meetings
[2026-02-11 06:19:24] DEBUG: Schema\Builder: ManyMany for User.workingTimeRanges
[2026-02-11 06:19:24] DEBUG: Schema\Builder: ManyMany for WorkingTimeCalendar.ranges
[2026-02-11 06:19:24] DEBUG: Schema\Builder: ManyMany for Account.portalUsers
[2026-02-11 06:19:24] DEBUG: Schema\Builder: Table [account_portal_user] exists.
[2026-02-11 06:19:24] DEBUG: Schema\Builder: ManyMany for Account.targetLists
[2026-02-11 06:19:24] DEBUG: Schema\Builder: ManyMany for Account.documents
[2026-02-11 06:19:24] DEBUG: Schema\Builder: ManyMany for Account.contacts
[2026-02-11 06:19:24] DEBUG: Schema\Builder: ManyMany for Call.leads
[2026-02-11 06:19:24] DEBUG: Schema\Builder: ManyMany for Call.contacts
[2026-02-11 06:19:24] DEBUG: Schema\Builder: ManyMany for Campaign.excludingTargetLists
[2026-02-11 06:19:24] DEBUG: Schema\Builder: ManyMany for Campaign.targetLists
[2026-02-11 06:19:24] DEBUG: Schema\Builder: ManyMany for Case.articles
[2026-02-11 06:19:24] DEBUG: Schema\Builder: ManyMany for Case.contacts
[2026-02-11 06:19:24] DEBUG: Schema\Builder: ManyMany for Contact.documents
[2026-02-11 06:19:24] DEBUG: Schema\Builder: ManyMany for Contact.targetLists
[2026-02-11 06:19:24] DEBUG: Schema\Builder: ManyMany for Contact.meetings
[2026-02-11 06:19:24] DEBUG: Schema\Builder: ManyMany for Contact.opportunities
[2026-02-11 06:19:24] DEBUG: Schema\Builder: ManyMany for Document.leads
[2026-02-11 06:19:24] DEBUG: Schema\Builder: ManyMany for Document.opportunities
[2026-02-11 06:19:24] DEBUG: Schema\Builder: ManyMany for KnowledgeBaseArticle.categories
[2026-02-11 06:19:24] DEBUG: Schema\Builder: ManyMany for Lead.targetLists
[2026-02-11 06:19:24] DEBUG: Schema\Builder: ManyMany for Lead.meetings
[2026-02-11 06:19:24] DEBUG: Schema\Builder: ManyMany for MassEmail.excludingTargetLists
[2026-02-11 06:19:24] DEBUG: Schema\Builder: ManyMany for MassEmail.targetLists
[2026-02-11 06:19:24] DEBUG: Schema\Builder - End
[2026-02-11 06:19:32] DEBUG: Schema\Builder - Start
[2026-02-11 06:19:32] DEBUG: Schema\Builder: Entity ActionHistoryRecord
[2026-02-11 06:19:32] DEBUG: Schema\Builder: Entity AddressCountry
[2026-02-11 06:19:32] DEBUG: Schema\Builder: Entity AppLogRecord
[2026-02-11 06:19:32] DEBUG: Schema\Builder: Entity AppSecret
[2026-02-11 06:19:32] DEBUG: Schema\Builder: Entity ArrayValue
[2026-02-11 06:19:32] DEBUG: Schema\Builder: Entity Attachment
[2026-02-11 06:19:32] DEBUG: Schema\Builder: Entity AuthLogRecord
[2026-02-11 06:19:32] DEBUG: Schema\Builder: Entity AuthToken
[2026-02-11 06:19:32] DEBUG: Schema\Builder: Entity AuthenticationProvider
[2026-02-11 06:19:32] DEBUG: Schema\Builder: Entity Autofollow
[2026-02-11 06:19:32] DEBUG: Schema\Builder: Entity Currency
[2026-02-11 06:19:32] DEBUG: Schema\Builder: Entity DashboardTemplate
[2026-02-11 06:19:32] DEBUG: Schema\Builder: Entity Email
[2026-02-11 06:19:32] DEBUG: Schema\Builder: Entity EmailAccount
[2026-02-11 06:19:32] DEBUG: Schema\Builder: Entity EmailAddress
[2026-02-11 06:19:32] DEBUG: Schema\Builder: Entity EmailFilter
[2026-02-11 06:19:32] DEBUG: Schema\Builder: Entity EmailFolder
[2026-02-11 06:19:32] DEBUG: Schema\Builder: Entity EmailTemplate
[2026-02-11 06:19:32] DEBUG: Schema\Builder: Entity EmailTemplateCategory
[2026-02-11 06:19:32] DEBUG: Schema\Builder: Entity Export
[2026-02-11 06:19:32] DEBUG: Schema\Builder: Entity Extension
[2026-02-11 06:19:32] DEBUG: Schema\Builder: Entity ExternalAccount
[2026-02-11 06:19:32] DEBUG: Schema\Builder: Entity GroupEmailFolder
[2026-02-11 06:19:32] DEBUG: Schema\Builder: Entity Import
[2026-02-11 06:19:32] DEBUG: Schema\Builder: Entity ImportEntity
[2026-02-11 06:19:32] DEBUG: Schema\Builder: Entity ImportError
[2026-02-11 06:19:32] DEBUG: Schema\Builder: Entity InboundEmail
[2026-02-11 06:19:32] DEBUG: Schema\Builder: Entity Integration
[2026-02-11 06:19:32] DEBUG: Schema\Builder: Entity Job
[2026-02-11 06:19:32] DEBUG: Schema\Builder: Entity KanbanOrder
[2026-02-11 06:19:32] DEBUG: Schema\Builder: Entity LayoutRecord
[2026-02-11 06:19:32] DEBUG: Schema\Builder: Entity LayoutSet
[2026-02-11 06:19:32] DEBUG: Schema\Builder: Entity LeadCapture
[2026-02-11 06:19:32] DEBUG: Schema\Builder: Entity LeadCaptureLogRecord
[2026-02-11 06:19:32] DEBUG: Schema\Builder: Entity MassAction
[2026-02-11 06:19:32] DEBUG: Schema\Builder: Entity NextNumber
[2026-02-11 06:19:32] DEBUG: Schema\Builder: Entity Note
[2026-02-11 06:19:32] DEBUG: Schema\Builder: Entity Notification
[2026-02-11 06:19:32] DEBUG: Schema\Builder: Entity OAuthAccount
[2026-02-11 06:19:32] DEBUG: Schema\Builder: Entity OAuthProvider
[2026-02-11 06:19:32] DEBUG: Schema\Builder: Entity PasswordChangeRequest
[2026-02-11 06:19:32] DEBUG: Schema\Builder: Entity PhoneNumber
[2026-02-11 06:19:32] DEBUG: Schema\Builder: Entity Portal
[2026-02-11 06:19:32] DEBUG: Schema\Builder: Entity PortalRole
[2026-02-11 06:19:32] DEBUG: Schema\Builder: Entity Preferences
[2026-02-11 06:19:32] DEBUG: Schema\Builder: Entity Role
[2026-02-11 06:19:32] DEBUG: Schema\Builder: Entity ScheduledJob
[2026-02-11 06:19:32] DEBUG: Schema\Builder: Entity ScheduledJobLogRecord
[2026-02-11 06:19:32] DEBUG: Schema\Builder: Entity Sms
[2026-02-11 06:19:32] DEBUG: Schema\Builder: Entity StarSubscription
[2026-02-11 06:19:32] DEBUG: Schema\Builder: Entity StreamSubscription
[2026-02-11 06:19:32] DEBUG: Schema\Builder: Entity SystemData
[2026-02-11 06:19:32] DEBUG: Schema\Builder: Entity Team
[2026-02-11 06:19:32] DEBUG: Schema\Builder: Entity Template
[2026-02-11 06:19:32] DEBUG: Schema\Builder: Entity TwoFactorCode
[2026-02-11 06:19:32] DEBUG: Schema\Builder: Entity UniqueId
[2026-02-11 06:19:32] DEBUG: Schema\Builder: Entity User
[2026-02-11 06:19:32] DEBUG: Schema\Builder: Entity UserData
[2026-02-11 06:19:32] DEBUG: Schema\Builder: Entity UserReaction
[2026-02-11 06:19:32] DEBUG: Schema\Builder: Entity Webhook
[2026-02-11 06:19:32] DEBUG: Schema\Builder: Entity WebhookEventQueueItem
[2026-02-11 06:19:32] DEBUG: Schema\Builder: Entity WebhookQueueItem
[2026-02-11 06:19:32] DEBUG: Schema\Builder: Entity WorkingTimeCalendar
[2026-02-11 06:19:32] DEBUG: Schema\Builder: Entity WorkingTimeRange
[2026-02-11 06:19:32] DEBUG: Schema\Builder: Entity Account
[2026-02-11 06:19:32] DEBUG: Schema\Builder: Entity Call
[2026-02-11 06:19:32] DEBUG: Schema\Builder: Entity Campaign
[2026-02-11 06:19:32] DEBUG: Schema\Builder: Entity CampaignLogRecord
[2026-02-11 06:19:32] DEBUG: Schema\Builder: Entity CampaignTrackingUrl
[2026-02-11 06:19:32] DEBUG: Schema\Builder: Entity Case
[2026-02-11 06:19:32] DEBUG: Schema\Builder: Entity Contact
[2026-02-11 06:19:32] DEBUG: Schema\Builder: Entity Document
[2026-02-11 06:19:32] DEBUG: Schema\Builder: Entity DocumentFolder
[2026-02-11 06:19:32] DEBUG: Schema\Builder: Entity EmailQueueItem
[2026-02-11 06:19:32] DEBUG: Schema\Builder: Entity KnowledgeBaseArticle
[2026-02-11 06:19:32] DEBUG: Schema\Builder: Entity KnowledgeBaseCategory
[2026-02-11 06:19:32] DEBUG: Schema\Builder: Entity Lead
[2026-02-11 06:19:32] DEBUG: Schema\Builder: Entity MassEmail
[2026-02-11 06:19:32] DEBUG: Schema\Builder: Entity Meeting
[2026-02-11 06:19:32] DEBUG: Schema\Builder: Entity Opportunity
[2026-02-11 06:19:32] DEBUG: Schema\Builder: Entity Reminder
[2026-02-11 06:19:32] DEBUG: Schema\Builder: Entity Target
[2026-02-11 06:19:32] DEBUG: Schema\Builder: Entity TargetList
[2026-02-11 06:19:32] DEBUG: Schema\Builder: Entity TargetListCategory
[2026-02-11 06:19:32] DEBUG: Schema\Builder: Entity Task
[2026-02-11 06:19:32] DEBUG: Schema\Builder: Entity CADHAR
[2026-02-11 06:19:32] DEBUG: Schema\Builder: Entity CAttendanceRecord
[2026-02-11 06:19:32] DEBUG: Schema\Builder: Entity CBanks
[2026-02-11 06:19:32] DEBUG: Schema\Builder: Entity CCity
[2026-02-11 06:19:32] DEBUG: Schema\Builder: Entity CContactType
[2026-02-11 06:19:32] DEBUG: Schema\Builder: Entity CCountry
[2026-02-11 06:19:32] DEBUG: Schema\Builder: Entity CDepartment
[2026-02-11 06:19:32] DEBUG: Schema\Builder: Entity CDependantRelation
[2026-02-11 06:19:32] DEBUG: Schema\Builder: Entity CDocumentType
[2026-02-11 06:19:32] DEBUG: Schema\Builder: Entity CDrivingLicense
[2026-02-11 06:19:32] DEBUG: Schema\Builder: Entity CEmployee
[2026-02-11 06:19:32] DEBUG: Schema\Builder: Entity CEmployeeAddress
[2026-02-11 06:19:32] DEBUG: Schema\Builder: Entity CEmployeeBank
[2026-02-11 06:19:32] DEBUG: Schema\Builder: Entity CEmployeeContact
[2026-02-11 06:19:32] DEBUG: Schema\Builder: Entity CEmployeeDependent
[2026-02-11 06:19:32] DEBUG: Schema\Builder: Entity CEmployeeDocuments
[2026-02-11 06:19:32] DEBUG: Schema\Builder: Entity CEmployeePastExperience
[2026-02-11 06:19:32] DEBUG: Schema\Builder: Entity CPanCard
[2026-02-11 06:19:32] DEBUG: Schema\Builder: Entity CPassport
[2026-02-11 06:19:32] DEBUG: Schema\Builder: Entity CState
[2026-02-11 06:19:32] DEBUG: Schema\Builder: Entity CVoterIdCard
[2026-02-11 06:19:32] DEBUG: Schema\Builder: Entity CWorkRole
[2026-02-11 06:19:32] DEBUG: Schema\Builder: Entity EmailTemplateCategoryPath
[2026-02-11 06:19:32] DEBUG: Schema\Builder: Entity DocumentFolderPath
[2026-02-11 06:19:32] DEBUG: Schema\Builder: Entity KnowledgeBaseCategoryPath
[2026-02-11 06:19:32] DEBUG: Schema\Builder: Entity TargetListCategoryPath
[2026-02-11 06:19:32] DEBUG: Schema\Builder: ManyMany for Email.emailAccounts
[2026-02-11 06:19:32] DEBUG: Schema\Builder: ManyMany for Email.inboundEmails
[2026-02-11 06:19:32] DEBUG: Schema\Builder: ManyMany for Email.replyToEmailAddresses
[2026-02-11 06:19:32] DEBUG: Schema\Builder: ManyMany for Email.users
[2026-02-11 06:19:32] DEBUG: Schema\Builder: ManyMany for Email.assignedUsers
[2026-02-11 06:19:32] DEBUG: Schema\Builder: ManyMany for Email.teams
[2026-02-11 06:19:32] DEBUG: Schema\Builder: ManyMany for GroupEmailFolder.teams
[2026-02-11 06:19:32] DEBUG: Schema\Builder: ManyMany for InboundEmail.teams
[2026-02-11 06:19:32] DEBUG: Schema\Builder: ManyMany for Note.users
[2026-02-11 06:19:32] DEBUG: Schema\Builder: ManyMany for Note.portals
[2026-02-11 06:19:32] DEBUG: Schema\Builder: ManyMany for Note.teams
[2026-02-11 06:19:32] DEBUG: Schema\Builder: ManyMany for Portal.articles
[2026-02-11 06:19:32] DEBUG: Schema\Builder: ManyMany for Portal.portalRoles
[2026-02-11 06:19:32] DEBUG: Schema\Builder: ManyMany for Portal.users
[2026-02-11 06:19:32] DEBUG: Schema\Builder: ManyMany for PortalRole.users
[2026-02-11 06:19:32] DEBUG: Schema\Builder: ManyMany for Role.teams
[2026-02-11 06:19:32] DEBUG: Schema\Builder: ManyMany for Role.users
[2026-02-11 06:19:32] DEBUG: Schema\Builder: ManyMany for Sms.toPhoneNumbers
[2026-02-11 06:19:32] DEBUG: Schema\Builder: ManyMany for Team.users
[2026-02-11 06:19:32] DEBUG: Schema\Builder: ManyMany for User.emailAddresses
[2026-02-11 06:19:32] DEBUG: Schema\Builder: ManyMany for User.phoneNumbers
[2026-02-11 06:19:32] DEBUG: Schema\Builder: ManyMany for User.targetLists
[2026-02-11 06:19:32] DEBUG: Schema\Builder: ManyMany for User.accounts
[2026-02-11 06:19:32] DEBUG: Schema\Builder: ManyMany for User.calls
[2026-02-11 06:19:32] DEBUG: Schema\Builder: ManyMany for User.meetings
[2026-02-11 06:19:32] DEBUG: Schema\Builder: ManyMany for User.workingTimeRanges
[2026-02-11 06:19:32] DEBUG: Schema\Builder: ManyMany for WorkingTimeCalendar.ranges
[2026-02-11 06:19:32] DEBUG: Schema\Builder: ManyMany for Account.portalUsers
[2026-02-11 06:19:32] DEBUG: Schema\Builder: Table [account_portal_user] exists.
[2026-02-11 06:19:32] DEBUG: Schema\Builder: ManyMany for Account.targetLists
[2026-02-11 06:19:32] DEBUG: Schema\Builder: ManyMany for Account.documents
[2026-02-11 06:19:32] DEBUG: Schema\Builder: ManyMany for Account.contacts
[2026-02-11 06:19:32] DEBUG: Schema\Builder: ManyMany for Call.leads
[2026-02-11 06:19:32] DEBUG: Schema\Builder: ManyMany for Call.contacts
[2026-02-11 06:19:32] DEBUG: Schema\Builder: ManyMany for Campaign.excludingTargetLists
[2026-02-11 06:19:32] DEBUG: Schema\Builder: ManyMany for Campaign.targetLists
[2026-02-11 06:19:32] DEBUG: Schema\Builder: ManyMany for Case.articles
[2026-02-11 06:19:32] DEBUG: Schema\Builder: ManyMany for Case.contacts
[2026-02-11 06:19:32] DEBUG: Schema\Builder: ManyMany for Contact.documents
[2026-02-11 06:19:32] DEBUG: Schema\Builder: ManyMany for Contact.targetLists
[2026-02-11 06:19:32] DEBUG: Schema\Builder: ManyMany for Contact.meetings
[2026-02-11 06:19:32] DEBUG: Schema\Builder: ManyMany for Contact.opportunities
[2026-02-11 06:19:32] DEBUG: Schema\Builder: ManyMany for Document.leads
[2026-02-11 06:19:32] DEBUG: Schema\Builder: ManyMany for Document.opportunities
[2026-02-11 06:19:32] DEBUG: Schema\Builder: ManyMany for KnowledgeBaseArticle.categories
[2026-02-11 06:19:32] DEBUG: Schema\Builder: ManyMany for Lead.targetLists
[2026-02-11 06:19:32] DEBUG: Schema\Builder: ManyMany for Lead.meetings
[2026-02-11 06:19:32] DEBUG: Schema\Builder: ManyMany for MassEmail.excludingTargetLists
[2026-02-11 06:19:32] DEBUG: Schema\Builder: ManyMany for MassEmail.targetLists
[2026-02-11 06:19:32] DEBUG: Schema\Builder - End
[2026-02-11 06:27:09] DEBUG: Schema\Builder - Start
[2026-02-11 06:27:09] DEBUG: Schema\Builder: Entity ActionHistoryRecord
[2026-02-11 06:27:09] DEBUG: Schema\Builder: Entity AddressCountry
[2026-02-11 06:27:09] DEBUG: Schema\Builder: Entity AppLogRecord
[2026-02-11 06:27:09] DEBUG: Schema\Builder: Entity AppSecret
[2026-02-11 06:27:09] DEBUG: Schema\Builder: Entity ArrayValue
[2026-02-11 06:27:09] DEBUG: Schema\Builder: Entity Attachment
[2026-02-11 06:27:09] DEBUG: Schema\Builder: Entity AuthLogRecord
[2026-02-11 06:27:09] DEBUG: Schema\Builder: Entity AuthToken
[2026-02-11 06:27:09] DEBUG: Schema\Builder: Entity AuthenticationProvider
[2026-02-11 06:27:09] DEBUG: Schema\Builder: Entity Autofollow
[2026-02-11 06:27:09] DEBUG: Schema\Builder: Entity Currency
[2026-02-11 06:27:09] DEBUG: Schema\Builder: Entity DashboardTemplate
[2026-02-11 06:27:09] DEBUG: Schema\Builder: Entity Email
[2026-02-11 06:27:09] DEBUG: Schema\Builder: Entity EmailAccount
[2026-02-11 06:27:09] DEBUG: Schema\Builder: Entity EmailAddress
[2026-02-11 06:27:09] DEBUG: Schema\Builder: Entity EmailFilter
[2026-02-11 06:27:09] DEBUG: Schema\Builder: Entity EmailFolder
[2026-02-11 06:27:09] DEBUG: Schema\Builder: Entity EmailTemplate
[2026-02-11 06:27:09] DEBUG: Schema\Builder: Entity EmailTemplateCategory
[2026-02-11 06:27:09] DEBUG: Schema\Builder: Entity Export
[2026-02-11 06:27:09] DEBUG: Schema\Builder: Entity Extension
[2026-02-11 06:27:09] DEBUG: Schema\Builder: Entity ExternalAccount
[2026-02-11 06:27:09] DEBUG: Schema\Builder: Entity GroupEmailFolder
[2026-02-11 06:27:09] DEBUG: Schema\Builder: Entity Import
[2026-02-11 06:27:09] DEBUG: Schema\Builder: Entity ImportEntity
[2026-02-11 06:27:09] DEBUG: Schema\Builder: Entity ImportError
[2026-02-11 06:27:09] DEBUG: Schema\Builder: Entity InboundEmail
[2026-02-11 06:27:09] DEBUG: Schema\Builder: Entity Integration
[2026-02-11 06:27:09] DEBUG: Schema\Builder: Entity Job
[2026-02-11 06:27:09] DEBUG: Schema\Builder: Entity KanbanOrder
[2026-02-11 06:27:09] DEBUG: Schema\Builder: Entity LayoutRecord
[2026-02-11 06:27:09] DEBUG: Schema\Builder: Entity LayoutSet
[2026-02-11 06:27:09] DEBUG: Schema\Builder: Entity LeadCapture
[2026-02-11 06:27:09] DEBUG: Schema\Builder: Entity LeadCaptureLogRecord
[2026-02-11 06:27:09] DEBUG: Schema\Builder: Entity MassAction
[2026-02-11 06:27:09] DEBUG: Schema\Builder: Entity NextNumber
[2026-02-11 06:27:09] DEBUG: Schema\Builder: Entity Note
[2026-02-11 06:27:09] DEBUG: Schema\Builder: Entity Notification
[2026-02-11 06:27:09] DEBUG: Schema\Builder: Entity OAuthAccount
[2026-02-11 06:27:09] DEBUG: Schema\Builder: Entity OAuthProvider
[2026-02-11 06:27:09] DEBUG: Schema\Builder: Entity PasswordChangeRequest
[2026-02-11 06:27:09] DEBUG: Schema\Builder: Entity PhoneNumber
[2026-02-11 06:27:09] DEBUG: Schema\Builder: Entity Portal
[2026-02-11 06:27:09] DEBUG: Schema\Builder: Entity PortalRole
[2026-02-11 06:27:09] DEBUG: Schema\Builder: Entity Preferences
[2026-02-11 06:27:09] DEBUG: Schema\Builder: Entity Role
[2026-02-11 06:27:09] DEBUG: Schema\Builder: Entity ScheduledJob
[2026-02-11 06:27:09] DEBUG: Schema\Builder: Entity ScheduledJobLogRecord
[2026-02-11 06:27:09] DEBUG: Schema\Builder: Entity Sms
[2026-02-11 06:27:09] DEBUG: Schema\Builder: Entity StarSubscription
[2026-02-11 06:27:09] DEBUG: Schema\Builder: Entity StreamSubscription
[2026-02-11 06:27:09] DEBUG: Schema\Builder: Entity SystemData
[2026-02-11 06:27:09] DEBUG: Schema\Builder: Entity Team
[2026-02-11 06:27:09] DEBUG: Schema\Builder: Entity Template
[2026-02-11 06:27:09] DEBUG: Schema\Builder: Entity TwoFactorCode
[2026-02-11 06:27:09] DEBUG: Schema\Builder: Entity UniqueId
[2026-02-11 06:27:09] DEBUG: Schema\Builder: Entity User
[2026-02-11 06:27:09] DEBUG: Schema\Builder: Entity UserData
[2026-02-11 06:27:09] DEBUG: Schema\Builder: Entity UserReaction
[2026-02-11 06:27:09] DEBUG: Schema\Builder: Entity Webhook
[2026-02-11 06:27:09] DEBUG: Schema\Builder: Entity WebhookEventQueueItem
[2026-02-11 06:27:09] DEBUG: Schema\Builder: Entity WebhookQueueItem
[2026-02-11 06:27:09] DEBUG: Schema\Builder: Entity WorkingTimeCalendar
[2026-02-11 06:27:09] DEBUG: Schema\Builder: Entity WorkingTimeRange
[2026-02-11 06:27:09] DEBUG: Schema\Builder: Entity Account
[2026-02-11 06:27:09] DEBUG: Schema\Builder: Entity Call
[2026-02-11 06:27:09] DEBUG: Schema\Builder: Entity Campaign
[2026-02-11 06:27:09] DEBUG: Schema\Builder: Entity CampaignLogRecord
[2026-02-11 06:27:09] DEBUG: Schema\Builder: Entity CampaignTrackingUrl
[2026-02-11 06:27:09] DEBUG: Schema\Builder: Entity Case
[2026-02-11 06:27:09] DEBUG: Schema\Builder: Entity Contact
[2026-02-11 06:27:09] DEBUG: Schema\Builder: Entity Document
[2026-02-11 06:27:09] DEBUG: Schema\Builder: Entity DocumentFolder
[2026-02-11 06:27:09] DEBUG: Schema\Builder: Entity EmailQueueItem
[2026-02-11 06:27:09] DEBUG: Schema\Builder: Entity KnowledgeBaseArticle
[2026-02-11 06:27:09] DEBUG: Schema\Builder: Entity KnowledgeBaseCategory
[2026-02-11 06:27:09] DEBUG: Schema\Builder: Entity Lead
[2026-02-11 06:27:09] DEBUG: Schema\Builder: Entity MassEmail
[2026-02-11 06:27:09] DEBUG: Schema\Builder: Entity Meeting
[2026-02-11 06:27:09] DEBUG: Schema\Builder: Entity Opportunity
[2026-02-11 06:27:09] DEBUG: Schema\Builder: Entity Reminder
[2026-02-11 06:27:09] DEBUG: Schema\Builder: Entity Target
[2026-02-11 06:27:09] DEBUG: Schema\Builder: Entity TargetList
[2026-02-11 06:27:09] DEBUG: Schema\Builder: Entity TargetListCategory
[2026-02-11 06:27:09] DEBUG: Schema\Builder: Entity Task
[2026-02-11 06:27:09] DEBUG: Schema\Builder: Entity CADHAR
[2026-02-11 06:27:09] DEBUG: Schema\Builder: Entity CAttendanceRecord
[2026-02-11 06:27:09] DEBUG: Schema\Builder: Entity CBanks
[2026-02-11 06:27:09] DEBUG: Schema\Builder: Entity CCity
[2026-02-11 06:27:09] DEBUG: Schema\Builder: Entity CContactType
[2026-02-11 06:27:09] DEBUG: Schema\Builder: Entity CCountry
[2026-02-11 06:27:09] DEBUG: Schema\Builder: Entity CDepartment
[2026-02-11 06:27:09] DEBUG: Schema\Builder: Entity CDependantRelation
[2026-02-11 06:27:09] DEBUG: Schema\Builder: Entity CDocumentType
[2026-02-11 06:27:09] DEBUG: Schema\Builder: Entity CDrivingLicense
[2026-02-11 06:27:09] DEBUG: Schema\Builder: Entity CEmployee
[2026-02-11 06:27:09] DEBUG: Schema\Builder: Entity CEmployeeAddress
[2026-02-11 06:27:09] DEBUG: Schema\Builder: Entity CEmployeeBank
[2026-02-11 06:27:09] DEBUG: Schema\Builder: Entity CEmployeeContact
[2026-02-11 06:27:09] DEBUG: Schema\Builder: Entity CEmployeeDependent
[2026-02-11 06:27:09] DEBUG: Schema\Builder: Entity CEmployeeDocuments
[2026-02-11 06:27:09] DEBUG: Schema\Builder: Entity CEmployeePastExperience
[2026-02-11 06:27:09] DEBUG: Schema\Builder: Entity CPanCard
[2026-02-11 06:27:09] DEBUG: Schema\Builder: Entity CPassport
[2026-02-11 06:27:09] DEBUG: Schema\Builder: Entity CState
[2026-02-11 06:27:09] DEBUG: Schema\Builder: Entity CVoterIdCard
[2026-02-11 06:27:09] DEBUG: Schema\Builder: Entity CWorkRole
[2026-02-11 06:27:09] DEBUG: Schema\Builder: Entity EmailTemplateCategoryPath
[2026-02-11 06:27:09] DEBUG: Schema\Builder: Entity DocumentFolderPath
[2026-02-11 06:27:09] DEBUG: Schema\Builder: Entity KnowledgeBaseCategoryPath
[2026-02-11 06:27:09] DEBUG: Schema\Builder: Entity TargetListCategoryPath
[2026-02-11 06:27:09] DEBUG: Schema\Builder: ManyMany for Email.emailAccounts
[2026-02-11 06:27:09] DEBUG: Schema\Builder: ManyMany for Email.inboundEmails
[2026-02-11 06:27:09] DEBUG: Schema\Builder: ManyMany for Email.replyToEmailAddresses
[2026-02-11 06:27:09] DEBUG: Schema\Builder: ManyMany for Email.users
[2026-02-11 06:27:09] DEBUG: Schema\Builder: ManyMany for Email.assignedUsers
[2026-02-11 06:27:09] DEBUG: Schema\Builder: ManyMany for Email.teams
[2026-02-11 06:27:09] DEBUG: Schema\Builder: ManyMany for GroupEmailFolder.teams
[2026-02-11 06:27:09] DEBUG: Schema\Builder: ManyMany for InboundEmail.teams
[2026-02-11 06:27:09] DEBUG: Schema\Builder: ManyMany for Note.users
[2026-02-11 06:27:09] DEBUG: Schema\Builder: ManyMany for Note.portals
[2026-02-11 06:27:09] DEBUG: Schema\Builder: ManyMany for Note.teams
[2026-02-11 06:27:09] DEBUG: Schema\Builder: ManyMany for Portal.articles
[2026-02-11 06:27:09] DEBUG: Schema\Builder: ManyMany for Portal.portalRoles
[2026-02-11 06:27:09] DEBUG: Schema\Builder: ManyMany for Portal.users
[2026-02-11 06:27:09] DEBUG: Schema\Builder: ManyMany for PortalRole.users
[2026-02-11 06:27:09] DEBUG: Schema\Builder: ManyMany for Role.teams
[2026-02-11 06:27:09] DEBUG: Schema\Builder: ManyMany for Role.users
[2026-02-11 06:27:09] DEBUG: Schema\Builder: ManyMany for Sms.toPhoneNumbers
[2026-02-11 06:27:09] DEBUG: Schema\Builder: ManyMany for Team.users
[2026-02-11 06:27:09] DEBUG: Schema\Builder: ManyMany for User.emailAddresses
[2026-02-11 06:27:09] DEBUG: Schema\Builder: ManyMany for User.phoneNumbers
[2026-02-11 06:27:09] DEBUG: Schema\Builder: ManyMany for User.targetLists
[2026-02-11 06:27:09] DEBUG: Schema\Builder: ManyMany for User.accounts
[2026-02-11 06:27:09] DEBUG: Schema\Builder: ManyMany for User.calls
[2026-02-11 06:27:09] DEBUG: Schema\Builder: ManyMany for User.meetings
[2026-02-11 06:27:09] DEBUG: Schema\Builder: ManyMany for User.workingTimeRanges
[2026-02-11 06:27:09] DEBUG: Schema\Builder: ManyMany for WorkingTimeCalendar.ranges
[2026-02-11 06:27:09] DEBUG: Schema\Builder: ManyMany for Account.portalUsers
[2026-02-11 06:27:09] DEBUG: Schema\Builder: Table [account_portal_user] exists.
[2026-02-11 06:27:09] DEBUG: Schema\Builder: ManyMany for Account.targetLists
[2026-02-11 06:27:09] DEBUG: Schema\Builder: ManyMany for Account.documents
[2026-02-11 06:27:09] DEBUG: Schema\Builder: ManyMany for Account.contacts
[2026-02-11 06:27:09] DEBUG: Schema\Builder: ManyMany for Call.leads
[2026-02-11 06:27:09] DEBUG: Schema\Builder: ManyMany for Call.contacts
[2026-02-11 06:27:09] DEBUG: Schema\Builder: ManyMany for Campaign.excludingTargetLists
[2026-02-11 06:27:09] DEBUG: Schema\Builder: ManyMany for Campaign.targetLists
[2026-02-11 06:27:09] DEBUG: Schema\Builder: ManyMany for Case.articles
[2026-02-11 06:27:09] DEBUG: Schema\Builder: ManyMany for Case.contacts
[2026-02-11 06:27:09] DEBUG: Schema\Builder: ManyMany for Contact.documents
[2026-02-11 06:27:09] DEBUG: Schema\Builder: ManyMany for Contact.targetLists
[2026-02-11 06:27:09] DEBUG: Schema\Builder: ManyMany for Contact.meetings
[2026-02-11 06:27:09] DEBUG: Schema\Builder: ManyMany for Contact.opportunities
[2026-02-11 06:27:09] DEBUG: Schema\Builder: ManyMany for Document.leads
[2026-02-11 06:27:09] DEBUG: Schema\Builder: ManyMany for Document.opportunities
[2026-02-11 06:27:09] DEBUG: Schema\Builder: ManyMany for KnowledgeBaseArticle.categories
[2026-02-11 06:27:09] DEBUG: Schema\Builder: ManyMany for Lead.targetLists
[2026-02-11 06:27:09] DEBUG: Schema\Builder: ManyMany for Lead.meetings
[2026-02-11 06:27:09] DEBUG: Schema\Builder: ManyMany for MassEmail.excludingTargetLists
[2026-02-11 06:27:09] DEBUG: Schema\Builder: ManyMany for MassEmail.targetLists
[2026-02-11 06:27:09] DEBUG: Schema\Builder - End
[2026-02-11 06:30:12] DEBUG: Schema\Builder - Start
[2026-02-11 06:30:12] DEBUG: Schema\Builder: Entity ActionHistoryRecord
[2026-02-11 06:30:12] DEBUG: Schema\Builder: Entity AddressCountry
[2026-02-11 06:30:12] DEBUG: Schema\Builder: Entity AppLogRecord
[2026-02-11 06:30:12] DEBUG: Schema\Builder: Entity AppSecret
[2026-02-11 06:30:12] DEBUG: Schema\Builder: Entity ArrayValue
[2026-02-11 06:30:12] DEBUG: Schema\Builder: Entity Attachment
[2026-02-11 06:30:12] DEBUG: Schema\Builder: Entity AuthLogRecord
[2026-02-11 06:30:12] DEBUG: Schema\Builder: Entity AuthToken
[2026-02-11 06:30:12] DEBUG: Schema\Builder: Entity AuthenticationProvider
[2026-02-11 06:30:12] DEBUG: Schema\Builder: Entity Autofollow
[2026-02-11 06:30:12] DEBUG: Schema\Builder: Entity Currency
[2026-02-11 06:30:12] DEBUG: Schema\Builder: Entity DashboardTemplate
[2026-02-11 06:30:12] DEBUG: Schema\Builder: Entity Email
[2026-02-11 06:30:12] DEBUG: Schema\Builder: Entity EmailAccount
[2026-02-11 06:30:12] DEBUG: Schema\Builder: Entity EmailAddress
[2026-02-11 06:30:12] DEBUG: Schema\Builder: Entity EmailFilter
[2026-02-11 06:30:12] DEBUG: Schema\Builder: Entity EmailFolder
[2026-02-11 06:30:12] DEBUG: Schema\Builder: Entity EmailTemplate
[2026-02-11 06:30:12] DEBUG: Schema\Builder: Entity EmailTemplateCategory
[2026-02-11 06:30:12] DEBUG: Schema\Builder: Entity Export
[2026-02-11 06:30:12] DEBUG: Schema\Builder: Entity Extension
[2026-02-11 06:30:12] DEBUG: Schema\Builder: Entity ExternalAccount
[2026-02-11 06:30:12] DEBUG: Schema\Builder: Entity GroupEmailFolder
[2026-02-11 06:30:12] DEBUG: Schema\Builder: Entity Import
[2026-02-11 06:30:12] DEBUG: Schema\Builder: Entity ImportEntity
[2026-02-11 06:30:12] DEBUG: Schema\Builder: Entity ImportError
[2026-02-11 06:30:12] DEBUG: Schema\Builder: Entity InboundEmail
[2026-02-11 06:30:12] DEBUG: Schema\Builder: Entity Integration
[2026-02-11 06:30:12] DEBUG: Schema\Builder: Entity Job
[2026-02-11 06:30:12] DEBUG: Schema\Builder: Entity KanbanOrder
[2026-02-11 06:30:12] DEBUG: Schema\Builder: Entity LayoutRecord
[2026-02-11 06:30:12] DEBUG: Schema\Builder: Entity LayoutSet
[2026-02-11 06:30:12] DEBUG: Schema\Builder: Entity LeadCapture
[2026-02-11 06:30:12] DEBUG: Schema\Builder: Entity LeadCaptureLogRecord
[2026-02-11 06:30:12] DEBUG: Schema\Builder: Entity MassAction
[2026-02-11 06:30:12] DEBUG: Schema\Builder: Entity NextNumber
[2026-02-11 06:30:12] DEBUG: Schema\Builder: Entity Note
[2026-02-11 06:30:12] DEBUG: Schema\Builder: Entity Notification
[2026-02-11 06:30:12] DEBUG: Schema\Builder: Entity OAuthAccount
[2026-02-11 06:30:12] DEBUG: Schema\Builder: Entity OAuthProvider
[2026-02-11 06:30:12] DEBUG: Schema\Builder: Entity PasswordChangeRequest
[2026-02-11 06:30:12] DEBUG: Schema\Builder: Entity PhoneNumber
[2026-02-11 06:30:12] DEBUG: Schema\Builder: Entity Portal
[2026-02-11 06:30:12] DEBUG: Schema\Builder: Entity PortalRole
[2026-02-11 06:30:12] DEBUG: Schema\Builder: Entity Preferences
[2026-02-11 06:30:12] DEBUG: Schema\Builder: Entity Role
[2026-02-11 06:30:12] DEBUG: Schema\Builder: Entity ScheduledJob
[2026-02-11 06:30:12] DEBUG: Schema\Builder: Entity ScheduledJobLogRecord
[2026-02-11 06:30:12] DEBUG: Schema\Builder: Entity Sms
[2026-02-11 06:30:12] DEBUG: Schema\Builder: Entity StarSubscription
[2026-02-11 06:30:12] DEBUG: Schema\Builder: Entity StreamSubscription
[2026-02-11 06:30:12] DEBUG: Schema\Builder: Entity SystemData
[2026-02-11 06:30:12] DEBUG: Schema\Builder: Entity Team
[2026-02-11 06:30:12] DEBUG: Schema\Builder: Entity Template
[2026-02-11 06:30:12] DEBUG: Schema\Builder: Entity TwoFactorCode
[2026-02-11 06:30:12] DEBUG: Schema\Builder: Entity UniqueId
[2026-02-11 06:30:12] DEBUG: Schema\Builder: Entity User
[2026-02-11 06:30:12] DEBUG: Schema\Builder: Entity UserData
[2026-02-11 06:30:12] DEBUG: Schema\Builder: Entity UserReaction
[2026-02-11 06:30:12] DEBUG: Schema\Builder: Entity Webhook
[2026-02-11 06:30:12] DEBUG: Schema\Builder: Entity WebhookEventQueueItem
[2026-02-11 06:30:12] DEBUG: Schema\Builder: Entity WebhookQueueItem
[2026-02-11 06:30:12] DEBUG: Schema\Builder: Entity WorkingTimeCalendar
[2026-02-11 06:30:12] DEBUG: Schema\Builder: Entity WorkingTimeRange
[2026-02-11 06:30:12] DEBUG: Schema\Builder: Entity Account
[2026-02-11 06:30:12] DEBUG: Schema\Builder: Entity Call
[2026-02-11 06:30:12] DEBUG: Schema\Builder: Entity Campaign
[2026-02-11 06:30:12] DEBUG: Schema\Builder: Entity CampaignLogRecord
[2026-02-11 06:30:12] DEBUG: Schema\Builder: Entity CampaignTrackingUrl
[2026-02-11 06:30:12] DEBUG: Schema\Builder: Entity Case
[2026-02-11 06:30:12] DEBUG: Schema\Builder: Entity Contact
[2026-02-11 06:30:12] DEBUG: Schema\Builder: Entity Document
[2026-02-11 06:30:12] DEBUG: Schema\Builder: Entity DocumentFolder
[2026-02-11 06:30:12] DEBUG: Schema\Builder: Entity EmailQueueItem
[2026-02-11 06:30:12] DEBUG: Schema\Builder: Entity KnowledgeBaseArticle
[2026-02-11 06:30:12] DEBUG: Schema\Builder: Entity KnowledgeBaseCategory
[2026-02-11 06:30:12] DEBUG: Schema\Builder: Entity Lead
[2026-02-11 06:30:12] DEBUG: Schema\Builder: Entity MassEmail
[2026-02-11 06:30:12] DEBUG: Schema\Builder: Entity Meeting
[2026-02-11 06:30:12] DEBUG: Schema\Builder: Entity Opportunity
[2026-02-11 06:30:12] DEBUG: Schema\Builder: Entity Reminder
[2026-02-11 06:30:12] DEBUG: Schema\Builder: Entity Target
[2026-02-11 06:30:12] DEBUG: Schema\Builder: Entity TargetList
[2026-02-11 06:30:12] DEBUG: Schema\Builder: Entity TargetListCategory
[2026-02-11 06:30:12] DEBUG: Schema\Builder: Entity Task
[2026-02-11 06:30:12] DEBUG: Schema\Builder: Entity CADHAR
[2026-02-11 06:30:12] DEBUG: Schema\Builder: Entity CAttendanceRecord
[2026-02-11 06:30:12] DEBUG: Schema\Builder: Entity CBanks
[2026-02-11 06:30:12] DEBUG: Schema\Builder: Entity CCity
[2026-02-11 06:30:12] DEBUG: Schema\Builder: Entity CContactType
[2026-02-11 06:30:12] DEBUG: Schema\Builder: Entity CCountry
[2026-02-11 06:30:12] DEBUG: Schema\Builder: Entity CDepartment
[2026-02-11 06:30:12] DEBUG: Schema\Builder: Entity CDependantRelation
[2026-02-11 06:30:12] DEBUG: Schema\Builder: Entity CDocumentType
[2026-02-11 06:30:12] DEBUG: Schema\Builder: Entity CDrivingLicense
[2026-02-11 06:30:12] DEBUG: Schema\Builder: Entity CEmployee
[2026-02-11 06:30:12] DEBUG: Schema\Builder: Entity CEmployeeAddress
[2026-02-11 06:30:12] DEBUG: Schema\Builder: Entity CEmployeeBank
[2026-02-11 06:30:12] DEBUG: Schema\Builder: Entity CEmployeeContact
[2026-02-11 06:30:12] DEBUG: Schema\Builder: Entity CEmployeeDependent
[2026-02-11 06:30:12] DEBUG: Schema\Builder: Entity CEmployeeDocuments
[2026-02-11 06:30:12] DEBUG: Schema\Builder: Entity CEmployeePastExperience
[2026-02-11 06:30:12] DEBUG: Schema\Builder: Entity CPanCard
[2026-02-11 06:30:12] DEBUG: Schema\Builder: Entity CPassport
[2026-02-11 06:30:12] DEBUG: Schema\Builder: Entity CState
[2026-02-11 06:30:12] DEBUG: Schema\Builder: Entity CVoterIdCard
[2026-02-11 06:30:12] DEBUG: Schema\Builder: Entity CWorkRole
[2026-02-11 06:30:12] DEBUG: Schema\Builder: Entity EmailTemplateCategoryPath
[2026-02-11 06:30:12] DEBUG: Schema\Builder: Entity DocumentFolderPath
[2026-02-11 06:30:12] DEBUG: Schema\Builder: Entity KnowledgeBaseCategoryPath
[2026-02-11 06:30:12] DEBUG: Schema\Builder: Entity TargetListCategoryPath
[2026-02-11 06:30:12] DEBUG: Schema\Builder: ManyMany for Email.emailAccounts
[2026-02-11 06:30:12] DEBUG: Schema\Builder: ManyMany for Email.inboundEmails
[2026-02-11 06:30:12] DEBUG: Schema\Builder: ManyMany for Email.replyToEmailAddresses
[2026-02-11 06:30:12] DEBUG: Schema\Builder: ManyMany for Email.users
[2026-02-11 06:30:12] DEBUG: Schema\Builder: ManyMany for Email.assignedUsers
[2026-02-11 06:30:12] DEBUG: Schema\Builder: ManyMany for Email.teams
[2026-02-11 06:30:12] DEBUG: Schema\Builder: ManyMany for GroupEmailFolder.teams
[2026-02-11 06:30:12] DEBUG: Schema\Builder: ManyMany for InboundEmail.teams
[2026-02-11 06:30:12] DEBUG: Schema\Builder: ManyMany for Note.users
[2026-02-11 06:30:12] DEBUG: Schema\Builder: ManyMany for Note.portals
[2026-02-11 06:30:12] DEBUG: Schema\Builder: ManyMany for Note.teams
[2026-02-11 06:30:12] DEBUG: Schema\Builder: ManyMany for Portal.articles
[2026-02-11 06:30:12] DEBUG: Schema\Builder: ManyMany for Portal.portalRoles
[2026-02-11 06:30:12] DEBUG: Schema\Builder: ManyMany for Portal.users
[2026-02-11 06:30:12] DEBUG: Schema\Builder: ManyMany for PortalRole.users
[2026-02-11 06:30:12] DEBUG: Schema\Builder: ManyMany for Role.teams
[2026-02-11 06:30:12] DEBUG: Schema\Builder: ManyMany for Role.users
[2026-02-11 06:30:12] DEBUG: Schema\Builder: ManyMany for Sms.toPhoneNumbers
[2026-02-11 06:30:12] DEBUG: Schema\Builder: ManyMany for Team.users
[2026-02-11 06:30:12] DEBUG: Schema\Builder: ManyMany for User.emailAddresses
[2026-02-11 06:30:12] DEBUG: Schema\Builder: ManyMany for User.phoneNumbers
[2026-02-11 06:30:12] DEBUG: Schema\Builder: ManyMany for User.targetLists
[2026-02-11 06:30:12] DEBUG: Schema\Builder: ManyMany for User.accounts
[2026-02-11 06:30:12] DEBUG: Schema\Builder: ManyMany for User.calls
[2026-02-11 06:30:12] DEBUG: Schema\Builder: ManyMany for User.meetings
[2026-02-11 06:30:12] DEBUG: Schema\Builder: ManyMany for User.workingTimeRanges
[2026-02-11 06:30:12] DEBUG: Schema\Builder: ManyMany for WorkingTimeCalendar.ranges
[2026-02-11 06:30:12] DEBUG: Schema\Builder: ManyMany for Account.portalUsers
[2026-02-11 06:30:12] DEBUG: Schema\Builder: Table [account_portal_user] exists.
[2026-02-11 06:30:12] DEBUG: Schema\Builder: ManyMany for Account.targetLists
[2026-02-11 06:30:12] DEBUG: Schema\Builder: ManyMany for Account.documents
[2026-02-11 06:30:12] DEBUG: Schema\Builder: ManyMany for Account.contacts
[2026-02-11 06:30:12] DEBUG: Schema\Builder: ManyMany for Call.leads
[2026-02-11 06:30:12] DEBUG: Schema\Builder: ManyMany for Call.contacts
[2026-02-11 06:30:12] DEBUG: Schema\Builder: ManyMany for Campaign.excludingTargetLists
[2026-02-11 06:30:12] DEBUG: Schema\Builder: ManyMany for Campaign.targetLists
[2026-02-11 06:30:12] DEBUG: Schema\Builder: ManyMany for Case.articles
[2026-02-11 06:30:12] DEBUG: Schema\Builder: ManyMany for Case.contacts
[2026-02-11 06:30:12] DEBUG: Schema\Builder: ManyMany for Contact.documents
[2026-02-11 06:30:12] DEBUG: Schema\Builder: ManyMany for Contact.targetLists
[2026-02-11 06:30:12] DEBUG: Schema\Builder: ManyMany for Contact.meetings
[2026-02-11 06:30:12] DEBUG: Schema\Builder: ManyMany for Contact.opportunities
[2026-02-11 06:30:12] DEBUG: Schema\Builder: ManyMany for Document.leads
[2026-02-11 06:30:12] DEBUG: Schema\Builder: ManyMany for Document.opportunities
[2026-02-11 06:30:12] DEBUG: Schema\Builder: ManyMany for KnowledgeBaseArticle.categories
[2026-02-11 06:30:12] DEBUG: Schema\Builder: ManyMany for Lead.targetLists
[2026-02-11 06:30:12] DEBUG: Schema\Builder: ManyMany for Lead.meetings
[2026-02-11 06:30:12] DEBUG: Schema\Builder: ManyMany for MassEmail.excludingTargetLists
[2026-02-11 06:30:12] DEBUG: Schema\Builder: ManyMany for MassEmail.targetLists
[2026-02-11 06:30:12] DEBUG: Schema\Builder - End
[2026-02-11 07:25:17] DEBUG: Schema\Builder - Start
[2026-02-11 07:25:17] DEBUG: Schema\Builder: Entity ActionHistoryRecord
[2026-02-11 07:25:17] DEBUG: Schema\Builder: Entity AddressCountry
[2026-02-11 07:25:17] DEBUG: Schema\Builder: Entity AppLogRecord
[2026-02-11 07:25:17] DEBUG: Schema\Builder: Entity AppSecret
[2026-02-11 07:25:17] DEBUG: Schema\Builder: Entity ArrayValue
[2026-02-11 07:25:17] DEBUG: Schema\Builder: Entity Attachment
[2026-02-11 07:25:17] DEBUG: Schema\Builder: Entity AuthLogRecord
[2026-02-11 07:25:17] DEBUG: Schema\Builder: Entity AuthToken
[2026-02-11 07:25:17] DEBUG: Schema\Builder: Entity AuthenticationProvider
[2026-02-11 07:25:17] DEBUG: Schema\Builder: Entity Autofollow
[2026-02-11 07:25:17] DEBUG: Schema\Builder: Entity Currency
[2026-02-11 07:25:17] DEBUG: Schema\Builder: Entity DashboardTemplate
[2026-02-11 07:25:17] DEBUG: Schema\Builder: Entity Email
[2026-02-11 07:25:17] DEBUG: Schema\Builder: Entity EmailAccount
[2026-02-11 07:25:17] DEBUG: Schema\Builder: Entity EmailAddress
[2026-02-11 07:25:17] DEBUG: Schema\Builder: Entity EmailFilter
[2026-02-11 07:25:17] DEBUG: Schema\Builder: Entity EmailFolder
[2026-02-11 07:25:17] DEBUG: Schema\Builder: Entity EmailTemplate
[2026-02-11 07:25:17] DEBUG: Schema\Builder: Entity EmailTemplateCategory
[2026-02-11 07:25:17] DEBUG: Schema\Builder: Entity Export
[2026-02-11 07:25:17] DEBUG: Schema\Builder: Entity Extension
[2026-02-11 07:25:17] DEBUG: Schema\Builder: Entity ExternalAccount
[2026-02-11 07:25:17] DEBUG: Schema\Builder: Entity GroupEmailFolder
[2026-02-11 07:25:17] DEBUG: Schema\Builder: Entity Import
[2026-02-11 07:25:17] DEBUG: Schema\Builder: Entity ImportEntity
[2026-02-11 07:25:17] DEBUG: Schema\Builder: Entity ImportError
[2026-02-11 07:25:17] DEBUG: Schema\Builder: Entity InboundEmail
[2026-02-11 07:25:17] DEBUG: Schema\Builder: Entity Integration
[2026-02-11 07:25:17] DEBUG: Schema\Builder: Entity Job
[2026-02-11 07:25:17] DEBUG: Schema\Builder: Entity KanbanOrder
[2026-02-11 07:25:17] DEBUG: Schema\Builder: Entity LayoutRecord
[2026-02-11 07:25:17] DEBUG: Schema\Builder: Entity LayoutSet
[2026-02-11 07:25:17] DEBUG: Schema\Builder: Entity LeadCapture
[2026-02-11 07:25:17] DEBUG: Schema\Builder: Entity LeadCaptureLogRecord
[2026-02-11 07:25:17] DEBUG: Schema\Builder: Entity MassAction
[2026-02-11 07:25:17] DEBUG: Schema\Builder: Entity NextNumber
[2026-02-11 07:25:17] DEBUG: Schema\Builder: Entity Note
[2026-02-11 07:25:17] DEBUG: Schema\Builder: Entity Notification
[2026-02-11 07:25:17] DEBUG: Schema\Builder: Entity OAuthAccount
[2026-02-11 07:25:17] DEBUG: Schema\Builder: Entity OAuthProvider
[2026-02-11 07:25:17] DEBUG: Schema\Builder: Entity PasswordChangeRequest
[2026-02-11 07:25:17] DEBUG: Schema\Builder: Entity PhoneNumber
[2026-02-11 07:25:17] DEBUG: Schema\Builder: Entity Portal
[2026-02-11 07:25:17] DEBUG: Schema\Builder: Entity PortalRole
[2026-02-11 07:25:17] DEBUG: Schema\Builder: Entity Preferences
[2026-02-11 07:25:17] DEBUG: Schema\Builder: Entity Role
[2026-02-11 07:25:17] DEBUG: Schema\Builder: Entity ScheduledJob
[2026-02-11 07:25:17] DEBUG: Schema\Builder: Entity ScheduledJobLogRecord
[2026-02-11 07:25:17] DEBUG: Schema\Builder: Entity Sms
[2026-02-11 07:25:17] DEBUG: Schema\Builder: Entity StarSubscription
[2026-02-11 07:25:17] DEBUG: Schema\Builder: Entity StreamSubscription
[2026-02-11 07:25:17] DEBUG: Schema\Builder: Entity SystemData
[2026-02-11 07:25:17] DEBUG: Schema\Builder: Entity Team
[2026-02-11 07:25:17] DEBUG: Schema\Builder: Entity Template
[2026-02-11 07:25:17] DEBUG: Schema\Builder: Entity TwoFactorCode
[2026-02-11 07:25:17] DEBUG: Schema\Builder: Entity UniqueId
[2026-02-11 07:25:17] DEBUG: Schema\Builder: Entity User
[2026-02-11 07:25:17] DEBUG: Schema\Builder: Entity UserData
[2026-02-11 07:25:17] DEBUG: Schema\Builder: Entity UserReaction
[2026-02-11 07:25:17] DEBUG: Schema\Builder: Entity Webhook
[2026-02-11 07:25:17] DEBUG: Schema\Builder: Entity WebhookEventQueueItem
[2026-02-11 07:25:17] DEBUG: Schema\Builder: Entity WebhookQueueItem
[2026-02-11 07:25:17] DEBUG: Schema\Builder: Entity WorkingTimeCalendar
[2026-02-11 07:25:17] DEBUG: Schema\Builder: Entity WorkingTimeRange
[2026-02-11 07:25:17] DEBUG: Schema\Builder: Entity Account
[2026-02-11 07:25:17] DEBUG: Schema\Builder: Entity Call
[2026-02-11 07:25:17] DEBUG: Schema\Builder: Entity Campaign
[2026-02-11 07:25:17] DEBUG: Schema\Builder: Entity CampaignLogRecord
[2026-02-11 07:25:17] DEBUG: Schema\Builder: Entity CampaignTrackingUrl
[2026-02-11 07:25:17] DEBUG: Schema\Builder: Entity Case
[2026-02-11 07:25:17] DEBUG: Schema\Builder: Entity Contact
[2026-02-11 07:25:17] DEBUG: Schema\Builder: Entity Document
[2026-02-11 07:25:17] DEBUG: Schema\Builder: Entity DocumentFolder
[2026-02-11 07:25:17] DEBUG: Schema\Builder: Entity EmailQueueItem
[2026-02-11 07:25:17] DEBUG: Schema\Builder: Entity KnowledgeBaseArticle
[2026-02-11 07:25:17] DEBUG: Schema\Builder: Entity KnowledgeBaseCategory
[2026-02-11 07:25:17] DEBUG: Schema\Builder: Entity Lead
[2026-02-11 07:25:17] DEBUG: Schema\Builder: Entity MassEmail
[2026-02-11 07:25:17] DEBUG: Schema\Builder: Entity Meeting
[2026-02-11 07:25:17] DEBUG: Schema\Builder: Entity Opportunity
[2026-02-11 07:25:17] DEBUG: Schema\Builder: Entity Reminder
[2026-02-11 07:25:17] DEBUG: Schema\Builder: Entity Target
[2026-02-11 07:25:17] DEBUG: Schema\Builder: Entity TargetList
[2026-02-11 07:25:17] DEBUG: Schema\Builder: Entity TargetListCategory
[2026-02-11 07:25:17] DEBUG: Schema\Builder: Entity Task
[2026-02-11 07:25:17] DEBUG: Schema\Builder: Entity CADHAR
[2026-02-11 07:25:17] DEBUG: Schema\Builder: Entity CAttendanceRecord
[2026-02-11 07:25:17] DEBUG: Schema\Builder: Entity CBanks
[2026-02-11 07:25:17] DEBUG: Schema\Builder: Entity CCity
[2026-02-11 07:25:17] DEBUG: Schema\Builder: Entity CContactType
[2026-02-11 07:25:17] DEBUG: Schema\Builder: Entity CCountry
[2026-02-11 07:25:17] DEBUG: Schema\Builder: Entity CDepartment
[2026-02-11 07:25:17] DEBUG: Schema\Builder: Entity CDependantRelation
[2026-02-11 07:25:17] DEBUG: Schema\Builder: Entity CDocumentType
[2026-02-11 07:25:17] DEBUG: Schema\Builder: Entity CDrivingLicense
[2026-02-11 07:25:17] DEBUG: Schema\Builder: Entity CEmployee
[2026-02-11 07:25:17] DEBUG: Schema\Builder: Entity CEmployeeAddress
[2026-02-11 07:25:17] DEBUG: Schema\Builder: Entity CEmployeeBank
[2026-02-11 07:25:17] DEBUG: Schema\Builder: Entity CEmployeeContact
[2026-02-11 07:25:17] DEBUG: Schema\Builder: Entity CEmployeeDependent
[2026-02-11 07:25:17] DEBUG: Schema\Builder: Entity CEmployeeDocuments
[2026-02-11 07:25:17] DEBUG: Schema\Builder: Entity CEmployeePastExperience
[2026-02-11 07:25:17] DEBUG: Schema\Builder: Entity CPanCard
[2026-02-11 07:25:17] DEBUG: Schema\Builder: Entity CPassport
[2026-02-11 07:25:17] DEBUG: Schema\Builder: Entity CState
[2026-02-11 07:25:17] DEBUG: Schema\Builder: Entity CVoterIdCard
[2026-02-11 07:25:17] DEBUG: Schema\Builder: Entity CWorkRole
[2026-02-11 07:25:17] DEBUG: Schema\Builder: Entity EmailTemplateCategoryPath
[2026-02-11 07:25:17] DEBUG: Schema\Builder: Entity DocumentFolderPath
[2026-02-11 07:25:17] DEBUG: Schema\Builder: Entity KnowledgeBaseCategoryPath
[2026-02-11 07:25:17] DEBUG: Schema\Builder: Entity TargetListCategoryPath
[2026-02-11 07:25:17] DEBUG: Schema\Builder: ManyMany for Email.emailAccounts
[2026-02-11 07:25:17] DEBUG: Schema\Builder: ManyMany for Email.inboundEmails
[2026-02-11 07:25:17] DEBUG: Schema\Builder: ManyMany for Email.replyToEmailAddresses
[2026-02-11 07:25:17] DEBUG: Schema\Builder: ManyMany for Email.users
[2026-02-11 07:25:17] DEBUG: Schema\Builder: ManyMany for Email.assignedUsers
[2026-02-11 07:25:17] DEBUG: Schema\Builder: ManyMany for Email.teams
[2026-02-11 07:25:17] DEBUG: Schema\Builder: ManyMany for GroupEmailFolder.teams
[2026-02-11 07:25:17] DEBUG: Schema\Builder: ManyMany for InboundEmail.teams
[2026-02-11 07:25:17] DEBUG: Schema\Builder: ManyMany for Note.users
[2026-02-11 07:25:17] DEBUG: Schema\Builder: ManyMany for Note.portals
[2026-02-11 07:25:17] DEBUG: Schema\Builder: ManyMany for Note.teams
[2026-02-11 07:25:17] DEBUG: Schema\Builder: ManyMany for Portal.articles
[2026-02-11 07:25:17] DEBUG: Schema\Builder: ManyMany for Portal.portalRoles
[2026-02-11 07:25:17] DEBUG: Schema\Builder: ManyMany for Portal.users
[2026-02-11 07:25:17] DEBUG: Schema\Builder: ManyMany for PortalRole.users
[2026-02-11 07:25:17] DEBUG: Schema\Builder: ManyMany for Role.teams
[2026-02-11 07:25:17] DEBUG: Schema\Builder: ManyMany for Role.users
[2026-02-11 07:25:17] DEBUG: Schema\Builder: ManyMany for Sms.toPhoneNumbers
[2026-02-11 07:25:17] DEBUG: Schema\Builder: ManyMany for Team.users
[2026-02-11 07:25:17] DEBUG: Schema\Builder: ManyMany for User.emailAddresses
[2026-02-11 07:25:17] DEBUG: Schema\Builder: ManyMany for User.phoneNumbers
[2026-02-11 07:25:17] DEBUG: Schema\Builder: ManyMany for User.targetLists
[2026-02-11 07:25:17] DEBUG: Schema\Builder: ManyMany for User.accounts
[2026-02-11 07:25:17] DEBUG: Schema\Builder: ManyMany for User.calls
[2026-02-11 07:25:17] DEBUG: Schema\Builder: ManyMany for User.meetings
[2026-02-11 07:25:17] DEBUG: Schema\Builder: ManyMany for User.workingTimeRanges
[2026-02-11 07:25:17] DEBUG: Schema\Builder: ManyMany for WorkingTimeCalendar.ranges
[2026-02-11 07:25:17] DEBUG: Schema\Builder: ManyMany for Account.portalUsers
[2026-02-11 07:25:17] DEBUG: Schema\Builder: Table [account_portal_user] exists.
[2026-02-11 07:25:17] DEBUG: Schema\Builder: ManyMany for Account.targetLists
[2026-02-11 07:25:17] DEBUG: Schema\Builder: ManyMany for Account.documents
[2026-02-11 07:25:17] DEBUG: Schema\Builder: ManyMany for Account.contacts
[2026-02-11 07:25:17] DEBUG: Schema\Builder: ManyMany for Call.leads
[2026-02-11 07:25:17] DEBUG: Schema\Builder: ManyMany for Call.contacts
[2026-02-11 07:25:17] DEBUG: Schema\Builder: ManyMany for Campaign.excludingTargetLists
[2026-02-11 07:25:17] DEBUG: Schema\Builder: ManyMany for Campaign.targetLists
[2026-02-11 07:25:17] DEBUG: Schema\Builder: ManyMany for Case.articles
[2026-02-11 07:25:17] DEBUG: Schema\Builder: ManyMany for Case.contacts
[2026-02-11 07:25:17] DEBUG: Schema\Builder: ManyMany for Contact.documents
[2026-02-11 07:25:17] DEBUG: Schema\Builder: ManyMany for Contact.targetLists
[2026-02-11 07:25:17] DEBUG: Schema\Builder: ManyMany for Contact.meetings
[2026-02-11 07:25:17] DEBUG: Schema\Builder: ManyMany for Contact.opportunities
[2026-02-11 07:25:17] DEBUG: Schema\Builder: ManyMany for Document.leads
[2026-02-11 07:25:17] DEBUG: Schema\Builder: ManyMany for Document.opportunities
[2026-02-11 07:25:17] DEBUG: Schema\Builder: ManyMany for KnowledgeBaseArticle.categories
[2026-02-11 07:25:17] DEBUG: Schema\Builder: ManyMany for Lead.targetLists
[2026-02-11 07:25:17] DEBUG: Schema\Builder: ManyMany for Lead.meetings
[2026-02-11 07:25:17] DEBUG: Schema\Builder: ManyMany for MassEmail.excludingTargetLists
[2026-02-11 07:25:17] DEBUG: Schema\Builder: ManyMany for MassEmail.targetLists
[2026-02-11 07:25:17] DEBUG: Schema\Builder - End
[2026-02-11 07:30:45] DEBUG: API (409) Field CAttendanceRecord::employee already exists.; POST /EntityManager/action/createLink; Input data: {"entity":"CAttendanceRecord","entityForeign":"CEmployee","link":"employee","linkForeign":"attendanceRecords","label":"Employee","labelForeign":"Attendance Records","linkType":"manyToOne","relationName":null,"linkMultipleField":false,"linkMultipleFieldForeign":false,"audited":false,"auditedForeign":false,"layout":null,"layoutForeign":null,"selectFilter":null,"selectFilterForeign":null}; Route pattern: /{controller}/action/{action}; Route params: Array
(
    [controller] => EntityManager
    [action] => createLink
)
[2026-02-11 07:30:45] ERROR: (409) Field CAttendanceRecord::employee already exists. :: POST /EntityManager/action/createLink :: D:\xampp\htdocs\EspoCRM-9.2.7\application\Espo\Tools\LinkManager\LinkManager.php(439)
[object] (Espo\Core\Exceptions\Conflict(code: 409): Field CAttendanceRecord::employee already exists. at D:\xampp\htdocs\EspoCRM-9.2.7\application\Espo\Tools\LinkManager\LinkManager.php:439)
[stacktrace]
#0 D:\xampp\htdocs\EspoCRM-9.2.7\application\Espo\Controllers\EntityManager.php(301): Espo\Tools\LinkManager\LinkManager->create(Array)
#1 D:\xampp\htdocs\EspoCRM-9.2.7\application\Espo\Core\Api\ControllerActionProcessor.php(87): Espo\Controllers\EntityManager->postActionCreateLink(Object(Espo\Core\Api\RequestWrapper), Object(Espo\Core\Api\ResponseWrapper))
#2 D:\xampp\htdocs\EspoCRM-9.2.7\application\Espo\Core\Api\ControllerActionHandler.php(65): Espo\Core\Api\ControllerActionProcessor->process('EntityManager', 'createLink', Object(Espo\Core\Api\RequestWrapper), Object(Espo\Core\Api\ResponseWrapper))
#3 D:\xampp\htdocs\EspoCRM-9.2.7\vendor\slim\slim\Slim\MiddlewareDispatcher.php(73): Espo\Core\Api\ControllerActionHandler->handle(Object(Slim\Psr7\Request))
#4 D:\xampp\htdocs\EspoCRM-9.2.7\application\Espo\Core\Api\RouteProcessor.php(221): Slim\MiddlewareDispatcher->handle(Object(Slim\Psr7\Request))
#5 D:\xampp\htdocs\EspoCRM-9.2.7\application\Espo\Core\Api\RouteProcessor.php(148): Espo\Core\Api\RouteProcessor->processControllerAction(Object(Espo\Core\Api\ProcessData), Object(Slim\Psr7\Request), Object(Espo\Core\Api\ResponseWrapper))
#6 D:\xampp\htdocs\EspoCRM-9.2.7\application\Espo\Core\Api\RouteProcessor.php(126): Espo\Core\Api\RouteProcessor->processAfterAuth(Object(Espo\Core\Api\ProcessData), Object(Slim\Psr7\Request), Object(Espo\Core\Api\ResponseWrapper))
#7 D:\xampp\htdocs\EspoCRM-9.2.7\application\Espo\Core\Api\RouteProcessor.php(78): Espo\Core\Api\RouteProcessor->processInternal(Object(Espo\Core\Api\ProcessData), Object(Slim\Psr7\Request), Object(Espo\Core\Api\RequestWrapper), Object(Espo\Core\Api\ResponseWrapper))
#8 D:\xampp\htdocs\EspoCRM-9.2.7\application\Espo\Core\Api\Starter.php(126): Espo\Core\Api\RouteProcessor->process(Object(Espo\Core\Api\ProcessData), Object(Slim\Psr7\Request), Object(Slim\Psr7\Response))
#9 D:\xampp\htdocs\EspoCRM-9.2.7\vendor\slim\slim\Slim\Handlers\Strategies\RequestResponse.php(38): Espo\Core\Api\Starter->Espo\Core\Api\{closure}(Object(Slim\Psr7\Request), Object(Slim\Psr7\Response), Array)
#10 D:\xampp\htdocs\EspoCRM-9.2.7\vendor\slim\slim\Slim\Routing\Route.php(363): Slim\Handlers\Strategies\RequestResponse->__invoke(Object(Closure), Object(Slim\Psr7\Request), Object(Slim\Psr7\Response), Array)
#11 D:\xampp\htdocs\EspoCRM-9.2.7\vendor\slim\slim\Slim\MiddlewareDispatcher.php(73): Slim\Routing\Route->handle(Object(Slim\Psr7\Request))
#12 D:\xampp\htdocs\EspoCRM-9.2.7\vendor\slim\slim\Slim\MiddlewareDispatcher.php(73): Slim\MiddlewareDispatcher->handle(Object(Slim\Psr7\Request))
#13 D:\xampp\htdocs\EspoCRM-9.2.7\vendor\slim\slim\Slim\Routing\Route.php(321): Slim\MiddlewareDispatcher->handle(Object(Slim\Psr7\Request))
#14 D:\xampp\htdocs\EspoCRM-9.2.7\vendor\slim\slim\Slim\Routing\RouteRunner.php(74): Slim\Routing\Route->run(Object(Slim\Psr7\Request))
#15 D:\xampp\htdocs\EspoCRM-9.2.7\vendor\slim\slim\Slim\Middleware\RoutingMiddleware.php(45): Slim\Routing\RouteRunner->handle(Object(Slim\Psr7\Request))
#16 D:\xampp\htdocs\EspoCRM-9.2.7\vendor\slim\slim\Slim\MiddlewareDispatcher.php(129): Slim\Middleware\RoutingMiddleware->process(Object(Slim\Psr7\Request), Object(Slim\Routing\RouteRunner))
#17 D:\xampp\htdocs\EspoCRM-9.2.7\vendor\slim\slim\Slim\Middleware\ErrorMiddleware.php(77): Psr\Http\Server\RequestHandlerInterface@anonymous->handle(Object(Slim\Psr7\Request))
#18 D:\xampp\htdocs\EspoCRM-9.2.7\vendor\slim\slim\Slim\MiddlewareDispatcher.php(129): Slim\Middleware\ErrorMiddleware->process(Object(Slim\Psr7\Request), Object(Psr\Http\Server\RequestHandlerInterface@anonymous))
#19 D:\xampp\htdocs\EspoCRM-9.2.7\vendor\slim\slim\Slim\MiddlewareDispatcher.php(73): Psr\Http\Server\RequestHandlerInterface@anonymous->handle(Object(Slim\Psr7\Request))
#20 D:\xampp\htdocs\EspoCRM-9.2.7\vendor\slim\slim\Slim\App.php(209): Slim\MiddlewareDispatcher->handle(Object(Slim\Psr7\Request))
#21 D:\xampp\htdocs\EspoCRM-9.2.7\vendor\slim\slim\Slim\App.php(193): Slim\App->handle(Object(Slim\Psr7\Request))
#22 D:\xampp\htdocs\EspoCRM-9.2.7\application\Espo\Core\Api\Starter.php(84): Slim\App->run()
#23 D:\xampp\htdocs\EspoCRM-9.2.7\application\Espo\Core\ApplicationRunners\Api.php(45): Espo\Core\Api\Starter->start()
#24 D:\xampp\htdocs\EspoCRM-9.2.7\application\Espo\Core\Application\RunnerRunner.php(84): Espo\Core\ApplicationRunners\Api->run()
#25 D:\xampp\htdocs\EspoCRM-9.2.7\application\Espo\Core\Application.php(86): Espo\Core\Application\RunnerRunner->run('Espo\\Core\\Appli...', NULL)
#26 D:\xampp\htdocs\EspoCRM-9.2.7\public\api\v1\index.php(35): Espo\Core\Application->run('Espo\\Core\\Appli...')
#27 {main}
[2026-02-11 07:30:56] DEBUG: API (409) Field CAttendanceRecord::employee already exists.; POST /EntityManager/action/createLink; Input data: {"entity":"CAttendanceRecord","entityForeign":"CEmployee","link":"employee","linkForeign":"attendanceRecords","label":"Employee","labelForeign":"Attendance Records","linkType":"manyToOne","relationName":null,"linkMultipleField":false,"linkMultipleFieldForeign":false,"audited":false,"auditedForeign":false,"layout":null,"layoutForeign":null,"selectFilter":null,"selectFilterForeign":null}; Route pattern: /{controller}/action/{action}; Route params: Array
(
    [controller] => EntityManager
    [action] => createLink
)
[2026-02-11 07:30:56] ERROR: (409) Field CAttendanceRecord::employee already exists. :: POST /EntityManager/action/createLink :: D:\xampp\htdocs\EspoCRM-9.2.7\application\Espo\Tools\LinkManager\LinkManager.php(439)
[object] (Espo\Core\Exceptions\Conflict(code: 409): Field CAttendanceRecord::employee already exists. at D:\xampp\htdocs\EspoCRM-9.2.7\application\Espo\Tools\LinkManager\LinkManager.php:439)
[stacktrace]
#0 D:\xampp\htdocs\EspoCRM-9.2.7\application\Espo\Controllers\EntityManager.php(301): Espo\Tools\LinkManager\LinkManager->create(Array)
#1 D:\xampp\htdocs\EspoCRM-9.2.7\application\Espo\Core\Api\ControllerActionProcessor.php(87): Espo\Controllers\EntityManager->postActionCreateLink(Object(Espo\Core\Api\RequestWrapper), Object(Espo\Core\Api\ResponseWrapper))
#2 D:\xampp\htdocs\EspoCRM-9.2.7\application\Espo\Core\Api\ControllerActionHandler.php(65): Espo\Core\Api\ControllerActionProcessor->process('EntityManager', 'createLink', Object(Espo\Core\Api\RequestWrapper), Object(Espo\Core\Api\ResponseWrapper))
#3 D:\xampp\htdocs\EspoCRM-9.2.7\vendor\slim\slim\Slim\MiddlewareDispatcher.php(73): Espo\Core\Api\ControllerActionHandler->handle(Object(Slim\Psr7\Request))
#4 D:\xampp\htdocs\EspoCRM-9.2.7\application\Espo\Core\Api\RouteProcessor.php(221): Slim\MiddlewareDispatcher->handle(Object(Slim\Psr7\Request))
#5 D:\xampp\htdocs\EspoCRM-9.2.7\application\Espo\Core\Api\RouteProcessor.php(148): Espo\Core\Api\RouteProcessor->processControllerAction(Object(Espo\Core\Api\ProcessData), Object(Slim\Psr7\Request), Object(Espo\Core\Api\ResponseWrapper))
#6 D:\xampp\htdocs\EspoCRM-9.2.7\application\Espo\Core\Api\RouteProcessor.php(126): Espo\Core\Api\RouteProcessor->processAfterAuth(Object(Espo\Core\Api\ProcessData), Object(Slim\Psr7\Request), Object(Espo\Core\Api\ResponseWrapper))
#7 D:\xampp\htdocs\EspoCRM-9.2.7\application\Espo\Core\Api\RouteProcessor.php(78): Espo\Core\Api\RouteProcessor->processInternal(Object(Espo\Core\Api\ProcessData), Object(Slim\Psr7\Request), Object(Espo\Core\Api\RequestWrapper), Object(Espo\Core\Api\ResponseWrapper))
#8 D:\xampp\htdocs\EspoCRM-9.2.7\application\Espo\Core\Api\Starter.php(126): Espo\Core\Api\RouteProcessor->process(Object(Espo\Core\Api\ProcessData), Object(Slim\Psr7\Request), Object(Slim\Psr7\Response))
#9 D:\xampp\htdocs\EspoCRM-9.2.7\vendor\slim\slim\Slim\Handlers\Strategies\RequestResponse.php(38): Espo\Core\Api\Starter->Espo\Core\Api\{closure}(Object(Slim\Psr7\Request), Object(Slim\Psr7\Response), Array)
#10 D:\xampp\htdocs\EspoCRM-9.2.7\vendor\slim\slim\Slim\Routing\Route.php(363): Slim\Handlers\Strategies\RequestResponse->__invoke(Object(Closure), Object(Slim\Psr7\Request), Object(Slim\Psr7\Response), Array)
#11 D:\xampp\htdocs\EspoCRM-9.2.7\vendor\slim\slim\Slim\MiddlewareDispatcher.php(73): Slim\Routing\Route->handle(Object(Slim\Psr7\Request))
#12 D:\xampp\htdocs\EspoCRM-9.2.7\vendor\slim\slim\Slim\MiddlewareDispatcher.php(73): Slim\MiddlewareDispatcher->handle(Object(Slim\Psr7\Request))
#13 D:\xampp\htdocs\EspoCRM-9.2.7\vendor\slim\slim\Slim\Routing\Route.php(321): Slim\MiddlewareDispatcher->handle(Object(Slim\Psr7\Request))
#14 D:\xampp\htdocs\EspoCRM-9.2.7\vendor\slim\slim\Slim\Routing\RouteRunner.php(74): Slim\Routing\Route->run(Object(Slim\Psr7\Request))
#15 D:\xampp\htdocs\EspoCRM-9.2.7\vendor\slim\slim\Slim\Middleware\RoutingMiddleware.php(45): Slim\Routing\RouteRunner->handle(Object(Slim\Psr7\Request))
#16 D:\xampp\htdocs\EspoCRM-9.2.7\vendor\slim\slim\Slim\MiddlewareDispatcher.php(129): Slim\Middleware\RoutingMiddleware->process(Object(Slim\Psr7\Request), Object(Slim\Routing\RouteRunner))
#17 D:\xampp\htdocs\EspoCRM-9.2.7\vendor\slim\slim\Slim\Middleware\ErrorMiddleware.php(77): Psr\Http\Server\RequestHandlerInterface@anonymous->handle(Object(Slim\Psr7\Request))
#18 D:\xampp\htdocs\EspoCRM-9.2.7\vendor\slim\slim\Slim\MiddlewareDispatcher.php(129): Slim\Middleware\ErrorMiddleware->process(Object(Slim\Psr7\Request), Object(Psr\Http\Server\RequestHandlerInterface@anonymous))
#19 D:\xampp\htdocs\EspoCRM-9.2.7\vendor\slim\slim\Slim\MiddlewareDispatcher.php(73): Psr\Http\Server\RequestHandlerInterface@anonymous->handle(Object(Slim\Psr7\Request))
#20 D:\xampp\htdocs\EspoCRM-9.2.7\vendor\slim\slim\Slim\App.php(209): Slim\MiddlewareDispatcher->handle(Object(Slim\Psr7\Request))
#21 D:\xampp\htdocs\EspoCRM-9.2.7\vendor\slim\slim\Slim\App.php(193): Slim\App->handle(Object(Slim\Psr7\Request))
#22 D:\xampp\htdocs\EspoCRM-9.2.7\application\Espo\Core\Api\Starter.php(84): Slim\App->run()
#23 D:\xampp\htdocs\EspoCRM-9.2.7\application\Espo\Core\ApplicationRunners\Api.php(45): Espo\Core\Api\Starter->start()
#24 D:\xampp\htdocs\EspoCRM-9.2.7\application\Espo\Core\Application\RunnerRunner.php(84): Espo\Core\ApplicationRunners\Api->run()
#25 D:\xampp\htdocs\EspoCRM-9.2.7\application\Espo\Core\Application.php(86): Espo\Core\Application\RunnerRunner->run('Espo\\Core\\Appli...', NULL)
#26 D:\xampp\htdocs\EspoCRM-9.2.7\public\api\v1\index.php(35): Espo\Core\Application->run('Espo\\Core\\Appli...')
#27 {main}
[2026-02-11 07:31:04] DEBUG: API (409) Field CAttendanceRecord::employee already exists.; POST /EntityManager/action/createLink; Input data: {"entity":"CAttendanceRecord","entityForeign":"CEmployee","link":"employee","linkForeign":"attendanceRecords","label":"Employee","labelForeign":"Attendance Records","linkType":"manyToOne","relationName":null,"linkMultipleField":false,"linkMultipleFieldForeign":false,"audited":false,"auditedForeign":false,"layout":null,"layoutForeign":null,"selectFilter":null,"selectFilterForeign":null}; Route pattern: /{controller}/action/{action}; Route params: Array
(
    [controller] => EntityManager
    [action] => createLink
)
[2026-02-11 07:31:04] ERROR: (409) Field CAttendanceRecord::employee already exists. :: POST /EntityManager/action/createLink :: D:\xampp\htdocs\EspoCRM-9.2.7\application\Espo\Tools\LinkManager\LinkManager.php(439)
[object] (Espo\Core\Exceptions\Conflict(code: 409): Field CAttendanceRecord::employee already exists. at D:\xampp\htdocs\EspoCRM-9.2.7\application\Espo\Tools\LinkManager\LinkManager.php:439)
[stacktrace]
#0 D:\xampp\htdocs\EspoCRM-9.2.7\application\Espo\Controllers\EntityManager.php(301): Espo\Tools\LinkManager\LinkManager->create(Array)
#1 D:\xampp\htdocs\EspoCRM-9.2.7\application\Espo\Core\Api\ControllerActionProcessor.php(87): Espo\Controllers\EntityManager->postActionCreateLink(Object(Espo\Core\Api\RequestWrapper), Object(Espo\Core\Api\ResponseWrapper))
#2 D:\xampp\htdocs\EspoCRM-9.2.7\application\Espo\Core\Api\ControllerActionHandler.php(65): Espo\Core\Api\ControllerActionProcessor->process('EntityManager', 'createLink', Object(Espo\Core\Api\RequestWrapper), Object(Espo\Core\Api\ResponseWrapper))
#3 D:\xampp\htdocs\EspoCRM-9.2.7\vendor\slim\slim\Slim\MiddlewareDispatcher.php(73): Espo\Core\Api\ControllerActionHandler->handle(Object(Slim\Psr7\Request))
#4 D:\xampp\htdocs\EspoCRM-9.2.7\application\Espo\Core\Api\RouteProcessor.php(221): Slim\MiddlewareDispatcher->handle(Object(Slim\Psr7\Request))
#5 D:\xampp\htdocs\EspoCRM-9.2.7\application\Espo\Core\Api\RouteProcessor.php(148): Espo\Core\Api\RouteProcessor->processControllerAction(Object(Espo\Core\Api\ProcessData), Object(Slim\Psr7\Request), Object(Espo\Core\Api\ResponseWrapper))
#6 D:\xampp\htdocs\EspoCRM-9.2.7\application\Espo\Core\Api\RouteProcessor.php(126): Espo\Core\Api\RouteProcessor->processAfterAuth(Object(Espo\Core\Api\ProcessData), Object(Slim\Psr7\Request), Object(Espo\Core\Api\ResponseWrapper))
#7 D:\xampp\htdocs\EspoCRM-9.2.7\application\Espo\Core\Api\RouteProcessor.php(78): Espo\Core\Api\RouteProcessor->processInternal(Object(Espo\Core\Api\ProcessData), Object(Slim\Psr7\Request), Object(Espo\Core\Api\RequestWrapper), Object(Espo\Core\Api\ResponseWrapper))
#8 D:\xampp\htdocs\EspoCRM-9.2.7\application\Espo\Core\Api\Starter.php(126): Espo\Core\Api\RouteProcessor->process(Object(Espo\Core\Api\ProcessData), Object(Slim\Psr7\Request), Object(Slim\Psr7\Response))
#9 D:\xampp\htdocs\EspoCRM-9.2.7\vendor\slim\slim\Slim\Handlers\Strategies\RequestResponse.php(38): Espo\Core\Api\Starter->Espo\Core\Api\{closure}(Object(Slim\Psr7\Request), Object(Slim\Psr7\Response), Array)
#10 D:\xampp\htdocs\EspoCRM-9.2.7\vendor\slim\slim\Slim\Routing\Route.php(363): Slim\Handlers\Strategies\RequestResponse->__invoke(Object(Closure), Object(Slim\Psr7\Request), Object(Slim\Psr7\Response), Array)
#11 D:\xampp\htdocs\EspoCRM-9.2.7\vendor\slim\slim\Slim\MiddlewareDispatcher.php(73): Slim\Routing\Route->handle(Object(Slim\Psr7\Request))
#12 D:\xampp\htdocs\EspoCRM-9.2.7\vendor\slim\slim\Slim\MiddlewareDispatcher.php(73): Slim\MiddlewareDispatcher->handle(Object(Slim\Psr7\Request))
#13 D:\xampp\htdocs\EspoCRM-9.2.7\vendor\slim\slim\Slim\Routing\Route.php(321): Slim\MiddlewareDispatcher->handle(Object(Slim\Psr7\Request))
#14 D:\xampp\htdocs\EspoCRM-9.2.7\vendor\slim\slim\Slim\Routing\RouteRunner.php(74): Slim\Routing\Route->run(Object(Slim\Psr7\Request))
#15 D:\xampp\htdocs\EspoCRM-9.2.7\vendor\slim\slim\Slim\Middleware\RoutingMiddleware.php(45): Slim\Routing\RouteRunner->handle(Object(Slim\Psr7\Request))
#16 D:\xampp\htdocs\EspoCRM-9.2.7\vendor\slim\slim\Slim\MiddlewareDispatcher.php(129): Slim\Middleware\RoutingMiddleware->process(Object(Slim\Psr7\Request), Object(Slim\Routing\RouteRunner))
#17 D:\xampp\htdocs\EspoCRM-9.2.7\vendor\slim\slim\Slim\Middleware\ErrorMiddleware.php(77): Psr\Http\Server\RequestHandlerInterface@anonymous->handle(Object(Slim\Psr7\Request))
#18 D:\xampp\htdocs\EspoCRM-9.2.7\vendor\slim\slim\Slim\MiddlewareDispatcher.php(129): Slim\Middleware\ErrorMiddleware->process(Object(Slim\Psr7\Request), Object(Psr\Http\Server\RequestHandlerInterface@anonymous))
#19 D:\xampp\htdocs\EspoCRM-9.2.7\vendor\slim\slim\Slim\MiddlewareDispatcher.php(73): Psr\Http\Server\RequestHandlerInterface@anonymous->handle(Object(Slim\Psr7\Request))
#20 D:\xampp\htdocs\EspoCRM-9.2.7\vendor\slim\slim\Slim\App.php(209): Slim\MiddlewareDispatcher->handle(Object(Slim\Psr7\Request))
#21 D:\xampp\htdocs\EspoCRM-9.2.7\vendor\slim\slim\Slim\App.php(193): Slim\App->handle(Object(Slim\Psr7\Request))
#22 D:\xampp\htdocs\EspoCRM-9.2.7\application\Espo\Core\Api\Starter.php(84): Slim\App->run()
#23 D:\xampp\htdocs\EspoCRM-9.2.7\application\Espo\Core\ApplicationRunners\Api.php(45): Espo\Core\Api\Starter->start()
#24 D:\xampp\htdocs\EspoCRM-9.2.7\application\Espo\Core\Application\RunnerRunner.php(84): Espo\Core\ApplicationRunners\Api->run()
#25 D:\xampp\htdocs\EspoCRM-9.2.7\application\Espo\Core\Application.php(86): Espo\Core\Application\RunnerRunner->run('Espo\\Core\\Appli...', NULL)
#26 D:\xampp\htdocs\EspoCRM-9.2.7\public\api\v1\index.php(35): Espo\Core\Application->run('Espo\\Core\\Appli...')
#27 {main}
[2026-02-11 07:32:15] DEBUG: API (409) Field CAttendanceRecord::employee already exists.; POST /EntityManager/action/createLink; Input data: {"entity":"CEmployee","entityForeign":"CAttendanceRecord","link":"attendanceRecords","linkForeign":"employee","label":"Attendance Records","labelForeign":"Employee","linkType":"oneToMany","relationName":null,"linkMultipleField":false,"linkMultipleFieldForeign":false,"audited":false,"auditedForeign":false,"layout":null,"layoutForeign":null,"selectFilter":null,"selectFilterForeign":null}; Route pattern: /{controller}/action/{action}; Route params: Array
(
    [controller] => EntityManager
    [action] => createLink
)
[2026-02-11 07:32:15] ERROR: (409) Field CAttendanceRecord::employee already exists. :: POST /EntityManager/action/createLink :: D:\xampp\htdocs\EspoCRM-9.2.7\application\Espo\Tools\LinkManager\LinkManager.php(390)
[object] (Espo\Core\Exceptions\Conflict(code: 409): Field CAttendanceRecord::employee already exists. at D:\xampp\htdocs\EspoCRM-9.2.7\application\Espo\Tools\LinkManager\LinkManager.php:390)
[stacktrace]
#0 D:\xampp\htdocs\EspoCRM-9.2.7\application\Espo\Controllers\EntityManager.php(301): Espo\Tools\LinkManager\LinkManager->create(Array)
#1 D:\xampp\htdocs\EspoCRM-9.2.7\application\Espo\Core\Api\ControllerActionProcessor.php(87): Espo\Controllers\EntityManager->postActionCreateLink(Object(Espo\Core\Api\RequestWrapper), Object(Espo\Core\Api\ResponseWrapper))
#2 D:\xampp\htdocs\EspoCRM-9.2.7\application\Espo\Core\Api\ControllerActionHandler.php(65): Espo\Core\Api\ControllerActionProcessor->process('EntityManager', 'createLink', Object(Espo\Core\Api\RequestWrapper), Object(Espo\Core\Api\ResponseWrapper))
#3 D:\xampp\htdocs\EspoCRM-9.2.7\vendor\slim\slim\Slim\MiddlewareDispatcher.php(73): Espo\Core\Api\ControllerActionHandler->handle(Object(Slim\Psr7\Request))
#4 D:\xampp\htdocs\EspoCRM-9.2.7\application\Espo\Core\Api\RouteProcessor.php(221): Slim\MiddlewareDispatcher->handle(Object(Slim\Psr7\Request))
#5 D:\xampp\htdocs\EspoCRM-9.2.7\application\Espo\Core\Api\RouteProcessor.php(148): Espo\Core\Api\RouteProcessor->processControllerAction(Object(Espo\Core\Api\ProcessData), Object(Slim\Psr7\Request), Object(Espo\Core\Api\ResponseWrapper))
#6 D:\xampp\htdocs\EspoCRM-9.2.7\application\Espo\Core\Api\RouteProcessor.php(126): Espo\Core\Api\RouteProcessor->processAfterAuth(Object(Espo\Core\Api\ProcessData), Object(Slim\Psr7\Request), Object(Espo\Core\Api\ResponseWrapper))
#7 D:\xampp\htdocs\EspoCRM-9.2.7\application\Espo\Core\Api\RouteProcessor.php(78): Espo\Core\Api\RouteProcessor->processInternal(Object(Espo\Core\Api\ProcessData), Object(Slim\Psr7\Request), Object(Espo\Core\Api\RequestWrapper), Object(Espo\Core\Api\ResponseWrapper))
#8 D:\xampp\htdocs\EspoCRM-9.2.7\application\Espo\Core\Api\Starter.php(126): Espo\Core\Api\RouteProcessor->process(Object(Espo\Core\Api\ProcessData), Object(Slim\Psr7\Request), Object(Slim\Psr7\Response))
#9 D:\xampp\htdocs\EspoCRM-9.2.7\vendor\slim\slim\Slim\Handlers\Strategies\RequestResponse.php(38): Espo\Core\Api\Starter->Espo\Core\Api\{closure}(Object(Slim\Psr7\Request), Object(Slim\Psr7\Response), Array)
#10 D:\xampp\htdocs\EspoCRM-9.2.7\vendor\slim\slim\Slim\Routing\Route.php(363): Slim\Handlers\Strategies\RequestResponse->__invoke(Object(Closure), Object(Slim\Psr7\Request), Object(Slim\Psr7\Response), Array)
#11 D:\xampp\htdocs\EspoCRM-9.2.7\vendor\slim\slim\Slim\MiddlewareDispatcher.php(73): Slim\Routing\Route->handle(Object(Slim\Psr7\Request))
#12 D:\xampp\htdocs\EspoCRM-9.2.7\vendor\slim\slim\Slim\MiddlewareDispatcher.php(73): Slim\MiddlewareDispatcher->handle(Object(Slim\Psr7\Request))
#13 D:\xampp\htdocs\EspoCRM-9.2.7\vendor\slim\slim\Slim\Routing\Route.php(321): Slim\MiddlewareDispatcher->handle(Object(Slim\Psr7\Request))
#14 D:\xampp\htdocs\EspoCRM-9.2.7\vendor\slim\slim\Slim\Routing\RouteRunner.php(74): Slim\Routing\Route->run(Object(Slim\Psr7\Request))
#15 D:\xampp\htdocs\EspoCRM-9.2.7\vendor\slim\slim\Slim\Middleware\RoutingMiddleware.php(45): Slim\Routing\RouteRunner->handle(Object(Slim\Psr7\Request))
#16 D:\xampp\htdocs\EspoCRM-9.2.7\vendor\slim\slim\Slim\MiddlewareDispatcher.php(129): Slim\Middleware\RoutingMiddleware->process(Object(Slim\Psr7\Request), Object(Slim\Routing\RouteRunner))
#17 D:\xampp\htdocs\EspoCRM-9.2.7\vendor\slim\slim\Slim\Middleware\ErrorMiddleware.php(77): Psr\Http\Server\RequestHandlerInterface@anonymous->handle(Object(Slim\Psr7\Request))
#18 D:\xampp\htdocs\EspoCRM-9.2.7\vendor\slim\slim\Slim\MiddlewareDispatcher.php(129): Slim\Middleware\ErrorMiddleware->process(Object(Slim\Psr7\Request), Object(Psr\Http\Server\RequestHandlerInterface@anonymous))
#19 D:\xampp\htdocs\EspoCRM-9.2.7\vendor\slim\slim\Slim\MiddlewareDispatcher.php(73): Psr\Http\Server\RequestHandlerInterface@anonymous->handle(Object(Slim\Psr7\Request))
#20 D:\xampp\htdocs\EspoCRM-9.2.7\vendor\slim\slim\Slim\App.php(209): Slim\MiddlewareDispatcher->handle(Object(Slim\Psr7\Request))
#21 D:\xampp\htdocs\EspoCRM-9.2.7\vendor\slim\slim\Slim\App.php(193): Slim\App->handle(Object(Slim\Psr7\Request))
#22 D:\xampp\htdocs\EspoCRM-9.2.7\application\Espo\Core\Api\Starter.php(84): Slim\App->run()
#23 D:\xampp\htdocs\EspoCRM-9.2.7\application\Espo\Core\ApplicationRunners\Api.php(45): Espo\Core\Api\Starter->start()
#24 D:\xampp\htdocs\EspoCRM-9.2.7\application\Espo\Core\Application\RunnerRunner.php(84): Espo\Core\ApplicationRunners\Api->run()
#25 D:\xampp\htdocs\EspoCRM-9.2.7\application\Espo\Core\Application.php(86): Espo\Core\Application\RunnerRunner->run('Espo\\Core\\Appli...', NULL)
#26 D:\xampp\htdocs\EspoCRM-9.2.7\public\api\v1\index.php(35): Espo\Core\Application->run('Espo\\Core\\Appli...')
#27 {main}
[2026-02-11 07:33:09] DEBUG: Schema\Builder - Start
[2026-02-11 07:33:09] DEBUG: Schema\Builder: Entity ActionHistoryRecord
[2026-02-11 07:33:09] DEBUG: Schema\Builder: Entity AddressCountry
[2026-02-11 07:33:09] DEBUG: Schema\Builder: Entity AppLogRecord
[2026-02-11 07:33:09] DEBUG: Schema\Builder: Entity AppSecret
[2026-02-11 07:33:09] DEBUG: Schema\Builder: Entity ArrayValue
[2026-02-11 07:33:09] DEBUG: Schema\Builder: Entity Attachment
[2026-02-11 07:33:09] DEBUG: Schema\Builder: Entity AuthLogRecord
[2026-02-11 07:33:09] DEBUG: Schema\Builder: Entity AuthToken
[2026-02-11 07:33:09] DEBUG: Schema\Builder: Entity AuthenticationProvider
[2026-02-11 07:33:09] DEBUG: Schema\Builder: Entity Autofollow
[2026-02-11 07:33:09] DEBUG: Schema\Builder: Entity Currency
[2026-02-11 07:33:09] DEBUG: Schema\Builder: Entity DashboardTemplate
[2026-02-11 07:33:09] DEBUG: Schema\Builder: Entity Email
[2026-02-11 07:33:09] DEBUG: Schema\Builder: Entity EmailAccount
[2026-02-11 07:33:09] DEBUG: Schema\Builder: Entity EmailAddress
[2026-02-11 07:33:09] DEBUG: Schema\Builder: Entity EmailFilter
[2026-02-11 07:33:09] DEBUG: Schema\Builder: Entity EmailFolder
[2026-02-11 07:33:09] DEBUG: Schema\Builder: Entity EmailTemplate
[2026-02-11 07:33:09] DEBUG: Schema\Builder: Entity EmailTemplateCategory
[2026-02-11 07:33:09] DEBUG: Schema\Builder: Entity Export
[2026-02-11 07:33:09] DEBUG: Schema\Builder: Entity Extension
[2026-02-11 07:33:09] DEBUG: Schema\Builder: Entity ExternalAccount
[2026-02-11 07:33:09] DEBUG: Schema\Builder: Entity GroupEmailFolder
[2026-02-11 07:33:09] DEBUG: Schema\Builder: Entity Import
[2026-02-11 07:33:09] DEBUG: Schema\Builder: Entity ImportEntity
[2026-02-11 07:33:09] DEBUG: Schema\Builder: Entity ImportError
[2026-02-11 07:33:09] DEBUG: Schema\Builder: Entity InboundEmail
[2026-02-11 07:33:09] DEBUG: Schema\Builder: Entity Integration
[2026-02-11 07:33:09] DEBUG: Schema\Builder: Entity Job
[2026-02-11 07:33:09] DEBUG: Schema\Builder: Entity KanbanOrder
[2026-02-11 07:33:09] DEBUG: Schema\Builder: Entity LayoutRecord
[2026-02-11 07:33:09] DEBUG: Schema\Builder: Entity LayoutSet
[2026-02-11 07:33:09] DEBUG: Schema\Builder: Entity LeadCapture
[2026-02-11 07:33:09] DEBUG: Schema\Builder: Entity LeadCaptureLogRecord
[2026-02-11 07:33:09] DEBUG: Schema\Builder: Entity MassAction
[2026-02-11 07:33:09] DEBUG: Schema\Builder: Entity NextNumber
[2026-02-11 07:33:09] DEBUG: Schema\Builder: Entity Note
[2026-02-11 07:33:09] DEBUG: Schema\Builder: Entity Notification
[2026-02-11 07:33:09] DEBUG: Schema\Builder: Entity OAuthAccount
[2026-02-11 07:33:09] DEBUG: Schema\Builder: Entity OAuthProvider
[2026-02-11 07:33:09] DEBUG: Schema\Builder: Entity PasswordChangeRequest
[2026-02-11 07:33:09] DEBUG: Schema\Builder: Entity PhoneNumber
[2026-02-11 07:33:09] DEBUG: Schema\Builder: Entity Portal
[2026-02-11 07:33:09] DEBUG: Schema\Builder: Entity PortalRole
[2026-02-11 07:33:09] DEBUG: Schema\Builder: Entity Preferences
[2026-02-11 07:33:09] DEBUG: Schema\Builder: Entity Role
[2026-02-11 07:33:09] DEBUG: Schema\Builder: Entity ScheduledJob
[2026-02-11 07:33:09] DEBUG: Schema\Builder: Entity ScheduledJobLogRecord
[2026-02-11 07:33:09] DEBUG: Schema\Builder: Entity Sms
[2026-02-11 07:33:09] DEBUG: Schema\Builder: Entity StarSubscription
[2026-02-11 07:33:09] DEBUG: Schema\Builder: Entity StreamSubscription
[2026-02-11 07:33:09] DEBUG: Schema\Builder: Entity SystemData
[2026-02-11 07:33:09] DEBUG: Schema\Builder: Entity Team
[2026-02-11 07:33:09] DEBUG: Schema\Builder: Entity Template
[2026-02-11 07:33:09] DEBUG: Schema\Builder: Entity TwoFactorCode
[2026-02-11 07:33:09] DEBUG: Schema\Builder: Entity UniqueId
[2026-02-11 07:33:09] DEBUG: Schema\Builder: Entity User
[2026-02-11 07:33:09] DEBUG: Schema\Builder: Entity UserData
[2026-02-11 07:33:09] DEBUG: Schema\Builder: Entity UserReaction
[2026-02-11 07:33:09] DEBUG: Schema\Builder: Entity Webhook
[2026-02-11 07:33:09] DEBUG: Schema\Builder: Entity WebhookEventQueueItem
[2026-02-11 07:33:09] DEBUG: Schema\Builder: Entity WebhookQueueItem
[2026-02-11 07:33:09] DEBUG: Schema\Builder: Entity WorkingTimeCalendar
[2026-02-11 07:33:09] DEBUG: Schema\Builder: Entity WorkingTimeRange
[2026-02-11 07:33:09] DEBUG: Schema\Builder: Entity Account
[2026-02-11 07:33:09] DEBUG: Schema\Builder: Entity Call
[2026-02-11 07:33:09] DEBUG: Schema\Builder: Entity Campaign
[2026-02-11 07:33:09] DEBUG: Schema\Builder: Entity CampaignLogRecord
[2026-02-11 07:33:09] DEBUG: Schema\Builder: Entity CampaignTrackingUrl
[2026-02-11 07:33:09] DEBUG: Schema\Builder: Entity Case
[2026-02-11 07:33:09] DEBUG: Schema\Builder: Entity Contact
[2026-02-11 07:33:09] DEBUG: Schema\Builder: Entity Document
[2026-02-11 07:33:09] DEBUG: Schema\Builder: Entity DocumentFolder
[2026-02-11 07:33:09] DEBUG: Schema\Builder: Entity EmailQueueItem
[2026-02-11 07:33:09] DEBUG: Schema\Builder: Entity KnowledgeBaseArticle
[2026-02-11 07:33:09] DEBUG: Schema\Builder: Entity KnowledgeBaseCategory
[2026-02-11 07:33:09] DEBUG: Schema\Builder: Entity Lead
[2026-02-11 07:33:09] DEBUG: Schema\Builder: Entity MassEmail
[2026-02-11 07:33:09] DEBUG: Schema\Builder: Entity Meeting
[2026-02-11 07:33:10] DEBUG: Schema\Builder: Entity Opportunity
[2026-02-11 07:33:10] DEBUG: Schema\Builder: Entity Reminder
[2026-02-11 07:33:10] DEBUG: Schema\Builder: Entity Target
[2026-02-11 07:33:10] DEBUG: Schema\Builder: Entity TargetList
[2026-02-11 07:33:10] DEBUG: Schema\Builder: Entity TargetListCategory
[2026-02-11 07:33:10] DEBUG: Schema\Builder: Entity Task
[2026-02-11 07:33:10] DEBUG: Schema\Builder: Entity CADHAR
[2026-02-11 07:33:10] DEBUG: Schema\Builder: Entity CAttendanceRecord
[2026-02-11 07:33:10] DEBUG: Schema\Builder: Entity CBanks
[2026-02-11 07:33:10] DEBUG: Schema\Builder: Entity CCity
[2026-02-11 07:33:10] DEBUG: Schema\Builder: Entity CContactType
[2026-02-11 07:33:10] DEBUG: Schema\Builder: Entity CCountry
[2026-02-11 07:33:10] DEBUG: Schema\Builder: Entity CDepartment
[2026-02-11 07:33:10] DEBUG: Schema\Builder: Entity CDependantRelation
[2026-02-11 07:33:10] DEBUG: Schema\Builder: Entity CDocumentType
[2026-02-11 07:33:10] DEBUG: Schema\Builder: Entity CDrivingLicense
[2026-02-11 07:33:10] DEBUG: Schema\Builder: Entity CEmployee
[2026-02-11 07:33:10] DEBUG: Schema\Builder: Entity CEmployeeAddress
[2026-02-11 07:33:10] DEBUG: Schema\Builder: Entity CEmployeeBank
[2026-02-11 07:33:10] DEBUG: Schema\Builder: Entity CEmployeeContact
[2026-02-11 07:33:10] DEBUG: Schema\Builder: Entity CEmployeeDependent
[2026-02-11 07:33:10] DEBUG: Schema\Builder: Entity CEmployeeDocuments
[2026-02-11 07:33:10] DEBUG: Schema\Builder: Entity CEmployeePastExperience
[2026-02-11 07:33:10] DEBUG: Schema\Builder: Entity CPanCard
[2026-02-11 07:33:10] DEBUG: Schema\Builder: Entity CPassport
[2026-02-11 07:33:10] DEBUG: Schema\Builder: Entity CState
[2026-02-11 07:33:10] DEBUG: Schema\Builder: Entity CVoterIdCard
[2026-02-11 07:33:10] DEBUG: Schema\Builder: Entity CWorkRole
[2026-02-11 07:33:10] DEBUG: Schema\Builder: Entity EmailTemplateCategoryPath
[2026-02-11 07:33:10] DEBUG: Schema\Builder: Entity DocumentFolderPath
[2026-02-11 07:33:10] DEBUG: Schema\Builder: Entity KnowledgeBaseCategoryPath
[2026-02-11 07:33:10] DEBUG: Schema\Builder: Entity TargetListCategoryPath
[2026-02-11 07:33:10] DEBUG: Schema\Builder: ManyMany for Email.emailAccounts
[2026-02-11 07:33:10] DEBUG: Schema\Builder: ManyMany for Email.inboundEmails
[2026-02-11 07:33:10] DEBUG: Schema\Builder: ManyMany for Email.replyToEmailAddresses
[2026-02-11 07:33:10] DEBUG: Schema\Builder: ManyMany for Email.users
[2026-02-11 07:33:10] DEBUG: Schema\Builder: ManyMany for Email.assignedUsers
[2026-02-11 07:33:10] DEBUG: Schema\Builder: ManyMany for Email.teams
[2026-02-11 07:33:10] DEBUG: Schema\Builder: ManyMany for GroupEmailFolder.teams
[2026-02-11 07:33:10] DEBUG: Schema\Builder: ManyMany for InboundEmail.teams
[2026-02-11 07:33:10] DEBUG: Schema\Builder: ManyMany for Note.users
[2026-02-11 07:33:10] DEBUG: Schema\Builder: ManyMany for Note.portals
[2026-02-11 07:33:10] DEBUG: Schema\Builder: ManyMany for Note.teams
[2026-02-11 07:33:10] DEBUG: Schema\Builder: ManyMany for Portal.articles
[2026-02-11 07:33:10] DEBUG: Schema\Builder: ManyMany for Portal.portalRoles
[2026-02-11 07:33:10] DEBUG: Schema\Builder: ManyMany for Portal.users
[2026-02-11 07:33:10] DEBUG: Schema\Builder: ManyMany for PortalRole.users
[2026-02-11 07:33:10] DEBUG: Schema\Builder: ManyMany for Role.teams
[2026-02-11 07:33:10] DEBUG: Schema\Builder: ManyMany for Role.users
[2026-02-11 07:33:10] DEBUG: Schema\Builder: ManyMany for Sms.toPhoneNumbers
[2026-02-11 07:33:10] DEBUG: Schema\Builder: ManyMany for Team.users
[2026-02-11 07:33:10] DEBUG: Schema\Builder: ManyMany for User.emailAddresses
[2026-02-11 07:33:10] DEBUG: Schema\Builder: ManyMany for User.phoneNumbers
[2026-02-11 07:33:10] DEBUG: Schema\Builder: ManyMany for User.targetLists
[2026-02-11 07:33:10] DEBUG: Schema\Builder: ManyMany for User.accounts
[2026-02-11 07:33:10] DEBUG: Schema\Builder: ManyMany for User.calls
[2026-02-11 07:33:10] DEBUG: Schema\Builder: ManyMany for User.meetings
[2026-02-11 07:33:10] DEBUG: Schema\Builder: ManyMany for User.workingTimeRanges
[2026-02-11 07:33:10] DEBUG: Schema\Builder: ManyMany for WorkingTimeCalendar.ranges
[2026-02-11 07:33:10] DEBUG: Schema\Builder: ManyMany for Account.portalUsers
[2026-02-11 07:33:10] DEBUG: Schema\Builder: Table [account_portal_user] exists.
[2026-02-11 07:33:10] DEBUG: Schema\Builder: ManyMany for Account.targetLists
[2026-02-11 07:33:10] DEBUG: Schema\Builder: ManyMany for Account.documents
[2026-02-11 07:33:10] DEBUG: Schema\Builder: ManyMany for Account.contacts
[2026-02-11 07:33:10] DEBUG: Schema\Builder: ManyMany for Call.leads
[2026-02-11 07:33:10] DEBUG: Schema\Builder: ManyMany for Call.contacts
[2026-02-11 07:33:10] DEBUG: Schema\Builder: ManyMany for Campaign.excludingTargetLists
[2026-02-11 07:33:10] DEBUG: Schema\Builder: ManyMany for Campaign.targetLists
[2026-02-11 07:33:10] DEBUG: Schema\Builder: ManyMany for Case.articles
[2026-02-11 07:33:10] DEBUG: Schema\Builder: ManyMany for Case.contacts
[2026-02-11 07:33:10] DEBUG: Schema\Builder: ManyMany for Contact.documents
[2026-02-11 07:33:10] DEBUG: Schema\Builder: ManyMany for Contact.targetLists
[2026-02-11 07:33:10] DEBUG: Schema\Builder: ManyMany for Contact.meetings
[2026-02-11 07:33:10] DEBUG: Schema\Builder: ManyMany for Contact.opportunities
[2026-02-11 07:33:10] DEBUG: Schema\Builder: ManyMany for Document.leads
[2026-02-11 07:33:10] DEBUG: Schema\Builder: ManyMany for Document.opportunities
[2026-02-11 07:33:10] DEBUG: Schema\Builder: ManyMany for KnowledgeBaseArticle.categories
[2026-02-11 07:33:10] DEBUG: Schema\Builder: ManyMany for Lead.targetLists
[2026-02-11 07:33:10] DEBUG: Schema\Builder: ManyMany for Lead.meetings
[2026-02-11 07:33:10] DEBUG: Schema\Builder: ManyMany for MassEmail.excludingTargetLists
[2026-02-11 07:33:10] DEBUG: Schema\Builder: ManyMany for MassEmail.targetLists
[2026-02-11 07:33:10] DEBUG: Schema\Builder - End
[2026-02-11 07:33:10] INFO: Schema, query: ALTER TABLE c_attendance_record ADD employee_attendance_id VARCHAR(17) CHARACTER SET utf8mb4 DEFAULT NULL COLLATE `utf8mb4_unicode_ci`
[2026-02-11 07:33:10] INFO: Schema, query: CREATE INDEX IDX_EMPLOYEE_ATTENDANCE_ID ON c_attendance_record (employee_attendance_id)
[2026-02-11 08:50:08] DEBUG: Schema\Builder - Start
[2026-02-11 08:50:08] DEBUG: Schema\Builder: Entity ActionHistoryRecord
[2026-02-11 08:50:08] DEBUG: Schema\Builder: Entity AddressCountry
[2026-02-11 08:50:08] DEBUG: Schema\Builder: Entity AppLogRecord
[2026-02-11 08:50:08] DEBUG: Schema\Builder: Entity AppSecret
[2026-02-11 08:50:08] DEBUG: Schema\Builder: Entity ArrayValue
[2026-02-11 08:50:08] DEBUG: Schema\Builder: Entity Attachment
[2026-02-11 08:50:08] DEBUG: Schema\Builder: Entity AuthLogRecord
[2026-02-11 08:50:08] DEBUG: Schema\Builder: Entity AuthToken
[2026-02-11 08:50:08] DEBUG: Schema\Builder: Entity AuthenticationProvider
[2026-02-11 08:50:08] DEBUG: Schema\Builder: Entity Autofollow
[2026-02-11 08:50:08] DEBUG: Schema\Builder: Entity Currency
[2026-02-11 08:50:08] DEBUG: Schema\Builder: Entity DashboardTemplate
[2026-02-11 08:50:08] DEBUG: Schema\Builder: Entity Email
[2026-02-11 08:50:08] DEBUG: Schema\Builder: Entity EmailAccount
[2026-02-11 08:50:08] DEBUG: Schema\Builder: Entity EmailAddress
[2026-02-11 08:50:08] DEBUG: Schema\Builder: Entity EmailFilter
[2026-02-11 08:50:08] DEBUG: Schema\Builder: Entity EmailFolder
[2026-02-11 08:50:08] DEBUG: Schema\Builder: Entity EmailTemplate
[2026-02-11 08:50:08] DEBUG: Schema\Builder: Entity EmailTemplateCategory
[2026-02-11 08:50:08] DEBUG: Schema\Builder: Entity Export
[2026-02-11 08:50:08] DEBUG: Schema\Builder: Entity Extension
[2026-02-11 08:50:08] DEBUG: Schema\Builder: Entity ExternalAccount
[2026-02-11 08:50:08] DEBUG: Schema\Builder: Entity GroupEmailFolder
[2026-02-11 08:50:08] DEBUG: Schema\Builder: Entity Import
[2026-02-11 08:50:08] DEBUG: Schema\Builder: Entity ImportEntity
[2026-02-11 08:50:08] DEBUG: Schema\Builder: Entity ImportError
[2026-02-11 08:50:08] DEBUG: Schema\Builder: Entity InboundEmail
[2026-02-11 08:50:08] DEBUG: Schema\Builder: Entity Integration
[2026-02-11 08:50:08] DEBUG: Schema\Builder: Entity Job
[2026-02-11 08:50:08] DEBUG: Schema\Builder: Entity KanbanOrder
[2026-02-11 08:50:08] DEBUG: Schema\Builder: Entity LayoutRecord
[2026-02-11 08:50:08] DEBUG: Schema\Builder: Entity LayoutSet
[2026-02-11 08:50:08] DEBUG: Schema\Builder: Entity LeadCapture
[2026-02-11 08:50:08] DEBUG: Schema\Builder: Entity LeadCaptureLogRecord
[2026-02-11 08:50:08] DEBUG: Schema\Builder: Entity MassAction
[2026-02-11 08:50:08] DEBUG: Schema\Builder: Entity NextNumber
[2026-02-11 08:50:08] DEBUG: Schema\Builder: Entity Note
[2026-02-11 08:50:08] DEBUG: Schema\Builder: Entity Notification
[2026-02-11 08:50:08] DEBUG: Schema\Builder: Entity OAuthAccount
[2026-02-11 08:50:08] DEBUG: Schema\Builder: Entity OAuthProvider
[2026-02-11 08:50:08] DEBUG: Schema\Builder: Entity PasswordChangeRequest
[2026-02-11 08:50:08] DEBUG: Schema\Builder: Entity PhoneNumber
[2026-02-11 08:50:08] DEBUG: Schema\Builder: Entity Portal
[2026-02-11 08:50:08] DEBUG: Schema\Builder: Entity PortalRole
[2026-02-11 08:50:08] DEBUG: Schema\Builder: Entity Preferences
[2026-02-11 08:50:08] DEBUG: Schema\Builder: Entity Role
[2026-02-11 08:50:08] DEBUG: Schema\Builder: Entity ScheduledJob
[2026-02-11 08:50:08] DEBUG: Schema\Builder: Entity ScheduledJobLogRecord
[2026-02-11 08:50:08] DEBUG: Schema\Builder: Entity Sms
[2026-02-11 08:50:08] DEBUG: Schema\Builder: Entity StarSubscription
[2026-02-11 08:50:08] DEBUG: Schema\Builder: Entity StreamSubscription
[2026-02-11 08:50:08] DEBUG: Schema\Builder: Entity SystemData
[2026-02-11 08:50:08] DEBUG: Schema\Builder: Entity Team
[2026-02-11 08:50:08] DEBUG: Schema\Builder: Entity Template
[2026-02-11 08:50:08] DEBUG: Schema\Builder: Entity TwoFactorCode
[2026-02-11 08:50:08] DEBUG: Schema\Builder: Entity UniqueId
[2026-02-11 08:50:08] DEBUG: Schema\Builder: Entity User
[2026-02-11 08:50:08] DEBUG: Schema\Builder: Entity UserData
[2026-02-11 08:50:08] DEBUG: Schema\Builder: Entity UserReaction
[2026-02-11 08:50:08] DEBUG: Schema\Builder: Entity Webhook
[2026-02-11 08:50:08] DEBUG: Schema\Builder: Entity WebhookEventQueueItem
[2026-02-11 08:50:08] DEBUG: Schema\Builder: Entity WebhookQueueItem
[2026-02-11 08:50:08] DEBUG: Schema\Builder: Entity WorkingTimeCalendar
[2026-02-11 08:50:08] DEBUG: Schema\Builder: Entity WorkingTimeRange
[2026-02-11 08:50:08] DEBUG: Schema\Builder: Entity Account
[2026-02-11 08:50:08] DEBUG: Schema\Builder: Entity Call
[2026-02-11 08:50:08] DEBUG: Schema\Builder: Entity Campaign
[2026-02-11 08:50:08] DEBUG: Schema\Builder: Entity CampaignLogRecord
[2026-02-11 08:50:08] DEBUG: Schema\Builder: Entity CampaignTrackingUrl
[2026-02-11 08:50:08] DEBUG: Schema\Builder: Entity Case
[2026-02-11 08:50:08] DEBUG: Schema\Builder: Entity Contact
[2026-02-11 08:50:08] DEBUG: Schema\Builder: Entity Document
[2026-02-11 08:50:08] DEBUG: Schema\Builder: Entity DocumentFolder
[2026-02-11 08:50:08] DEBUG: Schema\Builder: Entity EmailQueueItem
[2026-02-11 08:50:08] DEBUG: Schema\Builder: Entity KnowledgeBaseArticle
[2026-02-11 08:50:08] DEBUG: Schema\Builder: Entity KnowledgeBaseCategory
[2026-02-11 08:50:08] DEBUG: Schema\Builder: Entity Lead
[2026-02-11 08:50:08] DEBUG: Schema\Builder: Entity MassEmail
[2026-02-11 08:50:08] DEBUG: Schema\Builder: Entity Meeting
[2026-02-11 08:50:08] DEBUG: Schema\Builder: Entity Opportunity
[2026-02-11 08:50:08] DEBUG: Schema\Builder: Entity Reminder
[2026-02-11 08:50:08] DEBUG: Schema\Builder: Entity Target
[2026-02-11 08:50:08] DEBUG: Schema\Builder: Entity TargetList
[2026-02-11 08:50:08] DEBUG: Schema\Builder: Entity TargetListCategory
[2026-02-11 08:50:08] DEBUG: Schema\Builder: Entity Task
[2026-02-11 08:50:08] DEBUG: Schema\Builder: Entity CADHAR
[2026-02-11 08:50:08] DEBUG: Schema\Builder: Entity CAttendanceRecord
[2026-02-11 08:50:08] DEBUG: Schema\Builder: Entity CBanks
[2026-02-11 08:50:08] DEBUG: Schema\Builder: Entity CCity
[2026-02-11 08:50:08] DEBUG: Schema\Builder: Entity CContactType
[2026-02-11 08:50:08] DEBUG: Schema\Builder: Entity CCountry
[2026-02-11 08:50:08] DEBUG: Schema\Builder: Entity CDepartment
[2026-02-11 08:50:08] DEBUG: Schema\Builder: Entity CDependantRelation
[2026-02-11 08:50:08] DEBUG: Schema\Builder: Entity CDocumentType
[2026-02-11 08:50:08] DEBUG: Schema\Builder: Entity CDrivingLicense
[2026-02-11 08:50:08] DEBUG: Schema\Builder: Entity CEmployee
[2026-02-11 08:50:08] DEBUG: Schema\Builder: Entity CEmployeeAddress
[2026-02-11 08:50:08] DEBUG: Schema\Builder: Entity CEmployeeBank
[2026-02-11 08:50:08] DEBUG: Schema\Builder: Entity CEmployeeContact
[2026-02-11 08:50:08] DEBUG: Schema\Builder: Entity CEmployeeDependent
[2026-02-11 08:50:08] DEBUG: Schema\Builder: Entity CEmployeeDocuments
[2026-02-11 08:50:08] DEBUG: Schema\Builder: Entity CEmployeePastExperience
[2026-02-11 08:50:08] DEBUG: Schema\Builder: Entity CPanCard
[2026-02-11 08:50:08] DEBUG: Schema\Builder: Entity CPassport
[2026-02-11 08:50:08] DEBUG: Schema\Builder: Entity CState
[2026-02-11 08:50:08] DEBUG: Schema\Builder: Entity CVoterIdCard
[2026-02-11 08:50:08] DEBUG: Schema\Builder: Entity CWorkRole
[2026-02-11 08:50:08] DEBUG: Schema\Builder: Entity EmailTemplateCategoryPath
[2026-02-11 08:50:08] DEBUG: Schema\Builder: Entity DocumentFolderPath
[2026-02-11 08:50:08] DEBUG: Schema\Builder: Entity KnowledgeBaseCategoryPath
[2026-02-11 08:50:08] DEBUG: Schema\Builder: Entity TargetListCategoryPath
[2026-02-11 08:50:08] DEBUG: Schema\Builder: ManyMany for Email.emailAccounts
[2026-02-11 08:50:08] DEBUG: Schema\Builder: ManyMany for Email.inboundEmails
[2026-02-11 08:50:08] DEBUG: Schema\Builder: ManyMany for Email.replyToEmailAddresses
[2026-02-11 08:50:08] DEBUG: Schema\Builder: ManyMany for Email.users
[2026-02-11 08:50:08] DEBUG: Schema\Builder: ManyMany for Email.assignedUsers
[2026-02-11 08:50:08] DEBUG: Schema\Builder: ManyMany for Email.teams
[2026-02-11 08:50:08] DEBUG: Schema\Builder: ManyMany for GroupEmailFolder.teams
[2026-02-11 08:50:08] DEBUG: Schema\Builder: ManyMany for InboundEmail.teams
[2026-02-11 08:50:08] DEBUG: Schema\Builder: ManyMany for Note.users
[2026-02-11 08:50:08] DEBUG: Schema\Builder: ManyMany for Note.portals
[2026-02-11 08:50:08] DEBUG: Schema\Builder: ManyMany for Note.teams
[2026-02-11 08:50:08] DEBUG: Schema\Builder: ManyMany for Portal.articles
[2026-02-11 08:50:08] DEBUG: Schema\Builder: ManyMany for Portal.portalRoles
[2026-02-11 08:50:08] DEBUG: Schema\Builder: ManyMany for Portal.users
[2026-02-11 08:50:08] DEBUG: Schema\Builder: ManyMany for PortalRole.users
[2026-02-11 08:50:08] DEBUG: Schema\Builder: ManyMany for Role.teams
[2026-02-11 08:50:08] DEBUG: Schema\Builder: ManyMany for Role.users
[2026-02-11 08:50:08] DEBUG: Schema\Builder: ManyMany for Sms.toPhoneNumbers
[2026-02-11 08:50:08] DEBUG: Schema\Builder: ManyMany for Team.users
[2026-02-11 08:50:08] DEBUG: Schema\Builder: ManyMany for User.emailAddresses
[2026-02-11 08:50:08] DEBUG: Schema\Builder: ManyMany for User.phoneNumbers
[2026-02-11 08:50:08] DEBUG: Schema\Builder: ManyMany for User.targetLists
[2026-02-11 08:50:08] DEBUG: Schema\Builder: ManyMany for User.accounts
[2026-02-11 08:50:08] DEBUG: Schema\Builder: ManyMany for User.calls
[2026-02-11 08:50:08] DEBUG: Schema\Builder: ManyMany for User.meetings
[2026-02-11 08:50:08] DEBUG: Schema\Builder: ManyMany for User.workingTimeRanges
[2026-02-11 08:50:08] DEBUG: Schema\Builder: ManyMany for WorkingTimeCalendar.ranges
[2026-02-11 08:50:08] DEBUG: Schema\Builder: ManyMany for Account.portalUsers
[2026-02-11 08:50:08] DEBUG: Schema\Builder: Table [account_portal_user] exists.
[2026-02-11 08:50:08] DEBUG: Schema\Builder: ManyMany for Account.targetLists
[2026-02-11 08:50:08] DEBUG: Schema\Builder: ManyMany for Account.documents
[2026-02-11 08:50:08] DEBUG: Schema\Builder: ManyMany for Account.contacts
[2026-02-11 08:50:08] DEBUG: Schema\Builder: ManyMany for Call.leads
[2026-02-11 08:50:08] DEBUG: Schema\Builder: ManyMany for Call.contacts
[2026-02-11 08:50:08] DEBUG: Schema\Builder: ManyMany for Campaign.excludingTargetLists
[2026-02-11 08:50:08] DEBUG: Schema\Builder: ManyMany for Campaign.targetLists
[2026-02-11 08:50:08] DEBUG: Schema\Builder: ManyMany for Case.articles
[2026-02-11 08:50:08] DEBUG: Schema\Builder: ManyMany for Case.contacts
[2026-02-11 08:50:08] DEBUG: Schema\Builder: ManyMany for Contact.documents
[2026-02-11 08:50:08] DEBUG: Schema\Builder: ManyMany for Contact.targetLists
[2026-02-11 08:50:08] DEBUG: Schema\Builder: ManyMany for Contact.meetings
[2026-02-11 08:50:08] DEBUG: Schema\Builder: ManyMany for Contact.opportunities
[2026-02-11 08:50:08] DEBUG: Schema\Builder: ManyMany for Document.leads
[2026-02-11 08:50:08] DEBUG: Schema\Builder: ManyMany for Document.opportunities
[2026-02-11 08:50:08] DEBUG: Schema\Builder: ManyMany for KnowledgeBaseArticle.categories
[2026-02-11 08:50:08] DEBUG: Schema\Builder: ManyMany for Lead.targetLists
[2026-02-11 08:50:08] DEBUG: Schema\Builder: ManyMany for Lead.meetings
[2026-02-11 08:50:08] DEBUG: Schema\Builder: ManyMany for MassEmail.excludingTargetLists
[2026-02-11 08:50:08] DEBUG: Schema\Builder: ManyMany for MassEmail.targetLists
[2026-02-11 08:50:08] DEBUG: Schema\Builder - End
[2026-02-11 08:51:07] WARNING: E_WARNING: rename(data\tmp\tmp8262.tmp,data/cache/application/acl/698329bda210cd771.php): Access is denied (code: 5)
[2026-02-11 09:22:23] DEBUG: Schema\Builder - Start
[2026-02-11 09:22:23] DEBUG: Schema\Builder: Entity ActionHistoryRecord
[2026-02-11 09:22:23] DEBUG: Schema\Builder: Entity AddressCountry
[2026-02-11 09:22:23] DEBUG: Schema\Builder: Entity AppLogRecord
[2026-02-11 09:22:23] DEBUG: Schema\Builder: Entity AppSecret
[2026-02-11 09:22:23] DEBUG: Schema\Builder: Entity ArrayValue
[2026-02-11 09:22:23] DEBUG: Schema\Builder: Entity Attachment
[2026-02-11 09:22:23] DEBUG: Schema\Builder: Entity AuthLogRecord
[2026-02-11 09:22:23] DEBUG: Schema\Builder: Entity AuthToken
[2026-02-11 09:22:23] DEBUG: Schema\Builder: Entity AuthenticationProvider
[2026-02-11 09:22:23] DEBUG: Schema\Builder: Entity Autofollow
[2026-02-11 09:22:23] DEBUG: Schema\Builder: Entity Currency
[2026-02-11 09:22:23] DEBUG: Schema\Builder: Entity DashboardTemplate
[2026-02-11 09:22:23] DEBUG: Schema\Builder: Entity Email
[2026-02-11 09:22:23] DEBUG: Schema\Builder: Entity EmailAccount
[2026-02-11 09:22:23] DEBUG: Schema\Builder: Entity EmailAddress
[2026-02-11 09:22:23] DEBUG: Schema\Builder: Entity EmailFilter
[2026-02-11 09:22:23] DEBUG: Schema\Builder: Entity EmailFolder
[2026-02-11 09:22:23] DEBUG: Schema\Builder: Entity EmailTemplate
[2026-02-11 09:22:23] DEBUG: Schema\Builder: Entity EmailTemplateCategory
[2026-02-11 09:22:23] DEBUG: Schema\Builder: Entity Export
[2026-02-11 09:22:23] DEBUG: Schema\Builder: Entity Extension
[2026-02-11 09:22:23] DEBUG: Schema\Builder: Entity ExternalAccount
[2026-02-11 09:22:23] DEBUG: Schema\Builder: Entity GroupEmailFolder
[2026-02-11 09:22:23] DEBUG: Schema\Builder: Entity Import
[2026-02-11 09:22:23] DEBUG: Schema\Builder: Entity ImportEntity
[2026-02-11 09:22:23] DEBUG: Schema\Builder: Entity ImportError
[2026-02-11 09:22:23] DEBUG: Schema\Builder: Entity InboundEmail
[2026-02-11 09:22:23] DEBUG: Schema\Builder: Entity Integration
[2026-02-11 09:22:23] DEBUG: Schema\Builder: Entity Job
[2026-02-11 09:22:23] DEBUG: Schema\Builder: Entity KanbanOrder
[2026-02-11 09:22:23] DEBUG: Schema\Builder: Entity LayoutRecord
[2026-02-11 09:22:23] DEBUG: Schema\Builder: Entity LayoutSet
[2026-02-11 09:22:23] DEBUG: Schema\Builder: Entity LeadCapture
[2026-02-11 09:22:23] DEBUG: Schema\Builder: Entity LeadCaptureLogRecord
[2026-02-11 09:22:23] DEBUG: Schema\Builder: Entity MassAction
[2026-02-11 09:22:23] DEBUG: Schema\Builder: Entity NextNumber
[2026-02-11 09:22:23] DEBUG: Schema\Builder: Entity Note
[2026-02-11 09:22:23] DEBUG: Schema\Builder: Entity Notification
[2026-02-11 09:22:23] DEBUG: Schema\Builder: Entity OAuthAccount
[2026-02-11 09:22:23] DEBUG: Schema\Builder: Entity OAuthProvider
[2026-02-11 09:22:23] DEBUG: Schema\Builder: Entity PasswordChangeRequest
[2026-02-11 09:22:23] DEBUG: Schema\Builder: Entity PhoneNumber
[2026-02-11 09:22:23] DEBUG: Schema\Builder: Entity Portal
[2026-02-11 09:22:23] DEBUG: Schema\Builder: Entity PortalRole
[2026-02-11 09:22:23] DEBUG: Schema\Builder: Entity Preferences
[2026-02-11 09:22:23] DEBUG: Schema\Builder: Entity Role
[2026-02-11 09:22:23] DEBUG: Schema\Builder: Entity ScheduledJob
[2026-02-11 09:22:23] DEBUG: Schema\Builder: Entity ScheduledJobLogRecord
[2026-02-11 09:22:23] DEBUG: Schema\Builder: Entity Sms
[2026-02-11 09:22:23] DEBUG: Schema\Builder: Entity StarSubscription
[2026-02-11 09:22:23] DEBUG: Schema\Builder: Entity StreamSubscription
[2026-02-11 09:22:23] DEBUG: Schema\Builder: Entity SystemData
[2026-02-11 09:22:23] DEBUG: Schema\Builder: Entity Team
[2026-02-11 09:22:23] DEBUG: Schema\Builder: Entity Template
[2026-02-11 09:22:23] DEBUG: Schema\Builder: Entity TwoFactorCode
[2026-02-11 09:22:23] DEBUG: Schema\Builder: Entity UniqueId
[2026-02-11 09:22:23] DEBUG: Schema\Builder: Entity User
[2026-02-11 09:22:23] DEBUG: Schema\Builder: Entity UserData
[2026-02-11 09:22:23] DEBUG: Schema\Builder: Entity UserReaction
[2026-02-11 09:22:23] DEBUG: Schema\Builder: Entity Webhook
[2026-02-11 09:22:23] DEBUG: Schema\Builder: Entity WebhookEventQueueItem
[2026-02-11 09:22:23] DEBUG: Schema\Builder: Entity WebhookQueueItem
[2026-02-11 09:22:23] DEBUG: Schema\Builder: Entity WorkingTimeCalendar
[2026-02-11 09:22:23] DEBUG: Schema\Builder: Entity WorkingTimeRange
[2026-02-11 09:22:23] DEBUG: Schema\Builder: Entity Account
[2026-02-11 09:22:23] DEBUG: Schema\Builder: Entity Call
[2026-02-11 09:22:23] DEBUG: Schema\Builder: Entity Campaign
[2026-02-11 09:22:23] DEBUG: Schema\Builder: Entity CampaignLogRecord
[2026-02-11 09:22:23] DEBUG: Schema\Builder: Entity CampaignTrackingUrl
[2026-02-11 09:22:23] DEBUG: Schema\Builder: Entity Case
[2026-02-11 09:22:23] DEBUG: Schema\Builder: Entity Contact
[2026-02-11 09:22:23] DEBUG: Schema\Builder: Entity Document
[2026-02-11 09:22:23] DEBUG: Schema\Builder: Entity DocumentFolder
[2026-02-11 09:22:23] DEBUG: Schema\Builder: Entity EmailQueueItem
[2026-02-11 09:22:23] DEBUG: Schema\Builder: Entity KnowledgeBaseArticle
[2026-02-11 09:22:23] DEBUG: Schema\Builder: Entity KnowledgeBaseCategory
[2026-02-11 09:22:23] DEBUG: Schema\Builder: Entity Lead
[2026-02-11 09:22:23] DEBUG: Schema\Builder: Entity MassEmail
[2026-02-11 09:22:23] DEBUG: Schema\Builder: Entity Meeting
[2026-02-11 09:22:23] DEBUG: Schema\Builder: Entity Opportunity
[2026-02-11 09:22:23] DEBUG: Schema\Builder: Entity Reminder
[2026-02-11 09:22:23] DEBUG: Schema\Builder: Entity Target
[2026-02-11 09:22:23] DEBUG: Schema\Builder: Entity TargetList
[2026-02-11 09:22:23] DEBUG: Schema\Builder: Entity TargetListCategory
[2026-02-11 09:22:23] DEBUG: Schema\Builder: Entity Task
[2026-02-11 09:22:23] DEBUG: Schema\Builder: Entity CADHAR
[2026-02-11 09:22:23] DEBUG: Schema\Builder: Entity CAttendanceRecord
[2026-02-11 09:22:23] DEBUG: Schema\Builder: Entity CBanks
[2026-02-11 09:22:23] DEBUG: Schema\Builder: Entity CCity
[2026-02-11 09:22:23] DEBUG: Schema\Builder: Entity CContactType
[2026-02-11 09:22:23] DEBUG: Schema\Builder: Entity CCountry
[2026-02-11 09:22:23] DEBUG: Schema\Builder: Entity CDepartment
[2026-02-11 09:22:23] DEBUG: Schema\Builder: Entity CDependantRelation
[2026-02-11 09:22:23] DEBUG: Schema\Builder: Entity CDocumentType
[2026-02-11 09:22:23] DEBUG: Schema\Builder: Entity CDrivingLicense
[2026-02-11 09:22:23] DEBUG: Schema\Builder: Entity CEmployee
[2026-02-11 09:22:23] DEBUG: Schema\Builder: Entity CEmployeeAddress
[2026-02-11 09:22:23] DEBUG: Schema\Builder: Entity CEmployeeBank
[2026-02-11 09:22:23] DEBUG: Schema\Builder: Entity CEmployeeContact
[2026-02-11 09:22:23] DEBUG: Schema\Builder: Entity CEmployeeDependent
[2026-02-11 09:22:23] DEBUG: Schema\Builder: Entity CEmployeeDocuments
[2026-02-11 09:22:23] DEBUG: Schema\Builder: Entity CEmployeePastExperience
[2026-02-11 09:22:23] DEBUG: Schema\Builder: Entity CPanCard
[2026-02-11 09:22:23] DEBUG: Schema\Builder: Entity CPassport
[2026-02-11 09:22:23] DEBUG: Schema\Builder: Entity CState
[2026-02-11 09:22:23] DEBUG: Schema\Builder: Entity CVoterIdCard
[2026-02-11 09:22:23] DEBUG: Schema\Builder: Entity CWorkRole
[2026-02-11 09:22:23] DEBUG: Schema\Builder: Entity EmailTemplateCategoryPath
[2026-02-11 09:22:23] DEBUG: Schema\Builder: Entity DocumentFolderPath
[2026-02-11 09:22:23] DEBUG: Schema\Builder: Entity KnowledgeBaseCategoryPath
[2026-02-11 09:22:23] DEBUG: Schema\Builder: Entity TargetListCategoryPath
[2026-02-11 09:22:23] DEBUG: Schema\Builder: ManyMany for Email.emailAccounts
[2026-02-11 09:22:23] DEBUG: Schema\Builder: ManyMany for Email.inboundEmails
[2026-02-11 09:22:23] DEBUG: Schema\Builder: ManyMany for Email.replyToEmailAddresses
[2026-02-11 09:22:23] DEBUG: Schema\Builder: ManyMany for Email.users
[2026-02-11 09:22:23] DEBUG: Schema\Builder: ManyMany for Email.assignedUsers
[2026-02-11 09:22:23] DEBUG: Schema\Builder: ManyMany for Email.teams
[2026-02-11 09:22:23] DEBUG: Schema\Builder: ManyMany for GroupEmailFolder.teams
[2026-02-11 09:22:23] DEBUG: Schema\Builder: ManyMany for InboundEmail.teams
[2026-02-11 09:22:23] DEBUG: Schema\Builder: ManyMany for Note.users
[2026-02-11 09:22:23] DEBUG: Schema\Builder: ManyMany for Note.portals
[2026-02-11 09:22:23] DEBUG: Schema\Builder: ManyMany for Note.teams
[2026-02-11 09:22:23] DEBUG: Schema\Builder: ManyMany for Portal.articles
[2026-02-11 09:22:23] DEBUG: Schema\Builder: ManyMany for Portal.portalRoles
[2026-02-11 09:22:23] DEBUG: Schema\Builder: ManyMany for Portal.users
[2026-02-11 09:22:23] DEBUG: Schema\Builder: ManyMany for PortalRole.users
[2026-02-11 09:22:23] DEBUG: Schema\Builder: ManyMany for Role.teams
[2026-02-11 09:22:23] DEBUG: Schema\Builder: ManyMany for Role.users
[2026-02-11 09:22:23] DEBUG: Schema\Builder: ManyMany for Sms.toPhoneNumbers
[2026-02-11 09:22:23] DEBUG: Schema\Builder: ManyMany for Team.users
[2026-02-11 09:22:23] DEBUG: Schema\Builder: ManyMany for User.emailAddresses
[2026-02-11 09:22:23] DEBUG: Schema\Builder: ManyMany for User.phoneNumbers
[2026-02-11 09:22:23] DEBUG: Schema\Builder: ManyMany for User.targetLists
[2026-02-11 09:22:23] DEBUG: Schema\Builder: ManyMany for User.accounts
[2026-02-11 09:22:23] DEBUG: Schema\Builder: ManyMany for User.calls
[2026-02-11 09:22:23] DEBUG: Schema\Builder: ManyMany for User.meetings
[2026-02-11 09:22:23] DEBUG: Schema\Builder: ManyMany for User.workingTimeRanges
[2026-02-11 09:22:23] DEBUG: Schema\Builder: ManyMany for WorkingTimeCalendar.ranges
[2026-02-11 09:22:23] DEBUG: Schema\Builder: ManyMany for Account.portalUsers
[2026-02-11 09:22:23] DEBUG: Schema\Builder: Table [account_portal_user] exists.
[2026-02-11 09:22:23] DEBUG: Schema\Builder: ManyMany for Account.targetLists
[2026-02-11 09:22:23] DEBUG: Schema\Builder: ManyMany for Account.documents
[2026-02-11 09:22:23] DEBUG: Schema\Builder: ManyMany for Account.contacts
[2026-02-11 09:22:23] DEBUG: Schema\Builder: ManyMany for Call.leads
[2026-02-11 09:22:23] DEBUG: Schema\Builder: ManyMany for Call.contacts
[2026-02-11 09:22:23] DEBUG: Schema\Builder: ManyMany for Campaign.excludingTargetLists
[2026-02-11 09:22:23] DEBUG: Schema\Builder: ManyMany for Campaign.targetLists
[2026-02-11 09:22:23] DEBUG: Schema\Builder: ManyMany for Case.articles
[2026-02-11 09:22:23] DEBUG: Schema\Builder: ManyMany for Case.contacts
[2026-02-11 09:22:23] DEBUG: Schema\Builder: ManyMany for Contact.documents
[2026-02-11 09:22:23] DEBUG: Schema\Builder: ManyMany for Contact.targetLists
[2026-02-11 09:22:23] DEBUG: Schema\Builder: ManyMany for Contact.meetings
[2026-02-11 09:22:23] DEBUG: Schema\Builder: ManyMany for Contact.opportunities
[2026-02-11 09:22:23] DEBUG: Schema\Builder: ManyMany for Document.leads
[2026-02-11 09:22:23] DEBUG: Schema\Builder: ManyMany for Document.opportunities
[2026-02-11 09:22:23] DEBUG: Schema\Builder: ManyMany for KnowledgeBaseArticle.categories
[2026-02-11 09:22:23] DEBUG: Schema\Builder: ManyMany for Lead.targetLists
[2026-02-11 09:22:23] DEBUG: Schema\Builder: ManyMany for Lead.meetings
[2026-02-11 09:22:23] DEBUG: Schema\Builder: ManyMany for MassEmail.excludingTargetLists
[2026-02-11 09:22:23] DEBUG: Schema\Builder: ManyMany for MassEmail.targetLists
[2026-02-11 09:22:23] DEBUG: Schema\Builder - End
[2026-02-11 09:50:03] WARNING: E_WARNING: rename(data\tmp\tmp7935.tmp,data/cache/application/classmapRepositories.php): Access is denied (code: 5)
[2026-02-11 09:50:07] WARNING: E_WARNING: rename(data\tmp\tmp8667.tmp,data/cache/application/classmapEntities.php): Access is denied (code: 5)
[2026-02-11 09:50:14] DEBUG: Schema\Builder - Start
[2026-02-11 09:50:14] DEBUG: Schema\Builder: Entity ActionHistoryRecord
[2026-02-11 09:50:14] DEBUG: Schema\Builder: Entity AddressCountry
[2026-02-11 09:50:14] DEBUG: Schema\Builder: Entity AppLogRecord
[2026-02-11 09:50:14] DEBUG: Schema\Builder: Entity AppSecret
[2026-02-11 09:50:14] DEBUG: Schema\Builder: Entity ArrayValue
[2026-02-11 09:50:14] DEBUG: Schema\Builder: Entity Attachment
[2026-02-11 09:50:14] DEBUG: Schema\Builder: Entity AuthLogRecord
[2026-02-11 09:50:14] DEBUG: Schema\Builder: Entity AuthToken
[2026-02-11 09:50:14] DEBUG: Schema\Builder: Entity AuthenticationProvider
[2026-02-11 09:50:14] DEBUG: Schema\Builder: Entity Autofollow
[2026-02-11 09:50:14] DEBUG: Schema\Builder: Entity Currency
[2026-02-11 09:50:14] DEBUG: Schema\Builder: Entity DashboardTemplate
[2026-02-11 09:50:14] DEBUG: Schema\Builder: Entity Email
[2026-02-11 09:50:14] DEBUG: Schema\Builder: Entity EmailAccount
[2026-02-11 09:50:14] DEBUG: Schema\Builder: Entity EmailAddress
[2026-02-11 09:50:14] DEBUG: Schema\Builder: Entity EmailFilter
[2026-02-11 09:50:14] DEBUG: Schema\Builder: Entity EmailFolder
[2026-02-11 09:50:14] DEBUG: Schema\Builder: Entity EmailTemplate
[2026-02-11 09:50:14] DEBUG: Schema\Builder: Entity EmailTemplateCategory
[2026-02-11 09:50:14] DEBUG: Schema\Builder: Entity Export
[2026-02-11 09:50:14] DEBUG: Schema\Builder: Entity Extension
[2026-02-11 09:50:14] DEBUG: Schema\Builder: Entity ExternalAccount
[2026-02-11 09:50:14] DEBUG: Schema\Builder: Entity GroupEmailFolder
[2026-02-11 09:50:14] DEBUG: Schema\Builder: Entity Import
[2026-02-11 09:50:14] DEBUG: Schema\Builder: Entity ImportEntity
[2026-02-11 09:50:14] DEBUG: Schema\Builder: Entity ImportError
[2026-02-11 09:50:14] DEBUG: Schema\Builder: Entity InboundEmail
[2026-02-11 09:50:14] DEBUG: Schema\Builder: Entity Integration
[2026-02-11 09:50:14] DEBUG: Schema\Builder: Entity Job
[2026-02-11 09:50:14] DEBUG: Schema\Builder: Entity KanbanOrder
[2026-02-11 09:50:14] DEBUG: Schema\Builder: Entity LayoutRecord
[2026-02-11 09:50:14] DEBUG: Schema\Builder: Entity LayoutSet
[2026-02-11 09:50:14] DEBUG: Schema\Builder: Entity LeadCapture
[2026-02-11 09:50:14] DEBUG: Schema\Builder: Entity LeadCaptureLogRecord
[2026-02-11 09:50:14] DEBUG: Schema\Builder: Entity MassAction
[2026-02-11 09:50:14] DEBUG: Schema\Builder: Entity NextNumber
[2026-02-11 09:50:14] DEBUG: Schema\Builder: Entity Note
[2026-02-11 09:50:14] DEBUG: Schema\Builder: Entity Notification
[2026-02-11 09:50:14] DEBUG: Schema\Builder: Entity OAuthAccount
[2026-02-11 09:50:14] DEBUG: Schema\Builder: Entity OAuthProvider
[2026-02-11 09:50:14] DEBUG: Schema\Builder: Entity PasswordChangeRequest
[2026-02-11 09:50:14] DEBUG: Schema\Builder: Entity PhoneNumber
[2026-02-11 09:50:14] DEBUG: Schema\Builder: Entity Portal
[2026-02-11 09:50:14] DEBUG: Schema\Builder: Entity PortalRole
[2026-02-11 09:50:14] DEBUG: Schema\Builder: Entity Preferences
[2026-02-11 09:50:14] DEBUG: Schema\Builder: Entity Role
[2026-02-11 09:50:14] DEBUG: Schema\Builder: Entity ScheduledJob
[2026-02-11 09:50:14] DEBUG: Schema\Builder: Entity ScheduledJobLogRecord
[2026-02-11 09:50:14] DEBUG: Schema\Builder: Entity Sms
[2026-02-11 09:50:14] DEBUG: Schema\Builder: Entity StarSubscription
[2026-02-11 09:50:14] DEBUG: Schema\Builder: Entity StreamSubscription
[2026-02-11 09:50:14] DEBUG: Schema\Builder: Entity SystemData
[2026-02-11 09:50:14] DEBUG: Schema\Builder: Entity Team
[2026-02-11 09:50:14] DEBUG: Schema\Builder: Entity Template
[2026-02-11 09:50:14] DEBUG: Schema\Builder: Entity TwoFactorCode
[2026-02-11 09:50:14] DEBUG: Schema\Builder: Entity UniqueId
[2026-02-11 09:50:14] DEBUG: Schema\Builder: Entity User
[2026-02-11 09:50:14] DEBUG: Schema\Builder: Entity UserData
[2026-02-11 09:50:14] DEBUG: Schema\Builder: Entity UserReaction
[2026-02-11 09:50:14] DEBUG: Schema\Builder: Entity Webhook
[2026-02-11 09:50:14] DEBUG: Schema\Builder: Entity WebhookEventQueueItem
[2026-02-11 09:50:14] DEBUG: Schema\Builder: Entity WebhookQueueItem
[2026-02-11 09:50:14] DEBUG: Schema\Builder: Entity WorkingTimeCalendar
[2026-02-11 09:50:14] DEBUG: Schema\Builder: Entity WorkingTimeRange
[2026-02-11 09:50:14] DEBUG: Schema\Builder: Entity Account
[2026-02-11 09:50:14] DEBUG: Schema\Builder: Entity Call
[2026-02-11 09:50:14] DEBUG: Schema\Builder: Entity Campaign
[2026-02-11 09:50:14] DEBUG: Schema\Builder: Entity CampaignLogRecord
[2026-02-11 09:50:14] DEBUG: Schema\Builder: Entity CampaignTrackingUrl
[2026-02-11 09:50:14] DEBUG: Schema\Builder: Entity Case
[2026-02-11 09:50:14] DEBUG: Schema\Builder: Entity Contact
[2026-02-11 09:50:14] DEBUG: Schema\Builder: Entity Document
[2026-02-11 09:50:14] DEBUG: Schema\Builder: Entity DocumentFolder
[2026-02-11 09:50:14] DEBUG: Schema\Builder: Entity EmailQueueItem
[2026-02-11 09:50:14] DEBUG: Schema\Builder: Entity KnowledgeBaseArticle
[2026-02-11 09:50:14] DEBUG: Schema\Builder: Entity KnowledgeBaseCategory
[2026-02-11 09:50:14] DEBUG: Schema\Builder: Entity Lead
[2026-02-11 09:50:14] DEBUG: Schema\Builder: Entity MassEmail
[2026-02-11 09:50:14] DEBUG: Schema\Builder: Entity Meeting
[2026-02-11 09:50:14] DEBUG: Schema\Builder: Entity Opportunity
[2026-02-11 09:50:14] DEBUG: Schema\Builder: Entity Reminder
[2026-02-11 09:50:14] DEBUG: Schema\Builder: Entity Target
[2026-02-11 09:50:14] DEBUG: Schema\Builder: Entity TargetList
[2026-02-11 09:50:14] DEBUG: Schema\Builder: Entity TargetListCategory
[2026-02-11 09:50:14] DEBUG: Schema\Builder: Entity Task
[2026-02-11 09:50:14] DEBUG: Schema\Builder: Entity CADHAR
[2026-02-11 09:50:14] DEBUG: Schema\Builder: Entity CAttendanceRecord
[2026-02-11 09:50:14] DEBUG: Schema\Builder: Entity CBanks
[2026-02-11 09:50:14] DEBUG: Schema\Builder: Entity CCity
[2026-02-11 09:50:14] DEBUG: Schema\Builder: Entity CContactType
[2026-02-11 09:50:14] DEBUG: Schema\Builder: Entity CCountry
[2026-02-11 09:50:14] DEBUG: Schema\Builder: Entity CDepartment
[2026-02-11 09:50:14] DEBUG: Schema\Builder: Entity CDependantRelation
[2026-02-11 09:50:14] DEBUG: Schema\Builder: Entity CDocumentType
[2026-02-11 09:50:14] DEBUG: Schema\Builder: Entity CDrivingLicense
[2026-02-11 09:50:14] DEBUG: Schema\Builder: Entity CEmployee
[2026-02-11 09:50:14] DEBUG: Schema\Builder: Entity CEmployeeAddress
[2026-02-11 09:50:14] DEBUG: Schema\Builder: Entity CEmployeeBank
[2026-02-11 09:50:14] DEBUG: Schema\Builder: Entity CEmployeeContact
[2026-02-11 09:50:14] DEBUG: Schema\Builder: Entity CEmployeeDependent
[2026-02-11 09:50:14] DEBUG: Schema\Builder: Entity CEmployeeDocuments
[2026-02-11 09:50:14] DEBUG: Schema\Builder: Entity CEmployeePastExperience
[2026-02-11 09:50:14] DEBUG: Schema\Builder: Entity CPanCard
[2026-02-11 09:50:14] DEBUG: Schema\Builder: Entity CPassport
[2026-02-11 09:50:14] DEBUG: Schema\Builder: Entity CState
[2026-02-11 09:50:14] DEBUG: Schema\Builder: Entity CVoterIdCard
[2026-02-11 09:50:14] DEBUG: Schema\Builder: Entity CWorkRole
[2026-02-11 09:50:14] DEBUG: Schema\Builder: Entity EmailTemplateCategoryPath
[2026-02-11 09:50:14] DEBUG: Schema\Builder: Entity DocumentFolderPath
[2026-02-11 09:50:14] DEBUG: Schema\Builder: Entity KnowledgeBaseCategoryPath
[2026-02-11 09:50:14] DEBUG: Schema\Builder: Entity TargetListCategoryPath
[2026-02-11 09:50:14] DEBUG: Schema\Builder: ManyMany for Email.emailAccounts
[2026-02-11 09:50:14] DEBUG: Schema\Builder: ManyMany for Email.inboundEmails
[2026-02-11 09:50:14] DEBUG: Schema\Builder: ManyMany for Email.replyToEmailAddresses
[2026-02-11 09:50:14] DEBUG: Schema\Builder: ManyMany for Email.users
[2026-02-11 09:50:14] DEBUG: Schema\Builder: ManyMany for Email.assignedUsers
[2026-02-11 09:50:14] DEBUG: Schema\Builder: ManyMany for Email.teams
[2026-02-11 09:50:14] DEBUG: Schema\Builder: ManyMany for GroupEmailFolder.teams
[2026-02-11 09:50:14] DEBUG: Schema\Builder: ManyMany for InboundEmail.teams
[2026-02-11 09:50:14] DEBUG: Schema\Builder: ManyMany for Note.users
[2026-02-11 09:50:14] DEBUG: Schema\Builder: ManyMany for Note.portals
[2026-02-11 09:50:14] DEBUG: Schema\Builder: ManyMany for Note.teams
[2026-02-11 09:50:14] DEBUG: Schema\Builder: ManyMany for Portal.articles
[2026-02-11 09:50:14] DEBUG: Schema\Builder: ManyMany for Portal.portalRoles
[2026-02-11 09:50:14] DEBUG: Schema\Builder: ManyMany for Portal.users
[2026-02-11 09:50:14] DEBUG: Schema\Builder: ManyMany for PortalRole.users
[2026-02-11 09:50:14] DEBUG: Schema\Builder: ManyMany for Role.teams
[2026-02-11 09:50:14] DEBUG: Schema\Builder: ManyMany for Role.users
[2026-02-11 09:50:14] DEBUG: Schema\Builder: ManyMany for Sms.toPhoneNumbers
[2026-02-11 09:50:14] DEBUG: Schema\Builder: ManyMany for Team.users
[2026-02-11 09:50:14] DEBUG: Schema\Builder: ManyMany for User.emailAddresses
[2026-02-11 09:50:14] DEBUG: Schema\Builder: ManyMany for User.phoneNumbers
[2026-02-11 09:50:14] DEBUG: Schema\Builder: ManyMany for User.targetLists
[2026-02-11 09:50:14] DEBUG: Schema\Builder: ManyMany for User.accounts
[2026-02-11 09:50:14] DEBUG: Schema\Builder: ManyMany for User.calls
[2026-02-11 09:50:14] DEBUG: Schema\Builder: ManyMany for User.meetings
[2026-02-11 09:50:14] DEBUG: Schema\Builder: ManyMany for User.workingTimeRanges
[2026-02-11 09:50:14] DEBUG: Schema\Builder: ManyMany for WorkingTimeCalendar.ranges
[2026-02-11 09:50:14] DEBUG: Schema\Builder: ManyMany for Account.portalUsers
[2026-02-11 09:50:14] DEBUG: Schema\Builder: Table [account_portal_user] exists.
[2026-02-11 09:50:14] DEBUG: Schema\Builder: ManyMany for Account.targetLists
[2026-02-11 09:50:14] DEBUG: Schema\Builder: ManyMany for Account.documents
[2026-02-11 09:50:14] DEBUG: Schema\Builder: ManyMany for Account.contacts
[2026-02-11 09:50:14] DEBUG: Schema\Builder: ManyMany for Call.leads
[2026-02-11 09:50:14] DEBUG: Schema\Builder: ManyMany for Call.contacts
[2026-02-11 09:50:14] DEBUG: Schema\Builder: ManyMany for Campaign.excludingTargetLists
[2026-02-11 09:50:14] DEBUG: Schema\Builder: ManyMany for Campaign.targetLists
[2026-02-11 09:50:14] DEBUG: Schema\Builder: ManyMany for Case.articles
[2026-02-11 09:50:14] DEBUG: Schema\Builder: ManyMany for Case.contacts
[2026-02-11 09:50:14] DEBUG: Schema\Builder: ManyMany for Contact.documents
[2026-02-11 09:50:14] DEBUG: Schema\Builder: ManyMany for Contact.targetLists
[2026-02-11 09:50:14] DEBUG: Schema\Builder: ManyMany for Contact.meetings
[2026-02-11 09:50:14] DEBUG: Schema\Builder: ManyMany for Contact.opportunities
[2026-02-11 09:50:14] DEBUG: Schema\Builder: ManyMany for Document.leads
[2026-02-11 09:50:14] DEBUG: Schema\Builder: ManyMany for Document.opportunities
[2026-02-11 09:50:14] DEBUG: Schema\Builder: ManyMany for KnowledgeBaseArticle.categories
[2026-02-11 09:50:14] DEBUG: Schema\Builder: ManyMany for Lead.targetLists
[2026-02-11 09:50:14] DEBUG: Schema\Builder: ManyMany for Lead.meetings
[2026-02-11 09:50:14] DEBUG: Schema\Builder: ManyMany for MassEmail.excludingTargetLists
[2026-02-11 09:50:14] DEBUG: Schema\Builder: ManyMany for MassEmail.targetLists
[2026-02-11 09:50:14] DEBUG: Schema\Builder - End
[2026-02-11 10:07:30] DEBUG: Schema\Builder - Start
[2026-02-11 10:07:30] DEBUG: Schema\Builder: Entity ActionHistoryRecord
[2026-02-11 10:07:30] DEBUG: Schema\Builder: Entity AddressCountry
[2026-02-11 10:07:30] DEBUG: Schema\Builder: Entity AppLogRecord
[2026-02-11 10:07:30] DEBUG: Schema\Builder: Entity AppSecret
[2026-02-11 10:07:30] DEBUG: Schema\Builder: Entity ArrayValue
[2026-02-11 10:07:30] DEBUG: Schema\Builder: Entity Attachment
[2026-02-11 10:07:30] DEBUG: Schema\Builder: Entity AuthLogRecord
[2026-02-11 10:07:30] DEBUG: Schema\Builder: Entity AuthToken
[2026-02-11 10:07:30] DEBUG: Schema\Builder: Entity AuthenticationProvider
[2026-02-11 10:07:30] DEBUG: Schema\Builder: Entity Autofollow
[2026-02-11 10:07:30] DEBUG: Schema\Builder: Entity Currency
[2026-02-11 10:07:30] DEBUG: Schema\Builder: Entity DashboardTemplate
[2026-02-11 10:07:30] DEBUG: Schema\Builder: Entity Email
[2026-02-11 10:07:30] DEBUG: Schema\Builder: Entity EmailAccount
[2026-02-11 10:07:30] DEBUG: Schema\Builder: Entity EmailAddress
[2026-02-11 10:07:30] DEBUG: Schema\Builder: Entity EmailFilter
[2026-02-11 10:07:30] DEBUG: Schema\Builder: Entity EmailFolder
[2026-02-11 10:07:30] DEBUG: Schema\Builder: Entity EmailTemplate
[2026-02-11 10:07:30] DEBUG: Schema\Builder: Entity EmailTemplateCategory
[2026-02-11 10:07:30] DEBUG: Schema\Builder: Entity Export
[2026-02-11 10:07:30] DEBUG: Schema\Builder: Entity Extension
[2026-02-11 10:07:30] DEBUG: Schema\Builder: Entity ExternalAccount
[2026-02-11 10:07:30] DEBUG: Schema\Builder: Entity GroupEmailFolder
[2026-02-11 10:07:30] DEBUG: Schema\Builder: Entity Import
[2026-02-11 10:07:30] DEBUG: Schema\Builder: Entity ImportEntity
[2026-02-11 10:07:30] DEBUG: Schema\Builder: Entity ImportError
[2026-02-11 10:07:30] DEBUG: Schema\Builder: Entity InboundEmail
[2026-02-11 10:07:30] DEBUG: Schema\Builder: Entity Integration
[2026-02-11 10:07:30] DEBUG: Schema\Builder: Entity Job
[2026-02-11 10:07:30] DEBUG: Schema\Builder: Entity KanbanOrder
[2026-02-11 10:07:30] DEBUG: Schema\Builder: Entity LayoutRecord
[2026-02-11 10:07:30] DEBUG: Schema\Builder: Entity LayoutSet
[2026-02-11 10:07:30] DEBUG: Schema\Builder: Entity LeadCapture
[2026-02-11 10:07:30] DEBUG: Schema\Builder: Entity LeadCaptureLogRecord
[2026-02-11 10:07:30] DEBUG: Schema\Builder: Entity MassAction
[2026-02-11 10:07:30] DEBUG: Schema\Builder: Entity NextNumber
[2026-02-11 10:07:30] DEBUG: Schema\Builder: Entity Note
[2026-02-11 10:07:30] DEBUG: Schema\Builder: Entity Notification
[2026-02-11 10:07:30] DEBUG: Schema\Builder: Entity OAuthAccount
[2026-02-11 10:07:30] DEBUG: Schema\Builder: Entity OAuthProvider
[2026-02-11 10:07:30] DEBUG: Schema\Builder: Entity PasswordChangeRequest
[2026-02-11 10:07:30] DEBUG: Schema\Builder: Entity PhoneNumber
[2026-02-11 10:07:30] DEBUG: Schema\Builder: Entity Portal
[2026-02-11 10:07:30] DEBUG: Schema\Builder: Entity PortalRole
[2026-02-11 10:07:30] DEBUG: Schema\Builder: Entity Preferences
[2026-02-11 10:07:30] DEBUG: Schema\Builder: Entity Role
[2026-02-11 10:07:30] DEBUG: Schema\Builder: Entity ScheduledJob
[2026-02-11 10:07:30] DEBUG: Schema\Builder: Entity ScheduledJobLogRecord
[2026-02-11 10:07:30] DEBUG: Schema\Builder: Entity Sms
[2026-02-11 10:07:30] DEBUG: Schema\Builder: Entity StarSubscription
[2026-02-11 10:07:30] DEBUG: Schema\Builder: Entity StreamSubscription
[2026-02-11 10:07:30] DEBUG: Schema\Builder: Entity SystemData
[2026-02-11 10:07:30] DEBUG: Schema\Builder: Entity Team
[2026-02-11 10:07:30] DEBUG: Schema\Builder: Entity Template
[2026-02-11 10:07:30] DEBUG: Schema\Builder: Entity TwoFactorCode
[2026-02-11 10:07:30] DEBUG: Schema\Builder: Entity UniqueId
[2026-02-11 10:07:30] DEBUG: Schema\Builder: Entity User
[2026-02-11 10:07:30] DEBUG: Schema\Builder: Entity UserData
[2026-02-11 10:07:30] DEBUG: Schema\Builder: Entity UserReaction
[2026-02-11 10:07:30] DEBUG: Schema\Builder: Entity Webhook
[2026-02-11 10:07:30] DEBUG: Schema\Builder: Entity WebhookEventQueueItem
[2026-02-11 10:07:30] DEBUG: Schema\Builder: Entity WebhookQueueItem
[2026-02-11 10:07:30] DEBUG: Schema\Builder: Entity WorkingTimeCalendar
[2026-02-11 10:07:30] DEBUG: Schema\Builder: Entity WorkingTimeRange
[2026-02-11 10:07:30] DEBUG: Schema\Builder: Entity Account
[2026-02-11 10:07:30] DEBUG: Schema\Builder: Entity Call
[2026-02-11 10:07:30] DEBUG: Schema\Builder: Entity Campaign
[2026-02-11 10:07:30] DEBUG: Schema\Builder: Entity CampaignLogRecord
[2026-02-11 10:07:30] DEBUG: Schema\Builder: Entity CampaignTrackingUrl
[2026-02-11 10:07:30] DEBUG: Schema\Builder: Entity Case
[2026-02-11 10:07:30] DEBUG: Schema\Builder: Entity Contact
[2026-02-11 10:07:30] DEBUG: Schema\Builder: Entity Document
[2026-02-11 10:07:30] DEBUG: Schema\Builder: Entity DocumentFolder
[2026-02-11 10:07:30] DEBUG: Schema\Builder: Entity EmailQueueItem
[2026-02-11 10:07:30] DEBUG: Schema\Builder: Entity KnowledgeBaseArticle
[2026-02-11 10:07:30] DEBUG: Schema\Builder: Entity KnowledgeBaseCategory
[2026-02-11 10:07:30] DEBUG: Schema\Builder: Entity Lead
[2026-02-11 10:07:30] DEBUG: Schema\Builder: Entity MassEmail
[2026-02-11 10:07:30] DEBUG: Schema\Builder: Entity Meeting
[2026-02-11 10:07:30] DEBUG: Schema\Builder: Entity Opportunity
[2026-02-11 10:07:30] DEBUG: Schema\Builder: Entity Reminder
[2026-02-11 10:07:30] DEBUG: Schema\Builder: Entity Target
[2026-02-11 10:07:30] DEBUG: Schema\Builder: Entity TargetList
[2026-02-11 10:07:30] DEBUG: Schema\Builder: Entity TargetListCategory
[2026-02-11 10:07:30] DEBUG: Schema\Builder: Entity Task
[2026-02-11 10:07:30] DEBUG: Schema\Builder: Entity CADHAR
[2026-02-11 10:07:30] DEBUG: Schema\Builder: Entity CAttendanceRecord
[2026-02-11 10:07:30] DEBUG: Schema\Builder: Entity CBanks
[2026-02-11 10:07:30] DEBUG: Schema\Builder: Entity CCity
[2026-02-11 10:07:30] DEBUG: Schema\Builder: Entity CContactType
[2026-02-11 10:07:30] DEBUG: Schema\Builder: Entity CCountry
[2026-02-11 10:07:30] DEBUG: Schema\Builder: Entity CDepartment
[2026-02-11 10:07:30] DEBUG: Schema\Builder: Entity CDependantRelation
[2026-02-11 10:07:30] DEBUG: Schema\Builder: Entity CDocumentType
[2026-02-11 10:07:30] DEBUG: Schema\Builder: Entity CDrivingLicense
[2026-02-11 10:07:30] DEBUG: Schema\Builder: Entity CEmployee
[2026-02-11 10:07:30] DEBUG: Schema\Builder: Entity CEmployeeAddress
[2026-02-11 10:07:30] DEBUG: Schema\Builder: Entity CEmployeeBank
[2026-02-11 10:07:30] DEBUG: Schema\Builder: Entity CEmployeeContact
[2026-02-11 10:07:30] DEBUG: Schema\Builder: Entity CEmployeeDependent
[2026-02-11 10:07:30] DEBUG: Schema\Builder: Entity CEmployeeDocuments
[2026-02-11 10:07:30] DEBUG: Schema\Builder: Entity CEmployeePastExperience
[2026-02-11 10:07:30] DEBUG: Schema\Builder: Entity CPanCard
[2026-02-11 10:07:30] DEBUG: Schema\Builder: Entity CPassport
[2026-02-11 10:07:30] DEBUG: Schema\Builder: Entity CState
[2026-02-11 10:07:30] DEBUG: Schema\Builder: Entity CVoterIdCard
[2026-02-11 10:07:30] DEBUG: Schema\Builder: Entity CWorkRole
[2026-02-11 10:07:30] DEBUG: Schema\Builder: Entity EmailTemplateCategoryPath
[2026-02-11 10:07:30] DEBUG: Schema\Builder: Entity DocumentFolderPath
[2026-02-11 10:07:30] DEBUG: Schema\Builder: Entity KnowledgeBaseCategoryPath
[2026-02-11 10:07:30] DEBUG: Schema\Builder: Entity TargetListCategoryPath
[2026-02-11 10:07:30] DEBUG: Schema\Builder: ManyMany for Email.emailAccounts
[2026-02-11 10:07:30] DEBUG: Schema\Builder: ManyMany for Email.inboundEmails
[2026-02-11 10:07:30] DEBUG: Schema\Builder: ManyMany for Email.replyToEmailAddresses
[2026-02-11 10:07:30] DEBUG: Schema\Builder: ManyMany for Email.users
[2026-02-11 10:07:30] DEBUG: Schema\Builder: ManyMany for Email.assignedUsers
[2026-02-11 10:07:30] DEBUG: Schema\Builder: ManyMany for Email.teams
[2026-02-11 10:07:30] DEBUG: Schema\Builder: ManyMany for GroupEmailFolder.teams
[2026-02-11 10:07:30] DEBUG: Schema\Builder: ManyMany for InboundEmail.teams
[2026-02-11 10:07:30] DEBUG: Schema\Builder: ManyMany for Note.users
[2026-02-11 10:07:30] DEBUG: Schema\Builder: ManyMany for Note.portals
[2026-02-11 10:07:30] DEBUG: Schema\Builder: ManyMany for Note.teams
[2026-02-11 10:07:30] DEBUG: Schema\Builder: ManyMany for Portal.articles
[2026-02-11 10:07:30] DEBUG: Schema\Builder: ManyMany for Portal.portalRoles
[2026-02-11 10:07:30] DEBUG: Schema\Builder: ManyMany for Portal.users
[2026-02-11 10:07:30] DEBUG: Schema\Builder: ManyMany for PortalRole.users
[2026-02-11 10:07:30] DEBUG: Schema\Builder: ManyMany for Role.teams
[2026-02-11 10:07:30] DEBUG: Schema\Builder: ManyMany for Role.users
[2026-02-11 10:07:30] DEBUG: Schema\Builder: ManyMany for Sms.toPhoneNumbers
[2026-02-11 10:07:30] DEBUG: Schema\Builder: ManyMany for Team.users
[2026-02-11 10:07:30] DEBUG: Schema\Builder: ManyMany for User.emailAddresses
[2026-02-11 10:07:30] DEBUG: Schema\Builder: ManyMany for User.phoneNumbers
[2026-02-11 10:07:30] DEBUG: Schema\Builder: ManyMany for User.targetLists
[2026-02-11 10:07:30] DEBUG: Schema\Builder: ManyMany for User.accounts
[2026-02-11 10:07:30] DEBUG: Schema\Builder: ManyMany for User.calls
[2026-02-11 10:07:30] DEBUG: Schema\Builder: ManyMany for User.meetings
[2026-02-11 10:07:30] DEBUG: Schema\Builder: ManyMany for User.workingTimeRanges
[2026-02-11 10:07:30] DEBUG: Schema\Builder: ManyMany for WorkingTimeCalendar.ranges
[2026-02-11 10:07:30] DEBUG: Schema\Builder: ManyMany for Account.portalUsers
[2026-02-11 10:07:30] DEBUG: Schema\Builder: Table [account_portal_user] exists.
[2026-02-11 10:07:30] DEBUG: Schema\Builder: ManyMany for Account.targetLists
[2026-02-11 10:07:30] DEBUG: Schema\Builder: ManyMany for Account.documents
[2026-02-11 10:07:30] DEBUG: Schema\Builder: ManyMany for Account.contacts
[2026-02-11 10:07:30] DEBUG: Schema\Builder: ManyMany for Call.leads
[2026-02-11 10:07:30] DEBUG: Schema\Builder: ManyMany for Call.contacts
[2026-02-11 10:07:30] DEBUG: Schema\Builder: ManyMany for Campaign.excludingTargetLists
[2026-02-11 10:07:30] DEBUG: Schema\Builder: ManyMany for Campaign.targetLists
[2026-02-11 10:07:30] DEBUG: Schema\Builder: ManyMany for Case.articles
[2026-02-11 10:07:30] DEBUG: Schema\Builder: ManyMany for Case.contacts
[2026-02-11 10:07:30] DEBUG: Schema\Builder: ManyMany for Contact.documents
[2026-02-11 10:07:30] DEBUG: Schema\Builder: ManyMany for Contact.targetLists
[2026-02-11 10:07:30] DEBUG: Schema\Builder: ManyMany for Contact.meetings
[2026-02-11 10:07:30] DEBUG: Schema\Builder: ManyMany for Contact.opportunities
[2026-02-11 10:07:30] DEBUG: Schema\Builder: ManyMany for Document.leads
[2026-02-11 10:07:30] DEBUG: Schema\Builder: ManyMany for Document.opportunities
[2026-02-11 10:07:30] DEBUG: Schema\Builder: ManyMany for KnowledgeBaseArticle.categories
[2026-02-11 10:07:30] DEBUG: Schema\Builder: ManyMany for Lead.targetLists
[2026-02-11 10:07:30] DEBUG: Schema\Builder: ManyMany for Lead.meetings
[2026-02-11 10:07:30] DEBUG: Schema\Builder: ManyMany for MassEmail.excludingTargetLists
[2026-02-11 10:07:30] DEBUG: Schema\Builder: ManyMany for MassEmail.targetLists
[2026-02-11 10:07:30] DEBUG: Schema\Builder - End
[2026-02-11 10:07:32] WARNING: E_WARNING: rename(data\tmp\tmp7B1A.tmp,data/cache/application/acl/698329bda210cd771.php): Access is denied (code: 5)
[2026-02-11 10:07:32] WARNING: E_WARNING: rename(data\tmp\tmp7B2B.tmp,data/cache/application/acl/698329bda210cd771.php): Access is denied (code: 5)
[2026-02-11 10:07:32] WARNING: E_WARNING: rename(data\tmp\tmp7B1A.tmp,data/cache/application/acl/698329bda210cd771.php): Access is denied (code: 5)
[2026-02-11 10:07:32] WARNING: E_WARNING: rename(data\tmp\tmp7B2B.tmp,data/cache/application/acl/698329bda210cd771.php): Access is denied (code: 5)
[2026-02-11 10:07:32] WARNING: E_WARNING: rename(data\tmp\tmp7B1A.tmp,data/cache/application/acl/698329bda210cd771.php): Access is denied (code: 5)
[2026-02-11 10:25:51] DEBUG: Schema\Builder - Start
[2026-02-11 10:25:51] DEBUG: Schema\Builder: Entity ActionHistoryRecord
[2026-02-11 10:25:51] DEBUG: Schema\Builder: Entity AddressCountry
[2026-02-11 10:25:51] DEBUG: Schema\Builder: Entity AppLogRecord
[2026-02-11 10:25:51] DEBUG: Schema\Builder: Entity AppSecret
[2026-02-11 10:25:51] DEBUG: Schema\Builder: Entity ArrayValue
[2026-02-11 10:25:51] DEBUG: Schema\Builder: Entity Attachment
[2026-02-11 10:25:51] DEBUG: Schema\Builder: Entity AuthLogRecord
[2026-02-11 10:25:51] DEBUG: Schema\Builder: Entity AuthToken
[2026-02-11 10:25:51] DEBUG: Schema\Builder: Entity AuthenticationProvider
[2026-02-11 10:25:51] DEBUG: Schema\Builder: Entity Autofollow
[2026-02-11 10:25:51] DEBUG: Schema\Builder: Entity Currency
[2026-02-11 10:25:51] DEBUG: Schema\Builder: Entity DashboardTemplate
[2026-02-11 10:25:51] DEBUG: Schema\Builder: Entity Email
[2026-02-11 10:25:51] DEBUG: Schema\Builder: Entity EmailAccount
[2026-02-11 10:25:51] DEBUG: Schema\Builder: Entity EmailAddress
[2026-02-11 10:25:51] DEBUG: Schema\Builder: Entity EmailFilter
[2026-02-11 10:25:51] DEBUG: Schema\Builder: Entity EmailFolder
[2026-02-11 10:25:51] DEBUG: Schema\Builder: Entity EmailTemplate
[2026-02-11 10:25:51] DEBUG: Schema\Builder: Entity EmailTemplateCategory
[2026-02-11 10:25:51] DEBUG: Schema\Builder: Entity Export
[2026-02-11 10:25:51] DEBUG: Schema\Builder: Entity Extension
[2026-02-11 10:25:51] DEBUG: Schema\Builder: Entity ExternalAccount
[2026-02-11 10:25:51] DEBUG: Schema\Builder: Entity GroupEmailFolder
[2026-02-11 10:25:51] DEBUG: Schema\Builder: Entity Import
[2026-02-11 10:25:51] DEBUG: Schema\Builder: Entity ImportEntity
[2026-02-11 10:25:51] DEBUG: Schema\Builder: Entity ImportError
[2026-02-11 10:25:51] DEBUG: Schema\Builder: Entity InboundEmail
[2026-02-11 10:25:51] DEBUG: Schema\Builder: Entity Integration
[2026-02-11 10:25:51] DEBUG: Schema\Builder: Entity Job
[2026-02-11 10:25:51] DEBUG: Schema\Builder: Entity KanbanOrder
[2026-02-11 10:25:51] DEBUG: Schema\Builder: Entity LayoutRecord
[2026-02-11 10:25:51] DEBUG: Schema\Builder: Entity LayoutSet
[2026-02-11 10:25:51] DEBUG: Schema\Builder: Entity LeadCapture
[2026-02-11 10:25:51] DEBUG: Schema\Builder: Entity LeadCaptureLogRecord
[2026-02-11 10:25:51] DEBUG: Schema\Builder: Entity MassAction
[2026-02-11 10:25:51] DEBUG: Schema\Builder: Entity NextNumber
[2026-02-11 10:25:51] DEBUG: Schema\Builder: Entity Note
[2026-02-11 10:25:51] DEBUG: Schema\Builder: Entity Notification
[2026-02-11 10:25:51] DEBUG: Schema\Builder: Entity OAuthAccount
[2026-02-11 10:25:51] DEBUG: Schema\Builder: Entity OAuthProvider
[2026-02-11 10:25:51] DEBUG: Schema\Builder: Entity PasswordChangeRequest
[2026-02-11 10:25:51] DEBUG: Schema\Builder: Entity PhoneNumber
[2026-02-11 10:25:51] DEBUG: Schema\Builder: Entity Portal
[2026-02-11 10:25:51] DEBUG: Schema\Builder: Entity PortalRole
[2026-02-11 10:25:51] DEBUG: Schema\Builder: Entity Preferences
[2026-02-11 10:25:51] DEBUG: Schema\Builder: Entity Role
[2026-02-11 10:25:51] DEBUG: Schema\Builder: Entity ScheduledJob
[2026-02-11 10:25:51] DEBUG: Schema\Builder: Entity ScheduledJobLogRecord
[2026-02-11 10:25:51] DEBUG: Schema\Builder: Entity Sms
[2026-02-11 10:25:51] DEBUG: Schema\Builder: Entity StarSubscription
[2026-02-11 10:25:51] DEBUG: Schema\Builder: Entity StreamSubscription
[2026-02-11 10:25:51] DEBUG: Schema\Builder: Entity SystemData
[2026-02-11 10:25:51] DEBUG: Schema\Builder: Entity Team
[2026-02-11 10:25:51] DEBUG: Schema\Builder: Entity Template
[2026-02-11 10:25:51] DEBUG: Schema\Builder: Entity TwoFactorCode
[2026-02-11 10:25:51] DEBUG: Schema\Builder: Entity UniqueId
[2026-02-11 10:25:51] DEBUG: Schema\Builder: Entity User
[2026-02-11 10:25:51] DEBUG: Schema\Builder: Entity UserData
[2026-02-11 10:25:51] DEBUG: Schema\Builder: Entity UserReaction
[2026-02-11 10:25:51] DEBUG: Schema\Builder: Entity Webhook
[2026-02-11 10:25:51] DEBUG: Schema\Builder: Entity WebhookEventQueueItem
[2026-02-11 10:25:51] DEBUG: Schema\Builder: Entity WebhookQueueItem
[2026-02-11 10:25:51] DEBUG: Schema\Builder: Entity WorkingTimeCalendar
[2026-02-11 10:25:51] DEBUG: Schema\Builder: Entity WorkingTimeRange
[2026-02-11 10:25:51] DEBUG: Schema\Builder: Entity Account
[2026-02-11 10:25:51] DEBUG: Schema\Builder: Entity Call
[2026-02-11 10:25:51] DEBUG: Schema\Builder: Entity Campaign
[2026-02-11 10:25:51] DEBUG: Schema\Builder: Entity CampaignLogRecord
[2026-02-11 10:25:51] DEBUG: Schema\Builder: Entity CampaignTrackingUrl
[2026-02-11 10:25:51] DEBUG: Schema\Builder: Entity Case
[2026-02-11 10:25:51] DEBUG: Schema\Builder: Entity Contact
[2026-02-11 10:25:51] DEBUG: Schema\Builder: Entity Document
[2026-02-11 10:25:51] DEBUG: Schema\Builder: Entity DocumentFolder
[2026-02-11 10:25:51] DEBUG: Schema\Builder: Entity EmailQueueItem
[2026-02-11 10:25:51] DEBUG: Schema\Builder: Entity KnowledgeBaseArticle
[2026-02-11 10:25:51] DEBUG: Schema\Builder: Entity KnowledgeBaseCategory
[2026-02-11 10:25:51] DEBUG: Schema\Builder: Entity Lead
[2026-02-11 10:25:51] DEBUG: Schema\Builder: Entity MassEmail
[2026-02-11 10:25:51] DEBUG: Schema\Builder: Entity Meeting
[2026-02-11 10:25:51] DEBUG: Schema\Builder: Entity Opportunity
[2026-02-11 10:25:51] DEBUG: Schema\Builder: Entity Reminder
[2026-02-11 10:25:51] DEBUG: Schema\Builder: Entity Target
[2026-02-11 10:25:51] DEBUG: Schema\Builder: Entity TargetList
[2026-02-11 10:25:51] DEBUG: Schema\Builder: Entity TargetListCategory
[2026-02-11 10:25:51] DEBUG: Schema\Builder: Entity Task
[2026-02-11 10:25:51] DEBUG: Schema\Builder: Entity CADHAR
[2026-02-11 10:25:51] DEBUG: Schema\Builder: Entity CAttendanceRecord
[2026-02-11 10:25:51] DEBUG: Schema\Builder: Entity CBanks
[2026-02-11 10:25:51] DEBUG: Schema\Builder: Entity CCity
[2026-02-11 10:25:51] DEBUG: Schema\Builder: Entity CContactType
[2026-02-11 10:25:51] DEBUG: Schema\Builder: Entity CCountry
[2026-02-11 10:25:51] DEBUG: Schema\Builder: Entity CDepartment
[2026-02-11 10:25:51] DEBUG: Schema\Builder: Entity CDependantRelation
[2026-02-11 10:25:51] DEBUG: Schema\Builder: Entity CDocumentType
[2026-02-11 10:25:51] DEBUG: Schema\Builder: Entity CDrivingLicense
[2026-02-11 10:25:51] DEBUG: Schema\Builder: Entity CEmployee
[2026-02-11 10:25:51] DEBUG: Schema\Builder: Entity CEmployeeAddress
[2026-02-11 10:25:51] DEBUG: Schema\Builder: Entity CEmployeeBank
[2026-02-11 10:25:51] DEBUG: Schema\Builder: Entity CEmployeeContact
[2026-02-11 10:25:51] DEBUG: Schema\Builder: Entity CEmployeeDependent
[2026-02-11 10:25:51] DEBUG: Schema\Builder: Entity CEmployeeDocuments
[2026-02-11 10:25:51] DEBUG: Schema\Builder: Entity CEmployeePastExperience
[2026-02-11 10:25:51] DEBUG: Schema\Builder: Entity CPanCard
[2026-02-11 10:25:51] DEBUG: Schema\Builder: Entity CPassport
[2026-02-11 10:25:51] DEBUG: Schema\Builder: Entity CState
[2026-02-11 10:25:51] DEBUG: Schema\Builder: Entity CVoterIdCard
[2026-02-11 10:25:51] DEBUG: Schema\Builder: Entity CWorkRole
[2026-02-11 10:25:51] DEBUG: Schema\Builder: Entity EmailTemplateCategoryPath
[2026-02-11 10:25:51] DEBUG: Schema\Builder: Entity DocumentFolderPath
[2026-02-11 10:25:51] DEBUG: Schema\Builder: Entity KnowledgeBaseCategoryPath
[2026-02-11 10:25:51] DEBUG: Schema\Builder: Entity TargetListCategoryPath
[2026-02-11 10:25:51] DEBUG: Schema\Builder: ManyMany for Email.emailAccounts
[2026-02-11 10:25:51] DEBUG: Schema\Builder: ManyMany for Email.inboundEmails
[2026-02-11 10:25:51] DEBUG: Schema\Builder: ManyMany for Email.replyToEmailAddresses
[2026-02-11 10:25:51] DEBUG: Schema\Builder: ManyMany for Email.users
[2026-02-11 10:25:51] DEBUG: Schema\Builder: ManyMany for Email.assignedUsers
[2026-02-11 10:25:51] DEBUG: Schema\Builder: ManyMany for Email.teams
[2026-02-11 10:25:51] DEBUG: Schema\Builder: ManyMany for GroupEmailFolder.teams
[2026-02-11 10:25:51] DEBUG: Schema\Builder: ManyMany for InboundEmail.teams
[2026-02-11 10:25:51] DEBUG: Schema\Builder: ManyMany for Note.users
[2026-02-11 10:25:51] DEBUG: Schema\Builder: ManyMany for Note.portals
[2026-02-11 10:25:51] DEBUG: Schema\Builder: ManyMany for Note.teams
[2026-02-11 10:25:51] DEBUG: Schema\Builder: ManyMany for Portal.articles
[2026-02-11 10:25:51] DEBUG: Schema\Builder: ManyMany for Portal.portalRoles
[2026-02-11 10:25:51] DEBUG: Schema\Builder: ManyMany for Portal.users
[2026-02-11 10:25:51] DEBUG: Schema\Builder: ManyMany for PortalRole.users
[2026-02-11 10:25:51] DEBUG: Schema\Builder: ManyMany for Role.teams
[2026-02-11 10:25:51] DEBUG: Schema\Builder: ManyMany for Role.users
[2026-02-11 10:25:51] DEBUG: Schema\Builder: ManyMany for Sms.toPhoneNumbers
[2026-02-11 10:25:51] DEBUG: Schema\Builder: ManyMany for Team.users
[2026-02-11 10:25:51] DEBUG: Schema\Builder: ManyMany for User.emailAddresses
[2026-02-11 10:25:51] DEBUG: Schema\Builder: ManyMany for User.phoneNumbers
[2026-02-11 10:25:51] DEBUG: Schema\Builder: ManyMany for User.targetLists
[2026-02-11 10:25:51] DEBUG: Schema\Builder: ManyMany for User.accounts
[2026-02-11 10:25:51] DEBUG: Schema\Builder: ManyMany for User.calls
[2026-02-11 10:25:51] DEBUG: Schema\Builder: ManyMany for User.meetings
[2026-02-11 10:25:51] DEBUG: Schema\Builder: ManyMany for User.workingTimeRanges
[2026-02-11 10:25:51] DEBUG: Schema\Builder: ManyMany for WorkingTimeCalendar.ranges
[2026-02-11 10:25:51] DEBUG: Schema\Builder: ManyMany for Account.portalUsers
[2026-02-11 10:25:51] DEBUG: Schema\Builder: Table [account_portal_user] exists.
[2026-02-11 10:25:51] DEBUG: Schema\Builder: ManyMany for Account.targetLists
[2026-02-11 10:25:51] DEBUG: Schema\Builder: ManyMany for Account.documents
[2026-02-11 10:25:51] DEBUG: Schema\Builder: ManyMany for Account.contacts
[2026-02-11 10:25:51] DEBUG: Schema\Builder: ManyMany for Call.leads
[2026-02-11 10:25:51] DEBUG: Schema\Builder: ManyMany for Call.contacts
[2026-02-11 10:25:51] DEBUG: Schema\Builder: ManyMany for Campaign.excludingTargetLists
[2026-02-11 10:25:51] DEBUG: Schema\Builder: ManyMany for Campaign.targetLists
[2026-02-11 10:25:51] DEBUG: Schema\Builder: ManyMany for Case.articles
[2026-02-11 10:25:51] DEBUG: Schema\Builder: ManyMany for Case.contacts
[2026-02-11 10:25:51] DEBUG: Schema\Builder: ManyMany for Contact.documents
[2026-02-11 10:25:51] DEBUG: Schema\Builder: ManyMany for Contact.targetLists
[2026-02-11 10:25:51] DEBUG: Schema\Builder: ManyMany for Contact.meetings
[2026-02-11 10:25:51] DEBUG: Schema\Builder: ManyMany for Contact.opportunities
[2026-02-11 10:25:51] DEBUG: Schema\Builder: ManyMany for Document.leads
[2026-02-11 10:25:51] DEBUG: Schema\Builder: ManyMany for Document.opportunities
[2026-02-11 10:25:51] DEBUG: Schema\Builder: ManyMany for KnowledgeBaseArticle.categories
[2026-02-11 10:25:51] DEBUG: Schema\Builder: ManyMany for Lead.targetLists
[2026-02-11 10:25:51] DEBUG: Schema\Builder: ManyMany for Lead.meetings
[2026-02-11 10:25:51] DEBUG: Schema\Builder: ManyMany for MassEmail.excludingTargetLists
[2026-02-11 10:25:51] DEBUG: Schema\Builder: ManyMany for MassEmail.targetLists
[2026-02-11 10:25:51] DEBUG: Schema\Builder - End
[2026-02-11 10:28:51] DEBUG: Schema\Builder - Start
[2026-02-11 10:28:51] DEBUG: Schema\Builder: Entity ActionHistoryRecord
[2026-02-11 10:28:51] DEBUG: Schema\Builder: Entity AddressCountry
[2026-02-11 10:28:51] DEBUG: Schema\Builder: Entity AppLogRecord
[2026-02-11 10:28:51] DEBUG: Schema\Builder: Entity AppSecret
[2026-02-11 10:28:51] DEBUG: Schema\Builder: Entity ArrayValue
[2026-02-11 10:28:51] DEBUG: Schema\Builder: Entity Attachment
[2026-02-11 10:28:51] DEBUG: Schema\Builder: Entity AuthLogRecord
[2026-02-11 10:28:51] DEBUG: Schema\Builder: Entity AuthToken
[2026-02-11 10:28:51] DEBUG: Schema\Builder: Entity AuthenticationProvider
[2026-02-11 10:28:51] DEBUG: Schema\Builder: Entity Autofollow
[2026-02-11 10:28:51] DEBUG: Schema\Builder: Entity Currency
[2026-02-11 10:28:51] DEBUG: Schema\Builder: Entity DashboardTemplate
[2026-02-11 10:28:51] DEBUG: Schema\Builder: Entity Email
[2026-02-11 10:28:51] DEBUG: Schema\Builder: Entity EmailAccount
[2026-02-11 10:28:51] DEBUG: Schema\Builder: Entity EmailAddress
[2026-02-11 10:28:51] DEBUG: Schema\Builder: Entity EmailFilter
[2026-02-11 10:28:51] DEBUG: Schema\Builder: Entity EmailFolder
[2026-02-11 10:28:51] DEBUG: Schema\Builder: Entity EmailTemplate
[2026-02-11 10:28:51] DEBUG: Schema\Builder: Entity EmailTemplateCategory
[2026-02-11 10:28:51] DEBUG: Schema\Builder: Entity Export
[2026-02-11 10:28:51] DEBUG: Schema\Builder: Entity Extension
[2026-02-11 10:28:51] DEBUG: Schema\Builder: Entity ExternalAccount
[2026-02-11 10:28:51] DEBUG: Schema\Builder: Entity GroupEmailFolder
[2026-02-11 10:28:51] DEBUG: Schema\Builder: Entity Import
[2026-02-11 10:28:51] DEBUG: Schema\Builder: Entity ImportEntity
[2026-02-11 10:28:51] DEBUG: Schema\Builder: Entity ImportError
[2026-02-11 10:28:51] DEBUG: Schema\Builder: Entity InboundEmail
[2026-02-11 10:28:51] DEBUG: Schema\Builder: Entity Integration
[2026-02-11 10:28:51] DEBUG: Schema\Builder: Entity Job
[2026-02-11 10:28:51] DEBUG: Schema\Builder: Entity KanbanOrder
[2026-02-11 10:28:51] DEBUG: Schema\Builder: Entity LayoutRecord
[2026-02-11 10:28:51] DEBUG: Schema\Builder: Entity LayoutSet
[2026-02-11 10:28:51] DEBUG: Schema\Builder: Entity LeadCapture
[2026-02-11 10:28:51] DEBUG: Schema\Builder: Entity LeadCaptureLogRecord
[2026-02-11 10:28:51] DEBUG: Schema\Builder: Entity MassAction
[2026-02-11 10:28:51] DEBUG: Schema\Builder: Entity NextNumber
[2026-02-11 10:28:51] DEBUG: Schema\Builder: Entity Note
[2026-02-11 10:28:51] DEBUG: Schema\Builder: Entity Notification
[2026-02-11 10:28:51] DEBUG: Schema\Builder: Entity OAuthAccount
[2026-02-11 10:28:51] DEBUG: Schema\Builder: Entity OAuthProvider
[2026-02-11 10:28:51] DEBUG: Schema\Builder: Entity PasswordChangeRequest
[2026-02-11 10:28:51] DEBUG: Schema\Builder: Entity PhoneNumber
[2026-02-11 10:28:51] DEBUG: Schema\Builder: Entity Portal
[2026-02-11 10:28:51] DEBUG: Schema\Builder: Entity PortalRole
[2026-02-11 10:28:51] DEBUG: Schema\Builder: Entity Preferences
[2026-02-11 10:28:51] DEBUG: Schema\Builder: Entity Role
[2026-02-11 10:28:51] DEBUG: Schema\Builder: Entity ScheduledJob
[2026-02-11 10:28:51] DEBUG: Schema\Builder: Entity ScheduledJobLogRecord
[2026-02-11 10:28:51] DEBUG: Schema\Builder: Entity Sms
[2026-02-11 10:28:51] DEBUG: Schema\Builder: Entity StarSubscription
[2026-02-11 10:28:51] DEBUG: Schema\Builder: Entity StreamSubscription
[2026-02-11 10:28:51] DEBUG: Schema\Builder: Entity SystemData
[2026-02-11 10:28:51] DEBUG: Schema\Builder: Entity Team
[2026-02-11 10:28:51] DEBUG: Schema\Builder: Entity Template
[2026-02-11 10:28:51] DEBUG: Schema\Builder: Entity TwoFactorCode
[2026-02-11 10:28:51] DEBUG: Schema\Builder: Entity UniqueId
[2026-02-11 10:28:51] DEBUG: Schema\Builder: Entity User
[2026-02-11 10:28:51] DEBUG: Schema\Builder: Entity UserData
[2026-02-11 10:28:51] DEBUG: Schema\Builder: Entity UserReaction
[2026-02-11 10:28:51] DEBUG: Schema\Builder: Entity Webhook
[2026-02-11 10:28:51] DEBUG: Schema\Builder: Entity WebhookEventQueueItem
[2026-02-11 10:28:51] DEBUG: Schema\Builder: Entity WebhookQueueItem
[2026-02-11 10:28:51] DEBUG: Schema\Builder: Entity WorkingTimeCalendar
[2026-02-11 10:28:51] DEBUG: Schema\Builder: Entity WorkingTimeRange
[2026-02-11 10:28:51] DEBUG: Schema\Builder: Entity Account
[2026-02-11 10:28:51] DEBUG: Schema\Builder: Entity Call
[2026-02-11 10:28:51] DEBUG: Schema\Builder: Entity Campaign
[2026-02-11 10:28:51] DEBUG: Schema\Builder: Entity CampaignLogRecord
[2026-02-11 10:28:51] DEBUG: Schema\Builder: Entity CampaignTrackingUrl
[2026-02-11 10:28:51] DEBUG: Schema\Builder: Entity Case
[2026-02-11 10:28:51] DEBUG: Schema\Builder: Entity Contact
[2026-02-11 10:28:51] DEBUG: Schema\Builder: Entity Document
[2026-02-11 10:28:51] DEBUG: Schema\Builder: Entity DocumentFolder
[2026-02-11 10:28:51] DEBUG: Schema\Builder: Entity EmailQueueItem
[2026-02-11 10:28:51] DEBUG: Schema\Builder: Entity KnowledgeBaseArticle
[2026-02-11 10:28:51] DEBUG: Schema\Builder: Entity KnowledgeBaseCategory
[2026-02-11 10:28:51] DEBUG: Schema\Builder: Entity Lead
[2026-02-11 10:28:51] DEBUG: Schema\Builder: Entity MassEmail
[2026-02-11 10:28:51] DEBUG: Schema\Builder: Entity Meeting
[2026-02-11 10:28:51] DEBUG: Schema\Builder: Entity Opportunity
[2026-02-11 10:28:51] DEBUG: Schema\Builder: Entity Reminder
[2026-02-11 10:28:51] DEBUG: Schema\Builder: Entity Target
[2026-02-11 10:28:51] DEBUG: Schema\Builder: Entity TargetList
[2026-02-11 10:28:51] DEBUG: Schema\Builder: Entity TargetListCategory
[2026-02-11 10:28:51] DEBUG: Schema\Builder: Entity Task
[2026-02-11 10:28:51] DEBUG: Schema\Builder: Entity CADHAR
[2026-02-11 10:28:51] DEBUG: Schema\Builder: Entity CAttendanceRecord
[2026-02-11 10:28:51] DEBUG: Schema\Builder: Entity CBanks
[2026-02-11 10:28:51] DEBUG: Schema\Builder: Entity CCity
[2026-02-11 10:28:51] DEBUG: Schema\Builder: Entity CContactType
[2026-02-11 10:28:51] DEBUG: Schema\Builder: Entity CCountry
[2026-02-11 10:28:51] DEBUG: Schema\Builder: Entity CDepartment
[2026-02-11 10:28:51] DEBUG: Schema\Builder: Entity CDependantRelation
[2026-02-11 10:28:51] DEBUG: Schema\Builder: Entity CDocumentType
[2026-02-11 10:28:51] DEBUG: Schema\Builder: Entity CDrivingLicense
[2026-02-11 10:28:51] DEBUG: Schema\Builder: Entity CEmployee
[2026-02-11 10:28:51] DEBUG: Schema\Builder: Entity CEmployeeAddress
[2026-02-11 10:28:51] DEBUG: Schema\Builder: Entity CEmployeeBank
[2026-02-11 10:28:51] DEBUG: Schema\Builder: Entity CEmployeeContact
[2026-02-11 10:28:51] DEBUG: Schema\Builder: Entity CEmployeeDependent
[2026-02-11 10:28:51] DEBUG: Schema\Builder: Entity CEmployeeDocuments
[2026-02-11 10:28:51] DEBUG: Schema\Builder: Entity CEmployeePastExperience
[2026-02-11 10:28:51] DEBUG: Schema\Builder: Entity CPanCard
[2026-02-11 10:28:51] DEBUG: Schema\Builder: Entity CPassport
[2026-02-11 10:28:51] DEBUG: Schema\Builder: Entity CState
[2026-02-11 10:28:51] DEBUG: Schema\Builder: Entity CVoterIdCard
[2026-02-11 10:28:51] DEBUG: Schema\Builder: Entity CWorkRole
[2026-02-11 10:28:51] DEBUG: Schema\Builder: Entity EmailTemplateCategoryPath
[2026-02-11 10:28:51] DEBUG: Schema\Builder: Entity DocumentFolderPath
[2026-02-11 10:28:51] DEBUG: Schema\Builder: Entity KnowledgeBaseCategoryPath
[2026-02-11 10:28:51] DEBUG: Schema\Builder: Entity TargetListCategoryPath
[2026-02-11 10:28:51] DEBUG: Schema\Builder: ManyMany for Email.emailAccounts
[2026-02-11 10:28:51] DEBUG: Schema\Builder: ManyMany for Email.inboundEmails
[2026-02-11 10:28:51] DEBUG: Schema\Builder: ManyMany for Email.replyToEmailAddresses
[2026-02-11 10:28:51] DEBUG: Schema\Builder: ManyMany for Email.users
[2026-02-11 10:28:51] DEBUG: Schema\Builder: ManyMany for Email.assignedUsers
[2026-02-11 10:28:51] DEBUG: Schema\Builder: ManyMany for Email.teams
[2026-02-11 10:28:51] DEBUG: Schema\Builder: ManyMany for GroupEmailFolder.teams
[2026-02-11 10:28:51] DEBUG: Schema\Builder: ManyMany for InboundEmail.teams
[2026-02-11 10:28:51] DEBUG: Schema\Builder: ManyMany for Note.users
[2026-02-11 10:28:51] DEBUG: Schema\Builder: ManyMany for Note.portals
[2026-02-11 10:28:51] DEBUG: Schema\Builder: ManyMany for Note.teams
[2026-02-11 10:28:51] DEBUG: Schema\Builder: ManyMany for Portal.articles
[2026-02-11 10:28:51] DEBUG: Schema\Builder: ManyMany for Portal.portalRoles
[2026-02-11 10:28:51] DEBUG: Schema\Builder: ManyMany for Portal.users
[2026-02-11 10:28:51] DEBUG: Schema\Builder: ManyMany for PortalRole.users
[2026-02-11 10:28:51] DEBUG: Schema\Builder: ManyMany for Role.teams
[2026-02-11 10:28:51] DEBUG: Schema\Builder: ManyMany for Role.users
[2026-02-11 10:28:51] DEBUG: Schema\Builder: ManyMany for Sms.toPhoneNumbers
[2026-02-11 10:28:51] DEBUG: Schema\Builder: ManyMany for Team.users
[2026-02-11 10:28:51] DEBUG: Schema\Builder: ManyMany for User.emailAddresses
[2026-02-11 10:28:51] DEBUG: Schema\Builder: ManyMany for User.phoneNumbers
[2026-02-11 10:28:51] DEBUG: Schema\Builder: ManyMany for User.targetLists
[2026-02-11 10:28:51] DEBUG: Schema\Builder: ManyMany for User.accounts
[2026-02-11 10:28:51] DEBUG: Schema\Builder: ManyMany for User.calls
[2026-02-11 10:28:51] DEBUG: Schema\Builder: ManyMany for User.meetings
[2026-02-11 10:28:51] DEBUG: Schema\Builder: ManyMany for User.workingTimeRanges
[2026-02-11 10:28:51] DEBUG: Schema\Builder: ManyMany for WorkingTimeCalendar.ranges
[2026-02-11 10:28:51] DEBUG: Schema\Builder: ManyMany for Account.portalUsers
[2026-02-11 10:28:51] DEBUG: Schema\Builder: Table [account_portal_user] exists.
[2026-02-11 10:28:51] DEBUG: Schema\Builder: ManyMany for Account.targetLists
[2026-02-11 10:28:51] DEBUG: Schema\Builder: ManyMany for Account.documents
[2026-02-11 10:28:51] DEBUG: Schema\Builder: ManyMany for Account.contacts
[2026-02-11 10:28:51] DEBUG: Schema\Builder: ManyMany for Call.leads
[2026-02-11 10:28:51] DEBUG: Schema\Builder: ManyMany for Call.contacts
[2026-02-11 10:28:51] DEBUG: Schema\Builder: ManyMany for Campaign.excludingTargetLists
[2026-02-11 10:28:51] DEBUG: Schema\Builder: ManyMany for Campaign.targetLists
[2026-02-11 10:28:51] DEBUG: Schema\Builder: ManyMany for Case.articles
[2026-02-11 10:28:51] DEBUG: Schema\Builder: ManyMany for Case.contacts
[2026-02-11 10:28:51] DEBUG: Schema\Builder: ManyMany for Contact.documents
[2026-02-11 10:28:51] DEBUG: Schema\Builder: ManyMany for Contact.targetLists
[2026-02-11 10:28:51] DEBUG: Schema\Builder: ManyMany for Contact.meetings
[2026-02-11 10:28:51] DEBUG: Schema\Builder: ManyMany for Contact.opportunities
[2026-02-11 10:28:51] DEBUG: Schema\Builder: ManyMany for Document.leads
[2026-02-11 10:28:51] DEBUG: Schema\Builder: ManyMany for Document.opportunities
[2026-02-11 10:28:51] DEBUG: Schema\Builder: ManyMany for KnowledgeBaseArticle.categories
[2026-02-11 10:28:51] DEBUG: Schema\Builder: ManyMany for Lead.targetLists
[2026-02-11 10:28:51] DEBUG: Schema\Builder: ManyMany for Lead.meetings
[2026-02-11 10:28:51] DEBUG: Schema\Builder: ManyMany for MassEmail.excludingTargetLists
[2026-02-11 10:28:51] DEBUG: Schema\Builder: ManyMany for MassEmail.targetLists
[2026-02-11 10:28:51] DEBUG: Schema\Builder - End
[2026-02-11 10:38:27] DEBUG: Schema\Builder - Start
[2026-02-11 10:38:27] DEBUG: Schema\Builder: Entity ActionHistoryRecord
[2026-02-11 10:38:27] DEBUG: Schema\Builder: Entity AddressCountry
[2026-02-11 10:38:27] DEBUG: Schema\Builder: Entity AppLogRecord
[2026-02-11 10:38:27] DEBUG: Schema\Builder: Entity AppSecret
[2026-02-11 10:38:27] DEBUG: Schema\Builder: Entity ArrayValue
[2026-02-11 10:38:27] DEBUG: Schema\Builder: Entity Attachment
[2026-02-11 10:38:27] DEBUG: Schema\Builder: Entity AuthLogRecord
[2026-02-11 10:38:27] DEBUG: Schema\Builder: Entity AuthToken
[2026-02-11 10:38:27] DEBUG: Schema\Builder: Entity AuthenticationProvider
[2026-02-11 10:38:27] DEBUG: Schema\Builder: Entity Autofollow
[2026-02-11 10:38:27] DEBUG: Schema\Builder: Entity Currency
[2026-02-11 10:38:27] DEBUG: Schema\Builder: Entity DashboardTemplate
[2026-02-11 10:38:27] DEBUG: Schema\Builder: Entity Email
[2026-02-11 10:38:27] DEBUG: Schema\Builder: Entity EmailAccount
[2026-02-11 10:38:27] DEBUG: Schema\Builder: Entity EmailAddress
[2026-02-11 10:38:27] DEBUG: Schema\Builder: Entity EmailFilter
[2026-02-11 10:38:27] DEBUG: Schema\Builder: Entity EmailFolder
[2026-02-11 10:38:27] DEBUG: Schema\Builder: Entity EmailTemplate
[2026-02-11 10:38:27] DEBUG: Schema\Builder: Entity EmailTemplateCategory
[2026-02-11 10:38:27] DEBUG: Schema\Builder: Entity Export
[2026-02-11 10:38:27] DEBUG: Schema\Builder: Entity Extension
[2026-02-11 10:38:27] DEBUG: Schema\Builder: Entity ExternalAccount
[2026-02-11 10:38:27] DEBUG: Schema\Builder: Entity GroupEmailFolder
[2026-02-11 10:38:27] DEBUG: Schema\Builder: Entity Import
[2026-02-11 10:38:27] DEBUG: Schema\Builder: Entity ImportEntity
[2026-02-11 10:38:27] DEBUG: Schema\Builder: Entity ImportError
[2026-02-11 10:38:27] DEBUG: Schema\Builder: Entity InboundEmail
[2026-02-11 10:38:27] DEBUG: Schema\Builder: Entity Integration
[2026-02-11 10:38:27] DEBUG: Schema\Builder: Entity Job
[2026-02-11 10:38:27] DEBUG: Schema\Builder: Entity KanbanOrder
[2026-02-11 10:38:27] DEBUG: Schema\Builder: Entity LayoutRecord
[2026-02-11 10:38:27] DEBUG: Schema\Builder: Entity LayoutSet
[2026-02-11 10:38:27] DEBUG: Schema\Builder: Entity LeadCapture
[2026-02-11 10:38:27] DEBUG: Schema\Builder: Entity LeadCaptureLogRecord
[2026-02-11 10:38:27] DEBUG: Schema\Builder: Entity MassAction
[2026-02-11 10:38:27] DEBUG: Schema\Builder: Entity NextNumber
[2026-02-11 10:38:27] DEBUG: Schema\Builder: Entity Note
[2026-02-11 10:38:27] DEBUG: Schema\Builder: Entity Notification
[2026-02-11 10:38:27] DEBUG: Schema\Builder: Entity OAuthAccount
[2026-02-11 10:38:27] DEBUG: Schema\Builder: Entity OAuthProvider
[2026-02-11 10:38:27] DEBUG: Schema\Builder: Entity PasswordChangeRequest
[2026-02-11 10:38:27] DEBUG: Schema\Builder: Entity PhoneNumber
[2026-02-11 10:38:27] DEBUG: Schema\Builder: Entity Portal
[2026-02-11 10:38:27] DEBUG: Schema\Builder: Entity PortalRole
[2026-02-11 10:38:27] DEBUG: Schema\Builder: Entity Preferences
[2026-02-11 10:38:27] DEBUG: Schema\Builder: Entity Role
[2026-02-11 10:38:27] DEBUG: Schema\Builder: Entity ScheduledJob
[2026-02-11 10:38:27] DEBUG: Schema\Builder: Entity ScheduledJobLogRecord
[2026-02-11 10:38:27] DEBUG: Schema\Builder: Entity Sms
[2026-02-11 10:38:27] DEBUG: Schema\Builder: Entity StarSubscription
[2026-02-11 10:38:27] DEBUG: Schema\Builder: Entity StreamSubscription
[2026-02-11 10:38:27] DEBUG: Schema\Builder: Entity SystemData
[2026-02-11 10:38:27] DEBUG: Schema\Builder: Entity Team
[2026-02-11 10:38:27] DEBUG: Schema\Builder: Entity Template
[2026-02-11 10:38:27] DEBUG: Schema\Builder: Entity TwoFactorCode
[2026-02-11 10:38:27] DEBUG: Schema\Builder: Entity UniqueId
[2026-02-11 10:38:27] DEBUG: Schema\Builder: Entity User
[2026-02-11 10:38:27] DEBUG: Schema\Builder: Entity UserData
[2026-02-11 10:38:27] DEBUG: Schema\Builder: Entity UserReaction
[2026-02-11 10:38:27] DEBUG: Schema\Builder: Entity Webhook
[2026-02-11 10:38:27] DEBUG: Schema\Builder: Entity WebhookEventQueueItem
[2026-02-11 10:38:27] DEBUG: Schema\Builder: Entity WebhookQueueItem
[2026-02-11 10:38:27] DEBUG: Schema\Builder: Entity WorkingTimeCalendar
[2026-02-11 10:38:27] DEBUG: Schema\Builder: Entity WorkingTimeRange
[2026-02-11 10:38:27] DEBUG: Schema\Builder: Entity Account
[2026-02-11 10:38:27] DEBUG: Schema\Builder: Entity Call
[2026-02-11 10:38:27] DEBUG: Schema\Builder: Entity Campaign
[2026-02-11 10:38:27] DEBUG: Schema\Builder: Entity CampaignLogRecord
[2026-02-11 10:38:27] DEBUG: Schema\Builder: Entity CampaignTrackingUrl
[2026-02-11 10:38:27] DEBUG: Schema\Builder: Entity Case
[2026-02-11 10:38:27] DEBUG: Schema\Builder: Entity Contact
[2026-02-11 10:38:27] DEBUG: Schema\Builder: Entity Document
[2026-02-11 10:38:27] DEBUG: Schema\Builder: Entity DocumentFolder
[2026-02-11 10:38:27] DEBUG: Schema\Builder: Entity EmailQueueItem
[2026-02-11 10:38:27] DEBUG: Schema\Builder: Entity KnowledgeBaseArticle
[2026-02-11 10:38:27] DEBUG: Schema\Builder: Entity KnowledgeBaseCategory
[2026-02-11 10:38:27] DEBUG: Schema\Builder: Entity Lead
[2026-02-11 10:38:27] DEBUG: Schema\Builder: Entity MassEmail
[2026-02-11 10:38:27] DEBUG: Schema\Builder: Entity Meeting
[2026-02-11 10:38:27] DEBUG: Schema\Builder: Entity Opportunity
[2026-02-11 10:38:27] DEBUG: Schema\Builder: Entity Reminder
[2026-02-11 10:38:27] DEBUG: Schema\Builder: Entity Target
[2026-02-11 10:38:27] DEBUG: Schema\Builder: Entity TargetList
[2026-02-11 10:38:27] DEBUG: Schema\Builder: Entity TargetListCategory
[2026-02-11 10:38:27] DEBUG: Schema\Builder: Entity Task
[2026-02-11 10:38:27] DEBUG: Schema\Builder: Entity CADHAR
[2026-02-11 10:38:27] DEBUG: Schema\Builder: Entity CAttendanceRecord
[2026-02-11 10:38:27] DEBUG: Schema\Builder: Entity CBanks
[2026-02-11 10:38:27] DEBUG: Schema\Builder: Entity CCity
[2026-02-11 10:38:27] DEBUG: Schema\Builder: Entity CContactType
[2026-02-11 10:38:27] DEBUG: Schema\Builder: Entity CCountry
[2026-02-11 10:38:27] DEBUG: Schema\Builder: Entity CDepartment
[2026-02-11 10:38:27] DEBUG: Schema\Builder: Entity CDependantRelation
[2026-02-11 10:38:27] DEBUG: Schema\Builder: Entity CDocumentType
[2026-02-11 10:38:27] DEBUG: Schema\Builder: Entity CDrivingLicense
[2026-02-11 10:38:27] DEBUG: Schema\Builder: Entity CEmployee
[2026-02-11 10:38:27] DEBUG: Schema\Builder: Entity CEmployeeAddress
[2026-02-11 10:38:27] DEBUG: Schema\Builder: Entity CEmployeeBank
[2026-02-11 10:38:27] DEBUG: Schema\Builder: Entity CEmployeeContact
[2026-02-11 10:38:27] DEBUG: Schema\Builder: Entity CEmployeeDependent
[2026-02-11 10:38:27] DEBUG: Schema\Builder: Entity CEmployeeDocuments
[2026-02-11 10:38:27] DEBUG: Schema\Builder: Entity CEmployeePastExperience
[2026-02-11 10:38:27] DEBUG: Schema\Builder: Entity CPanCard
[2026-02-11 10:38:27] DEBUG: Schema\Builder: Entity CPassport
[2026-02-11 10:38:27] DEBUG: Schema\Builder: Entity CState
[2026-02-11 10:38:27] DEBUG: Schema\Builder: Entity CVoterIdCard
[2026-02-11 10:38:27] DEBUG: Schema\Builder: Entity CWorkRole
[2026-02-11 10:38:27] DEBUG: Schema\Builder: Entity EmailTemplateCategoryPath
[2026-02-11 10:38:27] DEBUG: Schema\Builder: Entity DocumentFolderPath
[2026-02-11 10:38:27] DEBUG: Schema\Builder: Entity KnowledgeBaseCategoryPath
[2026-02-11 10:38:27] DEBUG: Schema\Builder: Entity TargetListCategoryPath
[2026-02-11 10:38:27] DEBUG: Schema\Builder: ManyMany for Email.emailAccounts
[2026-02-11 10:38:27] DEBUG: Schema\Builder: ManyMany for Email.inboundEmails
[2026-02-11 10:38:27] DEBUG: Schema\Builder: ManyMany for Email.replyToEmailAddresses
[2026-02-11 10:38:27] DEBUG: Schema\Builder: ManyMany for Email.users
[2026-02-11 10:38:27] DEBUG: Schema\Builder: ManyMany for Email.assignedUsers
[2026-02-11 10:38:27] DEBUG: Schema\Builder: ManyMany for Email.teams
[2026-02-11 10:38:27] DEBUG: Schema\Builder: ManyMany for GroupEmailFolder.teams
[2026-02-11 10:38:27] DEBUG: Schema\Builder: ManyMany for InboundEmail.teams
[2026-02-11 10:38:27] DEBUG: Schema\Builder: ManyMany for Note.users
[2026-02-11 10:38:27] DEBUG: Schema\Builder: ManyMany for Note.portals
[2026-02-11 10:38:27] DEBUG: Schema\Builder: ManyMany for Note.teams
[2026-02-11 10:38:27] DEBUG: Schema\Builder: ManyMany for Portal.articles
[2026-02-11 10:38:27] DEBUG: Schema\Builder: ManyMany for Portal.portalRoles
[2026-02-11 10:38:27] DEBUG: Schema\Builder: ManyMany for Portal.users
[2026-02-11 10:38:27] DEBUG: Schema\Builder: ManyMany for PortalRole.users
[2026-02-11 10:38:27] DEBUG: Schema\Builder: ManyMany for Role.teams
[2026-02-11 10:38:27] DEBUG: Schema\Builder: ManyMany for Role.users
[2026-02-11 10:38:27] DEBUG: Schema\Builder: ManyMany for Sms.toPhoneNumbers
[2026-02-11 10:38:27] DEBUG: Schema\Builder: ManyMany for Team.users
[2026-02-11 10:38:27] DEBUG: Schema\Builder: ManyMany for User.emailAddresses
[2026-02-11 10:38:27] DEBUG: Schema\Builder: ManyMany for User.phoneNumbers
[2026-02-11 10:38:27] DEBUG: Schema\Builder: ManyMany for User.targetLists
[2026-02-11 10:38:27] DEBUG: Schema\Builder: ManyMany for User.accounts
[2026-02-11 10:38:27] DEBUG: Schema\Builder: ManyMany for User.calls
[2026-02-11 10:38:27] DEBUG: Schema\Builder: ManyMany for User.meetings
[2026-02-11 10:38:27] DEBUG: Schema\Builder: ManyMany for User.workingTimeRanges
[2026-02-11 10:38:27] DEBUG: Schema\Builder: ManyMany for WorkingTimeCalendar.ranges
[2026-02-11 10:38:27] DEBUG: Schema\Builder: ManyMany for Account.portalUsers
[2026-02-11 10:38:27] DEBUG: Schema\Builder: Table [account_portal_user] exists.
[2026-02-11 10:38:27] DEBUG: Schema\Builder: ManyMany for Account.targetLists
[2026-02-11 10:38:27] DEBUG: Schema\Builder: ManyMany for Account.documents
[2026-02-11 10:38:27] DEBUG: Schema\Builder: ManyMany for Account.contacts
[2026-02-11 10:38:27] DEBUG: Schema\Builder: ManyMany for Call.leads
[2026-02-11 10:38:27] DEBUG: Schema\Builder: ManyMany for Call.contacts
[2026-02-11 10:38:27] DEBUG: Schema\Builder: ManyMany for Campaign.excludingTargetLists
[2026-02-11 10:38:27] DEBUG: Schema\Builder: ManyMany for Campaign.targetLists
[2026-02-11 10:38:27] DEBUG: Schema\Builder: ManyMany for Case.articles
[2026-02-11 10:38:27] DEBUG: Schema\Builder: ManyMany for Case.contacts
[2026-02-11 10:38:27] DEBUG: Schema\Builder: ManyMany for Contact.documents
[2026-02-11 10:38:27] DEBUG: Schema\Builder: ManyMany for Contact.targetLists
[2026-02-11 10:38:27] DEBUG: Schema\Builder: ManyMany for Contact.meetings
[2026-02-11 10:38:27] DEBUG: Schema\Builder: ManyMany for Contact.opportunities
[2026-02-11 10:38:27] DEBUG: Schema\Builder: ManyMany for Document.leads
[2026-02-11 10:38:27] DEBUG: Schema\Builder: ManyMany for Document.opportunities
[2026-02-11 10:38:27] DEBUG: Schema\Builder: ManyMany for KnowledgeBaseArticle.categories
[2026-02-11 10:38:27] DEBUG: Schema\Builder: ManyMany for Lead.targetLists
[2026-02-11 10:38:27] DEBUG: Schema\Builder: ManyMany for Lead.meetings
[2026-02-11 10:38:27] DEBUG: Schema\Builder: ManyMany for MassEmail.excludingTargetLists
[2026-02-11 10:38:27] DEBUG: Schema\Builder: ManyMany for MassEmail.targetLists
[2026-02-11 10:38:27] DEBUG: Schema\Builder - End
[2026-02-11 10:42:11] WARNING: E_WARNING: rename(data\tmp\tmp32F5.tmp,data/cache/application/classmapControllers.php): Access is denied (code: 5)
[2026-02-11 10:42:12] DEBUG: Schema\Builder - Start
[2026-02-11 10:42:12] DEBUG: Schema\Builder: Entity ActionHistoryRecord
[2026-02-11 10:42:12] DEBUG: Schema\Builder: Entity AddressCountry
[2026-02-11 10:42:12] DEBUG: Schema\Builder: Entity AppLogRecord
[2026-02-11 10:42:12] DEBUG: Schema\Builder: Entity AppSecret
[2026-02-11 10:42:12] DEBUG: Schema\Builder: Entity ArrayValue
[2026-02-11 10:42:12] DEBUG: Schema\Builder: Entity Attachment
[2026-02-11 10:42:12] DEBUG: Schema\Builder: Entity AuthLogRecord
[2026-02-11 10:42:12] DEBUG: Schema\Builder: Entity AuthToken
[2026-02-11 10:42:12] DEBUG: Schema\Builder: Entity AuthenticationProvider
[2026-02-11 10:42:12] DEBUG: Schema\Builder: Entity Autofollow
[2026-02-11 10:42:12] DEBUG: Schema\Builder: Entity Currency
[2026-02-11 10:42:12] DEBUG: Schema\Builder: Entity DashboardTemplate
[2026-02-11 10:42:12] DEBUG: Schema\Builder: Entity Email
[2026-02-11 10:42:12] DEBUG: Schema\Builder: Entity EmailAccount
[2026-02-11 10:42:12] DEBUG: Schema\Builder: Entity EmailAddress
[2026-02-11 10:42:12] DEBUG: Schema\Builder: Entity EmailFilter
[2026-02-11 10:42:12] DEBUG: Schema\Builder: Entity EmailFolder
[2026-02-11 10:42:12] DEBUG: Schema\Builder: Entity EmailTemplate
[2026-02-11 10:42:12] DEBUG: Schema\Builder: Entity EmailTemplateCategory
[2026-02-11 10:42:12] DEBUG: Schema\Builder: Entity Export
[2026-02-11 10:42:12] DEBUG: Schema\Builder: Entity Extension
[2026-02-11 10:42:12] DEBUG: Schema\Builder: Entity ExternalAccount
[2026-02-11 10:42:12] DEBUG: Schema\Builder: Entity GroupEmailFolder
[2026-02-11 10:42:12] DEBUG: Schema\Builder: Entity Import
[2026-02-11 10:42:12] DEBUG: Schema\Builder: Entity ImportEntity
[2026-02-11 10:42:12] DEBUG: Schema\Builder: Entity ImportError
[2026-02-11 10:42:12] DEBUG: Schema\Builder: Entity InboundEmail
[2026-02-11 10:42:12] DEBUG: Schema\Builder: Entity Integration
[2026-02-11 10:42:12] DEBUG: Schema\Builder: Entity Job
[2026-02-11 10:42:12] DEBUG: Schema\Builder: Entity KanbanOrder
[2026-02-11 10:42:12] DEBUG: Schema\Builder: Entity LayoutRecord
[2026-02-11 10:42:12] DEBUG: Schema\Builder: Entity LayoutSet
[2026-02-11 10:42:12] DEBUG: Schema\Builder: Entity LeadCapture
[2026-02-11 10:42:12] DEBUG: Schema\Builder: Entity LeadCaptureLogRecord
[2026-02-11 10:42:12] DEBUG: Schema\Builder: Entity MassAction
[2026-02-11 10:42:12] DEBUG: Schema\Builder: Entity NextNumber
[2026-02-11 10:42:12] DEBUG: Schema\Builder: Entity Note
[2026-02-11 10:42:12] DEBUG: Schema\Builder: Entity Notification
[2026-02-11 10:42:12] DEBUG: Schema\Builder: Entity OAuthAccount
[2026-02-11 10:42:12] DEBUG: Schema\Builder: Entity OAuthProvider
[2026-02-11 10:42:12] DEBUG: Schema\Builder: Entity PasswordChangeRequest
[2026-02-11 10:42:12] DEBUG: Schema\Builder: Entity PhoneNumber
[2026-02-11 10:42:12] DEBUG: Schema\Builder: Entity Portal
[2026-02-11 10:42:12] DEBUG: Schema\Builder: Entity PortalRole
[2026-02-11 10:42:12] DEBUG: Schema\Builder: Entity Preferences
[2026-02-11 10:42:12] DEBUG: Schema\Builder: Entity Role
[2026-02-11 10:42:12] DEBUG: Schema\Builder: Entity ScheduledJob
[2026-02-11 10:42:12] DEBUG: Schema\Builder: Entity ScheduledJobLogRecord
[2026-02-11 10:42:12] DEBUG: Schema\Builder: Entity Sms
[2026-02-11 10:42:12] DEBUG: Schema\Builder: Entity StarSubscription
[2026-02-11 10:42:12] DEBUG: Schema\Builder: Entity StreamSubscription
[2026-02-11 10:42:12] DEBUG: Schema\Builder: Entity SystemData
[2026-02-11 10:42:12] DEBUG: Schema\Builder: Entity Team
[2026-02-11 10:42:12] DEBUG: Schema\Builder: Entity Template
[2026-02-11 10:42:12] DEBUG: Schema\Builder: Entity TwoFactorCode
[2026-02-11 10:42:12] DEBUG: Schema\Builder: Entity UniqueId
[2026-02-11 10:42:12] DEBUG: Schema\Builder: Entity User
[2026-02-11 10:42:12] DEBUG: Schema\Builder: Entity UserData
[2026-02-11 10:42:12] DEBUG: Schema\Builder: Entity UserReaction
[2026-02-11 10:42:12] DEBUG: Schema\Builder: Entity Webhook
[2026-02-11 10:42:12] DEBUG: Schema\Builder: Entity WebhookEventQueueItem
[2026-02-11 10:42:12] DEBUG: Schema\Builder: Entity WebhookQueueItem
[2026-02-11 10:42:12] DEBUG: Schema\Builder: Entity WorkingTimeCalendar
[2026-02-11 10:42:12] DEBUG: Schema\Builder: Entity WorkingTimeRange
[2026-02-11 10:42:12] DEBUG: Schema\Builder: Entity Account
[2026-02-11 10:42:12] DEBUG: Schema\Builder: Entity Call
[2026-02-11 10:42:12] DEBUG: Schema\Builder: Entity Campaign
[2026-02-11 10:42:12] DEBUG: Schema\Builder: Entity CampaignLogRecord
[2026-02-11 10:42:12] DEBUG: Schema\Builder: Entity CampaignTrackingUrl
[2026-02-11 10:42:12] DEBUG: Schema\Builder: Entity Case
[2026-02-11 10:42:12] DEBUG: Schema\Builder: Entity Contact
[2026-02-11 10:42:12] DEBUG: Schema\Builder: Entity Document
[2026-02-11 10:42:12] DEBUG: Schema\Builder: Entity DocumentFolder
[2026-02-11 10:42:12] DEBUG: Schema\Builder: Entity EmailQueueItem
[2026-02-11 10:42:12] DEBUG: Schema\Builder: Entity KnowledgeBaseArticle
[2026-02-11 10:42:12] DEBUG: Schema\Builder: Entity KnowledgeBaseCategory
[2026-02-11 10:42:12] DEBUG: Schema\Builder: Entity Lead
[2026-02-11 10:42:12] DEBUG: Schema\Builder: Entity MassEmail
[2026-02-11 10:42:12] DEBUG: Schema\Builder: Entity Meeting
[2026-02-11 10:42:12] DEBUG: Schema\Builder: Entity Opportunity
[2026-02-11 10:42:12] DEBUG: Schema\Builder: Entity Reminder
[2026-02-11 10:42:12] DEBUG: Schema\Builder: Entity Target
[2026-02-11 10:42:12] DEBUG: Schema\Builder: Entity TargetList
[2026-02-11 10:42:12] DEBUG: Schema\Builder: Entity TargetListCategory
[2026-02-11 10:42:12] DEBUG: Schema\Builder: Entity Task
[2026-02-11 10:42:12] DEBUG: Schema\Builder: Entity CADHAR
[2026-02-11 10:42:12] DEBUG: Schema\Builder: Entity CAttendanceRecord
[2026-02-11 10:42:12] DEBUG: Schema\Builder: Entity CBanks
[2026-02-11 10:42:12] DEBUG: Schema\Builder: Entity CCity
[2026-02-11 10:42:12] DEBUG: Schema\Builder: Entity CContactType
[2026-02-11 10:42:12] DEBUG: Schema\Builder: Entity CCountry
[2026-02-11 10:42:12] DEBUG: Schema\Builder: Entity CDepartment
[2026-02-11 10:42:12] DEBUG: Schema\Builder: Entity CDependantRelation
[2026-02-11 10:42:12] DEBUG: Schema\Builder: Entity CDocumentType
[2026-02-11 10:42:12] DEBUG: Schema\Builder: Entity CDrivingLicense
[2026-02-11 10:42:12] DEBUG: Schema\Builder: Entity CEmployee
[2026-02-11 10:42:12] DEBUG: Schema\Builder: Entity CEmployeeAddress
[2026-02-11 10:42:12] DEBUG: Schema\Builder: Entity CEmployeeBank
[2026-02-11 10:42:12] DEBUG: Schema\Builder: Entity CEmployeeContact
[2026-02-11 10:42:12] DEBUG: Schema\Builder: Entity CEmployeeDependent
[2026-02-11 10:42:12] DEBUG: Schema\Builder: Entity CEmployeeDocuments
[2026-02-11 10:42:12] DEBUG: Schema\Builder: Entity CEmployeePastExperience
[2026-02-11 10:42:12] DEBUG: Schema\Builder: Entity CPanCard
[2026-02-11 10:42:12] DEBUG: Schema\Builder: Entity CPassport
[2026-02-11 10:42:12] DEBUG: Schema\Builder: Entity CState
[2026-02-11 10:42:12] DEBUG: Schema\Builder: Entity CVoterIdCard
[2026-02-11 10:42:12] DEBUG: Schema\Builder: Entity CWorkRole
[2026-02-11 10:42:12] DEBUG: Schema\Builder: Entity EmailTemplateCategoryPath
[2026-02-11 10:42:12] DEBUG: Schema\Builder: Entity DocumentFolderPath
[2026-02-11 10:42:12] DEBUG: Schema\Builder: Entity KnowledgeBaseCategoryPath
[2026-02-11 10:42:12] DEBUG: Schema\Builder: Entity TargetListCategoryPath
[2026-02-11 10:42:12] DEBUG: Schema\Builder: ManyMany for Email.emailAccounts
[2026-02-11 10:42:12] DEBUG: Schema\Builder: ManyMany for Email.inboundEmails
[2026-02-11 10:42:12] DEBUG: Schema\Builder: ManyMany for Email.replyToEmailAddresses
[2026-02-11 10:42:12] DEBUG: Schema\Builder: ManyMany for Email.users
[2026-02-11 10:42:12] DEBUG: Schema\Builder: ManyMany for Email.assignedUsers
[2026-02-11 10:42:12] DEBUG: Schema\Builder: ManyMany for Email.teams
[2026-02-11 10:42:12] DEBUG: Schema\Builder: ManyMany for GroupEmailFolder.teams
[2026-02-11 10:42:12] DEBUG: Schema\Builder: ManyMany for InboundEmail.teams
[2026-02-11 10:42:12] DEBUG: Schema\Builder: ManyMany for Note.users
[2026-02-11 10:42:12] DEBUG: Schema\Builder: ManyMany for Note.portals
[2026-02-11 10:42:12] DEBUG: Schema\Builder: ManyMany for Note.teams
[2026-02-11 10:42:12] DEBUG: Schema\Builder: ManyMany for Portal.articles
[2026-02-11 10:42:12] DEBUG: Schema\Builder: ManyMany for Portal.portalRoles
[2026-02-11 10:42:12] DEBUG: Schema\Builder: ManyMany for Portal.users
[2026-02-11 10:42:12] DEBUG: Schema\Builder: ManyMany for PortalRole.users
[2026-02-11 10:42:12] DEBUG: Schema\Builder: ManyMany for Role.teams
[2026-02-11 10:42:12] DEBUG: Schema\Builder: ManyMany for Role.users
[2026-02-11 10:42:12] DEBUG: Schema\Builder: ManyMany for Sms.toPhoneNumbers
[2026-02-11 10:42:12] DEBUG: Schema\Builder: ManyMany for Team.users
[2026-02-11 10:42:12] DEBUG: Schema\Builder: ManyMany for User.emailAddresses
[2026-02-11 10:42:12] DEBUG: Schema\Builder: ManyMany for User.phoneNumbers
[2026-02-11 10:42:12] DEBUG: Schema\Builder: ManyMany for User.targetLists
[2026-02-11 10:42:12] DEBUG: Schema\Builder: ManyMany for User.accounts
[2026-02-11 10:42:12] DEBUG: Schema\Builder: ManyMany for User.calls
[2026-02-11 10:42:12] DEBUG: Schema\Builder: ManyMany for User.meetings
[2026-02-11 10:42:12] DEBUG: Schema\Builder: ManyMany for User.workingTimeRanges
[2026-02-11 10:42:12] DEBUG: Schema\Builder: ManyMany for WorkingTimeCalendar.ranges
[2026-02-11 10:42:12] DEBUG: Schema\Builder: ManyMany for Account.portalUsers
[2026-02-11 10:42:12] DEBUG: Schema\Builder: Table [account_portal_user] exists.
[2026-02-11 10:42:12] DEBUG: Schema\Builder: ManyMany for Account.targetLists
[2026-02-11 10:42:12] DEBUG: Schema\Builder: ManyMany for Account.documents
[2026-02-11 10:42:12] DEBUG: Schema\Builder: ManyMany for Account.contacts
[2026-02-11 10:42:12] DEBUG: Schema\Builder: ManyMany for Call.leads
[2026-02-11 10:42:12] DEBUG: Schema\Builder: ManyMany for Call.contacts
[2026-02-11 10:42:12] DEBUG: Schema\Builder: ManyMany for Campaign.excludingTargetLists
[2026-02-11 10:42:12] DEBUG: Schema\Builder: ManyMany for Campaign.targetLists
[2026-02-11 10:42:12] DEBUG: Schema\Builder: ManyMany for Case.articles
[2026-02-11 10:42:12] DEBUG: Schema\Builder: ManyMany for Case.contacts
[2026-02-11 10:42:12] DEBUG: Schema\Builder: ManyMany for Contact.documents
[2026-02-11 10:42:12] DEBUG: Schema\Builder: ManyMany for Contact.targetLists
[2026-02-11 10:42:12] DEBUG: Schema\Builder: ManyMany for Contact.meetings
[2026-02-11 10:42:12] DEBUG: Schema\Builder: ManyMany for Contact.opportunities
[2026-02-11 10:42:12] DEBUG: Schema\Builder: ManyMany for Document.leads
[2026-02-11 10:42:12] DEBUG: Schema\Builder: ManyMany for Document.opportunities
[2026-02-11 10:42:12] DEBUG: Schema\Builder: ManyMany for KnowledgeBaseArticle.categories
[2026-02-11 10:42:12] DEBUG: Schema\Builder: ManyMany for Lead.targetLists
[2026-02-11 10:42:12] DEBUG: Schema\Builder: ManyMany for Lead.meetings
[2026-02-11 10:42:12] DEBUG: Schema\Builder: ManyMany for MassEmail.excludingTargetLists
[2026-02-11 10:42:12] DEBUG: Schema\Builder: ManyMany for MassEmail.targetLists
[2026-02-11 10:42:12] DEBUG: Schema\Builder - End
[2026-02-11 11:08:06] DEBUG: Schema\Builder - Start
[2026-02-11 11:08:06] DEBUG: Schema\Builder: Entity ActionHistoryRecord
[2026-02-11 11:08:06] DEBUG: Schema\Builder: Entity AddressCountry
[2026-02-11 11:08:06] DEBUG: Schema\Builder: Entity AppLogRecord
[2026-02-11 11:08:06] DEBUG: Schema\Builder: Entity AppSecret
[2026-02-11 11:08:06] DEBUG: Schema\Builder: Entity ArrayValue
[2026-02-11 11:08:06] DEBUG: Schema\Builder: Entity Attachment
[2026-02-11 11:08:06] DEBUG: Schema\Builder: Entity AuthLogRecord
[2026-02-11 11:08:06] DEBUG: Schema\Builder: Entity AuthToken
[2026-02-11 11:08:06] DEBUG: Schema\Builder: Entity AuthenticationProvider
[2026-02-11 11:08:06] DEBUG: Schema\Builder: Entity Autofollow
[2026-02-11 11:08:06] DEBUG: Schema\Builder: Entity Currency
[2026-02-11 11:08:06] DEBUG: Schema\Builder: Entity DashboardTemplate
[2026-02-11 11:08:06] DEBUG: Schema\Builder: Entity Email
[2026-02-11 11:08:06] DEBUG: Schema\Builder: Entity EmailAccount
[2026-02-11 11:08:06] DEBUG: Schema\Builder: Entity EmailAddress
[2026-02-11 11:08:06] DEBUG: Schema\Builder: Entity EmailFilter
[2026-02-11 11:08:06] DEBUG: Schema\Builder: Entity EmailFolder
[2026-02-11 11:08:06] DEBUG: Schema\Builder: Entity EmailTemplate
[2026-02-11 11:08:06] DEBUG: Schema\Builder: Entity EmailTemplateCategory
[2026-02-11 11:08:06] DEBUG: Schema\Builder: Entity Export
[2026-02-11 11:08:06] DEBUG: Schema\Builder: Entity Extension
[2026-02-11 11:08:06] DEBUG: Schema\Builder: Entity ExternalAccount
[2026-02-11 11:08:06] DEBUG: Schema\Builder: Entity GroupEmailFolder
[2026-02-11 11:08:06] DEBUG: Schema\Builder: Entity Import
[2026-02-11 11:08:06] DEBUG: Schema\Builder: Entity ImportEntity
[2026-02-11 11:08:06] DEBUG: Schema\Builder: Entity ImportError
[2026-02-11 11:08:06] DEBUG: Schema\Builder: Entity InboundEmail
[2026-02-11 11:08:06] DEBUG: Schema\Builder: Entity Integration
[2026-02-11 11:08:06] DEBUG: Schema\Builder: Entity Job
[2026-02-11 11:08:06] DEBUG: Schema\Builder: Entity KanbanOrder
[2026-02-11 11:08:06] DEBUG: Schema\Builder: Entity LayoutRecord
[2026-02-11 11:08:06] DEBUG: Schema\Builder: Entity LayoutSet
[2026-02-11 11:08:06] DEBUG: Schema\Builder: Entity LeadCapture
[2026-02-11 11:08:06] DEBUG: Schema\Builder: Entity LeadCaptureLogRecord
[2026-02-11 11:08:06] DEBUG: Schema\Builder: Entity MassAction
[2026-02-11 11:08:06] DEBUG: Schema\Builder: Entity NextNumber
[2026-02-11 11:08:06] DEBUG: Schema\Builder: Entity Note
[2026-02-11 11:08:06] DEBUG: Schema\Builder: Entity Notification
[2026-02-11 11:08:06] DEBUG: Schema\Builder: Entity OAuthAccount
[2026-02-11 11:08:06] DEBUG: Schema\Builder: Entity OAuthProvider
[2026-02-11 11:08:06] DEBUG: Schema\Builder: Entity PasswordChangeRequest
[2026-02-11 11:08:06] DEBUG: Schema\Builder: Entity PhoneNumber
[2026-02-11 11:08:06] DEBUG: Schema\Builder: Entity Portal
[2026-02-11 11:08:06] DEBUG: Schema\Builder: Entity PortalRole
[2026-02-11 11:08:06] DEBUG: Schema\Builder: Entity Preferences
[2026-02-11 11:08:06] DEBUG: Schema\Builder: Entity Role
[2026-02-11 11:08:06] DEBUG: Schema\Builder: Entity ScheduledJob
[2026-02-11 11:08:06] DEBUG: Schema\Builder: Entity ScheduledJobLogRecord
[2026-02-11 11:08:06] DEBUG: Schema\Builder: Entity Sms
[2026-02-11 11:08:06] DEBUG: Schema\Builder: Entity StarSubscription
[2026-02-11 11:08:06] DEBUG: Schema\Builder: Entity StreamSubscription
[2026-02-11 11:08:06] DEBUG: Schema\Builder: Entity SystemData
[2026-02-11 11:08:06] DEBUG: Schema\Builder: Entity Team
[2026-02-11 11:08:06] DEBUG: Schema\Builder: Entity Template
[2026-02-11 11:08:06] DEBUG: Schema\Builder: Entity TwoFactorCode
[2026-02-11 11:08:06] DEBUG: Schema\Builder: Entity UniqueId
[2026-02-11 11:08:06] DEBUG: Schema\Builder: Entity User
[2026-02-11 11:08:06] DEBUG: Schema\Builder: Entity UserData
[2026-02-11 11:08:06] DEBUG: Schema\Builder: Entity UserReaction
[2026-02-11 11:08:06] DEBUG: Schema\Builder: Entity Webhook
[2026-02-11 11:08:06] DEBUG: Schema\Builder: Entity WebhookEventQueueItem
[2026-02-11 11:08:06] DEBUG: Schema\Builder: Entity WebhookQueueItem
[2026-02-11 11:08:06] DEBUG: Schema\Builder: Entity WorkingTimeCalendar
[2026-02-11 11:08:06] DEBUG: Schema\Builder: Entity WorkingTimeRange
[2026-02-11 11:08:06] DEBUG: Schema\Builder: Entity Account
[2026-02-11 11:08:06] DEBUG: Schema\Builder: Entity Call
[2026-02-11 11:08:06] DEBUG: Schema\Builder: Entity Campaign
[2026-02-11 11:08:06] DEBUG: Schema\Builder: Entity CampaignLogRecord
[2026-02-11 11:08:06] DEBUG: Schema\Builder: Entity CampaignTrackingUrl
[2026-02-11 11:08:06] DEBUG: Schema\Builder: Entity Case
[2026-02-11 11:08:06] DEBUG: Schema\Builder: Entity Contact
[2026-02-11 11:08:06] DEBUG: Schema\Builder: Entity Document
[2026-02-11 11:08:06] DEBUG: Schema\Builder: Entity DocumentFolder
[2026-02-11 11:08:06] DEBUG: Schema\Builder: Entity EmailQueueItem
[2026-02-11 11:08:06] DEBUG: Schema\Builder: Entity KnowledgeBaseArticle
[2026-02-11 11:08:06] DEBUG: Schema\Builder: Entity KnowledgeBaseCategory
[2026-02-11 11:08:06] DEBUG: Schema\Builder: Entity Lead
[2026-02-11 11:08:06] DEBUG: Schema\Builder: Entity MassEmail
[2026-02-11 11:08:06] DEBUG: Schema\Builder: Entity Meeting
[2026-02-11 11:08:06] DEBUG: Schema\Builder: Entity Opportunity
[2026-02-11 11:08:06] DEBUG: Schema\Builder: Entity Reminder
[2026-02-11 11:08:06] DEBUG: Schema\Builder: Entity Target
[2026-02-11 11:08:06] DEBUG: Schema\Builder: Entity TargetList
[2026-02-11 11:08:06] DEBUG: Schema\Builder: Entity TargetListCategory
[2026-02-11 11:08:06] DEBUG: Schema\Builder: Entity Task
[2026-02-11 11:08:06] DEBUG: Schema\Builder: Entity CADHAR
[2026-02-11 11:08:06] DEBUG: Schema\Builder: Entity CAttendanceRecord
[2026-02-11 11:08:06] DEBUG: Schema\Builder: Entity CBanks
[2026-02-11 11:08:06] DEBUG: Schema\Builder: Entity CCity
[2026-02-11 11:08:06] DEBUG: Schema\Builder: Entity CContactType
[2026-02-11 11:08:06] DEBUG: Schema\Builder: Entity CCountry
[2026-02-11 11:08:06] DEBUG: Schema\Builder: Entity CDepartment
[2026-02-11 11:08:06] DEBUG: Schema\Builder: Entity CDependantRelation
[2026-02-11 11:08:06] DEBUG: Schema\Builder: Entity CDocumentType
[2026-02-11 11:08:06] DEBUG: Schema\Builder: Entity CDrivingLicense
[2026-02-11 11:08:06] DEBUG: Schema\Builder: Entity CEmployee
[2026-02-11 11:08:06] DEBUG: Schema\Builder: Entity CEmployeeAddress
[2026-02-11 11:08:06] DEBUG: Schema\Builder: Entity CEmployeeBank
[2026-02-11 11:08:06] DEBUG: Schema\Builder: Entity CEmployeeContact
[2026-02-11 11:08:06] DEBUG: Schema\Builder: Entity CEmployeeDependent
[2026-02-11 11:08:06] DEBUG: Schema\Builder: Entity CEmployeeDocuments
[2026-02-11 11:08:06] DEBUG: Schema\Builder: Entity CEmployeePastExperience
[2026-02-11 11:08:06] DEBUG: Schema\Builder: Entity CPanCard
[2026-02-11 11:08:06] DEBUG: Schema\Builder: Entity CPassport
[2026-02-11 11:08:06] DEBUG: Schema\Builder: Entity CState
[2026-02-11 11:08:06] DEBUG: Schema\Builder: Entity CVoterIdCard
[2026-02-11 11:08:06] DEBUG: Schema\Builder: Entity CWorkRole
[2026-02-11 11:08:06] DEBUG: Schema\Builder: Entity EmailTemplateCategoryPath
[2026-02-11 11:08:06] DEBUG: Schema\Builder: Entity DocumentFolderPath
[2026-02-11 11:08:06] DEBUG: Schema\Builder: Entity KnowledgeBaseCategoryPath
[2026-02-11 11:08:06] DEBUG: Schema\Builder: Entity TargetListCategoryPath
[2026-02-11 11:08:06] DEBUG: Schema\Builder: ManyMany for Email.emailAccounts
[2026-02-11 11:08:06] DEBUG: Schema\Builder: ManyMany for Email.inboundEmails
[2026-02-11 11:08:06] DEBUG: Schema\Builder: ManyMany for Email.replyToEmailAddresses
[2026-02-11 11:08:06] DEBUG: Schema\Builder: ManyMany for Email.users
[2026-02-11 11:08:06] DEBUG: Schema\Builder: ManyMany for Email.assignedUsers
[2026-02-11 11:08:06] DEBUG: Schema\Builder: ManyMany for Email.teams
[2026-02-11 11:08:06] DEBUG: Schema\Builder: ManyMany for GroupEmailFolder.teams
[2026-02-11 11:08:06] DEBUG: Schema\Builder: ManyMany for InboundEmail.teams
[2026-02-11 11:08:06] DEBUG: Schema\Builder: ManyMany for Note.users
[2026-02-11 11:08:06] DEBUG: Schema\Builder: ManyMany for Note.portals
[2026-02-11 11:08:06] DEBUG: Schema\Builder: ManyMany for Note.teams
[2026-02-11 11:08:06] DEBUG: Schema\Builder: ManyMany for Portal.articles
[2026-02-11 11:08:06] DEBUG: Schema\Builder: ManyMany for Portal.portalRoles
[2026-02-11 11:08:06] DEBUG: Schema\Builder: ManyMany for Portal.users
[2026-02-11 11:08:06] DEBUG: Schema\Builder: ManyMany for PortalRole.users
[2026-02-11 11:08:06] DEBUG: Schema\Builder: ManyMany for Role.teams
[2026-02-11 11:08:06] DEBUG: Schema\Builder: ManyMany for Role.users
[2026-02-11 11:08:06] DEBUG: Schema\Builder: ManyMany for Sms.toPhoneNumbers
[2026-02-11 11:08:06] DEBUG: Schema\Builder: ManyMany for Team.users
[2026-02-11 11:08:06] DEBUG: Schema\Builder: ManyMany for User.emailAddresses
[2026-02-11 11:08:06] DEBUG: Schema\Builder: ManyMany for User.phoneNumbers
[2026-02-11 11:08:06] DEBUG: Schema\Builder: ManyMany for User.targetLists
[2026-02-11 11:08:06] DEBUG: Schema\Builder: ManyMany for User.accounts
[2026-02-11 11:08:06] DEBUG: Schema\Builder: ManyMany for User.calls
[2026-02-11 11:08:06] DEBUG: Schema\Builder: ManyMany for User.meetings
[2026-02-11 11:08:06] DEBUG: Schema\Builder: ManyMany for User.workingTimeRanges
[2026-02-11 11:08:06] DEBUG: Schema\Builder: ManyMany for WorkingTimeCalendar.ranges
[2026-02-11 11:08:06] DEBUG: Schema\Builder: ManyMany for Account.portalUsers
[2026-02-11 11:08:06] DEBUG: Schema\Builder: Table [account_portal_user] exists.
[2026-02-11 11:08:06] DEBUG: Schema\Builder: ManyMany for Account.targetLists
[2026-02-11 11:08:06] DEBUG: Schema\Builder: ManyMany for Account.documents
[2026-02-11 11:08:06] DEBUG: Schema\Builder: ManyMany for Account.contacts
[2026-02-11 11:08:06] DEBUG: Schema\Builder: ManyMany for Call.leads
[2026-02-11 11:08:06] DEBUG: Schema\Builder: ManyMany for Call.contacts
[2026-02-11 11:08:06] DEBUG: Schema\Builder: ManyMany for Campaign.excludingTargetLists
[2026-02-11 11:08:06] DEBUG: Schema\Builder: ManyMany for Campaign.targetLists
[2026-02-11 11:08:06] DEBUG: Schema\Builder: ManyMany for Case.articles
[2026-02-11 11:08:06] DEBUG: Schema\Builder: ManyMany for Case.contacts
[2026-02-11 11:08:06] DEBUG: Schema\Builder: ManyMany for Contact.documents
[2026-02-11 11:08:06] DEBUG: Schema\Builder: ManyMany for Contact.targetLists
[2026-02-11 11:08:06] DEBUG: Schema\Builder: ManyMany for Contact.meetings
[2026-02-11 11:08:06] DEBUG: Schema\Builder: ManyMany for Contact.opportunities
[2026-02-11 11:08:06] DEBUG: Schema\Builder: ManyMany for Document.leads
[2026-02-11 11:08:06] DEBUG: Schema\Builder: ManyMany for Document.opportunities
[2026-02-11 11:08:06] DEBUG: Schema\Builder: ManyMany for KnowledgeBaseArticle.categories
[2026-02-11 11:08:06] DEBUG: Schema\Builder: ManyMany for Lead.targetLists
[2026-02-11 11:08:06] DEBUG: Schema\Builder: ManyMany for Lead.meetings
[2026-02-11 11:08:06] DEBUG: Schema\Builder: ManyMany for MassEmail.excludingTargetLists
[2026-02-11 11:08:06] DEBUG: Schema\Builder: ManyMany for MassEmail.targetLists
[2026-02-11 11:08:06] DEBUG: Schema\Builder - End
[2026-02-11 11:08:40] DEBUG: Schema\Builder - Start
[2026-02-11 11:08:40] DEBUG: Schema\Builder: Entity ActionHistoryRecord
[2026-02-11 11:08:40] DEBUG: Schema\Builder: Entity AddressCountry
[2026-02-11 11:08:40] DEBUG: Schema\Builder: Entity AppLogRecord
[2026-02-11 11:08:40] DEBUG: Schema\Builder: Entity AppSecret
[2026-02-11 11:08:40] DEBUG: Schema\Builder: Entity ArrayValue
[2026-02-11 11:08:40] DEBUG: Schema\Builder: Entity Attachment
[2026-02-11 11:08:40] DEBUG: Schema\Builder: Entity AuthLogRecord
[2026-02-11 11:08:40] DEBUG: Schema\Builder: Entity AuthToken
[2026-02-11 11:08:40] DEBUG: Schema\Builder: Entity AuthenticationProvider
[2026-02-11 11:08:40] DEBUG: Schema\Builder: Entity Autofollow
[2026-02-11 11:08:40] DEBUG: Schema\Builder: Entity Currency
[2026-02-11 11:08:40] DEBUG: Schema\Builder: Entity DashboardTemplate
[2026-02-11 11:08:40] DEBUG: Schema\Builder: Entity Email
[2026-02-11 11:08:40] DEBUG: Schema\Builder: Entity EmailAccount
[2026-02-11 11:08:40] DEBUG: Schema\Builder: Entity EmailAddress
[2026-02-11 11:08:40] DEBUG: Schema\Builder: Entity EmailFilter
[2026-02-11 11:08:40] DEBUG: Schema\Builder: Entity EmailFolder
[2026-02-11 11:08:40] DEBUG: Schema\Builder: Entity EmailTemplate
[2026-02-11 11:08:40] DEBUG: Schema\Builder: Entity EmailTemplateCategory
[2026-02-11 11:08:40] DEBUG: Schema\Builder: Entity Export
[2026-02-11 11:08:40] DEBUG: Schema\Builder: Entity Extension
[2026-02-11 11:08:40] DEBUG: Schema\Builder: Entity ExternalAccount
[2026-02-11 11:08:40] DEBUG: Schema\Builder: Entity GroupEmailFolder
[2026-02-11 11:08:40] DEBUG: Schema\Builder: Entity Import
[2026-02-11 11:08:40] DEBUG: Schema\Builder: Entity ImportEntity
[2026-02-11 11:08:40] DEBUG: Schema\Builder: Entity ImportError
[2026-02-11 11:08:40] DEBUG: Schema\Builder: Entity InboundEmail
[2026-02-11 11:08:40] DEBUG: Schema\Builder: Entity Integration
[2026-02-11 11:08:40] DEBUG: Schema\Builder: Entity Job
[2026-02-11 11:08:40] DEBUG: Schema\Builder: Entity KanbanOrder
[2026-02-11 11:08:40] DEBUG: Schema\Builder: Entity LayoutRecord
[2026-02-11 11:08:40] DEBUG: Schema\Builder: Entity LayoutSet
[2026-02-11 11:08:40] DEBUG: Schema\Builder: Entity LeadCapture
[2026-02-11 11:08:40] DEBUG: Schema\Builder: Entity LeadCaptureLogRecord
[2026-02-11 11:08:40] DEBUG: Schema\Builder: Entity MassAction
[2026-02-11 11:08:40] DEBUG: Schema\Builder: Entity NextNumber
[2026-02-11 11:08:40] DEBUG: Schema\Builder: Entity Note
[2026-02-11 11:08:40] DEBUG: Schema\Builder: Entity Notification
[2026-02-11 11:08:40] DEBUG: Schema\Builder: Entity OAuthAccount
[2026-02-11 11:08:40] DEBUG: Schema\Builder: Entity OAuthProvider
[2026-02-11 11:08:40] DEBUG: Schema\Builder: Entity PasswordChangeRequest
[2026-02-11 11:08:40] DEBUG: Schema\Builder: Entity PhoneNumber
[2026-02-11 11:08:40] DEBUG: Schema\Builder: Entity Portal
[2026-02-11 11:08:40] DEBUG: Schema\Builder: Entity PortalRole
[2026-02-11 11:08:40] DEBUG: Schema\Builder: Entity Preferences
[2026-02-11 11:08:40] DEBUG: Schema\Builder: Entity Role
[2026-02-11 11:08:40] DEBUG: Schema\Builder: Entity ScheduledJob
[2026-02-11 11:08:40] DEBUG: Schema\Builder: Entity ScheduledJobLogRecord
[2026-02-11 11:08:40] DEBUG: Schema\Builder: Entity Sms
[2026-02-11 11:08:40] DEBUG: Schema\Builder: Entity StarSubscription
[2026-02-11 11:08:40] DEBUG: Schema\Builder: Entity StreamSubscription
[2026-02-11 11:08:40] DEBUG: Schema\Builder: Entity SystemData
[2026-02-11 11:08:40] DEBUG: Schema\Builder: Entity Team
[2026-02-11 11:08:40] DEBUG: Schema\Builder: Entity Template
[2026-02-11 11:08:40] DEBUG: Schema\Builder: Entity TwoFactorCode
[2026-02-11 11:08:40] DEBUG: Schema\Builder: Entity UniqueId
[2026-02-11 11:08:40] DEBUG: Schema\Builder: Entity User
[2026-02-11 11:08:40] DEBUG: Schema\Builder: Entity UserData
[2026-02-11 11:08:40] DEBUG: Schema\Builder: Entity UserReaction
[2026-02-11 11:08:40] DEBUG: Schema\Builder: Entity Webhook
[2026-02-11 11:08:40] DEBUG: Schema\Builder: Entity WebhookEventQueueItem
[2026-02-11 11:08:40] DEBUG: Schema\Builder: Entity WebhookQueueItem
[2026-02-11 11:08:40] DEBUG: Schema\Builder: Entity WorkingTimeCalendar
[2026-02-11 11:08:40] DEBUG: Schema\Builder: Entity WorkingTimeRange
[2026-02-11 11:08:40] DEBUG: Schema\Builder: Entity Account
[2026-02-11 11:08:40] DEBUG: Schema\Builder: Entity Call
[2026-02-11 11:08:40] DEBUG: Schema\Builder: Entity Campaign
[2026-02-11 11:08:40] DEBUG: Schema\Builder: Entity CampaignLogRecord
[2026-02-11 11:08:40] DEBUG: Schema\Builder: Entity CampaignTrackingUrl
[2026-02-11 11:08:40] DEBUG: Schema\Builder: Entity Case
[2026-02-11 11:08:40] DEBUG: Schema\Builder: Entity Contact
[2026-02-11 11:08:40] DEBUG: Schema\Builder: Entity Document
[2026-02-11 11:08:40] DEBUG: Schema\Builder: Entity DocumentFolder
[2026-02-11 11:08:40] DEBUG: Schema\Builder: Entity EmailQueueItem
[2026-02-11 11:08:40] DEBUG: Schema\Builder: Entity KnowledgeBaseArticle
[2026-02-11 11:08:40] DEBUG: Schema\Builder: Entity KnowledgeBaseCategory
[2026-02-11 11:08:40] DEBUG: Schema\Builder: Entity Lead
[2026-02-11 11:08:40] DEBUG: Schema\Builder: Entity MassEmail
[2026-02-11 11:08:40] DEBUG: Schema\Builder: Entity Meeting
[2026-02-11 11:08:40] DEBUG: Schema\Builder: Entity Opportunity
[2026-02-11 11:08:40] DEBUG: Schema\Builder: Entity Reminder
[2026-02-11 11:08:40] DEBUG: Schema\Builder: Entity Target
[2026-02-11 11:08:40] DEBUG: Schema\Builder: Entity TargetList
[2026-02-11 11:08:40] DEBUG: Schema\Builder: Entity TargetListCategory
[2026-02-11 11:08:40] DEBUG: Schema\Builder: Entity Task
[2026-02-11 11:08:40] DEBUG: Schema\Builder: Entity CADHAR
[2026-02-11 11:08:40] DEBUG: Schema\Builder: Entity CAttendanceRecord
[2026-02-11 11:08:40] DEBUG: Schema\Builder: Entity CBanks
[2026-02-11 11:08:40] DEBUG: Schema\Builder: Entity CCity
[2026-02-11 11:08:40] DEBUG: Schema\Builder: Entity CContactType
[2026-02-11 11:08:40] DEBUG: Schema\Builder: Entity CCountry
[2026-02-11 11:08:40] DEBUG: Schema\Builder: Entity CDepartment
[2026-02-11 11:08:40] DEBUG: Schema\Builder: Entity CDependantRelation
[2026-02-11 11:08:40] DEBUG: Schema\Builder: Entity CDocumentType
[2026-02-11 11:08:40] DEBUG: Schema\Builder: Entity CDrivingLicense
[2026-02-11 11:08:40] DEBUG: Schema\Builder: Entity CEmployee
[2026-02-11 11:08:40] DEBUG: Schema\Builder: Entity CEmployeeAddress
[2026-02-11 11:08:40] DEBUG: Schema\Builder: Entity CEmployeeBank
[2026-02-11 11:08:40] DEBUG: Schema\Builder: Entity CEmployeeContact
[2026-02-11 11:08:40] DEBUG: Schema\Builder: Entity CEmployeeDependent
[2026-02-11 11:08:40] DEBUG: Schema\Builder: Entity CEmployeeDocuments
[2026-02-11 11:08:40] DEBUG: Schema\Builder: Entity CEmployeePastExperience
[2026-02-11 11:08:40] DEBUG: Schema\Builder: Entity CPanCard
[2026-02-11 11:08:40] DEBUG: Schema\Builder: Entity CPassport
[2026-02-11 11:08:40] DEBUG: Schema\Builder: Entity CState
[2026-02-11 11:08:40] DEBUG: Schema\Builder: Entity CVoterIdCard
[2026-02-11 11:08:40] DEBUG: Schema\Builder: Entity CWorkRole
[2026-02-11 11:08:40] DEBUG: Schema\Builder: Entity EmailTemplateCategoryPath
[2026-02-11 11:08:40] DEBUG: Schema\Builder: Entity DocumentFolderPath
[2026-02-11 11:08:40] DEBUG: Schema\Builder: Entity KnowledgeBaseCategoryPath
[2026-02-11 11:08:40] DEBUG: Schema\Builder: Entity TargetListCategoryPath
[2026-02-11 11:08:40] DEBUG: Schema\Builder: ManyMany for Email.emailAccounts
[2026-02-11 11:08:40] DEBUG: Schema\Builder: ManyMany for Email.inboundEmails
[2026-02-11 11:08:40] DEBUG: Schema\Builder: ManyMany for Email.replyToEmailAddresses
[2026-02-11 11:08:40] DEBUG: Schema\Builder: ManyMany for Email.users
[2026-02-11 11:08:40] DEBUG: Schema\Builder: ManyMany for Email.assignedUsers
[2026-02-11 11:08:40] DEBUG: Schema\Builder: ManyMany for Email.teams
[2026-02-11 11:08:40] DEBUG: Schema\Builder: ManyMany for GroupEmailFolder.teams
[2026-02-11 11:08:40] DEBUG: Schema\Builder: ManyMany for InboundEmail.teams
[2026-02-11 11:08:40] DEBUG: Schema\Builder: ManyMany for Note.users
[2026-02-11 11:08:40] DEBUG: Schema\Builder: ManyMany for Note.portals
[2026-02-11 11:08:40] DEBUG: Schema\Builder: ManyMany for Note.teams
[2026-02-11 11:08:40] DEBUG: Schema\Builder: ManyMany for Portal.articles
[2026-02-11 11:08:40] DEBUG: Schema\Builder: ManyMany for Portal.portalRoles
[2026-02-11 11:08:40] DEBUG: Schema\Builder: ManyMany for Portal.users
[2026-02-11 11:08:40] DEBUG: Schema\Builder: ManyMany for PortalRole.users
[2026-02-11 11:08:40] DEBUG: Schema\Builder: ManyMany for Role.teams
[2026-02-11 11:08:40] DEBUG: Schema\Builder: ManyMany for Role.users
[2026-02-11 11:08:40] DEBUG: Schema\Builder: ManyMany for Sms.toPhoneNumbers
[2026-02-11 11:08:40] DEBUG: Schema\Builder: ManyMany for Team.users
[2026-02-11 11:08:40] DEBUG: Schema\Builder: ManyMany for User.emailAddresses
[2026-02-11 11:08:40] DEBUG: Schema\Builder: ManyMany for User.phoneNumbers
[2026-02-11 11:08:40] DEBUG: Schema\Builder: ManyMany for User.targetLists
[2026-02-11 11:08:40] DEBUG: Schema\Builder: ManyMany for User.accounts
[2026-02-11 11:08:40] DEBUG: Schema\Builder: ManyMany for User.calls
[2026-02-11 11:08:40] DEBUG: Schema\Builder: ManyMany for User.meetings
[2026-02-11 11:08:40] DEBUG: Schema\Builder: ManyMany for User.workingTimeRanges
[2026-02-11 11:08:40] DEBUG: Schema\Builder: ManyMany for WorkingTimeCalendar.ranges
[2026-02-11 11:08:40] DEBUG: Schema\Builder: ManyMany for Account.portalUsers
[2026-02-11 11:08:40] DEBUG: Schema\Builder: Table [account_portal_user] exists.
[2026-02-11 11:08:40] DEBUG: Schema\Builder: ManyMany for Account.targetLists
[2026-02-11 11:08:40] DEBUG: Schema\Builder: ManyMany for Account.documents
[2026-02-11 11:08:40] DEBUG: Schema\Builder: ManyMany for Account.contacts
[2026-02-11 11:08:40] DEBUG: Schema\Builder: ManyMany for Call.leads
[2026-02-11 11:08:40] DEBUG: Schema\Builder: ManyMany for Call.contacts
[2026-02-11 11:08:40] DEBUG: Schema\Builder: ManyMany for Campaign.excludingTargetLists
[2026-02-11 11:08:40] DEBUG: Schema\Builder: ManyMany for Campaign.targetLists
[2026-02-11 11:08:40] DEBUG: Schema\Builder: ManyMany for Case.articles
[2026-02-11 11:08:40] DEBUG: Schema\Builder: ManyMany for Case.contacts
[2026-02-11 11:08:40] DEBUG: Schema\Builder: ManyMany for Contact.documents
[2026-02-11 11:08:40] DEBUG: Schema\Builder: ManyMany for Contact.targetLists
[2026-02-11 11:08:40] DEBUG: Schema\Builder: ManyMany for Contact.meetings
[2026-02-11 11:08:40] DEBUG: Schema\Builder: ManyMany for Contact.opportunities
[2026-02-11 11:08:40] DEBUG: Schema\Builder: ManyMany for Document.leads
[2026-02-11 11:08:40] DEBUG: Schema\Builder: ManyMany for Document.opportunities
[2026-02-11 11:08:40] DEBUG: Schema\Builder: ManyMany for KnowledgeBaseArticle.categories
[2026-02-11 11:08:40] DEBUG: Schema\Builder: ManyMany for Lead.targetLists
[2026-02-11 11:08:40] DEBUG: Schema\Builder: ManyMany for Lead.meetings
[2026-02-11 11:08:40] DEBUG: Schema\Builder: ManyMany for MassEmail.excludingTargetLists
[2026-02-11 11:08:40] DEBUG: Schema\Builder: ManyMany for MassEmail.targetLists
[2026-02-11 11:08:40] DEBUG: Schema\Builder - End
[2026-02-11 11:11:44] DEBUG: Schema\Builder - Start
[2026-02-11 11:11:44] DEBUG: Schema\Builder: Entity ActionHistoryRecord
[2026-02-11 11:11:44] DEBUG: Schema\Builder: Entity AddressCountry
[2026-02-11 11:11:44] DEBUG: Schema\Builder: Entity AppLogRecord
[2026-02-11 11:11:44] DEBUG: Schema\Builder: Entity AppSecret
[2026-02-11 11:11:44] DEBUG: Schema\Builder: Entity ArrayValue
[2026-02-11 11:11:44] DEBUG: Schema\Builder: Entity Attachment
[2026-02-11 11:11:44] DEBUG: Schema\Builder: Entity AuthLogRecord
[2026-02-11 11:11:44] DEBUG: Schema\Builder: Entity AuthToken
[2026-02-11 11:11:44] DEBUG: Schema\Builder: Entity AuthenticationProvider
[2026-02-11 11:11:44] DEBUG: Schema\Builder: Entity Autofollow
[2026-02-11 11:11:44] DEBUG: Schema\Builder: Entity Currency
[2026-02-11 11:11:44] DEBUG: Schema\Builder: Entity DashboardTemplate
[2026-02-11 11:11:44] DEBUG: Schema\Builder: Entity Email
[2026-02-11 11:11:44] DEBUG: Schema\Builder: Entity EmailAccount
[2026-02-11 11:11:44] DEBUG: Schema\Builder: Entity EmailAddress
[2026-02-11 11:11:44] DEBUG: Schema\Builder: Entity EmailFilter
[2026-02-11 11:11:44] DEBUG: Schema\Builder: Entity EmailFolder
[2026-02-11 11:11:44] DEBUG: Schema\Builder: Entity EmailTemplate
[2026-02-11 11:11:44] DEBUG: Schema\Builder: Entity EmailTemplateCategory
[2026-02-11 11:11:44] DEBUG: Schema\Builder: Entity Export
[2026-02-11 11:11:44] DEBUG: Schema\Builder: Entity Extension
[2026-02-11 11:11:44] DEBUG: Schema\Builder: Entity ExternalAccount
[2026-02-11 11:11:44] DEBUG: Schema\Builder: Entity GroupEmailFolder
[2026-02-11 11:11:44] DEBUG: Schema\Builder: Entity Import
[2026-02-11 11:11:44] DEBUG: Schema\Builder: Entity ImportEntity
[2026-02-11 11:11:44] DEBUG: Schema\Builder: Entity ImportError
[2026-02-11 11:11:44] DEBUG: Schema\Builder: Entity InboundEmail
[2026-02-11 11:11:44] DEBUG: Schema\Builder: Entity Integration
[2026-02-11 11:11:44] DEBUG: Schema\Builder: Entity Job
[2026-02-11 11:11:44] DEBUG: Schema\Builder: Entity KanbanOrder
[2026-02-11 11:11:44] DEBUG: Schema\Builder: Entity LayoutRecord
[2026-02-11 11:11:44] DEBUG: Schema\Builder: Entity LayoutSet
[2026-02-11 11:11:44] DEBUG: Schema\Builder: Entity LeadCapture
[2026-02-11 11:11:44] DEBUG: Schema\Builder: Entity LeadCaptureLogRecord
[2026-02-11 11:11:44] DEBUG: Schema\Builder: Entity MassAction
[2026-02-11 11:11:44] DEBUG: Schema\Builder: Entity NextNumber
[2026-02-11 11:11:44] DEBUG: Schema\Builder: Entity Note
[2026-02-11 11:11:44] DEBUG: Schema\Builder: Entity Notification
[2026-02-11 11:11:44] DEBUG: Schema\Builder: Entity OAuthAccount
[2026-02-11 11:11:44] DEBUG: Schema\Builder: Entity OAuthProvider
[2026-02-11 11:11:44] DEBUG: Schema\Builder: Entity PasswordChangeRequest
[2026-02-11 11:11:44] DEBUG: Schema\Builder: Entity PhoneNumber
[2026-02-11 11:11:44] DEBUG: Schema\Builder: Entity Portal
[2026-02-11 11:11:44] DEBUG: Schema\Builder: Entity PortalRole
[2026-02-11 11:11:44] DEBUG: Schema\Builder: Entity Preferences
[2026-02-11 11:11:44] DEBUG: Schema\Builder: Entity Role
[2026-02-11 11:11:44] DEBUG: Schema\Builder: Entity ScheduledJob
[2026-02-11 11:11:44] DEBUG: Schema\Builder: Entity ScheduledJobLogRecord
[2026-02-11 11:11:44] DEBUG: Schema\Builder: Entity Sms
[2026-02-11 11:11:44] DEBUG: Schema\Builder: Entity StarSubscription
[2026-02-11 11:11:44] DEBUG: Schema\Builder: Entity StreamSubscription
[2026-02-11 11:11:44] DEBUG: Schema\Builder: Entity SystemData
[2026-02-11 11:11:44] DEBUG: Schema\Builder: Entity Team
[2026-02-11 11:11:44] DEBUG: Schema\Builder: Entity Template
[2026-02-11 11:11:44] DEBUG: Schema\Builder: Entity TwoFactorCode
[2026-02-11 11:11:44] DEBUG: Schema\Builder: Entity UniqueId
[2026-02-11 11:11:44] DEBUG: Schema\Builder: Entity User
[2026-02-11 11:11:44] DEBUG: Schema\Builder: Entity UserData
[2026-02-11 11:11:44] DEBUG: Schema\Builder: Entity UserReaction
[2026-02-11 11:11:44] DEBUG: Schema\Builder: Entity Webhook
[2026-02-11 11:11:44] DEBUG: Schema\Builder: Entity WebhookEventQueueItem
[2026-02-11 11:11:44] DEBUG: Schema\Builder: Entity WebhookQueueItem
[2026-02-11 11:11:44] DEBUG: Schema\Builder: Entity WorkingTimeCalendar
[2026-02-11 11:11:44] DEBUG: Schema\Builder: Entity WorkingTimeRange
[2026-02-11 11:11:44] DEBUG: Schema\Builder: Entity Account
[2026-02-11 11:11:44] DEBUG: Schema\Builder: Entity Call
[2026-02-11 11:11:44] DEBUG: Schema\Builder: Entity Campaign
[2026-02-11 11:11:44] DEBUG: Schema\Builder: Entity CampaignLogRecord
[2026-02-11 11:11:44] DEBUG: Schema\Builder: Entity CampaignTrackingUrl
[2026-02-11 11:11:44] DEBUG: Schema\Builder: Entity Case
[2026-02-11 11:11:44] DEBUG: Schema\Builder: Entity Contact
[2026-02-11 11:11:44] DEBUG: Schema\Builder: Entity Document
[2026-02-11 11:11:44] DEBUG: Schema\Builder: Entity DocumentFolder
[2026-02-11 11:11:44] DEBUG: Schema\Builder: Entity EmailQueueItem
[2026-02-11 11:11:44] DEBUG: Schema\Builder: Entity KnowledgeBaseArticle
[2026-02-11 11:11:44] DEBUG: Schema\Builder: Entity KnowledgeBaseCategory
[2026-02-11 11:11:44] DEBUG: Schema\Builder: Entity Lead
[2026-02-11 11:11:44] DEBUG: Schema\Builder: Entity MassEmail
[2026-02-11 11:11:44] DEBUG: Schema\Builder: Entity Meeting
[2026-02-11 11:11:44] DEBUG: Schema\Builder: Entity Opportunity
[2026-02-11 11:11:44] DEBUG: Schema\Builder: Entity Reminder
[2026-02-11 11:11:44] DEBUG: Schema\Builder: Entity Target
[2026-02-11 11:11:44] DEBUG: Schema\Builder: Entity TargetList
[2026-02-11 11:11:44] DEBUG: Schema\Builder: Entity TargetListCategory
[2026-02-11 11:11:44] DEBUG: Schema\Builder: Entity Task
[2026-02-11 11:11:44] DEBUG: Schema\Builder: Entity CADHAR
[2026-02-11 11:11:44] DEBUG: Schema\Builder: Entity CAttendanceRecord
[2026-02-11 11:11:44] DEBUG: Schema\Builder: Entity CBanks
[2026-02-11 11:11:44] DEBUG: Schema\Builder: Entity CCity
[2026-02-11 11:11:44] DEBUG: Schema\Builder: Entity CContactType
[2026-02-11 11:11:44] DEBUG: Schema\Builder: Entity CCountry
[2026-02-11 11:11:44] DEBUG: Schema\Builder: Entity CDepartment
[2026-02-11 11:11:44] DEBUG: Schema\Builder: Entity CDependantRelation
[2026-02-11 11:11:44] DEBUG: Schema\Builder: Entity CDocumentType
[2026-02-11 11:11:44] DEBUG: Schema\Builder: Entity CDrivingLicense
[2026-02-11 11:11:44] DEBUG: Schema\Builder: Entity CEmployee
[2026-02-11 11:11:44] DEBUG: Schema\Builder: Entity CEmployeeAddress
[2026-02-11 11:11:44] DEBUG: Schema\Builder: Entity CEmployeeBank
[2026-02-11 11:11:44] DEBUG: Schema\Builder: Entity CEmployeeContact
[2026-02-11 11:11:44] DEBUG: Schema\Builder: Entity CEmployeeDependent
[2026-02-11 11:11:44] DEBUG: Schema\Builder: Entity CEmployeeDocuments
[2026-02-11 11:11:44] DEBUG: Schema\Builder: Entity CEmployeePastExperience
[2026-02-11 11:11:44] DEBUG: Schema\Builder: Entity CPanCard
[2026-02-11 11:11:44] DEBUG: Schema\Builder: Entity CPassport
[2026-02-11 11:11:44] DEBUG: Schema\Builder: Entity CState
[2026-02-11 11:11:44] DEBUG: Schema\Builder: Entity CVoterIdCard
[2026-02-11 11:11:44] DEBUG: Schema\Builder: Entity CWorkRole
[2026-02-11 11:11:44] DEBUG: Schema\Builder: Entity EmailTemplateCategoryPath
[2026-02-11 11:11:44] DEBUG: Schema\Builder: Entity DocumentFolderPath
[2026-02-11 11:11:44] DEBUG: Schema\Builder: Entity KnowledgeBaseCategoryPath
[2026-02-11 11:11:44] DEBUG: Schema\Builder: Entity TargetListCategoryPath
[2026-02-11 11:11:44] DEBUG: Schema\Builder: ManyMany for Email.emailAccounts
[2026-02-11 11:11:44] DEBUG: Schema\Builder: ManyMany for Email.inboundEmails
[2026-02-11 11:11:44] DEBUG: Schema\Builder: ManyMany for Email.replyToEmailAddresses
[2026-02-11 11:11:44] DEBUG: Schema\Builder: ManyMany for Email.users
[2026-02-11 11:11:44] DEBUG: Schema\Builder: ManyMany for Email.assignedUsers
[2026-02-11 11:11:44] DEBUG: Schema\Builder: ManyMany for Email.teams
[2026-02-11 11:11:44] DEBUG: Schema\Builder: ManyMany for GroupEmailFolder.teams
[2026-02-11 11:11:44] DEBUG: Schema\Builder: ManyMany for InboundEmail.teams
[2026-02-11 11:11:44] DEBUG: Schema\Builder: ManyMany for Note.users
[2026-02-11 11:11:44] DEBUG: Schema\Builder: ManyMany for Note.portals
[2026-02-11 11:11:44] DEBUG: Schema\Builder: ManyMany for Note.teams
[2026-02-11 11:11:44] DEBUG: Schema\Builder: ManyMany for Portal.articles
[2026-02-11 11:11:44] DEBUG: Schema\Builder: ManyMany for Portal.portalRoles
[2026-02-11 11:11:44] DEBUG: Schema\Builder: ManyMany for Portal.users
[2026-02-11 11:11:44] DEBUG: Schema\Builder: ManyMany for PortalRole.users
[2026-02-11 11:11:44] DEBUG: Schema\Builder: ManyMany for Role.teams
[2026-02-11 11:11:44] DEBUG: Schema\Builder: ManyMany for Role.users
[2026-02-11 11:11:44] DEBUG: Schema\Builder: ManyMany for Sms.toPhoneNumbers
[2026-02-11 11:11:44] DEBUG: Schema\Builder: ManyMany for Team.users
[2026-02-11 11:11:44] DEBUG: Schema\Builder: ManyMany for User.emailAddresses
[2026-02-11 11:11:44] DEBUG: Schema\Builder: ManyMany for User.phoneNumbers
[2026-02-11 11:11:44] DEBUG: Schema\Builder: ManyMany for User.targetLists
[2026-02-11 11:11:44] DEBUG: Schema\Builder: ManyMany for User.accounts
[2026-02-11 11:11:44] DEBUG: Schema\Builder: ManyMany for User.calls
[2026-02-11 11:11:44] DEBUG: Schema\Builder: ManyMany for User.meetings
[2026-02-11 11:11:44] DEBUG: Schema\Builder: ManyMany for User.workingTimeRanges
[2026-02-11 11:11:44] DEBUG: Schema\Builder: ManyMany for WorkingTimeCalendar.ranges
[2026-02-11 11:11:44] DEBUG: Schema\Builder: ManyMany for Account.portalUsers
[2026-02-11 11:11:44] DEBUG: Schema\Builder: Table [account_portal_user] exists.
[2026-02-11 11:11:44] DEBUG: Schema\Builder: ManyMany for Account.targetLists
[2026-02-11 11:11:44] DEBUG: Schema\Builder: ManyMany for Account.documents
[2026-02-11 11:11:44] DEBUG: Schema\Builder: ManyMany for Account.contacts
[2026-02-11 11:11:44] DEBUG: Schema\Builder: ManyMany for Call.leads
[2026-02-11 11:11:44] DEBUG: Schema\Builder: ManyMany for Call.contacts
[2026-02-11 11:11:44] DEBUG: Schema\Builder: ManyMany for Campaign.excludingTargetLists
[2026-02-11 11:11:44] DEBUG: Schema\Builder: ManyMany for Campaign.targetLists
[2026-02-11 11:11:44] DEBUG: Schema\Builder: ManyMany for Case.articles
[2026-02-11 11:11:44] DEBUG: Schema\Builder: ManyMany for Case.contacts
[2026-02-11 11:11:44] DEBUG: Schema\Builder: ManyMany for Contact.documents
[2026-02-11 11:11:44] DEBUG: Schema\Builder: ManyMany for Contact.targetLists
[2026-02-11 11:11:44] DEBUG: Schema\Builder: ManyMany for Contact.meetings
[2026-02-11 11:11:44] DEBUG: Schema\Builder: ManyMany for Contact.opportunities
[2026-02-11 11:11:44] DEBUG: Schema\Builder: ManyMany for Document.leads
[2026-02-11 11:11:44] DEBUG: Schema\Builder: ManyMany for Document.opportunities
[2026-02-11 11:11:44] DEBUG: Schema\Builder: ManyMany for KnowledgeBaseArticle.categories
[2026-02-11 11:11:44] DEBUG: Schema\Builder: ManyMany for Lead.targetLists
[2026-02-11 11:11:44] DEBUG: Schema\Builder: ManyMany for Lead.meetings
[2026-02-11 11:11:44] DEBUG: Schema\Builder: ManyMany for MassEmail.excludingTargetLists
[2026-02-11 11:11:44] DEBUG: Schema\Builder: ManyMany for MassEmail.targetLists
[2026-02-11 11:11:44] DEBUG: Schema\Builder - End
[2026-02-11 11:13:43] DEBUG: Schema\Builder - Start
[2026-02-11 11:13:43] DEBUG: Schema\Builder: Entity ActionHistoryRecord
[2026-02-11 11:13:43] DEBUG: Schema\Builder: Entity AddressCountry
[2026-02-11 11:13:43] DEBUG: Schema\Builder: Entity AppLogRecord
[2026-02-11 11:13:43] DEBUG: Schema\Builder: Entity AppSecret
[2026-02-11 11:13:43] DEBUG: Schema\Builder: Entity ArrayValue
[2026-02-11 11:13:43] DEBUG: Schema\Builder: Entity Attachment
[2026-02-11 11:13:43] DEBUG: Schema\Builder: Entity AuthLogRecord
[2026-02-11 11:13:43] DEBUG: Schema\Builder: Entity AuthToken
[2026-02-11 11:13:43] DEBUG: Schema\Builder: Entity AuthenticationProvider
[2026-02-11 11:13:43] DEBUG: Schema\Builder: Entity Autofollow
[2026-02-11 11:13:43] DEBUG: Schema\Builder: Entity Currency
[2026-02-11 11:13:43] DEBUG: Schema\Builder: Entity DashboardTemplate
[2026-02-11 11:13:43] DEBUG: Schema\Builder: Entity Email
[2026-02-11 11:13:43] DEBUG: Schema\Builder: Entity EmailAccount
[2026-02-11 11:13:43] DEBUG: Schema\Builder: Entity EmailAddress
[2026-02-11 11:13:43] DEBUG: Schema\Builder: Entity EmailFilter
[2026-02-11 11:13:43] DEBUG: Schema\Builder: Entity EmailFolder
[2026-02-11 11:13:43] DEBUG: Schema\Builder: Entity EmailTemplate
[2026-02-11 11:13:43] DEBUG: Schema\Builder: Entity EmailTemplateCategory
[2026-02-11 11:13:43] DEBUG: Schema\Builder: Entity Export
[2026-02-11 11:13:43] DEBUG: Schema\Builder: Entity Extension
[2026-02-11 11:13:43] DEBUG: Schema\Builder: Entity ExternalAccount
[2026-02-11 11:13:43] DEBUG: Schema\Builder: Entity GroupEmailFolder
[2026-02-11 11:13:43] DEBUG: Schema\Builder: Entity Import
[2026-02-11 11:13:43] DEBUG: Schema\Builder: Entity ImportEntity
[2026-02-11 11:13:43] DEBUG: Schema\Builder: Entity ImportError
[2026-02-11 11:13:43] DEBUG: Schema\Builder: Entity InboundEmail
[2026-02-11 11:13:43] DEBUG: Schema\Builder: Entity Integration
[2026-02-11 11:13:43] DEBUG: Schema\Builder: Entity Job
[2026-02-11 11:13:43] DEBUG: Schema\Builder: Entity KanbanOrder
[2026-02-11 11:13:43] DEBUG: Schema\Builder: Entity LayoutRecord
[2026-02-11 11:13:43] DEBUG: Schema\Builder: Entity LayoutSet
[2026-02-11 11:13:43] DEBUG: Schema\Builder: Entity LeadCapture
[2026-02-11 11:13:43] DEBUG: Schema\Builder: Entity LeadCaptureLogRecord
[2026-02-11 11:13:43] DEBUG: Schema\Builder: Entity MassAction
[2026-02-11 11:13:43] DEBUG: Schema\Builder: Entity NextNumber
[2026-02-11 11:13:43] DEBUG: Schema\Builder: Entity Note
[2026-02-11 11:13:43] DEBUG: Schema\Builder: Entity Notification
[2026-02-11 11:13:43] DEBUG: Schema\Builder: Entity OAuthAccount
[2026-02-11 11:13:43] DEBUG: Schema\Builder: Entity OAuthProvider
[2026-02-11 11:13:43] DEBUG: Schema\Builder: Entity PasswordChangeRequest
[2026-02-11 11:13:43] DEBUG: Schema\Builder: Entity PhoneNumber
[2026-02-11 11:13:43] DEBUG: Schema\Builder: Entity Portal
[2026-02-11 11:13:43] DEBUG: Schema\Builder: Entity PortalRole
[2026-02-11 11:13:43] DEBUG: Schema\Builder: Entity Preferences
[2026-02-11 11:13:43] DEBUG: Schema\Builder: Entity Role
[2026-02-11 11:13:43] DEBUG: Schema\Builder: Entity ScheduledJob
[2026-02-11 11:13:43] DEBUG: Schema\Builder: Entity ScheduledJobLogRecord
[2026-02-11 11:13:43] DEBUG: Schema\Builder: Entity Sms
[2026-02-11 11:13:43] DEBUG: Schema\Builder: Entity StarSubscription
[2026-02-11 11:13:43] DEBUG: Schema\Builder: Entity StreamSubscription
[2026-02-11 11:13:43] DEBUG: Schema\Builder: Entity SystemData
[2026-02-11 11:13:43] DEBUG: Schema\Builder: Entity Team
[2026-02-11 11:13:43] DEBUG: Schema\Builder: Entity Template
[2026-02-11 11:13:43] DEBUG: Schema\Builder: Entity TwoFactorCode
[2026-02-11 11:13:43] DEBUG: Schema\Builder: Entity UniqueId
[2026-02-11 11:13:43] DEBUG: Schema\Builder: Entity User
[2026-02-11 11:13:43] DEBUG: Schema\Builder: Entity UserData
[2026-02-11 11:13:43] DEBUG: Schema\Builder: Entity UserReaction
[2026-02-11 11:13:43] DEBUG: Schema\Builder: Entity Webhook
[2026-02-11 11:13:43] DEBUG: Schema\Builder: Entity WebhookEventQueueItem
[2026-02-11 11:13:43] DEBUG: Schema\Builder: Entity WebhookQueueItem
[2026-02-11 11:13:43] DEBUG: Schema\Builder: Entity WorkingTimeCalendar
[2026-02-11 11:13:43] DEBUG: Schema\Builder: Entity WorkingTimeRange
[2026-02-11 11:13:43] DEBUG: Schema\Builder: Entity Account
[2026-02-11 11:13:43] DEBUG: Schema\Builder: Entity Call
[2026-02-11 11:13:43] DEBUG: Schema\Builder: Entity Campaign
[2026-02-11 11:13:43] DEBUG: Schema\Builder: Entity CampaignLogRecord
[2026-02-11 11:13:43] DEBUG: Schema\Builder: Entity CampaignTrackingUrl
[2026-02-11 11:13:43] DEBUG: Schema\Builder: Entity Case
[2026-02-11 11:13:43] DEBUG: Schema\Builder: Entity Contact
[2026-02-11 11:13:43] DEBUG: Schema\Builder: Entity Document
[2026-02-11 11:13:43] DEBUG: Schema\Builder: Entity DocumentFolder
[2026-02-11 11:13:43] DEBUG: Schema\Builder: Entity EmailQueueItem
[2026-02-11 11:13:43] DEBUG: Schema\Builder: Entity KnowledgeBaseArticle
[2026-02-11 11:13:43] DEBUG: Schema\Builder: Entity KnowledgeBaseCategory
[2026-02-11 11:13:43] DEBUG: Schema\Builder: Entity Lead
[2026-02-11 11:13:43] DEBUG: Schema\Builder: Entity MassEmail
[2026-02-11 11:13:43] DEBUG: Schema\Builder: Entity Meeting
[2026-02-11 11:13:43] DEBUG: Schema\Builder: Entity Opportunity
[2026-02-11 11:13:43] DEBUG: Schema\Builder: Entity Reminder
[2026-02-11 11:13:43] DEBUG: Schema\Builder: Entity Target
[2026-02-11 11:13:43] DEBUG: Schema\Builder: Entity TargetList
[2026-02-11 11:13:43] DEBUG: Schema\Builder: Entity TargetListCategory
[2026-02-11 11:13:43] DEBUG: Schema\Builder: Entity Task
[2026-02-11 11:13:43] DEBUG: Schema\Builder: Entity CADHAR
[2026-02-11 11:13:43] DEBUG: Schema\Builder: Entity CAttendanceRecord
[2026-02-11 11:13:43] DEBUG: Schema\Builder: Entity CBanks
[2026-02-11 11:13:43] DEBUG: Schema\Builder: Entity CCity
[2026-02-11 11:13:43] DEBUG: Schema\Builder: Entity CContactType
[2026-02-11 11:13:43] DEBUG: Schema\Builder: Entity CCountry
[2026-02-11 11:13:43] DEBUG: Schema\Builder: Entity CDepartment
[2026-02-11 11:13:43] DEBUG: Schema\Builder: Entity CDependantRelation
[2026-02-11 11:13:43] DEBUG: Schema\Builder: Entity CDocumentType
[2026-02-11 11:13:43] DEBUG: Schema\Builder: Entity CDrivingLicense
[2026-02-11 11:13:43] DEBUG: Schema\Builder: Entity CEmployee
[2026-02-11 11:13:43] DEBUG: Schema\Builder: Entity CEmployeeAddress
[2026-02-11 11:13:43] DEBUG: Schema\Builder: Entity CEmployeeBank
[2026-02-11 11:13:43] DEBUG: Schema\Builder: Entity CEmployeeContact
[2026-02-11 11:13:43] DEBUG: Schema\Builder: Entity CEmployeeDependent
[2026-02-11 11:13:43] DEBUG: Schema\Builder: Entity CEmployeeDocuments
[2026-02-11 11:13:43] DEBUG: Schema\Builder: Entity CEmployeePastExperience
[2026-02-11 11:13:43] DEBUG: Schema\Builder: Entity CPanCard
[2026-02-11 11:13:43] DEBUG: Schema\Builder: Entity CPassport
[2026-02-11 11:13:43] DEBUG: Schema\Builder: Entity CState
[2026-02-11 11:13:43] DEBUG: Schema\Builder: Entity CVoterIdCard
[2026-02-11 11:13:43] DEBUG: Schema\Builder: Entity CWorkRole
[2026-02-11 11:13:43] DEBUG: Schema\Builder: Entity EmailTemplateCategoryPath
[2026-02-11 11:13:43] DEBUG: Schema\Builder: Entity DocumentFolderPath
[2026-02-11 11:13:43] DEBUG: Schema\Builder: Entity KnowledgeBaseCategoryPath
[2026-02-11 11:13:43] DEBUG: Schema\Builder: Entity TargetListCategoryPath
[2026-02-11 11:13:43] DEBUG: Schema\Builder: ManyMany for Email.emailAccounts
[2026-02-11 11:13:43] DEBUG: Schema\Builder: ManyMany for Email.inboundEmails
[2026-02-11 11:13:43] DEBUG: Schema\Builder: ManyMany for Email.replyToEmailAddresses
[2026-02-11 11:13:43] DEBUG: Schema\Builder: ManyMany for Email.users
[2026-02-11 11:13:43] DEBUG: Schema\Builder: ManyMany for Email.assignedUsers
[2026-02-11 11:13:43] DEBUG: Schema\Builder: ManyMany for Email.teams
[2026-02-11 11:13:43] DEBUG: Schema\Builder: ManyMany for GroupEmailFolder.teams
[2026-02-11 11:13:43] DEBUG: Schema\Builder: ManyMany for InboundEmail.teams
[2026-02-11 11:13:43] DEBUG: Schema\Builder: ManyMany for Note.users
[2026-02-11 11:13:43] DEBUG: Schema\Builder: ManyMany for Note.portals
[2026-02-11 11:13:43] DEBUG: Schema\Builder: ManyMany for Note.teams
[2026-02-11 11:13:43] DEBUG: Schema\Builder: ManyMany for Portal.articles
[2026-02-11 11:13:43] DEBUG: Schema\Builder: ManyMany for Portal.portalRoles
[2026-02-11 11:13:43] DEBUG: Schema\Builder: ManyMany for Portal.users
[2026-02-11 11:13:43] DEBUG: Schema\Builder: ManyMany for PortalRole.users
[2026-02-11 11:13:43] DEBUG: Schema\Builder: ManyMany for Role.teams
[2026-02-11 11:13:43] DEBUG: Schema\Builder: ManyMany for Role.users
[2026-02-11 11:13:43] DEBUG: Schema\Builder: ManyMany for Sms.toPhoneNumbers
[2026-02-11 11:13:43] DEBUG: Schema\Builder: ManyMany for Team.users
[2026-02-11 11:13:43] DEBUG: Schema\Builder: ManyMany for User.emailAddresses
[2026-02-11 11:13:43] DEBUG: Schema\Builder: ManyMany for User.phoneNumbers
[2026-02-11 11:13:43] DEBUG: Schema\Builder: ManyMany for User.targetLists
[2026-02-11 11:13:43] DEBUG: Schema\Builder: ManyMany for User.accounts
[2026-02-11 11:13:43] DEBUG: Schema\Builder: ManyMany for User.calls
[2026-02-11 11:13:43] DEBUG: Schema\Builder: ManyMany for User.meetings
[2026-02-11 11:13:43] DEBUG: Schema\Builder: ManyMany for User.workingTimeRanges
[2026-02-11 11:13:43] DEBUG: Schema\Builder: ManyMany for WorkingTimeCalendar.ranges
[2026-02-11 11:13:43] DEBUG: Schema\Builder: ManyMany for Account.portalUsers
[2026-02-11 11:13:43] DEBUG: Schema\Builder: Table [account_portal_user] exists.
[2026-02-11 11:13:43] DEBUG: Schema\Builder: ManyMany for Account.targetLists
[2026-02-11 11:13:43] DEBUG: Schema\Builder: ManyMany for Account.documents
[2026-02-11 11:13:43] DEBUG: Schema\Builder: ManyMany for Account.contacts
[2026-02-11 11:13:43] DEBUG: Schema\Builder: ManyMany for Call.leads
[2026-02-11 11:13:43] DEBUG: Schema\Builder: ManyMany for Call.contacts
[2026-02-11 11:13:43] DEBUG: Schema\Builder: ManyMany for Campaign.excludingTargetLists
[2026-02-11 11:13:43] DEBUG: Schema\Builder: ManyMany for Campaign.targetLists
[2026-02-11 11:13:43] DEBUG: Schema\Builder: ManyMany for Case.articles
[2026-02-11 11:13:43] DEBUG: Schema\Builder: ManyMany for Case.contacts
[2026-02-11 11:13:43] DEBUG: Schema\Builder: ManyMany for Contact.documents
[2026-02-11 11:13:43] DEBUG: Schema\Builder: ManyMany for Contact.targetLists
[2026-02-11 11:13:43] DEBUG: Schema\Builder: ManyMany for Contact.meetings
[2026-02-11 11:13:43] DEBUG: Schema\Builder: ManyMany for Contact.opportunities
[2026-02-11 11:13:43] DEBUG: Schema\Builder: ManyMany for Document.leads
[2026-02-11 11:13:43] DEBUG: Schema\Builder: ManyMany for Document.opportunities
[2026-02-11 11:13:43] DEBUG: Schema\Builder: ManyMany for KnowledgeBaseArticle.categories
[2026-02-11 11:13:43] DEBUG: Schema\Builder: ManyMany for Lead.targetLists
[2026-02-11 11:13:43] DEBUG: Schema\Builder: ManyMany for Lead.meetings
[2026-02-11 11:13:43] DEBUG: Schema\Builder: ManyMany for MassEmail.excludingTargetLists
[2026-02-11 11:13:43] DEBUG: Schema\Builder: ManyMany for MassEmail.targetLists
[2026-02-11 11:13:43] DEBUG: Schema\Builder - End
[2026-02-11 11:16:51] DEBUG: Schema\Builder - Start
[2026-02-11 11:16:51] DEBUG: Schema\Builder: Entity ActionHistoryRecord
[2026-02-11 11:16:51] DEBUG: Schema\Builder: Entity AddressCountry
[2026-02-11 11:16:51] DEBUG: Schema\Builder: Entity AppLogRecord
[2026-02-11 11:16:51] DEBUG: Schema\Builder: Entity AppSecret
[2026-02-11 11:16:51] DEBUG: Schema\Builder: Entity ArrayValue
[2026-02-11 11:16:51] DEBUG: Schema\Builder: Entity Attachment
[2026-02-11 11:16:51] DEBUG: Schema\Builder: Entity AuthLogRecord
[2026-02-11 11:16:51] DEBUG: Schema\Builder: Entity AuthToken
[2026-02-11 11:16:51] DEBUG: Schema\Builder: Entity AuthenticationProvider
[2026-02-11 11:16:51] DEBUG: Schema\Builder: Entity Autofollow
[2026-02-11 11:16:51] DEBUG: Schema\Builder: Entity Currency
[2026-02-11 11:16:51] DEBUG: Schema\Builder: Entity DashboardTemplate
[2026-02-11 11:16:51] DEBUG: Schema\Builder: Entity Email
[2026-02-11 11:16:51] DEBUG: Schema\Builder: Entity EmailAccount
[2026-02-11 11:16:51] DEBUG: Schema\Builder: Entity EmailAddress
[2026-02-11 11:16:51] DEBUG: Schema\Builder: Entity EmailFilter
[2026-02-11 11:16:51] DEBUG: Schema\Builder: Entity EmailFolder
[2026-02-11 11:16:51] DEBUG: Schema\Builder: Entity EmailTemplate
[2026-02-11 11:16:51] DEBUG: Schema\Builder: Entity EmailTemplateCategory
[2026-02-11 11:16:51] DEBUG: Schema\Builder: Entity Export
[2026-02-11 11:16:51] DEBUG: Schema\Builder: Entity Extension
[2026-02-11 11:16:51] DEBUG: Schema\Builder: Entity ExternalAccount
[2026-02-11 11:16:51] DEBUG: Schema\Builder: Entity GroupEmailFolder
[2026-02-11 11:16:51] DEBUG: Schema\Builder: Entity Import
[2026-02-11 11:16:51] DEBUG: Schema\Builder: Entity ImportEntity
[2026-02-11 11:16:51] DEBUG: Schema\Builder: Entity ImportError
[2026-02-11 11:16:51] DEBUG: Schema\Builder: Entity InboundEmail
[2026-02-11 11:16:51] DEBUG: Schema\Builder: Entity Integration
[2026-02-11 11:16:51] DEBUG: Schema\Builder: Entity Job
[2026-02-11 11:16:51] DEBUG: Schema\Builder: Entity KanbanOrder
[2026-02-11 11:16:51] DEBUG: Schema\Builder: Entity LayoutRecord
[2026-02-11 11:16:51] DEBUG: Schema\Builder: Entity LayoutSet
[2026-02-11 11:16:51] DEBUG: Schema\Builder: Entity LeadCapture
[2026-02-11 11:16:51] DEBUG: Schema\Builder: Entity LeadCaptureLogRecord
[2026-02-11 11:16:51] DEBUG: Schema\Builder: Entity MassAction
[2026-02-11 11:16:51] DEBUG: Schema\Builder: Entity NextNumber
[2026-02-11 11:16:51] DEBUG: Schema\Builder: Entity Note
[2026-02-11 11:16:51] DEBUG: Schema\Builder: Entity Notification
[2026-02-11 11:16:51] DEBUG: Schema\Builder: Entity OAuthAccount
[2026-02-11 11:16:51] DEBUG: Schema\Builder: Entity OAuthProvider
[2026-02-11 11:16:51] DEBUG: Schema\Builder: Entity PasswordChangeRequest
[2026-02-11 11:16:51] DEBUG: Schema\Builder: Entity PhoneNumber
[2026-02-11 11:16:51] DEBUG: Schema\Builder: Entity Portal
[2026-02-11 11:16:51] DEBUG: Schema\Builder: Entity PortalRole
[2026-02-11 11:16:51] DEBUG: Schema\Builder: Entity Preferences
[2026-02-11 11:16:51] DEBUG: Schema\Builder: Entity Role
[2026-02-11 11:16:51] DEBUG: Schema\Builder: Entity ScheduledJob
[2026-02-11 11:16:51] DEBUG: Schema\Builder: Entity ScheduledJobLogRecord
[2026-02-11 11:16:51] DEBUG: Schema\Builder: Entity Sms
[2026-02-11 11:16:51] DEBUG: Schema\Builder: Entity StarSubscription
[2026-02-11 11:16:51] DEBUG: Schema\Builder: Entity StreamSubscription
[2026-02-11 11:16:51] DEBUG: Schema\Builder: Entity SystemData
[2026-02-11 11:16:51] DEBUG: Schema\Builder: Entity Team
[2026-02-11 11:16:51] DEBUG: Schema\Builder: Entity Template
[2026-02-11 11:16:51] DEBUG: Schema\Builder: Entity TwoFactorCode
[2026-02-11 11:16:51] DEBUG: Schema\Builder: Entity UniqueId
[2026-02-11 11:16:51] DEBUG: Schema\Builder: Entity User
[2026-02-11 11:16:51] DEBUG: Schema\Builder: Entity UserData
[2026-02-11 11:16:51] DEBUG: Schema\Builder: Entity UserReaction
[2026-02-11 11:16:51] DEBUG: Schema\Builder: Entity Webhook
[2026-02-11 11:16:51] DEBUG: Schema\Builder: Entity WebhookEventQueueItem
[2026-02-11 11:16:51] DEBUG: Schema\Builder: Entity WebhookQueueItem
[2026-02-11 11:16:51] DEBUG: Schema\Builder: Entity WorkingTimeCalendar
[2026-02-11 11:16:51] DEBUG: Schema\Builder: Entity WorkingTimeRange
[2026-02-11 11:16:51] DEBUG: Schema\Builder: Entity Account
[2026-02-11 11:16:51] DEBUG: Schema\Builder: Entity Call
[2026-02-11 11:16:51] DEBUG: Schema\Builder: Entity Campaign
[2026-02-11 11:16:51] DEBUG: Schema\Builder: Entity CampaignLogRecord
[2026-02-11 11:16:51] DEBUG: Schema\Builder: Entity CampaignTrackingUrl
[2026-02-11 11:16:51] DEBUG: Schema\Builder: Entity Case
[2026-02-11 11:16:51] DEBUG: Schema\Builder: Entity Contact
[2026-02-11 11:16:51] DEBUG: Schema\Builder: Entity Document
[2026-02-11 11:16:51] DEBUG: Schema\Builder: Entity DocumentFolder
[2026-02-11 11:16:51] DEBUG: Schema\Builder: Entity EmailQueueItem
[2026-02-11 11:16:51] DEBUG: Schema\Builder: Entity KnowledgeBaseArticle
[2026-02-11 11:16:51] DEBUG: Schema\Builder: Entity KnowledgeBaseCategory
[2026-02-11 11:16:51] DEBUG: Schema\Builder: Entity Lead
[2026-02-11 11:16:51] DEBUG: Schema\Builder: Entity MassEmail
[2026-02-11 11:16:51] DEBUG: Schema\Builder: Entity Meeting
[2026-02-11 11:16:51] DEBUG: Schema\Builder: Entity Opportunity
[2026-02-11 11:16:51] DEBUG: Schema\Builder: Entity Reminder
[2026-02-11 11:16:51] DEBUG: Schema\Builder: Entity Target
[2026-02-11 11:16:51] DEBUG: Schema\Builder: Entity TargetList
[2026-02-11 11:16:51] DEBUG: Schema\Builder: Entity TargetListCategory
[2026-02-11 11:16:51] DEBUG: Schema\Builder: Entity Task
[2026-02-11 11:16:51] DEBUG: Schema\Builder: Entity CADHAR
[2026-02-11 11:16:51] DEBUG: Schema\Builder: Entity CAttendanceRecord
[2026-02-11 11:16:51] DEBUG: Schema\Builder: Entity CBanks
[2026-02-11 11:16:51] DEBUG: Schema\Builder: Entity CCity
[2026-02-11 11:16:51] DEBUG: Schema\Builder: Entity CContactType
[2026-02-11 11:16:51] DEBUG: Schema\Builder: Entity CCountry
[2026-02-11 11:16:51] DEBUG: Schema\Builder: Entity CDepartment
[2026-02-11 11:16:51] DEBUG: Schema\Builder: Entity CDependantRelation
[2026-02-11 11:16:51] DEBUG: Schema\Builder: Entity CDocumentType
[2026-02-11 11:16:51] DEBUG: Schema\Builder: Entity CDrivingLicense
[2026-02-11 11:16:51] DEBUG: Schema\Builder: Entity CEmployee
[2026-02-11 11:16:51] DEBUG: Schema\Builder: Entity CEmployeeAddress
[2026-02-11 11:16:51] DEBUG: Schema\Builder: Entity CEmployeeBank
[2026-02-11 11:16:51] DEBUG: Schema\Builder: Entity CEmployeeContact
[2026-02-11 11:16:51] DEBUG: Schema\Builder: Entity CEmployeeDependent
[2026-02-11 11:16:51] DEBUG: Schema\Builder: Entity CEmployeeDocuments
[2026-02-11 11:16:51] DEBUG: Schema\Builder: Entity CEmployeePastExperience
[2026-02-11 11:16:51] DEBUG: Schema\Builder: Entity CPanCard
[2026-02-11 11:16:51] DEBUG: Schema\Builder: Entity CPassport
[2026-02-11 11:16:51] DEBUG: Schema\Builder: Entity CState
[2026-02-11 11:16:51] DEBUG: Schema\Builder: Entity CVoterIdCard
[2026-02-11 11:16:51] DEBUG: Schema\Builder: Entity CWorkRole
[2026-02-11 11:16:51] DEBUG: Schema\Builder: Entity EmailTemplateCategoryPath
[2026-02-11 11:16:51] DEBUG: Schema\Builder: Entity DocumentFolderPath
[2026-02-11 11:16:51] DEBUG: Schema\Builder: Entity KnowledgeBaseCategoryPath
[2026-02-11 11:16:51] DEBUG: Schema\Builder: Entity TargetListCategoryPath
[2026-02-11 11:16:51] DEBUG: Schema\Builder: ManyMany for Email.emailAccounts
[2026-02-11 11:16:51] DEBUG: Schema\Builder: ManyMany for Email.inboundEmails
[2026-02-11 11:16:51] DEBUG: Schema\Builder: ManyMany for Email.replyToEmailAddresses
[2026-02-11 11:16:51] DEBUG: Schema\Builder: ManyMany for Email.users
[2026-02-11 11:16:51] DEBUG: Schema\Builder: ManyMany for Email.assignedUsers
[2026-02-11 11:16:51] DEBUG: Schema\Builder: ManyMany for Email.teams
[2026-02-11 11:16:51] DEBUG: Schema\Builder: ManyMany for GroupEmailFolder.teams
[2026-02-11 11:16:51] DEBUG: Schema\Builder: ManyMany for InboundEmail.teams
[2026-02-11 11:16:51] DEBUG: Schema\Builder: ManyMany for Note.users
[2026-02-11 11:16:51] DEBUG: Schema\Builder: ManyMany for Note.portals
[2026-02-11 11:16:51] DEBUG: Schema\Builder: ManyMany for Note.teams
[2026-02-11 11:16:51] DEBUG: Schema\Builder: ManyMany for Portal.articles
[2026-02-11 11:16:51] DEBUG: Schema\Builder: ManyMany for Portal.portalRoles
[2026-02-11 11:16:51] DEBUG: Schema\Builder: ManyMany for Portal.users
[2026-02-11 11:16:51] DEBUG: Schema\Builder: ManyMany for PortalRole.users
[2026-02-11 11:16:51] DEBUG: Schema\Builder: ManyMany for Role.teams
[2026-02-11 11:16:51] DEBUG: Schema\Builder: ManyMany for Role.users
[2026-02-11 11:16:51] DEBUG: Schema\Builder: ManyMany for Sms.toPhoneNumbers
[2026-02-11 11:16:51] DEBUG: Schema\Builder: ManyMany for Team.users
[2026-02-11 11:16:51] DEBUG: Schema\Builder: ManyMany for User.emailAddresses
[2026-02-11 11:16:51] DEBUG: Schema\Builder: ManyMany for User.phoneNumbers
[2026-02-11 11:16:51] DEBUG: Schema\Builder: ManyMany for User.targetLists
[2026-02-11 11:16:51] DEBUG: Schema\Builder: ManyMany for User.accounts
[2026-02-11 11:16:51] DEBUG: Schema\Builder: ManyMany for User.calls
[2026-02-11 11:16:51] DEBUG: Schema\Builder: ManyMany for User.meetings
[2026-02-11 11:16:51] DEBUG: Schema\Builder: ManyMany for User.workingTimeRanges
[2026-02-11 11:16:51] DEBUG: Schema\Builder: ManyMany for WorkingTimeCalendar.ranges
[2026-02-11 11:16:51] DEBUG: Schema\Builder: ManyMany for Account.portalUsers
[2026-02-11 11:16:51] DEBUG: Schema\Builder: Table [account_portal_user] exists.
[2026-02-11 11:16:51] DEBUG: Schema\Builder: ManyMany for Account.targetLists
[2026-02-11 11:16:51] DEBUG: Schema\Builder: ManyMany for Account.documents
[2026-02-11 11:16:51] DEBUG: Schema\Builder: ManyMany for Account.contacts
[2026-02-11 11:16:51] DEBUG: Schema\Builder: ManyMany for Call.leads
[2026-02-11 11:16:51] DEBUG: Schema\Builder: ManyMany for Call.contacts
[2026-02-11 11:16:51] DEBUG: Schema\Builder: ManyMany for Campaign.excludingTargetLists
[2026-02-11 11:16:51] DEBUG: Schema\Builder: ManyMany for Campaign.targetLists
[2026-02-11 11:16:51] DEBUG: Schema\Builder: ManyMany for Case.articles
[2026-02-11 11:16:51] DEBUG: Schema\Builder: ManyMany for Case.contacts
[2026-02-11 11:16:51] DEBUG: Schema\Builder: ManyMany for Contact.documents
[2026-02-11 11:16:51] DEBUG: Schema\Builder: ManyMany for Contact.targetLists
[2026-02-11 11:16:51] DEBUG: Schema\Builder: ManyMany for Contact.meetings
[2026-02-11 11:16:51] DEBUG: Schema\Builder: ManyMany for Contact.opportunities
[2026-02-11 11:16:51] DEBUG: Schema\Builder: ManyMany for Document.leads
[2026-02-11 11:16:51] DEBUG: Schema\Builder: ManyMany for Document.opportunities
[2026-02-11 11:16:51] DEBUG: Schema\Builder: ManyMany for KnowledgeBaseArticle.categories
[2026-02-11 11:16:51] DEBUG: Schema\Builder: ManyMany for Lead.targetLists
[2026-02-11 11:16:51] DEBUG: Schema\Builder: ManyMany for Lead.meetings
[2026-02-11 11:16:51] DEBUG: Schema\Builder: ManyMany for MassEmail.excludingTargetLists
[2026-02-11 11:16:51] DEBUG: Schema\Builder: ManyMany for MassEmail.targetLists
[2026-02-11 11:16:51] DEBUG: Schema\Builder - End
[2026-02-11 11:20:27] DEBUG: Schema\Builder - Start
[2026-02-11 11:20:27] DEBUG: Schema\Builder: Entity ActionHistoryRecord
[2026-02-11 11:20:27] DEBUG: Schema\Builder: Entity AddressCountry
[2026-02-11 11:20:27] DEBUG: Schema\Builder: Entity AppLogRecord
[2026-02-11 11:20:27] DEBUG: Schema\Builder: Entity AppSecret
[2026-02-11 11:20:27] DEBUG: Schema\Builder: Entity ArrayValue
[2026-02-11 11:20:27] DEBUG: Schema\Builder: Entity Attachment
[2026-02-11 11:20:27] DEBUG: Schema\Builder: Entity AuthLogRecord
[2026-02-11 11:20:27] DEBUG: Schema\Builder: Entity AuthToken
[2026-02-11 11:20:27] DEBUG: Schema\Builder: Entity AuthenticationProvider
[2026-02-11 11:20:27] DEBUG: Schema\Builder: Entity Autofollow
[2026-02-11 11:20:27] DEBUG: Schema\Builder: Entity Currency
[2026-02-11 11:20:27] DEBUG: Schema\Builder: Entity DashboardTemplate
[2026-02-11 11:20:27] DEBUG: Schema\Builder: Entity Email
[2026-02-11 11:20:27] DEBUG: Schema\Builder: Entity EmailAccount
[2026-02-11 11:20:27] DEBUG: Schema\Builder: Entity EmailAddress
[2026-02-11 11:20:27] DEBUG: Schema\Builder: Entity EmailFilter
[2026-02-11 11:20:27] DEBUG: Schema\Builder: Entity EmailFolder
[2026-02-11 11:20:27] DEBUG: Schema\Builder: Entity EmailTemplate
[2026-02-11 11:20:27] DEBUG: Schema\Builder: Entity EmailTemplateCategory
[2026-02-11 11:20:27] DEBUG: Schema\Builder: Entity Export
[2026-02-11 11:20:27] DEBUG: Schema\Builder: Entity Extension
[2026-02-11 11:20:27] DEBUG: Schema\Builder: Entity ExternalAccount
[2026-02-11 11:20:27] DEBUG: Schema\Builder: Entity GroupEmailFolder
[2026-02-11 11:20:27] DEBUG: Schema\Builder: Entity Import
[2026-02-11 11:20:27] DEBUG: Schema\Builder: Entity ImportEntity
[2026-02-11 11:20:27] DEBUG: Schema\Builder: Entity ImportError
[2026-02-11 11:20:27] DEBUG: Schema\Builder: Entity InboundEmail
[2026-02-11 11:20:27] DEBUG: Schema\Builder: Entity Integration
[2026-02-11 11:20:27] DEBUG: Schema\Builder: Entity Job
[2026-02-11 11:20:27] DEBUG: Schema\Builder: Entity KanbanOrder
[2026-02-11 11:20:27] DEBUG: Schema\Builder: Entity LayoutRecord
[2026-02-11 11:20:27] DEBUG: Schema\Builder: Entity LayoutSet
[2026-02-11 11:20:27] DEBUG: Schema\Builder: Entity LeadCapture
[2026-02-11 11:20:27] DEBUG: Schema\Builder: Entity LeadCaptureLogRecord
[2026-02-11 11:20:27] DEBUG: Schema\Builder: Entity MassAction
[2026-02-11 11:20:27] DEBUG: Schema\Builder: Entity NextNumber
[2026-02-11 11:20:27] DEBUG: Schema\Builder: Entity Note
[2026-02-11 11:20:27] DEBUG: Schema\Builder: Entity Notification
[2026-02-11 11:20:27] DEBUG: Schema\Builder: Entity OAuthAccount
[2026-02-11 11:20:27] DEBUG: Schema\Builder: Entity OAuthProvider
[2026-02-11 11:20:27] DEBUG: Schema\Builder: Entity PasswordChangeRequest
[2026-02-11 11:20:27] DEBUG: Schema\Builder: Entity PhoneNumber
[2026-02-11 11:20:27] DEBUG: Schema\Builder: Entity Portal
[2026-02-11 11:20:27] DEBUG: Schema\Builder: Entity PortalRole
[2026-02-11 11:20:27] DEBUG: Schema\Builder: Entity Preferences
[2026-02-11 11:20:27] DEBUG: Schema\Builder: Entity Role
[2026-02-11 11:20:27] DEBUG: Schema\Builder: Entity ScheduledJob
[2026-02-11 11:20:27] DEBUG: Schema\Builder: Entity ScheduledJobLogRecord
[2026-02-11 11:20:27] DEBUG: Schema\Builder: Entity Sms
[2026-02-11 11:20:27] DEBUG: Schema\Builder: Entity StarSubscription
[2026-02-11 11:20:27] DEBUG: Schema\Builder: Entity StreamSubscription
[2026-02-11 11:20:27] DEBUG: Schema\Builder: Entity SystemData
[2026-02-11 11:20:27] DEBUG: Schema\Builder: Entity Team
[2026-02-11 11:20:27] DEBUG: Schema\Builder: Entity Template
[2026-02-11 11:20:27] DEBUG: Schema\Builder: Entity TwoFactorCode
[2026-02-11 11:20:27] DEBUG: Schema\Builder: Entity UniqueId
[2026-02-11 11:20:27] DEBUG: Schema\Builder: Entity User
[2026-02-11 11:20:27] DEBUG: Schema\Builder: Entity UserData
[2026-02-11 11:20:27] DEBUG: Schema\Builder: Entity UserReaction
[2026-02-11 11:20:27] DEBUG: Schema\Builder: Entity Webhook
[2026-02-11 11:20:27] DEBUG: Schema\Builder: Entity WebhookEventQueueItem
[2026-02-11 11:20:27] DEBUG: Schema\Builder: Entity WebhookQueueItem
[2026-02-11 11:20:27] DEBUG: Schema\Builder: Entity WorkingTimeCalendar
[2026-02-11 11:20:27] DEBUG: Schema\Builder: Entity WorkingTimeRange
[2026-02-11 11:20:27] DEBUG: Schema\Builder: Entity Account
[2026-02-11 11:20:27] DEBUG: Schema\Builder: Entity Call
[2026-02-11 11:20:27] DEBUG: Schema\Builder: Entity Campaign
[2026-02-11 11:20:27] DEBUG: Schema\Builder: Entity CampaignLogRecord
[2026-02-11 11:20:27] DEBUG: Schema\Builder: Entity CampaignTrackingUrl
[2026-02-11 11:20:27] DEBUG: Schema\Builder: Entity Case
[2026-02-11 11:20:27] DEBUG: Schema\Builder: Entity Contact
[2026-02-11 11:20:27] DEBUG: Schema\Builder: Entity Document
[2026-02-11 11:20:27] DEBUG: Schema\Builder: Entity DocumentFolder
[2026-02-11 11:20:27] DEBUG: Schema\Builder: Entity EmailQueueItem
[2026-02-11 11:20:27] DEBUG: Schema\Builder: Entity KnowledgeBaseArticle
[2026-02-11 11:20:27] DEBUG: Schema\Builder: Entity KnowledgeBaseCategory
[2026-02-11 11:20:27] DEBUG: Schema\Builder: Entity Lead
[2026-02-11 11:20:27] DEBUG: Schema\Builder: Entity MassEmail
[2026-02-11 11:20:27] DEBUG: Schema\Builder: Entity Meeting
[2026-02-11 11:20:27] DEBUG: Schema\Builder: Entity Opportunity
[2026-02-11 11:20:27] DEBUG: Schema\Builder: Entity Reminder
[2026-02-11 11:20:27] DEBUG: Schema\Builder: Entity Target
[2026-02-11 11:20:27] DEBUG: Schema\Builder: Entity TargetList
[2026-02-11 11:20:27] DEBUG: Schema\Builder: Entity TargetListCategory
[2026-02-11 11:20:27] DEBUG: Schema\Builder: Entity Task
[2026-02-11 11:20:27] DEBUG: Schema\Builder: Entity CADHAR
[2026-02-11 11:20:27] DEBUG: Schema\Builder: Entity CAttendanceRecord
[2026-02-11 11:20:27] DEBUG: Schema\Builder: Entity CBanks
[2026-02-11 11:20:27] DEBUG: Schema\Builder: Entity CCity
[2026-02-11 11:20:27] DEBUG: Schema\Builder: Entity CContactType
[2026-02-11 11:20:27] DEBUG: Schema\Builder: Entity CCountry
[2026-02-11 11:20:27] DEBUG: Schema\Builder: Entity CDepartment
[2026-02-11 11:20:27] DEBUG: Schema\Builder: Entity CDependantRelation
[2026-02-11 11:20:27] DEBUG: Schema\Builder: Entity CDocumentType
[2026-02-11 11:20:27] DEBUG: Schema\Builder: Entity CDrivingLicense
[2026-02-11 11:20:27] DEBUG: Schema\Builder: Entity CEmployee
[2026-02-11 11:20:27] DEBUG: Schema\Builder: Entity CEmployeeAddress
[2026-02-11 11:20:27] DEBUG: Schema\Builder: Entity CEmployeeBank
[2026-02-11 11:20:27] DEBUG: Schema\Builder: Entity CEmployeeContact
[2026-02-11 11:20:27] DEBUG: Schema\Builder: Entity CEmployeeDependent
[2026-02-11 11:20:27] DEBUG: Schema\Builder: Entity CEmployeeDocuments
[2026-02-11 11:20:27] DEBUG: Schema\Builder: Entity CEmployeePastExperience
[2026-02-11 11:20:27] DEBUG: Schema\Builder: Entity CPanCard
[2026-02-11 11:20:27] DEBUG: Schema\Builder: Entity CPassport
[2026-02-11 11:20:27] DEBUG: Schema\Builder: Entity CState
[2026-02-11 11:20:27] DEBUG: Schema\Builder: Entity CVoterIdCard
[2026-02-11 11:20:27] DEBUG: Schema\Builder: Entity CWorkRole
[2026-02-11 11:20:27] DEBUG: Schema\Builder: Entity EmailTemplateCategoryPath
[2026-02-11 11:20:27] DEBUG: Schema\Builder: Entity DocumentFolderPath
[2026-02-11 11:20:27] DEBUG: Schema\Builder: Entity KnowledgeBaseCategoryPath
[2026-02-11 11:20:27] DEBUG: Schema\Builder: Entity TargetListCategoryPath
[2026-02-11 11:20:27] DEBUG: Schema\Builder: ManyMany for Email.emailAccounts
[2026-02-11 11:20:27] DEBUG: Schema\Builder: ManyMany for Email.inboundEmails
[2026-02-11 11:20:27] DEBUG: Schema\Builder: ManyMany for Email.replyToEmailAddresses
[2026-02-11 11:20:27] DEBUG: Schema\Builder: ManyMany for Email.users
[2026-02-11 11:20:27] DEBUG: Schema\Builder: ManyMany for Email.assignedUsers
[2026-02-11 11:20:27] DEBUG: Schema\Builder: ManyMany for Email.teams
[2026-02-11 11:20:27] DEBUG: Schema\Builder: ManyMany for GroupEmailFolder.teams
[2026-02-11 11:20:27] DEBUG: Schema\Builder: ManyMany for InboundEmail.teams
[2026-02-11 11:20:27] DEBUG: Schema\Builder: ManyMany for Note.users
[2026-02-11 11:20:27] DEBUG: Schema\Builder: ManyMany for Note.portals
[2026-02-11 11:20:27] DEBUG: Schema\Builder: ManyMany for Note.teams
[2026-02-11 11:20:27] DEBUG: Schema\Builder: ManyMany for Portal.articles
[2026-02-11 11:20:27] DEBUG: Schema\Builder: ManyMany for Portal.portalRoles
[2026-02-11 11:20:27] DEBUG: Schema\Builder: ManyMany for Portal.users
[2026-02-11 11:20:28] DEBUG: Schema\Builder: ManyMany for PortalRole.users
[2026-02-11 11:20:28] DEBUG: Schema\Builder: ManyMany for Role.teams
[2026-02-11 11:20:28] DEBUG: Schema\Builder: ManyMany for Role.users
[2026-02-11 11:20:28] DEBUG: Schema\Builder: ManyMany for Sms.toPhoneNumbers
[2026-02-11 11:20:28] DEBUG: Schema\Builder: ManyMany for Team.users
[2026-02-11 11:20:28] DEBUG: Schema\Builder: ManyMany for User.emailAddresses
[2026-02-11 11:20:28] DEBUG: Schema\Builder: ManyMany for User.phoneNumbers
[2026-02-11 11:20:28] DEBUG: Schema\Builder: ManyMany for User.targetLists
[2026-02-11 11:20:28] DEBUG: Schema\Builder: ManyMany for User.accounts
[2026-02-11 11:20:28] DEBUG: Schema\Builder: ManyMany for User.calls
[2026-02-11 11:20:28] DEBUG: Schema\Builder: ManyMany for User.meetings
[2026-02-11 11:20:28] DEBUG: Schema\Builder: ManyMany for User.workingTimeRanges
[2026-02-11 11:20:28] DEBUG: Schema\Builder: ManyMany for WorkingTimeCalendar.ranges
[2026-02-11 11:20:28] DEBUG: Schema\Builder: ManyMany for Account.portalUsers
[2026-02-11 11:20:28] DEBUG: Schema\Builder: Table [account_portal_user] exists.
[2026-02-11 11:20:28] DEBUG: Schema\Builder: ManyMany for Account.targetLists
[2026-02-11 11:20:28] DEBUG: Schema\Builder: ManyMany for Account.documents
[2026-02-11 11:20:28] DEBUG: Schema\Builder: ManyMany for Account.contacts
[2026-02-11 11:20:28] DEBUG: Schema\Builder: ManyMany for Call.leads
[2026-02-11 11:20:28] DEBUG: Schema\Builder: ManyMany for Call.contacts
[2026-02-11 11:20:28] DEBUG: Schema\Builder: ManyMany for Campaign.excludingTargetLists
[2026-02-11 11:20:28] DEBUG: Schema\Builder: ManyMany for Campaign.targetLists
[2026-02-11 11:20:28] DEBUG: Schema\Builder: ManyMany for Case.articles
[2026-02-11 11:20:28] DEBUG: Schema\Builder: ManyMany for Case.contacts
[2026-02-11 11:20:28] DEBUG: Schema\Builder: ManyMany for Contact.documents
[2026-02-11 11:20:28] DEBUG: Schema\Builder: ManyMany for Contact.targetLists
[2026-02-11 11:20:28] DEBUG: Schema\Builder: ManyMany for Contact.meetings
[2026-02-11 11:20:28] DEBUG: Schema\Builder: ManyMany for Contact.opportunities
[2026-02-11 11:20:28] DEBUG: Schema\Builder: ManyMany for Document.leads
[2026-02-11 11:20:28] DEBUG: Schema\Builder: ManyMany for Document.opportunities
[2026-02-11 11:20:28] DEBUG: Schema\Builder: ManyMany for KnowledgeBaseArticle.categories
[2026-02-11 11:20:28] DEBUG: Schema\Builder: ManyMany for Lead.targetLists
[2026-02-11 11:20:28] DEBUG: Schema\Builder: ManyMany for Lead.meetings
[2026-02-11 11:20:28] DEBUG: Schema\Builder: ManyMany for MassEmail.excludingTargetLists
[2026-02-11 11:20:28] DEBUG: Schema\Builder: ManyMany for MassEmail.targetLists
[2026-02-11 11:20:28] DEBUG: Schema\Builder - End
[2026-02-11 11:33:17] DEBUG: Schema\Builder - Start
[2026-02-11 11:33:17] DEBUG: Schema\Builder: Entity ActionHistoryRecord
[2026-02-11 11:33:17] DEBUG: Schema\Builder: Entity AddressCountry
[2026-02-11 11:33:17] DEBUG: Schema\Builder: Entity AppLogRecord
[2026-02-11 11:33:17] DEBUG: Schema\Builder: Entity AppSecret
[2026-02-11 11:33:17] DEBUG: Schema\Builder: Entity ArrayValue
[2026-02-11 11:33:17] DEBUG: Schema\Builder: Entity Attachment
[2026-02-11 11:33:17] DEBUG: Schema\Builder: Entity AuthLogRecord
[2026-02-11 11:33:17] DEBUG: Schema\Builder: Entity AuthToken
[2026-02-11 11:33:17] DEBUG: Schema\Builder: Entity AuthenticationProvider
[2026-02-11 11:33:17] DEBUG: Schema\Builder: Entity Autofollow
[2026-02-11 11:33:17] DEBUG: Schema\Builder: Entity Currency
[2026-02-11 11:33:17] DEBUG: Schema\Builder: Entity DashboardTemplate
[2026-02-11 11:33:17] DEBUG: Schema\Builder: Entity Email
[2026-02-11 11:33:17] DEBUG: Schema\Builder: Entity EmailAccount
[2026-02-11 11:33:17] DEBUG: Schema\Builder: Entity EmailAddress
[2026-02-11 11:33:17] DEBUG: Schema\Builder: Entity EmailFilter
[2026-02-11 11:33:17] DEBUG: Schema\Builder: Entity EmailFolder
[2026-02-11 11:33:17] DEBUG: Schema\Builder: Entity EmailTemplate
[2026-02-11 11:33:17] DEBUG: Schema\Builder: Entity EmailTemplateCategory
[2026-02-11 11:33:17] DEBUG: Schema\Builder: Entity Export
[2026-02-11 11:33:17] DEBUG: Schema\Builder: Entity Extension
[2026-02-11 11:33:17] DEBUG: Schema\Builder: Entity ExternalAccount
[2026-02-11 11:33:17] DEBUG: Schema\Builder: Entity GroupEmailFolder
[2026-02-11 11:33:17] DEBUG: Schema\Builder: Entity Import
[2026-02-11 11:33:17] DEBUG: Schema\Builder: Entity ImportEntity
[2026-02-11 11:33:17] DEBUG: Schema\Builder: Entity ImportError
[2026-02-11 11:33:17] DEBUG: Schema\Builder: Entity InboundEmail
[2026-02-11 11:33:17] DEBUG: Schema\Builder: Entity Integration
[2026-02-11 11:33:17] DEBUG: Schema\Builder: Entity Job
[2026-02-11 11:33:17] DEBUG: Schema\Builder: Entity KanbanOrder
[2026-02-11 11:33:17] DEBUG: Schema\Builder: Entity LayoutRecord
[2026-02-11 11:33:17] DEBUG: Schema\Builder: Entity LayoutSet
[2026-02-11 11:33:17] DEBUG: Schema\Builder: Entity LeadCapture
[2026-02-11 11:33:17] DEBUG: Schema\Builder: Entity LeadCaptureLogRecord
[2026-02-11 11:33:17] DEBUG: Schema\Builder: Entity MassAction
[2026-02-11 11:33:17] DEBUG: Schema\Builder: Entity NextNumber
[2026-02-11 11:33:17] DEBUG: Schema\Builder: Entity Note
[2026-02-11 11:33:17] DEBUG: Schema\Builder: Entity Notification
[2026-02-11 11:33:17] DEBUG: Schema\Builder: Entity OAuthAccount
[2026-02-11 11:33:17] DEBUG: Schema\Builder: Entity OAuthProvider
[2026-02-11 11:33:17] DEBUG: Schema\Builder: Entity PasswordChangeRequest
[2026-02-11 11:33:17] DEBUG: Schema\Builder: Entity PhoneNumber
[2026-02-11 11:33:17] DEBUG: Schema\Builder: Entity Portal
[2026-02-11 11:33:17] DEBUG: Schema\Builder: Entity PortalRole
[2026-02-11 11:33:17] DEBUG: Schema\Builder: Entity Preferences
[2026-02-11 11:33:17] DEBUG: Schema\Builder: Entity Role
[2026-02-11 11:33:17] DEBUG: Schema\Builder: Entity ScheduledJob
[2026-02-11 11:33:17] DEBUG: Schema\Builder: Entity ScheduledJobLogRecord
[2026-02-11 11:33:17] DEBUG: Schema\Builder: Entity Sms
[2026-02-11 11:33:17] DEBUG: Schema\Builder: Entity StarSubscription
[2026-02-11 11:33:17] DEBUG: Schema\Builder: Entity StreamSubscription
[2026-02-11 11:33:17] DEBUG: Schema\Builder: Entity SystemData
[2026-02-11 11:33:17] DEBUG: Schema\Builder: Entity Team
[2026-02-11 11:33:17] DEBUG: Schema\Builder: Entity Template
[2026-02-11 11:33:17] DEBUG: Schema\Builder: Entity TwoFactorCode
[2026-02-11 11:33:17] DEBUG: Schema\Builder: Entity UniqueId
[2026-02-11 11:33:17] DEBUG: Schema\Builder: Entity User
[2026-02-11 11:33:17] DEBUG: Schema\Builder: Entity UserData
[2026-02-11 11:33:17] DEBUG: Schema\Builder: Entity UserReaction
[2026-02-11 11:33:17] DEBUG: Schema\Builder: Entity Webhook
[2026-02-11 11:33:17] DEBUG: Schema\Builder: Entity WebhookEventQueueItem
[2026-02-11 11:33:17] DEBUG: Schema\Builder: Entity WebhookQueueItem
[2026-02-11 11:33:17] DEBUG: Schema\Builder: Entity WorkingTimeCalendar
[2026-02-11 11:33:17] DEBUG: Schema\Builder: Entity WorkingTimeRange
[2026-02-11 11:33:17] DEBUG: Schema\Builder: Entity Account
[2026-02-11 11:33:17] DEBUG: Schema\Builder: Entity Call
[2026-02-11 11:33:17] DEBUG: Schema\Builder: Entity Campaign
[2026-02-11 11:33:17] DEBUG: Schema\Builder: Entity CampaignLogRecord
[2026-02-11 11:33:17] DEBUG: Schema\Builder: Entity CampaignTrackingUrl
[2026-02-11 11:33:17] DEBUG: Schema\Builder: Entity Case
[2026-02-11 11:33:17] DEBUG: Schema\Builder: Entity Contact
[2026-02-11 11:33:17] DEBUG: Schema\Builder: Entity Document
[2026-02-11 11:33:17] DEBUG: Schema\Builder: Entity DocumentFolder
[2026-02-11 11:33:17] DEBUG: Schema\Builder: Entity EmailQueueItem
[2026-02-11 11:33:17] DEBUG: Schema\Builder: Entity KnowledgeBaseArticle
[2026-02-11 11:33:17] DEBUG: Schema\Builder: Entity KnowledgeBaseCategory
[2026-02-11 11:33:17] DEBUG: Schema\Builder: Entity Lead
[2026-02-11 11:33:17] DEBUG: Schema\Builder: Entity MassEmail
[2026-02-11 11:33:17] DEBUG: Schema\Builder: Entity Meeting
[2026-02-11 11:33:17] DEBUG: Schema\Builder: Entity Opportunity
[2026-02-11 11:33:17] DEBUG: Schema\Builder: Entity Reminder
[2026-02-11 11:33:17] DEBUG: Schema\Builder: Entity Target
[2026-02-11 11:33:17] DEBUG: Schema\Builder: Entity TargetList
[2026-02-11 11:33:17] DEBUG: Schema\Builder: Entity TargetListCategory
[2026-02-11 11:33:17] DEBUG: Schema\Builder: Entity Task
[2026-02-11 11:33:17] DEBUG: Schema\Builder: Entity CADHAR
[2026-02-11 11:33:17] DEBUG: Schema\Builder: Entity CAttendanceRecord
[2026-02-11 11:33:17] DEBUG: Schema\Builder: Entity CBanks
[2026-02-11 11:33:17] DEBUG: Schema\Builder: Entity CCity
[2026-02-11 11:33:17] DEBUG: Schema\Builder: Entity CContactType
[2026-02-11 11:33:17] DEBUG: Schema\Builder: Entity CCountry
[2026-02-11 11:33:17] DEBUG: Schema\Builder: Entity CDepartment
[2026-02-11 11:33:17] DEBUG: Schema\Builder: Entity CDependantRelation
[2026-02-11 11:33:17] DEBUG: Schema\Builder: Entity CDocumentType
[2026-02-11 11:33:17] DEBUG: Schema\Builder: Entity CDrivingLicense
[2026-02-11 11:33:17] DEBUG: Schema\Builder: Entity CEmployee
[2026-02-11 11:33:17] DEBUG: Schema\Builder: Entity CEmployeeAddress
[2026-02-11 11:33:17] DEBUG: Schema\Builder: Entity CEmployeeBank
[2026-02-11 11:33:17] DEBUG: Schema\Builder: Entity CEmployeeContact
[2026-02-11 11:33:17] DEBUG: Schema\Builder: Entity CEmployeeDependent
[2026-02-11 11:33:17] DEBUG: Schema\Builder: Entity CEmployeeDocuments
[2026-02-11 11:33:17] DEBUG: Schema\Builder: Entity CEmployeePastExperience
[2026-02-11 11:33:17] DEBUG: Schema\Builder: Entity CPanCard
[2026-02-11 11:33:17] DEBUG: Schema\Builder: Entity CPassport
[2026-02-11 11:33:17] DEBUG: Schema\Builder: Entity CState
[2026-02-11 11:33:17] DEBUG: Schema\Builder: Entity CVoterIdCard
[2026-02-11 11:33:17] DEBUG: Schema\Builder: Entity CWorkRole
[2026-02-11 11:33:17] DEBUG: Schema\Builder: Entity EmailTemplateCategoryPath
[2026-02-11 11:33:17] DEBUG: Schema\Builder: Entity DocumentFolderPath
[2026-02-11 11:33:17] DEBUG: Schema\Builder: Entity KnowledgeBaseCategoryPath
[2026-02-11 11:33:17] DEBUG: Schema\Builder: Entity TargetListCategoryPath
[2026-02-11 11:33:17] DEBUG: Schema\Builder: ManyMany for Email.emailAccounts
[2026-02-11 11:33:17] DEBUG: Schema\Builder: ManyMany for Email.inboundEmails
[2026-02-11 11:33:17] DEBUG: Schema\Builder: ManyMany for Email.replyToEmailAddresses
[2026-02-11 11:33:17] DEBUG: Schema\Builder: ManyMany for Email.users
[2026-02-11 11:33:17] DEBUG: Schema\Builder: ManyMany for Email.assignedUsers
[2026-02-11 11:33:17] DEBUG: Schema\Builder: ManyMany for Email.teams
[2026-02-11 11:33:17] DEBUG: Schema\Builder: ManyMany for GroupEmailFolder.teams
[2026-02-11 11:33:17] DEBUG: Schema\Builder: ManyMany for InboundEmail.teams
[2026-02-11 11:33:17] DEBUG: Schema\Builder: ManyMany for Note.users
[2026-02-11 11:33:17] DEBUG: Schema\Builder: ManyMany for Note.portals
[2026-02-11 11:33:17] DEBUG: Schema\Builder: ManyMany for Note.teams
[2026-02-11 11:33:17] DEBUG: Schema\Builder: ManyMany for Portal.articles
[2026-02-11 11:33:17] DEBUG: Schema\Builder: ManyMany for Portal.portalRoles
[2026-02-11 11:33:17] DEBUG: Schema\Builder: ManyMany for Portal.users
[2026-02-11 11:33:17] DEBUG: Schema\Builder: ManyMany for PortalRole.users
[2026-02-11 11:33:17] DEBUG: Schema\Builder: ManyMany for Role.teams
[2026-02-11 11:33:17] DEBUG: Schema\Builder: ManyMany for Role.users
[2026-02-11 11:33:17] DEBUG: Schema\Builder: ManyMany for Sms.toPhoneNumbers
[2026-02-11 11:33:17] DEBUG: Schema\Builder: ManyMany for Team.users
[2026-02-11 11:33:17] DEBUG: Schema\Builder: ManyMany for User.emailAddresses
[2026-02-11 11:33:17] DEBUG: Schema\Builder: ManyMany for User.phoneNumbers
[2026-02-11 11:33:17] DEBUG: Schema\Builder: ManyMany for User.targetLists
[2026-02-11 11:33:17] DEBUG: Schema\Builder: ManyMany for User.accounts
[2026-02-11 11:33:17] DEBUG: Schema\Builder: ManyMany for User.calls
[2026-02-11 11:33:17] DEBUG: Schema\Builder: ManyMany for User.meetings
[2026-02-11 11:33:17] DEBUG: Schema\Builder: ManyMany for User.workingTimeRanges
[2026-02-11 11:33:17] DEBUG: Schema\Builder: ManyMany for WorkingTimeCalendar.ranges
[2026-02-11 11:33:17] DEBUG: Schema\Builder: ManyMany for Account.portalUsers
[2026-02-11 11:33:17] DEBUG: Schema\Builder: Table [account_portal_user] exists.
[2026-02-11 11:33:17] DEBUG: Schema\Builder: ManyMany for Account.targetLists
[2026-02-11 11:33:17] DEBUG: Schema\Builder: ManyMany for Account.documents
[2026-02-11 11:33:17] DEBUG: Schema\Builder: ManyMany for Account.contacts
[2026-02-11 11:33:17] DEBUG: Schema\Builder: ManyMany for Call.leads
[2026-02-11 11:33:17] DEBUG: Schema\Builder: ManyMany for Call.contacts
[2026-02-11 11:33:17] DEBUG: Schema\Builder: ManyMany for Campaign.excludingTargetLists
[2026-02-11 11:33:17] DEBUG: Schema\Builder: ManyMany for Campaign.targetLists
[2026-02-11 11:33:17] DEBUG: Schema\Builder: ManyMany for Case.articles
[2026-02-11 11:33:17] DEBUG: Schema\Builder: ManyMany for Case.contacts
[2026-02-11 11:33:17] DEBUG: Schema\Builder: ManyMany for Contact.documents
[2026-02-11 11:33:17] DEBUG: Schema\Builder: ManyMany for Contact.targetLists
[2026-02-11 11:33:17] DEBUG: Schema\Builder: ManyMany for Contact.meetings
[2026-02-11 11:33:17] DEBUG: Schema\Builder: ManyMany for Contact.opportunities
[2026-02-11 11:33:17] DEBUG: Schema\Builder: ManyMany for Document.leads
[2026-02-11 11:33:17] DEBUG: Schema\Builder: ManyMany for Document.opportunities
[2026-02-11 11:33:17] DEBUG: Schema\Builder: ManyMany for KnowledgeBaseArticle.categories
[2026-02-11 11:33:17] DEBUG: Schema\Builder: ManyMany for Lead.targetLists
[2026-02-11 11:33:17] DEBUG: Schema\Builder: ManyMany for Lead.meetings
[2026-02-11 11:33:17] DEBUG: Schema\Builder: ManyMany for MassEmail.excludingTargetLists
[2026-02-11 11:33:17] DEBUG: Schema\Builder: ManyMany for MassEmail.targetLists
[2026-02-11 11:33:17] DEBUG: Schema\Builder - End
[2026-02-11 11:36:36] DEBUG: Schema\Builder - Start
[2026-02-11 11:36:36] DEBUG: Schema\Builder: Entity ActionHistoryRecord
[2026-02-11 11:36:36] DEBUG: Schema\Builder: Entity AddressCountry
[2026-02-11 11:36:36] DEBUG: Schema\Builder: Entity AppLogRecord
[2026-02-11 11:36:36] DEBUG: Schema\Builder: Entity AppSecret
[2026-02-11 11:36:36] DEBUG: Schema\Builder: Entity ArrayValue
[2026-02-11 11:36:36] DEBUG: Schema\Builder: Entity Attachment
[2026-02-11 11:36:36] DEBUG: Schema\Builder: Entity AuthLogRecord
[2026-02-11 11:36:36] DEBUG: Schema\Builder: Entity AuthToken
[2026-02-11 11:36:36] DEBUG: Schema\Builder: Entity AuthenticationProvider
[2026-02-11 11:36:36] DEBUG: Schema\Builder: Entity Autofollow
[2026-02-11 11:36:36] DEBUG: Schema\Builder: Entity Currency
[2026-02-11 11:36:36] DEBUG: Schema\Builder: Entity DashboardTemplate
[2026-02-11 11:36:36] DEBUG: Schema\Builder: Entity Email
[2026-02-11 11:36:36] DEBUG: Schema\Builder: Entity EmailAccount
[2026-02-11 11:36:36] DEBUG: Schema\Builder: Entity EmailAddress
[2026-02-11 11:36:36] DEBUG: Schema\Builder: Entity EmailFilter
[2026-02-11 11:36:36] DEBUG: Schema\Builder: Entity EmailFolder
[2026-02-11 11:36:36] DEBUG: Schema\Builder: Entity EmailTemplate
[2026-02-11 11:36:36] DEBUG: Schema\Builder: Entity EmailTemplateCategory
[2026-02-11 11:36:36] DEBUG: Schema\Builder: Entity Export
[2026-02-11 11:36:36] DEBUG: Schema\Builder: Entity Extension
[2026-02-11 11:36:36] DEBUG: Schema\Builder: Entity ExternalAccount
[2026-02-11 11:36:36] DEBUG: Schema\Builder: Entity GroupEmailFolder
[2026-02-11 11:36:36] DEBUG: Schema\Builder: Entity Import
[2026-02-11 11:36:36] DEBUG: Schema\Builder: Entity ImportEntity
[2026-02-11 11:36:36] DEBUG: Schema\Builder: Entity ImportError
[2026-02-11 11:36:36] DEBUG: Schema\Builder: Entity InboundEmail
[2026-02-11 11:36:36] DEBUG: Schema\Builder: Entity Integration
[2026-02-11 11:36:36] DEBUG: Schema\Builder: Entity Job
[2026-02-11 11:36:36] DEBUG: Schema\Builder: Entity KanbanOrder
[2026-02-11 11:36:36] DEBUG: Schema\Builder: Entity LayoutRecord
[2026-02-11 11:36:36] DEBUG: Schema\Builder: Entity LayoutSet
[2026-02-11 11:36:36] DEBUG: Schema\Builder: Entity LeadCapture
[2026-02-11 11:36:36] DEBUG: Schema\Builder: Entity LeadCaptureLogRecord
[2026-02-11 11:36:36] DEBUG: Schema\Builder: Entity MassAction
[2026-02-11 11:36:36] DEBUG: Schema\Builder: Entity NextNumber
[2026-02-11 11:36:36] DEBUG: Schema\Builder: Entity Note
[2026-02-11 11:36:36] DEBUG: Schema\Builder: Entity Notification
[2026-02-11 11:36:36] DEBUG: Schema\Builder: Entity OAuthAccount
[2026-02-11 11:36:36] DEBUG: Schema\Builder: Entity OAuthProvider
[2026-02-11 11:36:36] DEBUG: Schema\Builder: Entity PasswordChangeRequest
[2026-02-11 11:36:36] DEBUG: Schema\Builder: Entity PhoneNumber
[2026-02-11 11:36:36] DEBUG: Schema\Builder: Entity Portal
[2026-02-11 11:36:36] DEBUG: Schema\Builder: Entity PortalRole
[2026-02-11 11:36:36] DEBUG: Schema\Builder: Entity Preferences
[2026-02-11 11:36:36] DEBUG: Schema\Builder: Entity Role
[2026-02-11 11:36:36] DEBUG: Schema\Builder: Entity ScheduledJob
[2026-02-11 11:36:36] DEBUG: Schema\Builder: Entity ScheduledJobLogRecord
[2026-02-11 11:36:36] DEBUG: Schema\Builder: Entity Sms
[2026-02-11 11:36:36] DEBUG: Schema\Builder: Entity StarSubscription
[2026-02-11 11:36:36] DEBUG: Schema\Builder: Entity StreamSubscription
[2026-02-11 11:36:36] DEBUG: Schema\Builder: Entity SystemData
[2026-02-11 11:36:36] DEBUG: Schema\Builder: Entity Team
[2026-02-11 11:36:36] DEBUG: Schema\Builder: Entity Template
[2026-02-11 11:36:36] DEBUG: Schema\Builder: Entity TwoFactorCode
[2026-02-11 11:36:36] DEBUG: Schema\Builder: Entity UniqueId
[2026-02-11 11:36:36] DEBUG: Schema\Builder: Entity User
[2026-02-11 11:36:36] DEBUG: Schema\Builder: Entity UserData
[2026-02-11 11:36:36] DEBUG: Schema\Builder: Entity UserReaction
[2026-02-11 11:36:36] DEBUG: Schema\Builder: Entity Webhook
[2026-02-11 11:36:36] DEBUG: Schema\Builder: Entity WebhookEventQueueItem
[2026-02-11 11:36:36] DEBUG: Schema\Builder: Entity WebhookQueueItem
[2026-02-11 11:36:36] DEBUG: Schema\Builder: Entity WorkingTimeCalendar
[2026-02-11 11:36:36] DEBUG: Schema\Builder: Entity WorkingTimeRange
[2026-02-11 11:36:36] DEBUG: Schema\Builder: Entity Account
[2026-02-11 11:36:36] DEBUG: Schema\Builder: Entity Call
[2026-02-11 11:36:36] DEBUG: Schema\Builder: Entity Campaign
[2026-02-11 11:36:36] DEBUG: Schema\Builder: Entity CampaignLogRecord
[2026-02-11 11:36:36] DEBUG: Schema\Builder: Entity CampaignTrackingUrl
[2026-02-11 11:36:36] DEBUG: Schema\Builder: Entity Case
[2026-02-11 11:36:36] DEBUG: Schema\Builder: Entity Contact
[2026-02-11 11:36:36] DEBUG: Schema\Builder: Entity Document
[2026-02-11 11:36:36] DEBUG: Schema\Builder: Entity DocumentFolder
[2026-02-11 11:36:36] DEBUG: Schema\Builder: Entity EmailQueueItem
[2026-02-11 11:36:36] DEBUG: Schema\Builder: Entity KnowledgeBaseArticle
[2026-02-11 11:36:36] DEBUG: Schema\Builder: Entity KnowledgeBaseCategory
[2026-02-11 11:36:36] DEBUG: Schema\Builder: Entity Lead
[2026-02-11 11:36:36] DEBUG: Schema\Builder: Entity MassEmail
[2026-02-11 11:36:36] DEBUG: Schema\Builder: Entity Meeting
[2026-02-11 11:36:36] DEBUG: Schema\Builder: Entity Opportunity
[2026-02-11 11:36:36] DEBUG: Schema\Builder: Entity Reminder
[2026-02-11 11:36:36] DEBUG: Schema\Builder: Entity Target
[2026-02-11 11:36:36] DEBUG: Schema\Builder: Entity TargetList
[2026-02-11 11:36:36] DEBUG: Schema\Builder: Entity TargetListCategory
[2026-02-11 11:36:36] DEBUG: Schema\Builder: Entity Task
[2026-02-11 11:36:36] DEBUG: Schema\Builder: Entity CADHAR
[2026-02-11 11:36:36] DEBUG: Schema\Builder: Entity CAttendanceRecord
[2026-02-11 11:36:36] DEBUG: Schema\Builder: Entity CBanks
[2026-02-11 11:36:36] DEBUG: Schema\Builder: Entity CCity
[2026-02-11 11:36:36] DEBUG: Schema\Builder: Entity CContactType
[2026-02-11 11:36:36] DEBUG: Schema\Builder: Entity CCountry
[2026-02-11 11:36:36] DEBUG: Schema\Builder: Entity CDepartment
[2026-02-11 11:36:36] DEBUG: Schema\Builder: Entity CDependantRelation
[2026-02-11 11:36:36] DEBUG: Schema\Builder: Entity CDocumentType
[2026-02-11 11:36:36] DEBUG: Schema\Builder: Entity CDrivingLicense
[2026-02-11 11:36:36] DEBUG: Schema\Builder: Entity CEmployee
[2026-02-11 11:36:36] DEBUG: Schema\Builder: Entity CEmployeeAddress
[2026-02-11 11:36:36] DEBUG: Schema\Builder: Entity CEmployeeBank
[2026-02-11 11:36:36] DEBUG: Schema\Builder: Entity CEmployeeContact
[2026-02-11 11:36:36] DEBUG: Schema\Builder: Entity CEmployeeDependent
[2026-02-11 11:36:36] DEBUG: Schema\Builder: Entity CEmployeeDocuments
[2026-02-11 11:36:36] DEBUG: Schema\Builder: Entity CEmployeePastExperience
[2026-02-11 11:36:36] DEBUG: Schema\Builder: Entity CPanCard
[2026-02-11 11:36:36] DEBUG: Schema\Builder: Entity CPassport
[2026-02-11 11:36:36] DEBUG: Schema\Builder: Entity CState
[2026-02-11 11:36:36] DEBUG: Schema\Builder: Entity CVoterIdCard
[2026-02-11 11:36:36] DEBUG: Schema\Builder: Entity CWorkRole
[2026-02-11 11:36:36] DEBUG: Schema\Builder: Entity EmailTemplateCategoryPath
[2026-02-11 11:36:36] DEBUG: Schema\Builder: Entity DocumentFolderPath
[2026-02-11 11:36:36] DEBUG: Schema\Builder: Entity KnowledgeBaseCategoryPath
[2026-02-11 11:36:36] DEBUG: Schema\Builder: Entity TargetListCategoryPath
[2026-02-11 11:36:36] DEBUG: Schema\Builder: ManyMany for Email.emailAccounts
[2026-02-11 11:36:36] DEBUG: Schema\Builder: ManyMany for Email.inboundEmails
[2026-02-11 11:36:36] DEBUG: Schema\Builder: ManyMany for Email.replyToEmailAddresses
[2026-02-11 11:36:36] DEBUG: Schema\Builder: ManyMany for Email.users
[2026-02-11 11:36:36] DEBUG: Schema\Builder: ManyMany for Email.assignedUsers
[2026-02-11 11:36:36] DEBUG: Schema\Builder: ManyMany for Email.teams
[2026-02-11 11:36:36] DEBUG: Schema\Builder: ManyMany for GroupEmailFolder.teams
[2026-02-11 11:36:36] DEBUG: Schema\Builder: ManyMany for InboundEmail.teams
[2026-02-11 11:36:36] DEBUG: Schema\Builder: ManyMany for Note.users
[2026-02-11 11:36:36] DEBUG: Schema\Builder: ManyMany for Note.portals
[2026-02-11 11:36:36] DEBUG: Schema\Builder: ManyMany for Note.teams
[2026-02-11 11:36:36] DEBUG: Schema\Builder: ManyMany for Portal.articles
[2026-02-11 11:36:36] DEBUG: Schema\Builder: ManyMany for Portal.portalRoles
[2026-02-11 11:36:36] DEBUG: Schema\Builder: ManyMany for Portal.users
[2026-02-11 11:36:36] DEBUG: Schema\Builder: ManyMany for PortalRole.users
[2026-02-11 11:36:36] DEBUG: Schema\Builder: ManyMany for Role.teams
[2026-02-11 11:36:36] DEBUG: Schema\Builder: ManyMany for Role.users
[2026-02-11 11:36:36] DEBUG: Schema\Builder: ManyMany for Sms.toPhoneNumbers
[2026-02-11 11:36:36] DEBUG: Schema\Builder: ManyMany for Team.users
[2026-02-11 11:36:36] DEBUG: Schema\Builder: ManyMany for User.emailAddresses
[2026-02-11 11:36:36] DEBUG: Schema\Builder: ManyMany for User.phoneNumbers
[2026-02-11 11:36:36] DEBUG: Schema\Builder: ManyMany for User.targetLists
[2026-02-11 11:36:36] DEBUG: Schema\Builder: ManyMany for User.accounts
[2026-02-11 11:36:36] DEBUG: Schema\Builder: ManyMany for User.calls
[2026-02-11 11:36:36] DEBUG: Schema\Builder: ManyMany for User.meetings
[2026-02-11 11:36:36] DEBUG: Schema\Builder: ManyMany for User.workingTimeRanges
[2026-02-11 11:36:36] DEBUG: Schema\Builder: ManyMany for WorkingTimeCalendar.ranges
[2026-02-11 11:36:36] DEBUG: Schema\Builder: ManyMany for Account.portalUsers
[2026-02-11 11:36:36] DEBUG: Schema\Builder: Table [account_portal_user] exists.
[2026-02-11 11:36:36] DEBUG: Schema\Builder: ManyMany for Account.targetLists
[2026-02-11 11:36:36] DEBUG: Schema\Builder: ManyMany for Account.documents
[2026-02-11 11:36:36] DEBUG: Schema\Builder: ManyMany for Account.contacts
[2026-02-11 11:36:36] DEBUG: Schema\Builder: ManyMany for Call.leads
[2026-02-11 11:36:36] DEBUG: Schema\Builder: ManyMany for Call.contacts
[2026-02-11 11:36:36] DEBUG: Schema\Builder: ManyMany for Campaign.excludingTargetLists
[2026-02-11 11:36:36] DEBUG: Schema\Builder: ManyMany for Campaign.targetLists
[2026-02-11 11:36:36] DEBUG: Schema\Builder: ManyMany for Case.articles
[2026-02-11 11:36:36] DEBUG: Schema\Builder: ManyMany for Case.contacts
[2026-02-11 11:36:36] DEBUG: Schema\Builder: ManyMany for Contact.documents
[2026-02-11 11:36:36] DEBUG: Schema\Builder: ManyMany for Contact.targetLists
[2026-02-11 11:36:36] DEBUG: Schema\Builder: ManyMany for Contact.meetings
[2026-02-11 11:36:36] DEBUG: Schema\Builder: ManyMany for Contact.opportunities
[2026-02-11 11:36:36] DEBUG: Schema\Builder: ManyMany for Document.leads
[2026-02-11 11:36:36] DEBUG: Schema\Builder: ManyMany for Document.opportunities
[2026-02-11 11:36:36] DEBUG: Schema\Builder: ManyMany for KnowledgeBaseArticle.categories
[2026-02-11 11:36:36] DEBUG: Schema\Builder: ManyMany for Lead.targetLists
[2026-02-11 11:36:36] DEBUG: Schema\Builder: ManyMany for Lead.meetings
[2026-02-11 11:36:36] DEBUG: Schema\Builder: ManyMany for MassEmail.excludingTargetLists
[2026-02-11 11:36:36] DEBUG: Schema\Builder: ManyMany for MassEmail.targetLists
[2026-02-11 11:36:36] DEBUG: Schema\Builder - End
[2026-02-11 11:37:35] DEBUG: Schema\Builder - Start
[2026-02-11 11:37:35] DEBUG: Schema\Builder: Entity ActionHistoryRecord
[2026-02-11 11:37:35] DEBUG: Schema\Builder: Entity AddressCountry
[2026-02-11 11:37:35] DEBUG: Schema\Builder: Entity AppLogRecord
[2026-02-11 11:37:35] DEBUG: Schema\Builder: Entity AppSecret
[2026-02-11 11:37:35] DEBUG: Schema\Builder: Entity ArrayValue
[2026-02-11 11:37:35] DEBUG: Schema\Builder: Entity Attachment
[2026-02-11 11:37:35] DEBUG: Schema\Builder: Entity AuthLogRecord
[2026-02-11 11:37:35] DEBUG: Schema\Builder: Entity AuthToken
[2026-02-11 11:37:35] DEBUG: Schema\Builder: Entity AuthenticationProvider
[2026-02-11 11:37:35] DEBUG: Schema\Builder: Entity Autofollow
[2026-02-11 11:37:35] DEBUG: Schema\Builder: Entity Currency
[2026-02-11 11:37:35] DEBUG: Schema\Builder: Entity DashboardTemplate
[2026-02-11 11:37:35] DEBUG: Schema\Builder: Entity Email
[2026-02-11 11:37:35] DEBUG: Schema\Builder: Entity EmailAccount
[2026-02-11 11:37:35] DEBUG: Schema\Builder: Entity EmailAddress
[2026-02-11 11:37:35] DEBUG: Schema\Builder: Entity EmailFilter
[2026-02-11 11:37:35] DEBUG: Schema\Builder: Entity EmailFolder
[2026-02-11 11:37:35] DEBUG: Schema\Builder: Entity EmailTemplate
[2026-02-11 11:37:35] DEBUG: Schema\Builder: Entity EmailTemplateCategory
[2026-02-11 11:37:35] DEBUG: Schema\Builder: Entity Export
[2026-02-11 11:37:35] DEBUG: Schema\Builder: Entity Extension
[2026-02-11 11:37:35] DEBUG: Schema\Builder: Entity ExternalAccount
[2026-02-11 11:37:35] DEBUG: Schema\Builder: Entity GroupEmailFolder
[2026-02-11 11:37:35] DEBUG: Schema\Builder: Entity Import
[2026-02-11 11:37:35] DEBUG: Schema\Builder: Entity ImportEntity
[2026-02-11 11:37:35] DEBUG: Schema\Builder: Entity ImportError
[2026-02-11 11:37:35] DEBUG: Schema\Builder: Entity InboundEmail
[2026-02-11 11:37:35] DEBUG: Schema\Builder: Entity Integration
[2026-02-11 11:37:35] DEBUG: Schema\Builder: Entity Job
[2026-02-11 11:37:35] DEBUG: Schema\Builder: Entity KanbanOrder
[2026-02-11 11:37:35] DEBUG: Schema\Builder: Entity LayoutRecord
[2026-02-11 11:37:35] DEBUG: Schema\Builder: Entity LayoutSet
[2026-02-11 11:37:35] DEBUG: Schema\Builder: Entity LeadCapture
[2026-02-11 11:37:35] DEBUG: Schema\Builder: Entity LeadCaptureLogRecord
[2026-02-11 11:37:35] DEBUG: Schema\Builder: Entity MassAction
[2026-02-11 11:37:35] DEBUG: Schema\Builder: Entity NextNumber
[2026-02-11 11:37:35] DEBUG: Schema\Builder: Entity Note
[2026-02-11 11:37:35] DEBUG: Schema\Builder: Entity Notification
[2026-02-11 11:37:35] DEBUG: Schema\Builder: Entity OAuthAccount
[2026-02-11 11:37:35] DEBUG: Schema\Builder: Entity OAuthProvider
[2026-02-11 11:37:35] DEBUG: Schema\Builder: Entity PasswordChangeRequest
[2026-02-11 11:37:35] DEBUG: Schema\Builder: Entity PhoneNumber
[2026-02-11 11:37:35] DEBUG: Schema\Builder: Entity Portal
[2026-02-11 11:37:35] DEBUG: Schema\Builder: Entity PortalRole
[2026-02-11 11:37:35] DEBUG: Schema\Builder: Entity Preferences
[2026-02-11 11:37:35] DEBUG: Schema\Builder: Entity Role
[2026-02-11 11:37:35] DEBUG: Schema\Builder: Entity ScheduledJob
[2026-02-11 11:37:35] DEBUG: Schema\Builder: Entity ScheduledJobLogRecord
[2026-02-11 11:37:35] DEBUG: Schema\Builder: Entity Sms
[2026-02-11 11:37:35] DEBUG: Schema\Builder: Entity StarSubscription
[2026-02-11 11:37:35] DEBUG: Schema\Builder: Entity StreamSubscription
[2026-02-11 11:37:35] DEBUG: Schema\Builder: Entity SystemData
[2026-02-11 11:37:35] DEBUG: Schema\Builder: Entity Team
[2026-02-11 11:37:35] DEBUG: Schema\Builder: Entity Template
[2026-02-11 11:37:35] DEBUG: Schema\Builder: Entity TwoFactorCode
[2026-02-11 11:37:35] DEBUG: Schema\Builder: Entity UniqueId
[2026-02-11 11:37:35] DEBUG: Schema\Builder: Entity User
[2026-02-11 11:37:35] DEBUG: Schema\Builder: Entity UserData
[2026-02-11 11:37:35] DEBUG: Schema\Builder: Entity UserReaction
[2026-02-11 11:37:35] DEBUG: Schema\Builder: Entity Webhook
[2026-02-11 11:37:35] DEBUG: Schema\Builder: Entity WebhookEventQueueItem
[2026-02-11 11:37:35] DEBUG: Schema\Builder: Entity WebhookQueueItem
[2026-02-11 11:37:35] DEBUG: Schema\Builder: Entity WorkingTimeCalendar
[2026-02-11 11:37:35] DEBUG: Schema\Builder: Entity WorkingTimeRange
[2026-02-11 11:37:35] DEBUG: Schema\Builder: Entity Account
[2026-02-11 11:37:35] DEBUG: Schema\Builder: Entity Call
[2026-02-11 11:37:35] DEBUG: Schema\Builder: Entity Campaign
[2026-02-11 11:37:35] DEBUG: Schema\Builder: Entity CampaignLogRecord
[2026-02-11 11:37:35] DEBUG: Schema\Builder: Entity CampaignTrackingUrl
[2026-02-11 11:37:35] DEBUG: Schema\Builder: Entity Case
[2026-02-11 11:37:35] DEBUG: Schema\Builder: Entity Contact
[2026-02-11 11:37:35] DEBUG: Schema\Builder: Entity Document
[2026-02-11 11:37:35] DEBUG: Schema\Builder: Entity DocumentFolder
[2026-02-11 11:37:35] DEBUG: Schema\Builder: Entity EmailQueueItem
[2026-02-11 11:37:35] DEBUG: Schema\Builder: Entity KnowledgeBaseArticle
[2026-02-11 11:37:35] DEBUG: Schema\Builder: Entity KnowledgeBaseCategory
[2026-02-11 11:37:35] DEBUG: Schema\Builder: Entity Lead
[2026-02-11 11:37:35] DEBUG: Schema\Builder: Entity MassEmail
[2026-02-11 11:37:35] DEBUG: Schema\Builder: Entity Meeting
[2026-02-11 11:37:35] DEBUG: Schema\Builder: Entity Opportunity
[2026-02-11 11:37:35] DEBUG: Schema\Builder: Entity Reminder
[2026-02-11 11:37:35] DEBUG: Schema\Builder: Entity Target
[2026-02-11 11:37:35] DEBUG: Schema\Builder: Entity TargetList
[2026-02-11 11:37:35] DEBUG: Schema\Builder: Entity TargetListCategory
[2026-02-11 11:37:35] DEBUG: Schema\Builder: Entity Task
[2026-02-11 11:37:35] DEBUG: Schema\Builder: Entity CADHAR
[2026-02-11 11:37:35] DEBUG: Schema\Builder: Entity CAttendanceRecord
[2026-02-11 11:37:35] DEBUG: Schema\Builder: Entity CBanks
[2026-02-11 11:37:35] DEBUG: Schema\Builder: Entity CCity
[2026-02-11 11:37:35] DEBUG: Schema\Builder: Entity CContactType
[2026-02-11 11:37:35] DEBUG: Schema\Builder: Entity CCountry
[2026-02-11 11:37:35] DEBUG: Schema\Builder: Entity CDepartment
[2026-02-11 11:37:35] DEBUG: Schema\Builder: Entity CDependantRelation
[2026-02-11 11:37:35] DEBUG: Schema\Builder: Entity CDocumentType
[2026-02-11 11:37:35] DEBUG: Schema\Builder: Entity CDrivingLicense
[2026-02-11 11:37:35] DEBUG: Schema\Builder: Entity CEmployee
[2026-02-11 11:37:35] DEBUG: Schema\Builder: Entity CEmployeeAddress
[2026-02-11 11:37:35] DEBUG: Schema\Builder: Entity CEmployeeBank
[2026-02-11 11:37:35] DEBUG: Schema\Builder: Entity CEmployeeContact
[2026-02-11 11:37:35] DEBUG: Schema\Builder: Entity CEmployeeDependent
[2026-02-11 11:37:35] DEBUG: Schema\Builder: Entity CEmployeeDocuments
[2026-02-11 11:37:35] DEBUG: Schema\Builder: Entity CEmployeePastExperience
[2026-02-11 11:37:35] DEBUG: Schema\Builder: Entity CPanCard
[2026-02-11 11:37:35] DEBUG: Schema\Builder: Entity CPassport
[2026-02-11 11:37:35] DEBUG: Schema\Builder: Entity CState
[2026-02-11 11:37:35] DEBUG: Schema\Builder: Entity CVoterIdCard
[2026-02-11 11:37:35] DEBUG: Schema\Builder: Entity CWorkRole
[2026-02-11 11:37:35] DEBUG: Schema\Builder: Entity EmailTemplateCategoryPath
[2026-02-11 11:37:35] DEBUG: Schema\Builder: Entity DocumentFolderPath
[2026-02-11 11:37:35] DEBUG: Schema\Builder: Entity KnowledgeBaseCategoryPath
[2026-02-11 11:37:35] DEBUG: Schema\Builder: Entity TargetListCategoryPath
[2026-02-11 11:37:35] DEBUG: Schema\Builder: ManyMany for Email.emailAccounts
[2026-02-11 11:37:35] DEBUG: Schema\Builder: ManyMany for Email.inboundEmails
[2026-02-11 11:37:35] DEBUG: Schema\Builder: ManyMany for Email.replyToEmailAddresses
[2026-02-11 11:37:35] DEBUG: Schema\Builder: ManyMany for Email.users
[2026-02-11 11:37:35] DEBUG: Schema\Builder: ManyMany for Email.assignedUsers
[2026-02-11 11:37:35] DEBUG: Schema\Builder: ManyMany for Email.teams
[2026-02-11 11:37:35] DEBUG: Schema\Builder: ManyMany for GroupEmailFolder.teams
[2026-02-11 11:37:35] DEBUG: Schema\Builder: ManyMany for InboundEmail.teams
[2026-02-11 11:37:35] DEBUG: Schema\Builder: ManyMany for Note.users
[2026-02-11 11:37:35] DEBUG: Schema\Builder: ManyMany for Note.portals
[2026-02-11 11:37:35] DEBUG: Schema\Builder: ManyMany for Note.teams
[2026-02-11 11:37:35] DEBUG: Schema\Builder: ManyMany for Portal.articles
[2026-02-11 11:37:35] DEBUG: Schema\Builder: ManyMany for Portal.portalRoles
[2026-02-11 11:37:35] DEBUG: Schema\Builder: ManyMany for Portal.users
[2026-02-11 11:37:35] DEBUG: Schema\Builder: ManyMany for PortalRole.users
[2026-02-11 11:37:35] DEBUG: Schema\Builder: ManyMany for Role.teams
[2026-02-11 11:37:35] DEBUG: Schema\Builder: ManyMany for Role.users
[2026-02-11 11:37:35] DEBUG: Schema\Builder: ManyMany for Sms.toPhoneNumbers
[2026-02-11 11:37:35] DEBUG: Schema\Builder: ManyMany for Team.users
[2026-02-11 11:37:35] DEBUG: Schema\Builder: ManyMany for User.emailAddresses
[2026-02-11 11:37:35] DEBUG: Schema\Builder: ManyMany for User.phoneNumbers
[2026-02-11 11:37:35] DEBUG: Schema\Builder: ManyMany for User.targetLists
[2026-02-11 11:37:35] DEBUG: Schema\Builder: ManyMany for User.accounts
[2026-02-11 11:37:35] DEBUG: Schema\Builder: ManyMany for User.calls
[2026-02-11 11:37:35] DEBUG: Schema\Builder: ManyMany for User.meetings
[2026-02-11 11:37:35] DEBUG: Schema\Builder: ManyMany for User.workingTimeRanges
[2026-02-11 11:37:35] DEBUG: Schema\Builder: ManyMany for WorkingTimeCalendar.ranges
[2026-02-11 11:37:35] DEBUG: Schema\Builder: ManyMany for Account.portalUsers
[2026-02-11 11:37:35] DEBUG: Schema\Builder: Table [account_portal_user] exists.
[2026-02-11 11:37:35] DEBUG: Schema\Builder: ManyMany for Account.targetLists
[2026-02-11 11:37:35] DEBUG: Schema\Builder: ManyMany for Account.documents
[2026-02-11 11:37:35] DEBUG: Schema\Builder: ManyMany for Account.contacts
[2026-02-11 11:37:35] DEBUG: Schema\Builder: ManyMany for Call.leads
[2026-02-11 11:37:35] DEBUG: Schema\Builder: ManyMany for Call.contacts
[2026-02-11 11:37:35] DEBUG: Schema\Builder: ManyMany for Campaign.excludingTargetLists
[2026-02-11 11:37:35] DEBUG: Schema\Builder: ManyMany for Campaign.targetLists
[2026-02-11 11:37:35] DEBUG: Schema\Builder: ManyMany for Case.articles
[2026-02-11 11:37:35] DEBUG: Schema\Builder: ManyMany for Case.contacts
[2026-02-11 11:37:35] DEBUG: Schema\Builder: ManyMany for Contact.documents
[2026-02-11 11:37:35] DEBUG: Schema\Builder: ManyMany for Contact.targetLists
[2026-02-11 11:37:35] DEBUG: Schema\Builder: ManyMany for Contact.meetings
[2026-02-11 11:37:35] DEBUG: Schema\Builder: ManyMany for Contact.opportunities
[2026-02-11 11:37:35] DEBUG: Schema\Builder: ManyMany for Document.leads
[2026-02-11 11:37:35] DEBUG: Schema\Builder: ManyMany for Document.opportunities
[2026-02-11 11:37:35] DEBUG: Schema\Builder: ManyMany for KnowledgeBaseArticle.categories
[2026-02-11 11:37:35] DEBUG: Schema\Builder: ManyMany for Lead.targetLists
[2026-02-11 11:37:35] DEBUG: Schema\Builder: ManyMany for Lead.meetings
[2026-02-11 11:37:35] DEBUG: Schema\Builder: ManyMany for MassEmail.excludingTargetLists
[2026-02-11 11:37:35] DEBUG: Schema\Builder: ManyMany for MassEmail.targetLists
[2026-02-11 11:37:35] DEBUG: Schema\Builder - End
[2026-02-11 11:38:42] DEBUG: Schema\Builder - Start
[2026-02-11 11:38:42] DEBUG: Schema\Builder: Entity ActionHistoryRecord
[2026-02-11 11:38:42] DEBUG: Schema\Builder: Entity AddressCountry
[2026-02-11 11:38:42] DEBUG: Schema\Builder: Entity AppLogRecord
[2026-02-11 11:38:42] DEBUG: Schema\Builder: Entity AppSecret
[2026-02-11 11:38:42] DEBUG: Schema\Builder: Entity ArrayValue
[2026-02-11 11:38:42] DEBUG: Schema\Builder: Entity Attachment
[2026-02-11 11:38:42] DEBUG: Schema\Builder: Entity AuthLogRecord
[2026-02-11 11:38:42] DEBUG: Schema\Builder: Entity AuthToken
[2026-02-11 11:38:42] DEBUG: Schema\Builder: Entity AuthenticationProvider
[2026-02-11 11:38:42] DEBUG: Schema\Builder: Entity Autofollow
[2026-02-11 11:38:42] DEBUG: Schema\Builder: Entity Currency
[2026-02-11 11:38:42] DEBUG: Schema\Builder: Entity DashboardTemplate
[2026-02-11 11:38:42] DEBUG: Schema\Builder: Entity Email
[2026-02-11 11:38:42] DEBUG: Schema\Builder: Entity EmailAccount
[2026-02-11 11:38:42] DEBUG: Schema\Builder: Entity EmailAddress
[2026-02-11 11:38:42] DEBUG: Schema\Builder: Entity EmailFilter
[2026-02-11 11:38:42] DEBUG: Schema\Builder: Entity EmailFolder
[2026-02-11 11:38:42] DEBUG: Schema\Builder: Entity EmailTemplate
[2026-02-11 11:38:42] DEBUG: Schema\Builder: Entity EmailTemplateCategory
[2026-02-11 11:38:42] DEBUG: Schema\Builder: Entity Export
[2026-02-11 11:38:42] DEBUG: Schema\Builder: Entity Extension
[2026-02-11 11:38:42] DEBUG: Schema\Builder: Entity ExternalAccount
[2026-02-11 11:38:42] DEBUG: Schema\Builder: Entity GroupEmailFolder
[2026-02-11 11:38:42] DEBUG: Schema\Builder: Entity Import
[2026-02-11 11:38:42] DEBUG: Schema\Builder: Entity ImportEntity
[2026-02-11 11:38:42] DEBUG: Schema\Builder: Entity ImportError
[2026-02-11 11:38:42] DEBUG: Schema\Builder: Entity InboundEmail
[2026-02-11 11:38:42] DEBUG: Schema\Builder: Entity Integration
[2026-02-11 11:38:42] DEBUG: Schema\Builder: Entity Job
[2026-02-11 11:38:42] DEBUG: Schema\Builder: Entity KanbanOrder
[2026-02-11 11:38:42] DEBUG: Schema\Builder: Entity LayoutRecord
[2026-02-11 11:38:42] DEBUG: Schema\Builder: Entity LayoutSet
[2026-02-11 11:38:42] DEBUG: Schema\Builder: Entity LeadCapture
[2026-02-11 11:38:42] DEBUG: Schema\Builder: Entity LeadCaptureLogRecord
[2026-02-11 11:38:42] DEBUG: Schema\Builder: Entity MassAction
[2026-02-11 11:38:42] DEBUG: Schema\Builder: Entity NextNumber
[2026-02-11 11:38:42] DEBUG: Schema\Builder: Entity Note
[2026-02-11 11:38:42] DEBUG: Schema\Builder: Entity Notification
[2026-02-11 11:38:42] DEBUG: Schema\Builder: Entity OAuthAccount
[2026-02-11 11:38:42] DEBUG: Schema\Builder: Entity OAuthProvider
[2026-02-11 11:38:42] DEBUG: Schema\Builder: Entity PasswordChangeRequest
[2026-02-11 11:38:42] DEBUG: Schema\Builder: Entity PhoneNumber
[2026-02-11 11:38:42] DEBUG: Schema\Builder: Entity Portal
[2026-02-11 11:38:42] DEBUG: Schema\Builder: Entity PortalRole
[2026-02-11 11:38:42] DEBUG: Schema\Builder: Entity Preferences
[2026-02-11 11:38:42] DEBUG: Schema\Builder: Entity Role
[2026-02-11 11:38:42] DEBUG: Schema\Builder: Entity ScheduledJob
[2026-02-11 11:38:42] DEBUG: Schema\Builder: Entity ScheduledJobLogRecord
[2026-02-11 11:38:42] DEBUG: Schema\Builder: Entity Sms
[2026-02-11 11:38:42] DEBUG: Schema\Builder: Entity StarSubscription
[2026-02-11 11:38:42] DEBUG: Schema\Builder: Entity StreamSubscription
[2026-02-11 11:38:42] DEBUG: Schema\Builder: Entity SystemData
[2026-02-11 11:38:42] DEBUG: Schema\Builder: Entity Team
[2026-02-11 11:38:42] DEBUG: Schema\Builder: Entity Template
[2026-02-11 11:38:42] DEBUG: Schema\Builder: Entity TwoFactorCode
[2026-02-11 11:38:42] DEBUG: Schema\Builder: Entity UniqueId
[2026-02-11 11:38:42] DEBUG: Schema\Builder: Entity User
[2026-02-11 11:38:42] DEBUG: Schema\Builder: Entity UserData
[2026-02-11 11:38:42] DEBUG: Schema\Builder: Entity UserReaction
[2026-02-11 11:38:42] DEBUG: Schema\Builder: Entity Webhook
[2026-02-11 11:38:42] DEBUG: Schema\Builder: Entity WebhookEventQueueItem
[2026-02-11 11:38:42] DEBUG: Schema\Builder: Entity WebhookQueueItem
[2026-02-11 11:38:42] DEBUG: Schema\Builder: Entity WorkingTimeCalendar
[2026-02-11 11:38:42] DEBUG: Schema\Builder: Entity WorkingTimeRange
[2026-02-11 11:38:42] DEBUG: Schema\Builder: Entity Account
[2026-02-11 11:38:42] DEBUG: Schema\Builder: Entity Call
[2026-02-11 11:38:42] DEBUG: Schema\Builder: Entity Campaign
[2026-02-11 11:38:42] DEBUG: Schema\Builder: Entity CampaignLogRecord
[2026-02-11 11:38:42] DEBUG: Schema\Builder: Entity CampaignTrackingUrl
[2026-02-11 11:38:42] DEBUG: Schema\Builder: Entity Case
[2026-02-11 11:38:42] DEBUG: Schema\Builder: Entity Contact
[2026-02-11 11:38:42] DEBUG: Schema\Builder: Entity Document
[2026-02-11 11:38:42] DEBUG: Schema\Builder: Entity DocumentFolder
[2026-02-11 11:38:42] DEBUG: Schema\Builder: Entity EmailQueueItem
[2026-02-11 11:38:42] DEBUG: Schema\Builder: Entity KnowledgeBaseArticle
[2026-02-11 11:38:42] DEBUG: Schema\Builder: Entity KnowledgeBaseCategory
[2026-02-11 11:38:42] DEBUG: Schema\Builder: Entity Lead
[2026-02-11 11:38:42] DEBUG: Schema\Builder: Entity MassEmail
[2026-02-11 11:38:42] DEBUG: Schema\Builder: Entity Meeting
[2026-02-11 11:38:42] DEBUG: Schema\Builder: Entity Opportunity
[2026-02-11 11:38:42] DEBUG: Schema\Builder: Entity Reminder
[2026-02-11 11:38:42] DEBUG: Schema\Builder: Entity Target
[2026-02-11 11:38:42] DEBUG: Schema\Builder: Entity TargetList
[2026-02-11 11:38:42] DEBUG: Schema\Builder: Entity TargetListCategory
[2026-02-11 11:38:42] DEBUG: Schema\Builder: Entity Task
[2026-02-11 11:38:42] DEBUG: Schema\Builder: Entity CADHAR
[2026-02-11 11:38:42] DEBUG: Schema\Builder: Entity CAttendanceRecord
[2026-02-11 11:38:42] DEBUG: Schema\Builder: Entity CBanks
[2026-02-11 11:38:42] DEBUG: Schema\Builder: Entity CCity
[2026-02-11 11:38:42] DEBUG: Schema\Builder: Entity CContactType
[2026-02-11 11:38:42] DEBUG: Schema\Builder: Entity CCountry
[2026-02-11 11:38:42] DEBUG: Schema\Builder: Entity CDepartment
[2026-02-11 11:38:42] DEBUG: Schema\Builder: Entity CDependantRelation
[2026-02-11 11:38:42] DEBUG: Schema\Builder: Entity CDocumentType
[2026-02-11 11:38:42] DEBUG: Schema\Builder: Entity CDrivingLicense
[2026-02-11 11:38:42] DEBUG: Schema\Builder: Entity CEmployee
[2026-02-11 11:38:42] DEBUG: Schema\Builder: Entity CEmployeeAddress
[2026-02-11 11:38:42] DEBUG: Schema\Builder: Entity CEmployeeBank
[2026-02-11 11:38:42] DEBUG: Schema\Builder: Entity CEmployeeContact
[2026-02-11 11:38:42] DEBUG: Schema\Builder: Entity CEmployeeDependent
[2026-02-11 11:38:42] DEBUG: Schema\Builder: Entity CEmployeeDocuments
[2026-02-11 11:38:42] DEBUG: Schema\Builder: Entity CEmployeePastExperience
[2026-02-11 11:38:42] DEBUG: Schema\Builder: Entity CPanCard
[2026-02-11 11:38:42] DEBUG: Schema\Builder: Entity CPassport
[2026-02-11 11:38:42] DEBUG: Schema\Builder: Entity CState
[2026-02-11 11:38:42] DEBUG: Schema\Builder: Entity CVoterIdCard
[2026-02-11 11:38:42] DEBUG: Schema\Builder: Entity CWorkRole
[2026-02-11 11:38:42] DEBUG: Schema\Builder: Entity EmailTemplateCategoryPath
[2026-02-11 11:38:42] DEBUG: Schema\Builder: Entity DocumentFolderPath
[2026-02-11 11:38:42] DEBUG: Schema\Builder: Entity KnowledgeBaseCategoryPath
[2026-02-11 11:38:42] DEBUG: Schema\Builder: Entity TargetListCategoryPath
[2026-02-11 11:38:42] DEBUG: Schema\Builder: ManyMany for Email.emailAccounts
[2026-02-11 11:38:42] DEBUG: Schema\Builder: ManyMany for Email.inboundEmails
[2026-02-11 11:38:42] DEBUG: Schema\Builder: ManyMany for Email.replyToEmailAddresses
[2026-02-11 11:38:42] DEBUG: Schema\Builder: ManyMany for Email.users
[2026-02-11 11:38:42] DEBUG: Schema\Builder: ManyMany for Email.assignedUsers
[2026-02-11 11:38:42] DEBUG: Schema\Builder: ManyMany for Email.teams
[2026-02-11 11:38:42] DEBUG: Schema\Builder: ManyMany for GroupEmailFolder.teams
[2026-02-11 11:38:42] DEBUG: Schema\Builder: ManyMany for InboundEmail.teams
[2026-02-11 11:38:42] DEBUG: Schema\Builder: ManyMany for Note.users
[2026-02-11 11:38:42] DEBUG: Schema\Builder: ManyMany for Note.portals
[2026-02-11 11:38:42] DEBUG: Schema\Builder: ManyMany for Note.teams
[2026-02-11 11:38:42] DEBUG: Schema\Builder: ManyMany for Portal.articles
[2026-02-11 11:38:42] DEBUG: Schema\Builder: ManyMany for Portal.portalRoles
[2026-02-11 11:38:42] DEBUG: Schema\Builder: ManyMany for Portal.users
[2026-02-11 11:38:42] DEBUG: Schema\Builder: ManyMany for PortalRole.users
[2026-02-11 11:38:42] DEBUG: Schema\Builder: ManyMany for Role.teams
[2026-02-11 11:38:42] DEBUG: Schema\Builder: ManyMany for Role.users
[2026-02-11 11:38:42] DEBUG: Schema\Builder: ManyMany for Sms.toPhoneNumbers
[2026-02-11 11:38:42] DEBUG: Schema\Builder: ManyMany for Team.users
[2026-02-11 11:38:42] DEBUG: Schema\Builder: ManyMany for User.emailAddresses
[2026-02-11 11:38:42] DEBUG: Schema\Builder: ManyMany for User.phoneNumbers
[2026-02-11 11:38:42] DEBUG: Schema\Builder: ManyMany for User.targetLists
[2026-02-11 11:38:42] DEBUG: Schema\Builder: ManyMany for User.accounts
[2026-02-11 11:38:42] DEBUG: Schema\Builder: ManyMany for User.calls
[2026-02-11 11:38:42] DEBUG: Schema\Builder: ManyMany for User.meetings
[2026-02-11 11:38:42] DEBUG: Schema\Builder: ManyMany for User.workingTimeRanges
[2026-02-11 11:38:42] DEBUG: Schema\Builder: ManyMany for WorkingTimeCalendar.ranges
[2026-02-11 11:38:42] DEBUG: Schema\Builder: ManyMany for Account.portalUsers
[2026-02-11 11:38:42] DEBUG: Schema\Builder: Table [account_portal_user] exists.
[2026-02-11 11:38:42] DEBUG: Schema\Builder: ManyMany for Account.targetLists
[2026-02-11 11:38:42] DEBUG: Schema\Builder: ManyMany for Account.documents
[2026-02-11 11:38:42] DEBUG: Schema\Builder: ManyMany for Account.contacts
[2026-02-11 11:38:42] DEBUG: Schema\Builder: ManyMany for Call.leads
[2026-02-11 11:38:42] DEBUG: Schema\Builder: ManyMany for Call.contacts
[2026-02-11 11:38:42] DEBUG: Schema\Builder: ManyMany for Campaign.excludingTargetLists
[2026-02-11 11:38:42] DEBUG: Schema\Builder: ManyMany for Campaign.targetLists
[2026-02-11 11:38:42] DEBUG: Schema\Builder: ManyMany for Case.articles
[2026-02-11 11:38:42] DEBUG: Schema\Builder: ManyMany for Case.contacts
[2026-02-11 11:38:42] DEBUG: Schema\Builder: ManyMany for Contact.documents
[2026-02-11 11:38:42] DEBUG: Schema\Builder: ManyMany for Contact.targetLists
[2026-02-11 11:38:42] DEBUG: Schema\Builder: ManyMany for Contact.meetings
[2026-02-11 11:38:42] DEBUG: Schema\Builder: ManyMany for Contact.opportunities
[2026-02-11 11:38:42] DEBUG: Schema\Builder: ManyMany for Document.leads
[2026-02-11 11:38:42] DEBUG: Schema\Builder: ManyMany for Document.opportunities
[2026-02-11 11:38:42] DEBUG: Schema\Builder: ManyMany for KnowledgeBaseArticle.categories
[2026-02-11 11:38:42] DEBUG: Schema\Builder: ManyMany for Lead.targetLists
[2026-02-11 11:38:42] DEBUG: Schema\Builder: ManyMany for Lead.meetings
[2026-02-11 11:38:42] DEBUG: Schema\Builder: ManyMany for MassEmail.excludingTargetLists
[2026-02-11 11:38:42] DEBUG: Schema\Builder: ManyMany for MassEmail.targetLists
[2026-02-11 11:38:42] DEBUG: Schema\Builder - End
[2026-02-11 11:46:12] DEBUG: Schema\Builder - Start
[2026-02-11 11:46:12] DEBUG: Schema\Builder: Entity ActionHistoryRecord
[2026-02-11 11:46:12] DEBUG: Schema\Builder: Entity AddressCountry
[2026-02-11 11:46:12] DEBUG: Schema\Builder: Entity AppLogRecord
[2026-02-11 11:46:12] DEBUG: Schema\Builder: Entity AppSecret
[2026-02-11 11:46:12] DEBUG: Schema\Builder: Entity ArrayValue
[2026-02-11 11:46:12] DEBUG: Schema\Builder: Entity Attachment
[2026-02-11 11:46:12] DEBUG: Schema\Builder: Entity AuthLogRecord
[2026-02-11 11:46:12] DEBUG: Schema\Builder: Entity AuthToken
[2026-02-11 11:46:12] DEBUG: Schema\Builder: Entity AuthenticationProvider
[2026-02-11 11:46:12] DEBUG: Schema\Builder: Entity Autofollow
[2026-02-11 11:46:12] DEBUG: Schema\Builder: Entity Currency
[2026-02-11 11:46:12] DEBUG: Schema\Builder: Entity DashboardTemplate
[2026-02-11 11:46:12] DEBUG: Schema\Builder: Entity Email
[2026-02-11 11:46:12] DEBUG: Schema\Builder: Entity EmailAccount
[2026-02-11 11:46:12] DEBUG: Schema\Builder: Entity EmailAddress
[2026-02-11 11:46:12] DEBUG: Schema\Builder: Entity EmailFilter
[2026-02-11 11:46:12] DEBUG: Schema\Builder: Entity EmailFolder
[2026-02-11 11:46:12] DEBUG: Schema\Builder: Entity EmailTemplate
[2026-02-11 11:46:12] DEBUG: Schema\Builder: Entity EmailTemplateCategory
[2026-02-11 11:46:12] DEBUG: Schema\Builder: Entity Export
[2026-02-11 11:46:12] DEBUG: Schema\Builder: Entity Extension
[2026-02-11 11:46:12] DEBUG: Schema\Builder: Entity ExternalAccount
[2026-02-11 11:46:12] DEBUG: Schema\Builder: Entity GroupEmailFolder
[2026-02-11 11:46:12] DEBUG: Schema\Builder: Entity Import
[2026-02-11 11:46:12] DEBUG: Schema\Builder: Entity ImportEntity
[2026-02-11 11:46:12] DEBUG: Schema\Builder: Entity ImportError
[2026-02-11 11:46:12] DEBUG: Schema\Builder: Entity InboundEmail
[2026-02-11 11:46:13] DEBUG: Schema\Builder: Entity Integration
[2026-02-11 11:46:13] DEBUG: Schema\Builder: Entity Job
[2026-02-11 11:46:13] DEBUG: Schema\Builder: Entity KanbanOrder
[2026-02-11 11:46:13] DEBUG: Schema\Builder: Entity LayoutRecord
[2026-02-11 11:46:13] DEBUG: Schema\Builder: Entity LayoutSet
[2026-02-11 11:46:13] DEBUG: Schema\Builder: Entity LeadCapture
[2026-02-11 11:46:13] DEBUG: Schema\Builder: Entity LeadCaptureLogRecord
[2026-02-11 11:46:13] DEBUG: Schema\Builder: Entity MassAction
[2026-02-11 11:46:13] DEBUG: Schema\Builder: Entity NextNumber
[2026-02-11 11:46:13] DEBUG: Schema\Builder: Entity Note
[2026-02-11 11:46:13] DEBUG: Schema\Builder: Entity Notification
[2026-02-11 11:46:13] DEBUG: Schema\Builder: Entity OAuthAccount
[2026-02-11 11:46:13] DEBUG: Schema\Builder: Entity OAuthProvider
[2026-02-11 11:46:13] DEBUG: Schema\Builder: Entity PasswordChangeRequest
[2026-02-11 11:46:13] DEBUG: Schema\Builder: Entity PhoneNumber
[2026-02-11 11:46:13] DEBUG: Schema\Builder: Entity Portal
[2026-02-11 11:46:13] DEBUG: Schema\Builder: Entity PortalRole
[2026-02-11 11:46:13] DEBUG: Schema\Builder: Entity Preferences
[2026-02-11 11:46:13] DEBUG: Schema\Builder: Entity Role
[2026-02-11 11:46:13] DEBUG: Schema\Builder: Entity ScheduledJob
[2026-02-11 11:46:13] DEBUG: Schema\Builder: Entity ScheduledJobLogRecord
[2026-02-11 11:46:13] DEBUG: Schema\Builder: Entity Sms
[2026-02-11 11:46:13] DEBUG: Schema\Builder: Entity StarSubscription
[2026-02-11 11:46:13] DEBUG: Schema\Builder: Entity StreamSubscription
[2026-02-11 11:46:13] DEBUG: Schema\Builder: Entity SystemData
[2026-02-11 11:46:13] DEBUG: Schema\Builder: Entity Team
[2026-02-11 11:46:13] DEBUG: Schema\Builder: Entity Template
[2026-02-11 11:46:13] DEBUG: Schema\Builder: Entity TwoFactorCode
[2026-02-11 11:46:13] DEBUG: Schema\Builder: Entity UniqueId
[2026-02-11 11:46:13] DEBUG: Schema\Builder: Entity User
[2026-02-11 11:46:13] DEBUG: Schema\Builder: Entity UserData
[2026-02-11 11:46:13] DEBUG: Schema\Builder: Entity UserReaction
[2026-02-11 11:46:13] DEBUG: Schema\Builder: Entity Webhook
[2026-02-11 11:46:13] DEBUG: Schema\Builder: Entity WebhookEventQueueItem
[2026-02-11 11:46:13] DEBUG: Schema\Builder: Entity WebhookQueueItem
[2026-02-11 11:46:13] DEBUG: Schema\Builder: Entity WorkingTimeCalendar
[2026-02-11 11:46:13] DEBUG: Schema\Builder: Entity WorkingTimeRange
[2026-02-11 11:46:13] DEBUG: Schema\Builder: Entity Account
[2026-02-11 11:46:13] DEBUG: Schema\Builder: Entity Call
[2026-02-11 11:46:13] DEBUG: Schema\Builder: Entity Campaign
[2026-02-11 11:46:13] DEBUG: Schema\Builder: Entity CampaignLogRecord
[2026-02-11 11:46:13] DEBUG: Schema\Builder: Entity CampaignTrackingUrl
[2026-02-11 11:46:13] DEBUG: Schema\Builder: Entity Case
[2026-02-11 11:46:13] DEBUG: Schema\Builder: Entity Contact
[2026-02-11 11:46:13] DEBUG: Schema\Builder: Entity Document
[2026-02-11 11:46:13] DEBUG: Schema\Builder: Entity DocumentFolder
[2026-02-11 11:46:13] DEBUG: Schema\Builder: Entity EmailQueueItem
[2026-02-11 11:46:13] DEBUG: Schema\Builder: Entity KnowledgeBaseArticle
[2026-02-11 11:46:13] DEBUG: Schema\Builder: Entity KnowledgeBaseCategory
[2026-02-11 11:46:13] DEBUG: Schema\Builder: Entity Lead
[2026-02-11 11:46:13] DEBUG: Schema\Builder: Entity MassEmail
[2026-02-11 11:46:13] DEBUG: Schema\Builder: Entity Meeting
[2026-02-11 11:46:13] DEBUG: Schema\Builder: Entity Opportunity
[2026-02-11 11:46:13] DEBUG: Schema\Builder: Entity Reminder
[2026-02-11 11:46:13] DEBUG: Schema\Builder: Entity Target
[2026-02-11 11:46:13] DEBUG: Schema\Builder: Entity TargetList
[2026-02-11 11:46:13] DEBUG: Schema\Builder: Entity TargetListCategory
[2026-02-11 11:46:13] DEBUG: Schema\Builder: Entity Task
[2026-02-11 11:46:13] DEBUG: Schema\Builder: Entity CADHAR
[2026-02-11 11:46:13] DEBUG: Schema\Builder: Entity CAttendanceRecord
[2026-02-11 11:46:13] DEBUG: Schema\Builder: Entity CBanks
[2026-02-11 11:46:13] DEBUG: Schema\Builder: Entity CCity
[2026-02-11 11:46:13] DEBUG: Schema\Builder: Entity CContactType
[2026-02-11 11:46:13] DEBUG: Schema\Builder: Entity CCountry
[2026-02-11 11:46:13] DEBUG: Schema\Builder: Entity CDepartment
[2026-02-11 11:46:13] DEBUG: Schema\Builder: Entity CDependantRelation
[2026-02-11 11:46:13] DEBUG: Schema\Builder: Entity CDocumentType
[2026-02-11 11:46:13] DEBUG: Schema\Builder: Entity CDrivingLicense
[2026-02-11 11:46:13] DEBUG: Schema\Builder: Entity CEmployee
[2026-02-11 11:46:13] DEBUG: Schema\Builder: Entity CEmployeeAddress
[2026-02-11 11:46:13] DEBUG: Schema\Builder: Entity CEmployeeBank
[2026-02-11 11:46:13] DEBUG: Schema\Builder: Entity CEmployeeContact
[2026-02-11 11:46:13] DEBUG: Schema\Builder: Entity CEmployeeDependent
[2026-02-11 11:46:13] DEBUG: Schema\Builder: Entity CEmployeeDocuments
[2026-02-11 11:46:13] DEBUG: Schema\Builder: Entity CEmployeePastExperience
[2026-02-11 11:46:13] DEBUG: Schema\Builder: Entity CPanCard
[2026-02-11 11:46:13] DEBUG: Schema\Builder: Entity CPassport
[2026-02-11 11:46:13] DEBUG: Schema\Builder: Entity CState
[2026-02-11 11:46:13] DEBUG: Schema\Builder: Entity CVoterIdCard
[2026-02-11 11:46:13] DEBUG: Schema\Builder: Entity CWorkRole
[2026-02-11 11:46:13] DEBUG: Schema\Builder: Entity EmailTemplateCategoryPath
[2026-02-11 11:46:13] DEBUG: Schema\Builder: Entity DocumentFolderPath
[2026-02-11 11:46:13] DEBUG: Schema\Builder: Entity KnowledgeBaseCategoryPath
[2026-02-11 11:46:13] DEBUG: Schema\Builder: Entity TargetListCategoryPath
[2026-02-11 11:46:13] DEBUG: Schema\Builder: ManyMany for Email.emailAccounts
[2026-02-11 11:46:13] DEBUG: Schema\Builder: ManyMany for Email.inboundEmails
[2026-02-11 11:46:13] DEBUG: Schema\Builder: ManyMany for Email.replyToEmailAddresses
[2026-02-11 11:46:13] DEBUG: Schema\Builder: ManyMany for Email.users
[2026-02-11 11:46:13] DEBUG: Schema\Builder: ManyMany for Email.assignedUsers
[2026-02-11 11:46:13] DEBUG: Schema\Builder: ManyMany for Email.teams
[2026-02-11 11:46:13] DEBUG: Schema\Builder: ManyMany for GroupEmailFolder.teams
[2026-02-11 11:46:13] DEBUG: Schema\Builder: ManyMany for InboundEmail.teams
[2026-02-11 11:46:13] DEBUG: Schema\Builder: ManyMany for Note.users
[2026-02-11 11:46:13] DEBUG: Schema\Builder: ManyMany for Note.portals
[2026-02-11 11:46:13] DEBUG: Schema\Builder: ManyMany for Note.teams
[2026-02-11 11:46:13] DEBUG: Schema\Builder: ManyMany for Portal.articles
[2026-02-11 11:46:13] DEBUG: Schema\Builder: ManyMany for Portal.portalRoles
[2026-02-11 11:46:13] DEBUG: Schema\Builder: ManyMany for Portal.users
[2026-02-11 11:46:13] DEBUG: Schema\Builder: ManyMany for PortalRole.users
[2026-02-11 11:46:13] DEBUG: Schema\Builder: ManyMany for Role.teams
[2026-02-11 11:46:13] DEBUG: Schema\Builder: ManyMany for Role.users
[2026-02-11 11:46:13] DEBUG: Schema\Builder: ManyMany for Sms.toPhoneNumbers
[2026-02-11 11:46:13] DEBUG: Schema\Builder: ManyMany for Team.users
[2026-02-11 11:46:13] DEBUG: Schema\Builder: ManyMany for User.emailAddresses
[2026-02-11 11:46:13] DEBUG: Schema\Builder: ManyMany for User.phoneNumbers
[2026-02-11 11:46:13] DEBUG: Schema\Builder: ManyMany for User.targetLists
[2026-02-11 11:46:13] DEBUG: Schema\Builder: ManyMany for User.accounts
[2026-02-11 11:46:13] DEBUG: Schema\Builder: ManyMany for User.calls
[2026-02-11 11:46:13] DEBUG: Schema\Builder: ManyMany for User.meetings
[2026-02-11 11:46:13] DEBUG: Schema\Builder: ManyMany for User.workingTimeRanges
[2026-02-11 11:46:13] DEBUG: Schema\Builder: ManyMany for WorkingTimeCalendar.ranges
[2026-02-11 11:46:13] DEBUG: Schema\Builder: ManyMany for Account.portalUsers
[2026-02-11 11:46:13] DEBUG: Schema\Builder: Table [account_portal_user] exists.
[2026-02-11 11:46:13] DEBUG: Schema\Builder: ManyMany for Account.targetLists
[2026-02-11 11:46:13] DEBUG: Schema\Builder: ManyMany for Account.documents
[2026-02-11 11:46:13] DEBUG: Schema\Builder: ManyMany for Account.contacts
[2026-02-11 11:46:13] DEBUG: Schema\Builder: ManyMany for Call.leads
[2026-02-11 11:46:13] DEBUG: Schema\Builder: ManyMany for Call.contacts
[2026-02-11 11:46:13] DEBUG: Schema\Builder: ManyMany for Campaign.excludingTargetLists
[2026-02-11 11:46:13] DEBUG: Schema\Builder: ManyMany for Campaign.targetLists
[2026-02-11 11:46:13] DEBUG: Schema\Builder: ManyMany for Case.articles
[2026-02-11 11:46:13] DEBUG: Schema\Builder: ManyMany for Case.contacts
[2026-02-11 11:46:13] DEBUG: Schema\Builder: ManyMany for Contact.documents
[2026-02-11 11:46:13] DEBUG: Schema\Builder: ManyMany for Contact.targetLists
[2026-02-11 11:46:13] DEBUG: Schema\Builder: ManyMany for Contact.meetings
[2026-02-11 11:46:13] DEBUG: Schema\Builder: ManyMany for Contact.opportunities
[2026-02-11 11:46:13] DEBUG: Schema\Builder: ManyMany for Document.leads
[2026-02-11 11:46:13] DEBUG: Schema\Builder: ManyMany for Document.opportunities
[2026-02-11 11:46:13] DEBUG: Schema\Builder: ManyMany for KnowledgeBaseArticle.categories
[2026-02-11 11:46:13] DEBUG: Schema\Builder: ManyMany for Lead.targetLists
[2026-02-11 11:46:13] DEBUG: Schema\Builder: ManyMany for Lead.meetings
[2026-02-11 11:46:13] DEBUG: Schema\Builder: ManyMany for MassEmail.excludingTargetLists
[2026-02-11 11:46:13] DEBUG: Schema\Builder: ManyMany for MassEmail.targetLists
[2026-02-11 11:46:13] DEBUG: Schema\Builder - End
[2026-02-11 11:55:00] DEBUG: Schema\Builder - Start
[2026-02-11 11:55:00] DEBUG: Schema\Builder: Entity ActionHistoryRecord
[2026-02-11 11:55:00] DEBUG: Schema\Builder: Entity AddressCountry
[2026-02-11 11:55:00] DEBUG: Schema\Builder: Entity AppLogRecord
[2026-02-11 11:55:00] DEBUG: Schema\Builder: Entity AppSecret
[2026-02-11 11:55:00] DEBUG: Schema\Builder: Entity ArrayValue
[2026-02-11 11:55:00] DEBUG: Schema\Builder: Entity Attachment
[2026-02-11 11:55:00] DEBUG: Schema\Builder: Entity AuthLogRecord
[2026-02-11 11:55:00] DEBUG: Schema\Builder: Entity AuthToken
[2026-02-11 11:55:00] DEBUG: Schema\Builder: Entity AuthenticationProvider
[2026-02-11 11:55:00] DEBUG: Schema\Builder: Entity Autofollow
[2026-02-11 11:55:00] DEBUG: Schema\Builder: Entity Currency
[2026-02-11 11:55:00] DEBUG: Schema\Builder: Entity DashboardTemplate
[2026-02-11 11:55:00] DEBUG: Schema\Builder: Entity Email
[2026-02-11 11:55:00] DEBUG: Schema\Builder: Entity EmailAccount
[2026-02-11 11:55:00] DEBUG: Schema\Builder: Entity EmailAddress
[2026-02-11 11:55:00] DEBUG: Schema\Builder: Entity EmailFilter
[2026-02-11 11:55:00] DEBUG: Schema\Builder: Entity EmailFolder
[2026-02-11 11:55:00] DEBUG: Schema\Builder: Entity EmailTemplate
[2026-02-11 11:55:00] DEBUG: Schema\Builder: Entity EmailTemplateCategory
[2026-02-11 11:55:00] DEBUG: Schema\Builder: Entity Export
[2026-02-11 11:55:00] DEBUG: Schema\Builder: Entity Extension
[2026-02-11 11:55:00] DEBUG: Schema\Builder: Entity ExternalAccount
[2026-02-11 11:55:00] DEBUG: Schema\Builder: Entity GroupEmailFolder
[2026-02-11 11:55:00] DEBUG: Schema\Builder: Entity Import
[2026-02-11 11:55:00] DEBUG: Schema\Builder: Entity ImportEntity
[2026-02-11 11:55:00] DEBUG: Schema\Builder: Entity ImportError
[2026-02-11 11:55:00] DEBUG: Schema\Builder: Entity InboundEmail
[2026-02-11 11:55:00] DEBUG: Schema\Builder: Entity Integration
[2026-02-11 11:55:00] DEBUG: Schema\Builder: Entity Job
[2026-02-11 11:55:00] DEBUG: Schema\Builder: Entity KanbanOrder
[2026-02-11 11:55:00] DEBUG: Schema\Builder: Entity LayoutRecord
[2026-02-11 11:55:00] DEBUG: Schema\Builder: Entity LayoutSet
[2026-02-11 11:55:00] DEBUG: Schema\Builder: Entity LeadCapture
[2026-02-11 11:55:00] DEBUG: Schema\Builder: Entity LeadCaptureLogRecord
[2026-02-11 11:55:00] DEBUG: Schema\Builder: Entity MassAction
[2026-02-11 11:55:00] DEBUG: Schema\Builder: Entity NextNumber
[2026-02-11 11:55:00] DEBUG: Schema\Builder: Entity Note
[2026-02-11 11:55:00] DEBUG: Schema\Builder: Entity Notification
[2026-02-11 11:55:00] DEBUG: Schema\Builder: Entity OAuthAccount
[2026-02-11 11:55:00] DEBUG: Schema\Builder: Entity OAuthProvider
[2026-02-11 11:55:00] DEBUG: Schema\Builder: Entity PasswordChangeRequest
[2026-02-11 11:55:00] DEBUG: Schema\Builder: Entity PhoneNumber
[2026-02-11 11:55:00] DEBUG: Schema\Builder: Entity Portal
[2026-02-11 11:55:00] DEBUG: Schema\Builder: Entity PortalRole
[2026-02-11 11:55:00] DEBUG: Schema\Builder: Entity Preferences
[2026-02-11 11:55:00] DEBUG: Schema\Builder: Entity Role
[2026-02-11 11:55:00] DEBUG: Schema\Builder: Entity ScheduledJob
[2026-02-11 11:55:00] DEBUG: Schema\Builder: Entity ScheduledJobLogRecord
[2026-02-11 11:55:00] DEBUG: Schema\Builder: Entity Sms
[2026-02-11 11:55:00] DEBUG: Schema\Builder: Entity StarSubscription
[2026-02-11 11:55:00] DEBUG: Schema\Builder: Entity StreamSubscription
[2026-02-11 11:55:00] DEBUG: Schema\Builder: Entity SystemData
[2026-02-11 11:55:00] DEBUG: Schema\Builder: Entity Team
[2026-02-11 11:55:00] DEBUG: Schema\Builder: Entity Template
[2026-02-11 11:55:00] DEBUG: Schema\Builder: Entity TwoFactorCode
[2026-02-11 11:55:00] DEBUG: Schema\Builder: Entity UniqueId
[2026-02-11 11:55:00] DEBUG: Schema\Builder: Entity User
[2026-02-11 11:55:00] DEBUG: Schema\Builder: Entity UserData
[2026-02-11 11:55:00] DEBUG: Schema\Builder: Entity UserReaction
[2026-02-11 11:55:00] DEBUG: Schema\Builder: Entity Webhook
[2026-02-11 11:55:00] DEBUG: Schema\Builder: Entity WebhookEventQueueItem
[2026-02-11 11:55:00] DEBUG: Schema\Builder: Entity WebhookQueueItem
[2026-02-11 11:55:00] DEBUG: Schema\Builder: Entity WorkingTimeCalendar
[2026-02-11 11:55:00] DEBUG: Schema\Builder: Entity WorkingTimeRange
[2026-02-11 11:55:00] DEBUG: Schema\Builder: Entity Account
[2026-02-11 11:55:00] DEBUG: Schema\Builder: Entity Call
[2026-02-11 11:55:00] DEBUG: Schema\Builder: Entity Campaign
[2026-02-11 11:55:00] DEBUG: Schema\Builder: Entity CampaignLogRecord
[2026-02-11 11:55:00] DEBUG: Schema\Builder: Entity CampaignTrackingUrl
[2026-02-11 11:55:00] DEBUG: Schema\Builder: Entity Case
[2026-02-11 11:55:00] DEBUG: Schema\Builder: Entity Contact
[2026-02-11 11:55:00] DEBUG: Schema\Builder: Entity Document
[2026-02-11 11:55:00] DEBUG: Schema\Builder: Entity DocumentFolder
[2026-02-11 11:55:00] DEBUG: Schema\Builder: Entity EmailQueueItem
[2026-02-11 11:55:00] DEBUG: Schema\Builder: Entity KnowledgeBaseArticle
[2026-02-11 11:55:00] DEBUG: Schema\Builder: Entity KnowledgeBaseCategory
[2026-02-11 11:55:00] DEBUG: Schema\Builder: Entity Lead
[2026-02-11 11:55:00] DEBUG: Schema\Builder: Entity MassEmail
[2026-02-11 11:55:00] DEBUG: Schema\Builder: Entity Meeting
[2026-02-11 11:55:00] DEBUG: Schema\Builder: Entity Opportunity
[2026-02-11 11:55:00] DEBUG: Schema\Builder: Entity Reminder
[2026-02-11 11:55:00] DEBUG: Schema\Builder: Entity Target
[2026-02-11 11:55:00] DEBUG: Schema\Builder: Entity TargetList
[2026-02-11 11:55:00] DEBUG: Schema\Builder: Entity TargetListCategory
[2026-02-11 11:55:00] DEBUG: Schema\Builder: Entity Task
[2026-02-11 11:55:00] DEBUG: Schema\Builder: Entity CADHAR
[2026-02-11 11:55:00] DEBUG: Schema\Builder: Entity CAttendanceRecord
[2026-02-11 11:55:00] DEBUG: Schema\Builder: Entity CBanks
[2026-02-11 11:55:00] DEBUG: Schema\Builder: Entity CCity
[2026-02-11 11:55:00] DEBUG: Schema\Builder: Entity CContactType
[2026-02-11 11:55:00] DEBUG: Schema\Builder: Entity CCountry
[2026-02-11 11:55:00] DEBUG: Schema\Builder: Entity CDepartment
[2026-02-11 11:55:00] DEBUG: Schema\Builder: Entity CDependantRelation
[2026-02-11 11:55:00] DEBUG: Schema\Builder: Entity CDocumentType
[2026-02-11 11:55:00] DEBUG: Schema\Builder: Entity CDrivingLicense
[2026-02-11 11:55:00] DEBUG: Schema\Builder: Entity CEmployee
[2026-02-11 11:55:00] DEBUG: Schema\Builder: Entity CEmployeeAddress
[2026-02-11 11:55:00] DEBUG: Schema\Builder: Entity CEmployeeBank
[2026-02-11 11:55:00] DEBUG: Schema\Builder: Entity CEmployeeContact
[2026-02-11 11:55:00] DEBUG: Schema\Builder: Entity CEmployeeDependent
[2026-02-11 11:55:00] DEBUG: Schema\Builder: Entity CEmployeeDocuments
[2026-02-11 11:55:00] DEBUG: Schema\Builder: Entity CEmployeePastExperience
[2026-02-11 11:55:00] DEBUG: Schema\Builder: Entity CPanCard
[2026-02-11 11:55:00] DEBUG: Schema\Builder: Entity CPassport
[2026-02-11 11:55:00] DEBUG: Schema\Builder: Entity CState
[2026-02-11 11:55:00] DEBUG: Schema\Builder: Entity CVoterIdCard
[2026-02-11 11:55:00] DEBUG: Schema\Builder: Entity CWorkRole
[2026-02-11 11:55:00] DEBUG: Schema\Builder: Entity EmailTemplateCategoryPath
[2026-02-11 11:55:00] DEBUG: Schema\Builder: Entity DocumentFolderPath
[2026-02-11 11:55:00] DEBUG: Schema\Builder: Entity KnowledgeBaseCategoryPath
[2026-02-11 11:55:00] DEBUG: Schema\Builder: Entity TargetListCategoryPath
[2026-02-11 11:55:00] DEBUG: Schema\Builder: ManyMany for Email.emailAccounts
[2026-02-11 11:55:00] DEBUG: Schema\Builder: ManyMany for Email.inboundEmails
[2026-02-11 11:55:00] DEBUG: Schema\Builder: ManyMany for Email.replyToEmailAddresses
[2026-02-11 11:55:00] DEBUG: Schema\Builder: ManyMany for Email.users
[2026-02-11 11:55:00] DEBUG: Schema\Builder: ManyMany for Email.assignedUsers
[2026-02-11 11:55:00] DEBUG: Schema\Builder: ManyMany for Email.teams
[2026-02-11 11:55:00] DEBUG: Schema\Builder: ManyMany for GroupEmailFolder.teams
[2026-02-11 11:55:00] DEBUG: Schema\Builder: ManyMany for InboundEmail.teams
[2026-02-11 11:55:00] DEBUG: Schema\Builder: ManyMany for Note.users
[2026-02-11 11:55:00] DEBUG: Schema\Builder: ManyMany for Note.portals
[2026-02-11 11:55:00] DEBUG: Schema\Builder: ManyMany for Note.teams
[2026-02-11 11:55:00] DEBUG: Schema\Builder: ManyMany for Portal.articles
[2026-02-11 11:55:00] DEBUG: Schema\Builder: ManyMany for Portal.portalRoles
[2026-02-11 11:55:00] DEBUG: Schema\Builder: ManyMany for Portal.users
[2026-02-11 11:55:00] DEBUG: Schema\Builder: ManyMany for PortalRole.users
[2026-02-11 11:55:00] DEBUG: Schema\Builder: ManyMany for Role.teams
[2026-02-11 11:55:00] DEBUG: Schema\Builder: ManyMany for Role.users
[2026-02-11 11:55:00] DEBUG: Schema\Builder: ManyMany for Sms.toPhoneNumbers
[2026-02-11 11:55:00] DEBUG: Schema\Builder: ManyMany for Team.users
[2026-02-11 11:55:00] DEBUG: Schema\Builder: ManyMany for User.emailAddresses
[2026-02-11 11:55:00] DEBUG: Schema\Builder: ManyMany for User.phoneNumbers
[2026-02-11 11:55:00] DEBUG: Schema\Builder: ManyMany for User.targetLists
[2026-02-11 11:55:00] DEBUG: Schema\Builder: ManyMany for User.accounts
[2026-02-11 11:55:00] DEBUG: Schema\Builder: ManyMany for User.calls
[2026-02-11 11:55:00] DEBUG: Schema\Builder: ManyMany for User.meetings
[2026-02-11 11:55:00] DEBUG: Schema\Builder: ManyMany for User.workingTimeRanges
[2026-02-11 11:55:00] DEBUG: Schema\Builder: ManyMany for WorkingTimeCalendar.ranges
[2026-02-11 11:55:00] DEBUG: Schema\Builder: ManyMany for Account.portalUsers
[2026-02-11 11:55:00] DEBUG: Schema\Builder: Table [account_portal_user] exists.
[2026-02-11 11:55:00] DEBUG: Schema\Builder: ManyMany for Account.targetLists
[2026-02-11 11:55:00] DEBUG: Schema\Builder: ManyMany for Account.documents
[2026-02-11 11:55:00] DEBUG: Schema\Builder: ManyMany for Account.contacts
[2026-02-11 11:55:00] DEBUG: Schema\Builder: ManyMany for Call.leads
[2026-02-11 11:55:00] DEBUG: Schema\Builder: ManyMany for Call.contacts
[2026-02-11 11:55:00] DEBUG: Schema\Builder: ManyMany for Campaign.excludingTargetLists
[2026-02-11 11:55:00] DEBUG: Schema\Builder: ManyMany for Campaign.targetLists
[2026-02-11 11:55:00] DEBUG: Schema\Builder: ManyMany for Case.articles
[2026-02-11 11:55:00] DEBUG: Schema\Builder: ManyMany for Case.contacts
[2026-02-11 11:55:00] DEBUG: Schema\Builder: ManyMany for Contact.documents
[2026-02-11 11:55:00] DEBUG: Schema\Builder: ManyMany for Contact.targetLists
[2026-02-11 11:55:00] DEBUG: Schema\Builder: ManyMany for Contact.meetings
[2026-02-11 11:55:00] DEBUG: Schema\Builder: ManyMany for Contact.opportunities
[2026-02-11 11:55:00] DEBUG: Schema\Builder: ManyMany for Document.leads
[2026-02-11 11:55:00] DEBUG: Schema\Builder: ManyMany for Document.opportunities
[2026-02-11 11:55:00] DEBUG: Schema\Builder: ManyMany for KnowledgeBaseArticle.categories
[2026-02-11 11:55:00] DEBUG: Schema\Builder: ManyMany for Lead.targetLists
[2026-02-11 11:55:00] DEBUG: Schema\Builder: ManyMany for Lead.meetings
[2026-02-11 11:55:00] DEBUG: Schema\Builder: ManyMany for MassEmail.excludingTargetLists
[2026-02-11 11:55:00] DEBUG: Schema\Builder: ManyMany for MassEmail.targetLists
[2026-02-11 11:55:00] DEBUG: Schema\Builder - End
[2026-02-11 11:55:56] DEBUG: Schema\Builder - Start
[2026-02-11 11:55:56] DEBUG: Schema\Builder: Entity ActionHistoryRecord
[2026-02-11 11:55:56] DEBUG: Schema\Builder: Entity AddressCountry
[2026-02-11 11:55:56] DEBUG: Schema\Builder: Entity AppLogRecord
[2026-02-11 11:55:56] DEBUG: Schema\Builder: Entity AppSecret
[2026-02-11 11:55:56] DEBUG: Schema\Builder: Entity ArrayValue
[2026-02-11 11:55:56] DEBUG: Schema\Builder: Entity Attachment
[2026-02-11 11:55:56] DEBUG: Schema\Builder: Entity AuthLogRecord
[2026-02-11 11:55:56] DEBUG: Schema\Builder: Entity AuthToken
[2026-02-11 11:55:56] DEBUG: Schema\Builder: Entity AuthenticationProvider
[2026-02-11 11:55:56] DEBUG: Schema\Builder: Entity Autofollow
[2026-02-11 11:55:56] DEBUG: Schema\Builder: Entity Currency
[2026-02-11 11:55:56] DEBUG: Schema\Builder: Entity DashboardTemplate
[2026-02-11 11:55:56] DEBUG: Schema\Builder: Entity Email
[2026-02-11 11:55:56] DEBUG: Schema\Builder: Entity EmailAccount
[2026-02-11 11:55:56] DEBUG: Schema\Builder: Entity EmailAddress
[2026-02-11 11:55:56] DEBUG: Schema\Builder: Entity EmailFilter
[2026-02-11 11:55:56] DEBUG: Schema\Builder: Entity EmailFolder
[2026-02-11 11:55:56] DEBUG: Schema\Builder: Entity EmailTemplate
[2026-02-11 11:55:56] DEBUG: Schema\Builder: Entity EmailTemplateCategory
[2026-02-11 11:55:56] DEBUG: Schema\Builder: Entity Export
[2026-02-11 11:55:56] DEBUG: Schema\Builder: Entity Extension
[2026-02-11 11:55:56] DEBUG: Schema\Builder: Entity ExternalAccount
[2026-02-11 11:55:56] DEBUG: Schema\Builder: Entity GroupEmailFolder
[2026-02-11 11:55:56] DEBUG: Schema\Builder: Entity Import
[2026-02-11 11:55:56] DEBUG: Schema\Builder: Entity ImportEntity
[2026-02-11 11:55:56] DEBUG: Schema\Builder: Entity ImportError
[2026-02-11 11:55:56] DEBUG: Schema\Builder: Entity InboundEmail
[2026-02-11 11:55:56] DEBUG: Schema\Builder: Entity Integration
[2026-02-11 11:55:56] DEBUG: Schema\Builder: Entity Job
[2026-02-11 11:55:56] DEBUG: Schema\Builder: Entity KanbanOrder
[2026-02-11 11:55:56] DEBUG: Schema\Builder: Entity LayoutRecord
[2026-02-11 11:55:56] DEBUG: Schema\Builder: Entity LayoutSet
[2026-02-11 11:55:56] DEBUG: Schema\Builder: Entity LeadCapture
[2026-02-11 11:55:56] DEBUG: Schema\Builder: Entity LeadCaptureLogRecord
[2026-02-11 11:55:56] DEBUG: Schema\Builder: Entity MassAction
[2026-02-11 11:55:56] DEBUG: Schema\Builder: Entity NextNumber
[2026-02-11 11:55:56] DEBUG: Schema\Builder: Entity Note
[2026-02-11 11:55:56] DEBUG: Schema\Builder: Entity Notification
[2026-02-11 11:55:56] DEBUG: Schema\Builder: Entity OAuthAccount
[2026-02-11 11:55:56] DEBUG: Schema\Builder: Entity OAuthProvider
[2026-02-11 11:55:56] DEBUG: Schema\Builder: Entity PasswordChangeRequest
[2026-02-11 11:55:56] DEBUG: Schema\Builder: Entity PhoneNumber
[2026-02-11 11:55:56] DEBUG: Schema\Builder: Entity Portal
[2026-02-11 11:55:56] DEBUG: Schema\Builder: Entity PortalRole
[2026-02-11 11:55:56] DEBUG: Schema\Builder: Entity Preferences
[2026-02-11 11:55:56] DEBUG: Schema\Builder: Entity Role
[2026-02-11 11:55:56] DEBUG: Schema\Builder: Entity ScheduledJob
[2026-02-11 11:55:56] DEBUG: Schema\Builder: Entity ScheduledJobLogRecord
[2026-02-11 11:55:56] DEBUG: Schema\Builder: Entity Sms
[2026-02-11 11:55:56] DEBUG: Schema\Builder: Entity StarSubscription
[2026-02-11 11:55:56] DEBUG: Schema\Builder: Entity StreamSubscription
[2026-02-11 11:55:56] DEBUG: Schema\Builder: Entity SystemData
[2026-02-11 11:55:56] DEBUG: Schema\Builder: Entity Team
[2026-02-11 11:55:56] DEBUG: Schema\Builder: Entity Template
[2026-02-11 11:55:56] DEBUG: Schema\Builder: Entity TwoFactorCode
[2026-02-11 11:55:56] DEBUG: Schema\Builder: Entity UniqueId
[2026-02-11 11:55:56] DEBUG: Schema\Builder: Entity User
[2026-02-11 11:55:56] DEBUG: Schema\Builder: Entity UserData
[2026-02-11 11:55:56] DEBUG: Schema\Builder: Entity UserReaction
[2026-02-11 11:55:56] DEBUG: Schema\Builder: Entity Webhook
[2026-02-11 11:55:56] DEBUG: Schema\Builder: Entity WebhookEventQueueItem
[2026-02-11 11:55:56] DEBUG: Schema\Builder: Entity WebhookQueueItem
[2026-02-11 11:55:56] DEBUG: Schema\Builder: Entity WorkingTimeCalendar
[2026-02-11 11:55:56] DEBUG: Schema\Builder: Entity WorkingTimeRange
[2026-02-11 11:55:56] DEBUG: Schema\Builder: Entity Account
[2026-02-11 11:55:56] DEBUG: Schema\Builder: Entity Call
[2026-02-11 11:55:56] DEBUG: Schema\Builder: Entity Campaign
[2026-02-11 11:55:56] DEBUG: Schema\Builder: Entity CampaignLogRecord
[2026-02-11 11:55:56] DEBUG: Schema\Builder: Entity CampaignTrackingUrl
[2026-02-11 11:55:56] DEBUG: Schema\Builder: Entity Case
[2026-02-11 11:55:56] DEBUG: Schema\Builder: Entity Contact
[2026-02-11 11:55:56] DEBUG: Schema\Builder: Entity Document
[2026-02-11 11:55:56] DEBUG: Schema\Builder: Entity DocumentFolder
[2026-02-11 11:55:56] DEBUG: Schema\Builder: Entity EmailQueueItem
[2026-02-11 11:55:56] DEBUG: Schema\Builder: Entity KnowledgeBaseArticle
[2026-02-11 11:55:56] DEBUG: Schema\Builder: Entity KnowledgeBaseCategory
[2026-02-11 11:55:56] DEBUG: Schema\Builder: Entity Lead
[2026-02-11 11:55:56] DEBUG: Schema\Builder: Entity MassEmail
[2026-02-11 11:55:56] DEBUG: Schema\Builder: Entity Meeting
[2026-02-11 11:55:56] DEBUG: Schema\Builder: Entity Opportunity
[2026-02-11 11:55:56] DEBUG: Schema\Builder: Entity Reminder
[2026-02-11 11:55:56] DEBUG: Schema\Builder: Entity Target
[2026-02-11 11:55:56] DEBUG: Schema\Builder: Entity TargetList
[2026-02-11 11:55:56] DEBUG: Schema\Builder: Entity TargetListCategory
[2026-02-11 11:55:56] DEBUG: Schema\Builder: Entity Task
[2026-02-11 11:55:56] DEBUG: Schema\Builder: Entity CADHAR
[2026-02-11 11:55:56] DEBUG: Schema\Builder: Entity CAttendanceRecord
[2026-02-11 11:55:56] DEBUG: Schema\Builder: Entity CBanks
[2026-02-11 11:55:56] DEBUG: Schema\Builder: Entity CCity
[2026-02-11 11:55:56] DEBUG: Schema\Builder: Entity CContactType
[2026-02-11 11:55:56] DEBUG: Schema\Builder: Entity CCountry
[2026-02-11 11:55:56] DEBUG: Schema\Builder: Entity CDepartment
[2026-02-11 11:55:56] DEBUG: Schema\Builder: Entity CDependantRelation
[2026-02-11 11:55:56] DEBUG: Schema\Builder: Entity CDocumentType
[2026-02-11 11:55:56] DEBUG: Schema\Builder: Entity CDrivingLicense
[2026-02-11 11:55:56] DEBUG: Schema\Builder: Entity CEmployee
[2026-02-11 11:55:56] DEBUG: Schema\Builder: Entity CEmployeeAddress
[2026-02-11 11:55:56] DEBUG: Schema\Builder: Entity CEmployeeBank
[2026-02-11 11:55:56] DEBUG: Schema\Builder: Entity CEmployeeContact
[2026-02-11 11:55:56] DEBUG: Schema\Builder: Entity CEmployeeDependent
[2026-02-11 11:55:56] DEBUG: Schema\Builder: Entity CEmployeeDocuments
[2026-02-11 11:55:56] DEBUG: Schema\Builder: Entity CEmployeePastExperience
[2026-02-11 11:55:56] DEBUG: Schema\Builder: Entity CPanCard
[2026-02-11 11:55:56] DEBUG: Schema\Builder: Entity CPassport
[2026-02-11 11:55:56] DEBUG: Schema\Builder: Entity CState
[2026-02-11 11:55:56] DEBUG: Schema\Builder: Entity CVoterIdCard
[2026-02-11 11:55:56] DEBUG: Schema\Builder: Entity CWorkRole
[2026-02-11 11:55:56] DEBUG: Schema\Builder: Entity EmailTemplateCategoryPath
[2026-02-11 11:55:56] DEBUG: Schema\Builder: Entity DocumentFolderPath
[2026-02-11 11:55:56] DEBUG: Schema\Builder: Entity KnowledgeBaseCategoryPath
[2026-02-11 11:55:56] DEBUG: Schema\Builder: Entity TargetListCategoryPath
[2026-02-11 11:55:56] DEBUG: Schema\Builder: ManyMany for Email.emailAccounts
[2026-02-11 11:55:56] DEBUG: Schema\Builder: ManyMany for Email.inboundEmails
[2026-02-11 11:55:56] DEBUG: Schema\Builder: ManyMany for Email.replyToEmailAddresses
[2026-02-11 11:55:56] DEBUG: Schema\Builder: ManyMany for Email.users
[2026-02-11 11:55:56] DEBUG: Schema\Builder: ManyMany for Email.assignedUsers
[2026-02-11 11:55:56] DEBUG: Schema\Builder: ManyMany for Email.teams
[2026-02-11 11:55:56] DEBUG: Schema\Builder: ManyMany for GroupEmailFolder.teams
[2026-02-11 11:55:56] DEBUG: Schema\Builder: ManyMany for InboundEmail.teams
[2026-02-11 11:55:56] DEBUG: Schema\Builder: ManyMany for Note.users
[2026-02-11 11:55:56] DEBUG: Schema\Builder: ManyMany for Note.portals
[2026-02-11 11:55:56] DEBUG: Schema\Builder: ManyMany for Note.teams
[2026-02-11 11:55:56] DEBUG: Schema\Builder: ManyMany for Portal.articles
[2026-02-11 11:55:56] DEBUG: Schema\Builder: ManyMany for Portal.portalRoles
[2026-02-11 11:55:56] DEBUG: Schema\Builder: ManyMany for Portal.users
[2026-02-11 11:55:56] DEBUG: Schema\Builder: ManyMany for PortalRole.users
[2026-02-11 11:55:56] DEBUG: Schema\Builder: ManyMany for Role.teams
[2026-02-11 11:55:56] DEBUG: Schema\Builder: ManyMany for Role.users
[2026-02-11 11:55:56] DEBUG: Schema\Builder: ManyMany for Sms.toPhoneNumbers
[2026-02-11 11:55:56] DEBUG: Schema\Builder: ManyMany for Team.users
[2026-02-11 11:55:56] DEBUG: Schema\Builder: ManyMany for User.emailAddresses
[2026-02-11 11:55:56] DEBUG: Schema\Builder: ManyMany for User.phoneNumbers
[2026-02-11 11:55:56] DEBUG: Schema\Builder: ManyMany for User.targetLists
[2026-02-11 11:55:56] DEBUG: Schema\Builder: ManyMany for User.accounts
[2026-02-11 11:55:56] DEBUG: Schema\Builder: ManyMany for User.calls
[2026-02-11 11:55:56] DEBUG: Schema\Builder: ManyMany for User.meetings
[2026-02-11 11:55:56] DEBUG: Schema\Builder: ManyMany for User.workingTimeRanges
[2026-02-11 11:55:56] DEBUG: Schema\Builder: ManyMany for WorkingTimeCalendar.ranges
[2026-02-11 11:55:56] DEBUG: Schema\Builder: ManyMany for Account.portalUsers
[2026-02-11 11:55:56] DEBUG: Schema\Builder: Table [account_portal_user] exists.
[2026-02-11 11:55:56] DEBUG: Schema\Builder: ManyMany for Account.targetLists
[2026-02-11 11:55:56] DEBUG: Schema\Builder: ManyMany for Account.documents
[2026-02-11 11:55:56] DEBUG: Schema\Builder: ManyMany for Account.contacts
[2026-02-11 11:55:56] DEBUG: Schema\Builder: ManyMany for Call.leads
[2026-02-11 11:55:56] DEBUG: Schema\Builder: ManyMany for Call.contacts
[2026-02-11 11:55:56] DEBUG: Schema\Builder: ManyMany for Campaign.excludingTargetLists
[2026-02-11 11:55:56] DEBUG: Schema\Builder: ManyMany for Campaign.targetLists
[2026-02-11 11:55:56] DEBUG: Schema\Builder: ManyMany for Case.articles
[2026-02-11 11:55:56] DEBUG: Schema\Builder: ManyMany for Case.contacts
[2026-02-11 11:55:56] DEBUG: Schema\Builder: ManyMany for Contact.documents
[2026-02-11 11:55:56] DEBUG: Schema\Builder: ManyMany for Contact.targetLists
[2026-02-11 11:55:56] DEBUG: Schema\Builder: ManyMany for Contact.meetings
[2026-02-11 11:55:56] DEBUG: Schema\Builder: ManyMany for Contact.opportunities
[2026-02-11 11:55:56] DEBUG: Schema\Builder: ManyMany for Document.leads
[2026-02-11 11:55:56] DEBUG: Schema\Builder: ManyMany for Document.opportunities
[2026-02-11 11:55:56] DEBUG: Schema\Builder: ManyMany for KnowledgeBaseArticle.categories
[2026-02-11 11:55:56] DEBUG: Schema\Builder: ManyMany for Lead.targetLists
[2026-02-11 11:55:56] DEBUG: Schema\Builder: ManyMany for Lead.meetings
[2026-02-11 11:55:56] DEBUG: Schema\Builder: ManyMany for MassEmail.excludingTargetLists
[2026-02-11 11:55:56] DEBUG: Schema\Builder: ManyMany for MassEmail.targetLists
[2026-02-11 11:55:56] DEBUG: Schema\Builder - End
[2026-02-11 12:02:29] DEBUG: Schema\Builder - Start
[2026-02-11 12:02:29] DEBUG: Schema\Builder: Entity ActionHistoryRecord
[2026-02-11 12:02:29] DEBUG: Schema\Builder: Entity AddressCountry
[2026-02-11 12:02:29] DEBUG: Schema\Builder: Entity AppLogRecord
[2026-02-11 12:02:29] DEBUG: Schema\Builder: Entity AppSecret
[2026-02-11 12:02:29] DEBUG: Schema\Builder: Entity ArrayValue
[2026-02-11 12:02:29] DEBUG: Schema\Builder: Entity Attachment
[2026-02-11 12:02:29] DEBUG: Schema\Builder: Entity AuthLogRecord
[2026-02-11 12:02:29] DEBUG: Schema\Builder: Entity AuthToken
[2026-02-11 12:02:29] DEBUG: Schema\Builder: Entity AuthenticationProvider
[2026-02-11 12:02:29] DEBUG: Schema\Builder: Entity Autofollow
[2026-02-11 12:02:29] DEBUG: Schema\Builder: Entity Currency
[2026-02-11 12:02:29] DEBUG: Schema\Builder: Entity DashboardTemplate
[2026-02-11 12:02:29] DEBUG: Schema\Builder: Entity Email
[2026-02-11 12:02:29] DEBUG: Schema\Builder: Entity EmailAccount
[2026-02-11 12:02:29] DEBUG: Schema\Builder: Entity EmailAddress
[2026-02-11 12:02:29] DEBUG: Schema\Builder: Entity EmailFilter
[2026-02-11 12:02:29] DEBUG: Schema\Builder: Entity EmailFolder
[2026-02-11 12:02:29] DEBUG: Schema\Builder: Entity EmailTemplate
[2026-02-11 12:02:29] DEBUG: Schema\Builder: Entity EmailTemplateCategory
[2026-02-11 12:02:29] DEBUG: Schema\Builder: Entity Export
[2026-02-11 12:02:29] DEBUG: Schema\Builder: Entity Extension
[2026-02-11 12:02:29] DEBUG: Schema\Builder: Entity ExternalAccount
[2026-02-11 12:02:29] DEBUG: Schema\Builder: Entity GroupEmailFolder
[2026-02-11 12:02:29] DEBUG: Schema\Builder: Entity Import
[2026-02-11 12:02:29] DEBUG: Schema\Builder: Entity ImportEntity
[2026-02-11 12:02:29] DEBUG: Schema\Builder: Entity ImportError
[2026-02-11 12:02:29] DEBUG: Schema\Builder: Entity InboundEmail
[2026-02-11 12:02:29] DEBUG: Schema\Builder: Entity Integration
[2026-02-11 12:02:29] DEBUG: Schema\Builder: Entity Job
[2026-02-11 12:02:29] DEBUG: Schema\Builder: Entity KanbanOrder
[2026-02-11 12:02:29] DEBUG: Schema\Builder: Entity LayoutRecord
[2026-02-11 12:02:29] DEBUG: Schema\Builder: Entity LayoutSet
[2026-02-11 12:02:29] DEBUG: Schema\Builder: Entity LeadCapture
[2026-02-11 12:02:29] DEBUG: Schema\Builder: Entity LeadCaptureLogRecord
[2026-02-11 12:02:29] DEBUG: Schema\Builder: Entity MassAction
[2026-02-11 12:02:29] DEBUG: Schema\Builder: Entity NextNumber
[2026-02-11 12:02:29] DEBUG: Schema\Builder: Entity Note
[2026-02-11 12:02:29] DEBUG: Schema\Builder: Entity Notification
[2026-02-11 12:02:29] DEBUG: Schema\Builder: Entity OAuthAccount
[2026-02-11 12:02:29] DEBUG: Schema\Builder: Entity OAuthProvider
[2026-02-11 12:02:29] DEBUG: Schema\Builder: Entity PasswordChangeRequest
[2026-02-11 12:02:29] DEBUG: Schema\Builder: Entity PhoneNumber
[2026-02-11 12:02:29] DEBUG: Schema\Builder: Entity Portal
[2026-02-11 12:02:29] DEBUG: Schema\Builder: Entity PortalRole
[2026-02-11 12:02:29] DEBUG: Schema\Builder: Entity Preferences
[2026-02-11 12:02:29] DEBUG: Schema\Builder: Entity Role
[2026-02-11 12:02:29] DEBUG: Schema\Builder: Entity ScheduledJob
[2026-02-11 12:02:29] DEBUG: Schema\Builder: Entity ScheduledJobLogRecord
[2026-02-11 12:02:29] DEBUG: Schema\Builder: Entity Sms
[2026-02-11 12:02:29] DEBUG: Schema\Builder: Entity StarSubscription
[2026-02-11 12:02:29] DEBUG: Schema\Builder: Entity StreamSubscription
[2026-02-11 12:02:29] DEBUG: Schema\Builder: Entity SystemData
[2026-02-11 12:02:29] DEBUG: Schema\Builder: Entity Team
[2026-02-11 12:02:29] DEBUG: Schema\Builder: Entity Template
[2026-02-11 12:02:29] DEBUG: Schema\Builder: Entity TwoFactorCode
[2026-02-11 12:02:29] DEBUG: Schema\Builder: Entity UniqueId
[2026-02-11 12:02:29] DEBUG: Schema\Builder: Entity User
[2026-02-11 12:02:29] DEBUG: Schema\Builder: Entity UserData
[2026-02-11 12:02:29] DEBUG: Schema\Builder: Entity UserReaction
[2026-02-11 12:02:29] DEBUG: Schema\Builder: Entity Webhook
[2026-02-11 12:02:29] DEBUG: Schema\Builder: Entity WebhookEventQueueItem
[2026-02-11 12:02:29] DEBUG: Schema\Builder: Entity WebhookQueueItem
[2026-02-11 12:02:29] DEBUG: Schema\Builder: Entity WorkingTimeCalendar
[2026-02-11 12:02:29] DEBUG: Schema\Builder: Entity WorkingTimeRange
[2026-02-11 12:02:29] DEBUG: Schema\Builder: Entity Account
[2026-02-11 12:02:29] DEBUG: Schema\Builder: Entity Call
[2026-02-11 12:02:29] DEBUG: Schema\Builder: Entity Campaign
[2026-02-11 12:02:29] DEBUG: Schema\Builder: Entity CampaignLogRecord
[2026-02-11 12:02:29] DEBUG: Schema\Builder: Entity CampaignTrackingUrl
[2026-02-11 12:02:29] DEBUG: Schema\Builder: Entity Case
[2026-02-11 12:02:29] DEBUG: Schema\Builder: Entity Contact
[2026-02-11 12:02:29] DEBUG: Schema\Builder: Entity Document
[2026-02-11 12:02:29] DEBUG: Schema\Builder: Entity DocumentFolder
[2026-02-11 12:02:29] DEBUG: Schema\Builder: Entity EmailQueueItem
[2026-02-11 12:02:29] DEBUG: Schema\Builder: Entity KnowledgeBaseArticle
[2026-02-11 12:02:29] DEBUG: Schema\Builder: Entity KnowledgeBaseCategory
[2026-02-11 12:02:29] DEBUG: Schema\Builder: Entity Lead
[2026-02-11 12:02:29] DEBUG: Schema\Builder: Entity MassEmail
[2026-02-11 12:02:29] DEBUG: Schema\Builder: Entity Meeting
[2026-02-11 12:02:29] DEBUG: Schema\Builder: Entity Opportunity
[2026-02-11 12:02:29] DEBUG: Schema\Builder: Entity Reminder
[2026-02-11 12:02:29] DEBUG: Schema\Builder: Entity Target
[2026-02-11 12:02:29] DEBUG: Schema\Builder: Entity TargetList
[2026-02-11 12:02:29] DEBUG: Schema\Builder: Entity TargetListCategory
[2026-02-11 12:02:29] DEBUG: Schema\Builder: Entity Task
[2026-02-11 12:02:29] DEBUG: Schema\Builder: Entity CADHAR
[2026-02-11 12:02:29] DEBUG: Schema\Builder: Entity CAttendanceRecord
[2026-02-11 12:02:29] DEBUG: Schema\Builder: Entity CBanks
[2026-02-11 12:02:29] DEBUG: Schema\Builder: Entity CCity
[2026-02-11 12:02:29] DEBUG: Schema\Builder: Entity CContactType
[2026-02-11 12:02:29] DEBUG: Schema\Builder: Entity CCountry
[2026-02-11 12:02:29] DEBUG: Schema\Builder: Entity CDepartment
[2026-02-11 12:02:29] DEBUG: Schema\Builder: Entity CDependantRelation
[2026-02-11 12:02:29] DEBUG: Schema\Builder: Entity CDocumentType
[2026-02-11 12:02:29] DEBUG: Schema\Builder: Entity CDrivingLicense
[2026-02-11 12:02:29] DEBUG: Schema\Builder: Entity CEmployee
[2026-02-11 12:02:29] DEBUG: Schema\Builder: Entity CEmployeeAddress
[2026-02-11 12:02:29] DEBUG: Schema\Builder: Entity CEmployeeBank
[2026-02-11 12:02:29] DEBUG: Schema\Builder: Entity CEmployeeContact
[2026-02-11 12:02:29] DEBUG: Schema\Builder: Entity CEmployeeDependent
[2026-02-11 12:02:29] DEBUG: Schema\Builder: Entity CEmployeeDocuments
[2026-02-11 12:02:29] DEBUG: Schema\Builder: Entity CEmployeePastExperience
[2026-02-11 12:02:29] DEBUG: Schema\Builder: Entity CPanCard
[2026-02-11 12:02:29] DEBUG: Schema\Builder: Entity CPassport
[2026-02-11 12:02:29] DEBUG: Schema\Builder: Entity CState
[2026-02-11 12:02:29] DEBUG: Schema\Builder: Entity CVoterIdCard
[2026-02-11 12:02:29] DEBUG: Schema\Builder: Entity CWorkRole
[2026-02-11 12:02:29] DEBUG: Schema\Builder: Entity EmailTemplateCategoryPath
[2026-02-11 12:02:29] DEBUG: Schema\Builder: Entity DocumentFolderPath
[2026-02-11 12:02:29] DEBUG: Schema\Builder: Entity KnowledgeBaseCategoryPath
[2026-02-11 12:02:29] DEBUG: Schema\Builder: Entity TargetListCategoryPath
[2026-02-11 12:02:29] DEBUG: Schema\Builder: ManyMany for Email.emailAccounts
[2026-02-11 12:02:29] DEBUG: Schema\Builder: ManyMany for Email.inboundEmails
[2026-02-11 12:02:29] DEBUG: Schema\Builder: ManyMany for Email.replyToEmailAddresses
[2026-02-11 12:02:29] DEBUG: Schema\Builder: ManyMany for Email.users
[2026-02-11 12:02:29] DEBUG: Schema\Builder: ManyMany for Email.assignedUsers
[2026-02-11 12:02:29] DEBUG: Schema\Builder: ManyMany for Email.teams
[2026-02-11 12:02:29] DEBUG: Schema\Builder: ManyMany for GroupEmailFolder.teams
[2026-02-11 12:02:29] DEBUG: Schema\Builder: ManyMany for InboundEmail.teams
[2026-02-11 12:02:29] DEBUG: Schema\Builder: ManyMany for Note.users
[2026-02-11 12:02:29] DEBUG: Schema\Builder: ManyMany for Note.portals
[2026-02-11 12:02:29] DEBUG: Schema\Builder: ManyMany for Note.teams
[2026-02-11 12:02:29] DEBUG: Schema\Builder: ManyMany for Portal.articles
[2026-02-11 12:02:29] DEBUG: Schema\Builder: ManyMany for Portal.portalRoles
[2026-02-11 12:02:29] DEBUG: Schema\Builder: ManyMany for Portal.users
[2026-02-11 12:02:29] DEBUG: Schema\Builder: ManyMany for PortalRole.users
[2026-02-11 12:02:29] DEBUG: Schema\Builder: ManyMany for Role.teams
[2026-02-11 12:02:29] DEBUG: Schema\Builder: ManyMany for Role.users
[2026-02-11 12:02:29] DEBUG: Schema\Builder: ManyMany for Sms.toPhoneNumbers
[2026-02-11 12:02:29] DEBUG: Schema\Builder: ManyMany for Team.users
[2026-02-11 12:02:29] DEBUG: Schema\Builder: ManyMany for User.emailAddresses
[2026-02-11 12:02:29] DEBUG: Schema\Builder: ManyMany for User.phoneNumbers
[2026-02-11 12:02:29] DEBUG: Schema\Builder: ManyMany for User.targetLists
[2026-02-11 12:02:29] DEBUG: Schema\Builder: ManyMany for User.accounts
[2026-02-11 12:02:29] DEBUG: Schema\Builder: ManyMany for User.calls
[2026-02-11 12:02:29] DEBUG: Schema\Builder: ManyMany for User.meetings
[2026-02-11 12:02:29] DEBUG: Schema\Builder: ManyMany for User.workingTimeRanges
[2026-02-11 12:02:29] DEBUG: Schema\Builder: ManyMany for WorkingTimeCalendar.ranges
[2026-02-11 12:02:29] DEBUG: Schema\Builder: ManyMany for Account.portalUsers
[2026-02-11 12:02:29] DEBUG: Schema\Builder: Table [account_portal_user] exists.
[2026-02-11 12:02:29] DEBUG: Schema\Builder: ManyMany for Account.targetLists
[2026-02-11 12:02:29] DEBUG: Schema\Builder: ManyMany for Account.documents
[2026-02-11 12:02:29] DEBUG: Schema\Builder: ManyMany for Account.contacts
[2026-02-11 12:02:29] DEBUG: Schema\Builder: ManyMany for Call.leads
[2026-02-11 12:02:29] DEBUG: Schema\Builder: ManyMany for Call.contacts
[2026-02-11 12:02:29] DEBUG: Schema\Builder: ManyMany for Campaign.excludingTargetLists
[2026-02-11 12:02:29] DEBUG: Schema\Builder: ManyMany for Campaign.targetLists
[2026-02-11 12:02:29] DEBUG: Schema\Builder: ManyMany for Case.articles
[2026-02-11 12:02:29] DEBUG: Schema\Builder: ManyMany for Case.contacts
[2026-02-11 12:02:29] DEBUG: Schema\Builder: ManyMany for Contact.documents
[2026-02-11 12:02:29] DEBUG: Schema\Builder: ManyMany for Contact.targetLists
[2026-02-11 12:02:29] DEBUG: Schema\Builder: ManyMany for Contact.meetings
[2026-02-11 12:02:29] DEBUG: Schema\Builder: ManyMany for Contact.opportunities
[2026-02-11 12:02:29] DEBUG: Schema\Builder: ManyMany for Document.leads
[2026-02-11 12:02:29] DEBUG: Schema\Builder: ManyMany for Document.opportunities
[2026-02-11 12:02:29] DEBUG: Schema\Builder: ManyMany for KnowledgeBaseArticle.categories
[2026-02-11 12:02:29] DEBUG: Schema\Builder: ManyMany for Lead.targetLists
[2026-02-11 12:02:29] DEBUG: Schema\Builder: ManyMany for Lead.meetings
[2026-02-11 12:02:29] DEBUG: Schema\Builder: ManyMany for MassEmail.excludingTargetLists
[2026-02-11 12:02:29] DEBUG: Schema\Builder: ManyMany for MassEmail.targetLists
[2026-02-11 12:02:29] DEBUG: Schema\Builder - End
[2026-02-11 12:03:41] DEBUG: Schema\Builder - Start
[2026-02-11 12:03:41] DEBUG: Schema\Builder: Entity ActionHistoryRecord
[2026-02-11 12:03:41] DEBUG: Schema\Builder: Entity AddressCountry
[2026-02-11 12:03:41] DEBUG: Schema\Builder: Entity AppLogRecord
[2026-02-11 12:03:41] DEBUG: Schema\Builder: Entity AppSecret
[2026-02-11 12:03:41] DEBUG: Schema\Builder: Entity ArrayValue
[2026-02-11 12:03:41] DEBUG: Schema\Builder: Entity Attachment
[2026-02-11 12:03:41] DEBUG: Schema\Builder: Entity AuthLogRecord
[2026-02-11 12:03:41] DEBUG: Schema\Builder: Entity AuthToken
[2026-02-11 12:03:41] DEBUG: Schema\Builder: Entity AuthenticationProvider
[2026-02-11 12:03:41] DEBUG: Schema\Builder: Entity Autofollow
[2026-02-11 12:03:41] DEBUG: Schema\Builder: Entity Currency
[2026-02-11 12:03:41] DEBUG: Schema\Builder: Entity DashboardTemplate
[2026-02-11 12:03:41] DEBUG: Schema\Builder: Entity Email
[2026-02-11 12:03:41] DEBUG: Schema\Builder: Entity EmailAccount
[2026-02-11 12:03:41] DEBUG: Schema\Builder: Entity EmailAddress
[2026-02-11 12:03:41] DEBUG: Schema\Builder: Entity EmailFilter
[2026-02-11 12:03:41] DEBUG: Schema\Builder: Entity EmailFolder
[2026-02-11 12:03:41] DEBUG: Schema\Builder: Entity EmailTemplate
[2026-02-11 12:03:41] DEBUG: Schema\Builder: Entity EmailTemplateCategory
[2026-02-11 12:03:41] DEBUG: Schema\Builder: Entity Export
[2026-02-11 12:03:41] DEBUG: Schema\Builder: Entity Extension
[2026-02-11 12:03:41] DEBUG: Schema\Builder: Entity ExternalAccount
[2026-02-11 12:03:41] DEBUG: Schema\Builder: Entity GroupEmailFolder
[2026-02-11 12:03:41] DEBUG: Schema\Builder: Entity Import
[2026-02-11 12:03:41] DEBUG: Schema\Builder: Entity ImportEntity
[2026-02-11 12:03:41] DEBUG: Schema\Builder: Entity ImportError
[2026-02-11 12:03:41] DEBUG: Schema\Builder: Entity InboundEmail
[2026-02-11 12:03:41] DEBUG: Schema\Builder: Entity Integration
[2026-02-11 12:03:41] DEBUG: Schema\Builder: Entity Job
[2026-02-11 12:03:41] DEBUG: Schema\Builder: Entity KanbanOrder
[2026-02-11 12:03:41] DEBUG: Schema\Builder: Entity LayoutRecord
[2026-02-11 12:03:41] DEBUG: Schema\Builder: Entity LayoutSet
[2026-02-11 12:03:41] DEBUG: Schema\Builder: Entity LeadCapture
[2026-02-11 12:03:41] DEBUG: Schema\Builder: Entity LeadCaptureLogRecord
[2026-02-11 12:03:41] DEBUG: Schema\Builder: Entity MassAction
[2026-02-11 12:03:41] DEBUG: Schema\Builder: Entity NextNumber
[2026-02-11 12:03:41] DEBUG: Schema\Builder: Entity Note
[2026-02-11 12:03:41] DEBUG: Schema\Builder: Entity Notification
[2026-02-11 12:03:41] DEBUG: Schema\Builder: Entity OAuthAccount
[2026-02-11 12:03:41] DEBUG: Schema\Builder: Entity OAuthProvider
[2026-02-11 12:03:41] DEBUG: Schema\Builder: Entity PasswordChangeRequest
[2026-02-11 12:03:41] DEBUG: Schema\Builder: Entity PhoneNumber
[2026-02-11 12:03:41] DEBUG: Schema\Builder: Entity Portal
[2026-02-11 12:03:41] DEBUG: Schema\Builder: Entity PortalRole
[2026-02-11 12:03:41] DEBUG: Schema\Builder: Entity Preferences
[2026-02-11 12:03:41] DEBUG: Schema\Builder: Entity Role
[2026-02-11 12:03:41] DEBUG: Schema\Builder: Entity ScheduledJob
[2026-02-11 12:03:41] DEBUG: Schema\Builder: Entity ScheduledJobLogRecord
[2026-02-11 12:03:41] DEBUG: Schema\Builder: Entity Sms
[2026-02-11 12:03:41] DEBUG: Schema\Builder: Entity StarSubscription
[2026-02-11 12:03:41] DEBUG: Schema\Builder: Entity StreamSubscription
[2026-02-11 12:03:41] DEBUG: Schema\Builder: Entity SystemData
[2026-02-11 12:03:41] DEBUG: Schema\Builder: Entity Team
[2026-02-11 12:03:41] DEBUG: Schema\Builder: Entity Template
[2026-02-11 12:03:41] DEBUG: Schema\Builder: Entity TwoFactorCode
[2026-02-11 12:03:41] DEBUG: Schema\Builder: Entity UniqueId
[2026-02-11 12:03:41] DEBUG: Schema\Builder: Entity User
[2026-02-11 12:03:41] DEBUG: Schema\Builder: Entity UserData
[2026-02-11 12:03:41] DEBUG: Schema\Builder: Entity UserReaction
[2026-02-11 12:03:41] DEBUG: Schema\Builder: Entity Webhook
[2026-02-11 12:03:41] DEBUG: Schema\Builder: Entity WebhookEventQueueItem
[2026-02-11 12:03:41] DEBUG: Schema\Builder: Entity WebhookQueueItem
[2026-02-11 12:03:41] DEBUG: Schema\Builder: Entity WorkingTimeCalendar
[2026-02-11 12:03:41] DEBUG: Schema\Builder: Entity WorkingTimeRange
[2026-02-11 12:03:41] DEBUG: Schema\Builder: Entity Account
[2026-02-11 12:03:41] DEBUG: Schema\Builder: Entity Call
[2026-02-11 12:03:41] DEBUG: Schema\Builder: Entity Campaign
[2026-02-11 12:03:41] DEBUG: Schema\Builder: Entity CampaignLogRecord
[2026-02-11 12:03:41] DEBUG: Schema\Builder: Entity CampaignTrackingUrl
[2026-02-11 12:03:41] DEBUG: Schema\Builder: Entity Case
[2026-02-11 12:03:41] DEBUG: Schema\Builder: Entity Contact
[2026-02-11 12:03:41] DEBUG: Schema\Builder: Entity Document
[2026-02-11 12:03:41] DEBUG: Schema\Builder: Entity DocumentFolder
[2026-02-11 12:03:41] DEBUG: Schema\Builder: Entity EmailQueueItem
[2026-02-11 12:03:41] DEBUG: Schema\Builder: Entity KnowledgeBaseArticle
[2026-02-11 12:03:41] DEBUG: Schema\Builder: Entity KnowledgeBaseCategory
[2026-02-11 12:03:41] DEBUG: Schema\Builder: Entity Lead
[2026-02-11 12:03:41] DEBUG: Schema\Builder: Entity MassEmail
[2026-02-11 12:03:41] DEBUG: Schema\Builder: Entity Meeting
[2026-02-11 12:03:41] DEBUG: Schema\Builder: Entity Opportunity
[2026-02-11 12:03:41] DEBUG: Schema\Builder: Entity Reminder
[2026-02-11 12:03:41] DEBUG: Schema\Builder: Entity Target
[2026-02-11 12:03:41] DEBUG: Schema\Builder: Entity TargetList
[2026-02-11 12:03:41] DEBUG: Schema\Builder: Entity TargetListCategory
[2026-02-11 12:03:41] DEBUG: Schema\Builder: Entity Task
[2026-02-11 12:03:41] DEBUG: Schema\Builder: Entity CADHAR
[2026-02-11 12:03:41] DEBUG: Schema\Builder: Entity CAttendanceRecord
[2026-02-11 12:03:41] DEBUG: Schema\Builder: Entity CBanks
[2026-02-11 12:03:41] DEBUG: Schema\Builder: Entity CCity
[2026-02-11 12:03:41] DEBUG: Schema\Builder: Entity CContactType
[2026-02-11 12:03:41] DEBUG: Schema\Builder: Entity CCountry
[2026-02-11 12:03:41] DEBUG: Schema\Builder: Entity CDepartment
[2026-02-11 12:03:41] DEBUG: Schema\Builder: Entity CDependantRelation
[2026-02-11 12:03:41] DEBUG: Schema\Builder: Entity CDocumentType
[2026-02-11 12:03:41] DEBUG: Schema\Builder: Entity CDrivingLicense
[2026-02-11 12:03:41] DEBUG: Schema\Builder: Entity CEmployee
[2026-02-11 12:03:41] DEBUG: Schema\Builder: Entity CEmployeeAddress
[2026-02-11 12:03:41] DEBUG: Schema\Builder: Entity CEmployeeBank
[2026-02-11 12:03:41] DEBUG: Schema\Builder: Entity CEmployeeContact
[2026-02-11 12:03:41] DEBUG: Schema\Builder: Entity CEmployeeDependent
[2026-02-11 12:03:41] DEBUG: Schema\Builder: Entity CEmployeeDocuments
[2026-02-11 12:03:41] DEBUG: Schema\Builder: Entity CEmployeePastExperience
[2026-02-11 12:03:41] DEBUG: Schema\Builder: Entity CPanCard
[2026-02-11 12:03:41] DEBUG: Schema\Builder: Entity CPassport
[2026-02-11 12:03:41] DEBUG: Schema\Builder: Entity CState
[2026-02-11 12:03:41] DEBUG: Schema\Builder: Entity CVoterIdCard
[2026-02-11 12:03:41] DEBUG: Schema\Builder: Entity CWorkRole
[2026-02-11 12:03:41] DEBUG: Schema\Builder: Entity EmailTemplateCategoryPath
[2026-02-11 12:03:41] DEBUG: Schema\Builder: Entity DocumentFolderPath
[2026-02-11 12:03:41] DEBUG: Schema\Builder: Entity KnowledgeBaseCategoryPath
[2026-02-11 12:03:41] DEBUG: Schema\Builder: Entity TargetListCategoryPath
[2026-02-11 12:03:41] DEBUG: Schema\Builder: ManyMany for Email.emailAccounts
[2026-02-11 12:03:41] DEBUG: Schema\Builder: ManyMany for Email.inboundEmails
[2026-02-11 12:03:41] DEBUG: Schema\Builder: ManyMany for Email.replyToEmailAddresses
[2026-02-11 12:03:41] DEBUG: Schema\Builder: ManyMany for Email.users
[2026-02-11 12:03:41] DEBUG: Schema\Builder: ManyMany for Email.assignedUsers
[2026-02-11 12:03:41] DEBUG: Schema\Builder: ManyMany for Email.teams
[2026-02-11 12:03:41] DEBUG: Schema\Builder: ManyMany for GroupEmailFolder.teams
[2026-02-11 12:03:41] DEBUG: Schema\Builder: ManyMany for InboundEmail.teams
[2026-02-11 12:03:41] DEBUG: Schema\Builder: ManyMany for Note.users
[2026-02-11 12:03:41] DEBUG: Schema\Builder: ManyMany for Note.portals
[2026-02-11 12:03:41] DEBUG: Schema\Builder: ManyMany for Note.teams
[2026-02-11 12:03:41] DEBUG: Schema\Builder: ManyMany for Portal.articles
[2026-02-11 12:03:41] DEBUG: Schema\Builder: ManyMany for Portal.portalRoles
[2026-02-11 12:03:41] DEBUG: Schema\Builder: ManyMany for Portal.users
[2026-02-11 12:03:41] DEBUG: Schema\Builder: ManyMany for PortalRole.users
[2026-02-11 12:03:41] DEBUG: Schema\Builder: ManyMany for Role.teams
[2026-02-11 12:03:41] DEBUG: Schema\Builder: ManyMany for Role.users
[2026-02-11 12:03:41] DEBUG: Schema\Builder: ManyMany for Sms.toPhoneNumbers
[2026-02-11 12:03:41] DEBUG: Schema\Builder: ManyMany for Team.users
[2026-02-11 12:03:41] DEBUG: Schema\Builder: ManyMany for User.emailAddresses
[2026-02-11 12:03:41] DEBUG: Schema\Builder: ManyMany for User.phoneNumbers
[2026-02-11 12:03:41] DEBUG: Schema\Builder: ManyMany for User.targetLists
[2026-02-11 12:03:41] DEBUG: Schema\Builder: ManyMany for User.accounts
[2026-02-11 12:03:41] DEBUG: Schema\Builder: ManyMany for User.calls
[2026-02-11 12:03:41] DEBUG: Schema\Builder: ManyMany for User.meetings
[2026-02-11 12:03:41] DEBUG: Schema\Builder: ManyMany for User.workingTimeRanges
[2026-02-11 12:03:41] DEBUG: Schema\Builder: ManyMany for WorkingTimeCalendar.ranges
[2026-02-11 12:03:41] DEBUG: Schema\Builder: ManyMany for Account.portalUsers
[2026-02-11 12:03:41] DEBUG: Schema\Builder: Table [account_portal_user] exists.
[2026-02-11 12:03:41] DEBUG: Schema\Builder: ManyMany for Account.targetLists
[2026-02-11 12:03:41] DEBUG: Schema\Builder: ManyMany for Account.documents
[2026-02-11 12:03:41] DEBUG: Schema\Builder: ManyMany for Account.contacts
[2026-02-11 12:03:41] DEBUG: Schema\Builder: ManyMany for Call.leads
[2026-02-11 12:03:41] DEBUG: Schema\Builder: ManyMany for Call.contacts
[2026-02-11 12:03:41] DEBUG: Schema\Builder: ManyMany for Campaign.excludingTargetLists
[2026-02-11 12:03:41] DEBUG: Schema\Builder: ManyMany for Campaign.targetLists
[2026-02-11 12:03:41] DEBUG: Schema\Builder: ManyMany for Case.articles
[2026-02-11 12:03:41] DEBUG: Schema\Builder: ManyMany for Case.contacts
[2026-02-11 12:03:41] DEBUG: Schema\Builder: ManyMany for Contact.documents
[2026-02-11 12:03:41] DEBUG: Schema\Builder: ManyMany for Contact.targetLists
[2026-02-11 12:03:41] DEBUG: Schema\Builder: ManyMany for Contact.meetings
[2026-02-11 12:03:41] DEBUG: Schema\Builder: ManyMany for Contact.opportunities
[2026-02-11 12:03:41] DEBUG: Schema\Builder: ManyMany for Document.leads
[2026-02-11 12:03:41] DEBUG: Schema\Builder: ManyMany for Document.opportunities
[2026-02-11 12:03:41] DEBUG: Schema\Builder: ManyMany for KnowledgeBaseArticle.categories
[2026-02-11 12:03:41] DEBUG: Schema\Builder: ManyMany for Lead.targetLists
[2026-02-11 12:03:41] DEBUG: Schema\Builder: ManyMany for Lead.meetings
[2026-02-11 12:03:41] DEBUG: Schema\Builder: ManyMany for MassEmail.excludingTargetLists
[2026-02-11 12:03:41] DEBUG: Schema\Builder: ManyMany for MassEmail.targetLists
[2026-02-11 12:03:41] DEBUG: Schema\Builder - End
[2026-02-11 12:03:51] DEBUG: Schema\Builder - Start
[2026-02-11 12:03:51] DEBUG: Schema\Builder: Entity ActionHistoryRecord
[2026-02-11 12:03:51] DEBUG: Schema\Builder: Entity AddressCountry
[2026-02-11 12:03:51] DEBUG: Schema\Builder: Entity AppLogRecord
[2026-02-11 12:03:51] DEBUG: Schema\Builder: Entity AppSecret
[2026-02-11 12:03:51] DEBUG: Schema\Builder: Entity ArrayValue
[2026-02-11 12:03:51] DEBUG: Schema\Builder: Entity Attachment
[2026-02-11 12:03:51] DEBUG: Schema\Builder: Entity AuthLogRecord
[2026-02-11 12:03:51] DEBUG: Schema\Builder: Entity AuthToken
[2026-02-11 12:03:51] DEBUG: Schema\Builder: Entity AuthenticationProvider
[2026-02-11 12:03:51] DEBUG: Schema\Builder: Entity Autofollow
[2026-02-11 12:03:51] DEBUG: Schema\Builder: Entity Currency
[2026-02-11 12:03:51] DEBUG: Schema\Builder: Entity DashboardTemplate
[2026-02-11 12:03:51] DEBUG: Schema\Builder: Entity Email
[2026-02-11 12:03:51] DEBUG: Schema\Builder: Entity EmailAccount
[2026-02-11 12:03:51] DEBUG: Schema\Builder: Entity EmailAddress
[2026-02-11 12:03:51] DEBUG: Schema\Builder: Entity EmailFilter
[2026-02-11 12:03:51] DEBUG: Schema\Builder: Entity EmailFolder
[2026-02-11 12:03:51] DEBUG: Schema\Builder: Entity EmailTemplate
[2026-02-11 12:03:51] DEBUG: Schema\Builder: Entity EmailTemplateCategory
[2026-02-11 12:03:51] DEBUG: Schema\Builder: Entity Export
[2026-02-11 12:03:51] DEBUG: Schema\Builder: Entity Extension
[2026-02-11 12:03:51] DEBUG: Schema\Builder: Entity ExternalAccount
[2026-02-11 12:03:51] DEBUG: Schema\Builder: Entity GroupEmailFolder
[2026-02-11 12:03:51] DEBUG: Schema\Builder: Entity Import
[2026-02-11 12:03:51] DEBUG: Schema\Builder: Entity ImportEntity
[2026-02-11 12:03:51] DEBUG: Schema\Builder: Entity ImportError
[2026-02-11 12:03:51] DEBUG: Schema\Builder: Entity InboundEmail
[2026-02-11 12:03:51] DEBUG: Schema\Builder: Entity Integration
[2026-02-11 12:03:51] DEBUG: Schema\Builder: Entity Job
[2026-02-11 12:03:51] DEBUG: Schema\Builder: Entity KanbanOrder
[2026-02-11 12:03:51] DEBUG: Schema\Builder: Entity LayoutRecord
[2026-02-11 12:03:51] DEBUG: Schema\Builder: Entity LayoutSet
[2026-02-11 12:03:51] DEBUG: Schema\Builder: Entity LeadCapture
[2026-02-11 12:03:51] DEBUG: Schema\Builder: Entity LeadCaptureLogRecord
[2026-02-11 12:03:51] DEBUG: Schema\Builder: Entity MassAction
[2026-02-11 12:03:51] DEBUG: Schema\Builder: Entity NextNumber
[2026-02-11 12:03:51] DEBUG: Schema\Builder: Entity Note
[2026-02-11 12:03:51] DEBUG: Schema\Builder: Entity Notification
[2026-02-11 12:03:51] DEBUG: Schema\Builder: Entity OAuthAccount
[2026-02-11 12:03:51] DEBUG: Schema\Builder: Entity OAuthProvider
[2026-02-11 12:03:51] DEBUG: Schema\Builder: Entity PasswordChangeRequest
[2026-02-11 12:03:51] DEBUG: Schema\Builder: Entity PhoneNumber
[2026-02-11 12:03:51] DEBUG: Schema\Builder: Entity Portal
[2026-02-11 12:03:51] DEBUG: Schema\Builder: Entity PortalRole
[2026-02-11 12:03:51] DEBUG: Schema\Builder: Entity Preferences
[2026-02-11 12:03:51] DEBUG: Schema\Builder: Entity Role
[2026-02-11 12:03:51] DEBUG: Schema\Builder: Entity ScheduledJob
[2026-02-11 12:03:51] DEBUG: Schema\Builder: Entity ScheduledJobLogRecord
[2026-02-11 12:03:51] DEBUG: Schema\Builder: Entity Sms
[2026-02-11 12:03:51] DEBUG: Schema\Builder: Entity StarSubscription
[2026-02-11 12:03:51] DEBUG: Schema\Builder: Entity StreamSubscription
[2026-02-11 12:03:51] DEBUG: Schema\Builder: Entity SystemData
[2026-02-11 12:03:51] DEBUG: Schema\Builder: Entity Team
[2026-02-11 12:03:51] DEBUG: Schema\Builder: Entity Template
[2026-02-11 12:03:51] DEBUG: Schema\Builder: Entity TwoFactorCode
[2026-02-11 12:03:51] DEBUG: Schema\Builder: Entity UniqueId
[2026-02-11 12:03:51] DEBUG: Schema\Builder: Entity User
[2026-02-11 12:03:51] DEBUG: Schema\Builder: Entity UserData
[2026-02-11 12:03:51] DEBUG: Schema\Builder: Entity UserReaction
[2026-02-11 12:03:51] DEBUG: Schema\Builder: Entity Webhook
[2026-02-11 12:03:51] DEBUG: Schema\Builder: Entity WebhookEventQueueItem
[2026-02-11 12:03:51] DEBUG: Schema\Builder: Entity WebhookQueueItem
[2026-02-11 12:03:51] DEBUG: Schema\Builder: Entity WorkingTimeCalendar
[2026-02-11 12:03:51] DEBUG: Schema\Builder: Entity WorkingTimeRange
[2026-02-11 12:03:51] DEBUG: Schema\Builder: Entity Account
[2026-02-11 12:03:51] DEBUG: Schema\Builder: Entity Call
[2026-02-11 12:03:51] DEBUG: Schema\Builder: Entity Campaign
[2026-02-11 12:03:51] DEBUG: Schema\Builder: Entity CampaignLogRecord
[2026-02-11 12:03:51] DEBUG: Schema\Builder: Entity CampaignTrackingUrl
[2026-02-11 12:03:51] DEBUG: Schema\Builder: Entity Case
[2026-02-11 12:03:51] DEBUG: Schema\Builder: Entity Contact
[2026-02-11 12:03:51] DEBUG: Schema\Builder: Entity Document
[2026-02-11 12:03:51] DEBUG: Schema\Builder: Entity DocumentFolder
[2026-02-11 12:03:51] DEBUG: Schema\Builder: Entity EmailQueueItem
[2026-02-11 12:03:51] DEBUG: Schema\Builder: Entity KnowledgeBaseArticle
[2026-02-11 12:03:51] DEBUG: Schema\Builder: Entity KnowledgeBaseCategory
[2026-02-11 12:03:51] DEBUG: Schema\Builder: Entity Lead
[2026-02-11 12:03:51] DEBUG: Schema\Builder: Entity MassEmail
[2026-02-11 12:03:51] DEBUG: Schema\Builder: Entity Meeting
[2026-02-11 12:03:51] DEBUG: Schema\Builder: Entity Opportunity
[2026-02-11 12:03:51] DEBUG: Schema\Builder: Entity Reminder
[2026-02-11 12:03:51] DEBUG: Schema\Builder: Entity Target
[2026-02-11 12:03:51] DEBUG: Schema\Builder: Entity TargetList
[2026-02-11 12:03:51] DEBUG: Schema\Builder: Entity TargetListCategory
[2026-02-11 12:03:51] DEBUG: Schema\Builder: Entity Task
[2026-02-11 12:03:51] DEBUG: Schema\Builder: Entity CADHAR
[2026-02-11 12:03:51] DEBUG: Schema\Builder: Entity CAttendanceRecord
[2026-02-11 12:03:51] DEBUG: Schema\Builder: Entity CBanks
[2026-02-11 12:03:51] DEBUG: Schema\Builder: Entity CCity
[2026-02-11 12:03:51] DEBUG: Schema\Builder: Entity CContactType
[2026-02-11 12:03:51] DEBUG: Schema\Builder: Entity CCountry
[2026-02-11 12:03:51] DEBUG: Schema\Builder: Entity CDepartment
[2026-02-11 12:03:51] DEBUG: Schema\Builder: Entity CDependantRelation
[2026-02-11 12:03:51] DEBUG: Schema\Builder: Entity CDocumentType
[2026-02-11 12:03:51] DEBUG: Schema\Builder: Entity CDrivingLicense
[2026-02-11 12:03:51] DEBUG: Schema\Builder: Entity CEmployee
[2026-02-11 12:03:51] DEBUG: Schema\Builder: Entity CEmployeeAddress
[2026-02-11 12:03:51] DEBUG: Schema\Builder: Entity CEmployeeBank
[2026-02-11 12:03:51] DEBUG: Schema\Builder: Entity CEmployeeContact
[2026-02-11 12:03:51] DEBUG: Schema\Builder: Entity CEmployeeDependent
[2026-02-11 12:03:51] DEBUG: Schema\Builder: Entity CEmployeeDocuments
[2026-02-11 12:03:51] DEBUG: Schema\Builder: Entity CEmployeePastExperience
[2026-02-11 12:03:51] DEBUG: Schema\Builder: Entity CPanCard
[2026-02-11 12:03:51] DEBUG: Schema\Builder: Entity CPassport
[2026-02-11 12:03:51] DEBUG: Schema\Builder: Entity CState
[2026-02-11 12:03:51] DEBUG: Schema\Builder: Entity CVoterIdCard
[2026-02-11 12:03:51] DEBUG: Schema\Builder: Entity CWorkRole
[2026-02-11 12:03:51] DEBUG: Schema\Builder: Entity EmailTemplateCategoryPath
[2026-02-11 12:03:51] DEBUG: Schema\Builder: Entity DocumentFolderPath
[2026-02-11 12:03:51] DEBUG: Schema\Builder: Entity KnowledgeBaseCategoryPath
[2026-02-11 12:03:51] DEBUG: Schema\Builder: Entity TargetListCategoryPath
[2026-02-11 12:03:51] DEBUG: Schema\Builder: ManyMany for Email.emailAccounts
[2026-02-11 12:03:51] DEBUG: Schema\Builder: ManyMany for Email.inboundEmails
[2026-02-11 12:03:51] DEBUG: Schema\Builder: ManyMany for Email.replyToEmailAddresses
[2026-02-11 12:03:51] DEBUG: Schema\Builder: ManyMany for Email.users
[2026-02-11 12:03:51] DEBUG: Schema\Builder: ManyMany for Email.assignedUsers
[2026-02-11 12:03:51] DEBUG: Schema\Builder: ManyMany for Email.teams
[2026-02-11 12:03:51] DEBUG: Schema\Builder: ManyMany for GroupEmailFolder.teams
[2026-02-11 12:03:51] DEBUG: Schema\Builder: ManyMany for InboundEmail.teams
[2026-02-11 12:03:51] DEBUG: Schema\Builder: ManyMany for Note.users
[2026-02-11 12:03:51] DEBUG: Schema\Builder: ManyMany for Note.portals
[2026-02-11 12:03:51] DEBUG: Schema\Builder: ManyMany for Note.teams
[2026-02-11 12:03:51] DEBUG: Schema\Builder: ManyMany for Portal.articles
[2026-02-11 12:03:51] DEBUG: Schema\Builder: ManyMany for Portal.portalRoles
[2026-02-11 12:03:51] DEBUG: Schema\Builder: ManyMany for Portal.users
[2026-02-11 12:03:51] DEBUG: Schema\Builder: ManyMany for PortalRole.users
[2026-02-11 12:03:51] DEBUG: Schema\Builder: ManyMany for Role.teams
[2026-02-11 12:03:51] DEBUG: Schema\Builder: ManyMany for Role.users
[2026-02-11 12:03:51] DEBUG: Schema\Builder: ManyMany for Sms.toPhoneNumbers
[2026-02-11 12:03:51] DEBUG: Schema\Builder: ManyMany for Team.users
[2026-02-11 12:03:51] DEBUG: Schema\Builder: ManyMany for User.emailAddresses
[2026-02-11 12:03:51] DEBUG: Schema\Builder: ManyMany for User.phoneNumbers
[2026-02-11 12:03:51] DEBUG: Schema\Builder: ManyMany for User.targetLists
[2026-02-11 12:03:51] DEBUG: Schema\Builder: ManyMany for User.accounts
[2026-02-11 12:03:51] DEBUG: Schema\Builder: ManyMany for User.calls
[2026-02-11 12:03:51] DEBUG: Schema\Builder: ManyMany for User.meetings
[2026-02-11 12:03:51] DEBUG: Schema\Builder: ManyMany for User.workingTimeRanges
[2026-02-11 12:03:51] DEBUG: Schema\Builder: ManyMany for WorkingTimeCalendar.ranges
[2026-02-11 12:03:51] DEBUG: Schema\Builder: ManyMany for Account.portalUsers
[2026-02-11 12:03:51] DEBUG: Schema\Builder: Table [account_portal_user] exists.
[2026-02-11 12:03:51] DEBUG: Schema\Builder: ManyMany for Account.targetLists
[2026-02-11 12:03:51] DEBUG: Schema\Builder: ManyMany for Account.documents
[2026-02-11 12:03:51] DEBUG: Schema\Builder: ManyMany for Account.contacts
[2026-02-11 12:03:51] DEBUG: Schema\Builder: ManyMany for Call.leads
[2026-02-11 12:03:51] DEBUG: Schema\Builder: ManyMany for Call.contacts
[2026-02-11 12:03:51] DEBUG: Schema\Builder: ManyMany for Campaign.excludingTargetLists
[2026-02-11 12:03:51] DEBUG: Schema\Builder: ManyMany for Campaign.targetLists
[2026-02-11 12:03:51] DEBUG: Schema\Builder: ManyMany for Case.articles
[2026-02-11 12:03:51] DEBUG: Schema\Builder: ManyMany for Case.contacts
[2026-02-11 12:03:51] DEBUG: Schema\Builder: ManyMany for Contact.documents
[2026-02-11 12:03:51] DEBUG: Schema\Builder: ManyMany for Contact.targetLists
[2026-02-11 12:03:51] DEBUG: Schema\Builder: ManyMany for Contact.meetings
[2026-02-11 12:03:51] DEBUG: Schema\Builder: ManyMany for Contact.opportunities
[2026-02-11 12:03:51] DEBUG: Schema\Builder: ManyMany for Document.leads
[2026-02-11 12:03:51] DEBUG: Schema\Builder: ManyMany for Document.opportunities
[2026-02-11 12:03:51] DEBUG: Schema\Builder: ManyMany for KnowledgeBaseArticle.categories
[2026-02-11 12:03:51] DEBUG: Schema\Builder: ManyMany for Lead.targetLists
[2026-02-11 12:03:51] DEBUG: Schema\Builder: ManyMany for Lead.meetings
[2026-02-11 12:03:51] DEBUG: Schema\Builder: ManyMany for MassEmail.excludingTargetLists
[2026-02-11 12:03:51] DEBUG: Schema\Builder: ManyMany for MassEmail.targetLists
[2026-02-11 12:03:51] DEBUG: Schema\Builder - End
[2026-02-11 12:09:55] DEBUG: Schema\Builder - Start
[2026-02-11 12:09:55] DEBUG: Schema\Builder: Entity ActionHistoryRecord
[2026-02-11 12:09:55] DEBUG: Schema\Builder: Entity AddressCountry
[2026-02-11 12:09:55] DEBUG: Schema\Builder: Entity AppLogRecord
[2026-02-11 12:09:55] DEBUG: Schema\Builder: Entity AppSecret
[2026-02-11 12:09:55] DEBUG: Schema\Builder: Entity ArrayValue
[2026-02-11 12:09:55] DEBUG: Schema\Builder: Entity Attachment
[2026-02-11 12:09:55] DEBUG: Schema\Builder: Entity AuthLogRecord
[2026-02-11 12:09:55] DEBUG: Schema\Builder: Entity AuthToken
[2026-02-11 12:09:55] DEBUG: Schema\Builder: Entity AuthenticationProvider
[2026-02-11 12:09:55] DEBUG: Schema\Builder: Entity Autofollow
[2026-02-11 12:09:55] DEBUG: Schema\Builder: Entity Currency
[2026-02-11 12:09:55] DEBUG: Schema\Builder: Entity DashboardTemplate
[2026-02-11 12:09:55] DEBUG: Schema\Builder: Entity Email
[2026-02-11 12:09:55] DEBUG: Schema\Builder: Entity EmailAccount
[2026-02-11 12:09:55] DEBUG: Schema\Builder: Entity EmailAddress
[2026-02-11 12:09:55] DEBUG: Schema\Builder: Entity EmailFilter
[2026-02-11 12:09:55] DEBUG: Schema\Builder: Entity EmailFolder
[2026-02-11 12:09:55] DEBUG: Schema\Builder: Entity EmailTemplate
[2026-02-11 12:09:55] DEBUG: Schema\Builder: Entity EmailTemplateCategory
[2026-02-11 12:09:55] DEBUG: Schema\Builder: Entity Export
[2026-02-11 12:09:55] DEBUG: Schema\Builder: Entity Extension
[2026-02-11 12:09:55] DEBUG: Schema\Builder: Entity ExternalAccount
[2026-02-11 12:09:55] DEBUG: Schema\Builder: Entity GroupEmailFolder
[2026-02-11 12:09:55] DEBUG: Schema\Builder: Entity Import
[2026-02-11 12:09:55] DEBUG: Schema\Builder: Entity ImportEntity
[2026-02-11 12:09:55] DEBUG: Schema\Builder: Entity ImportError
[2026-02-11 12:09:55] DEBUG: Schema\Builder: Entity InboundEmail
[2026-02-11 12:09:55] DEBUG: Schema\Builder: Entity Integration
[2026-02-11 12:09:55] DEBUG: Schema\Builder: Entity Job
[2026-02-11 12:09:55] DEBUG: Schema\Builder: Entity KanbanOrder
[2026-02-11 12:09:55] DEBUG: Schema\Builder: Entity LayoutRecord
[2026-02-11 12:09:55] DEBUG: Schema\Builder: Entity LayoutSet
[2026-02-11 12:09:55] DEBUG: Schema\Builder: Entity LeadCapture
[2026-02-11 12:09:55] DEBUG: Schema\Builder: Entity LeadCaptureLogRecord
[2026-02-11 12:09:55] DEBUG: Schema\Builder: Entity MassAction
[2026-02-11 12:09:55] DEBUG: Schema\Builder: Entity NextNumber
[2026-02-11 12:09:55] DEBUG: Schema\Builder: Entity Note
[2026-02-11 12:09:55] DEBUG: Schema\Builder: Entity Notification
[2026-02-11 12:09:55] DEBUG: Schema\Builder: Entity OAuthAccount
[2026-02-11 12:09:55] DEBUG: Schema\Builder: Entity OAuthProvider
[2026-02-11 12:09:55] DEBUG: Schema\Builder: Entity PasswordChangeRequest
[2026-02-11 12:09:55] DEBUG: Schema\Builder: Entity PhoneNumber
[2026-02-11 12:09:55] DEBUG: Schema\Builder: Entity Portal
[2026-02-11 12:09:55] DEBUG: Schema\Builder: Entity PortalRole
[2026-02-11 12:09:55] DEBUG: Schema\Builder: Entity Preferences
[2026-02-11 12:09:55] DEBUG: Schema\Builder: Entity Role
[2026-02-11 12:09:55] DEBUG: Schema\Builder: Entity ScheduledJob
[2026-02-11 12:09:55] DEBUG: Schema\Builder: Entity ScheduledJobLogRecord
[2026-02-11 12:09:55] DEBUG: Schema\Builder: Entity Sms
[2026-02-11 12:09:55] DEBUG: Schema\Builder: Entity StarSubscription
[2026-02-11 12:09:55] DEBUG: Schema\Builder: Entity StreamSubscription
[2026-02-11 12:09:55] DEBUG: Schema\Builder: Entity SystemData
[2026-02-11 12:09:55] DEBUG: Schema\Builder: Entity Team
[2026-02-11 12:09:55] DEBUG: Schema\Builder: Entity Template
[2026-02-11 12:09:55] DEBUG: Schema\Builder: Entity TwoFactorCode
[2026-02-11 12:09:55] DEBUG: Schema\Builder: Entity UniqueId
[2026-02-11 12:09:55] DEBUG: Schema\Builder: Entity User
[2026-02-11 12:09:55] DEBUG: Schema\Builder: Entity UserData
[2026-02-11 12:09:55] DEBUG: Schema\Builder: Entity UserReaction
[2026-02-11 12:09:55] DEBUG: Schema\Builder: Entity Webhook
[2026-02-11 12:09:55] DEBUG: Schema\Builder: Entity WebhookEventQueueItem
[2026-02-11 12:09:55] DEBUG: Schema\Builder: Entity WebhookQueueItem
[2026-02-11 12:09:55] DEBUG: Schema\Builder: Entity WorkingTimeCalendar
[2026-02-11 12:09:55] DEBUG: Schema\Builder: Entity WorkingTimeRange
[2026-02-11 12:09:55] DEBUG: Schema\Builder: Entity Account
[2026-02-11 12:09:55] DEBUG: Schema\Builder: Entity Call
[2026-02-11 12:09:55] DEBUG: Schema\Builder: Entity Campaign
[2026-02-11 12:09:55] DEBUG: Schema\Builder: Entity CampaignLogRecord
[2026-02-11 12:09:55] DEBUG: Schema\Builder: Entity CampaignTrackingUrl
[2026-02-11 12:09:55] DEBUG: Schema\Builder: Entity Case
[2026-02-11 12:09:55] DEBUG: Schema\Builder: Entity Contact
[2026-02-11 12:09:55] DEBUG: Schema\Builder: Entity Document
[2026-02-11 12:09:55] DEBUG: Schema\Builder: Entity DocumentFolder
[2026-02-11 12:09:55] DEBUG: Schema\Builder: Entity EmailQueueItem
[2026-02-11 12:09:55] DEBUG: Schema\Builder: Entity KnowledgeBaseArticle
[2026-02-11 12:09:55] DEBUG: Schema\Builder: Entity KnowledgeBaseCategory
[2026-02-11 12:09:55] DEBUG: Schema\Builder: Entity Lead
[2026-02-11 12:09:55] DEBUG: Schema\Builder: Entity MassEmail
[2026-02-11 12:09:55] DEBUG: Schema\Builder: Entity Meeting
[2026-02-11 12:09:55] DEBUG: Schema\Builder: Entity Opportunity
[2026-02-11 12:09:55] DEBUG: Schema\Builder: Entity Reminder
[2026-02-11 12:09:55] DEBUG: Schema\Builder: Entity Target
[2026-02-11 12:09:55] DEBUG: Schema\Builder: Entity TargetList
[2026-02-11 12:09:55] DEBUG: Schema\Builder: Entity TargetListCategory
[2026-02-11 12:09:55] DEBUG: Schema\Builder: Entity Task
[2026-02-11 12:09:55] DEBUG: Schema\Builder: Entity CADHAR
[2026-02-11 12:09:55] DEBUG: Schema\Builder: Entity CAttendanceRecord
[2026-02-11 12:09:55] DEBUG: Schema\Builder: Entity CBanks
[2026-02-11 12:09:55] DEBUG: Schema\Builder: Entity CCity
[2026-02-11 12:09:55] DEBUG: Schema\Builder: Entity CContactType
[2026-02-11 12:09:55] DEBUG: Schema\Builder: Entity CCountry
[2026-02-11 12:09:55] DEBUG: Schema\Builder: Entity CDepartment
[2026-02-11 12:09:55] DEBUG: Schema\Builder: Entity CDependantRelation
[2026-02-11 12:09:55] DEBUG: Schema\Builder: Entity CDocumentType
[2026-02-11 12:09:55] DEBUG: Schema\Builder: Entity CDrivingLicense
[2026-02-11 12:09:55] DEBUG: Schema\Builder: Entity CEmployee
[2026-02-11 12:09:55] DEBUG: Schema\Builder: Entity CEmployeeAddress
[2026-02-11 12:09:55] DEBUG: Schema\Builder: Entity CEmployeeBank
[2026-02-11 12:09:55] DEBUG: Schema\Builder: Entity CEmployeeContact
[2026-02-11 12:09:55] DEBUG: Schema\Builder: Entity CEmployeeDependent
[2026-02-11 12:09:55] DEBUG: Schema\Builder: Entity CEmployeeDocuments
[2026-02-11 12:09:55] DEBUG: Schema\Builder: Entity CEmployeePastExperience
[2026-02-11 12:09:55] DEBUG: Schema\Builder: Entity CPanCard
[2026-02-11 12:09:55] DEBUG: Schema\Builder: Entity CPassport
[2026-02-11 12:09:55] DEBUG: Schema\Builder: Entity CState
[2026-02-11 12:09:55] DEBUG: Schema\Builder: Entity CVoterIdCard
[2026-02-11 12:09:55] DEBUG: Schema\Builder: Entity CWorkRole
[2026-02-11 12:09:55] DEBUG: Schema\Builder: Entity EmailTemplateCategoryPath
[2026-02-11 12:09:55] DEBUG: Schema\Builder: Entity DocumentFolderPath
[2026-02-11 12:09:55] DEBUG: Schema\Builder: Entity KnowledgeBaseCategoryPath
[2026-02-11 12:09:55] DEBUG: Schema\Builder: Entity TargetListCategoryPath
[2026-02-11 12:09:55] DEBUG: Schema\Builder: ManyMany for Email.emailAccounts
[2026-02-11 12:09:55] DEBUG: Schema\Builder: ManyMany for Email.inboundEmails
[2026-02-11 12:09:55] DEBUG: Schema\Builder: ManyMany for Email.replyToEmailAddresses
[2026-02-11 12:09:55] DEBUG: Schema\Builder: ManyMany for Email.users
[2026-02-11 12:09:55] DEBUG: Schema\Builder: ManyMany for Email.assignedUsers
[2026-02-11 12:09:55] DEBUG: Schema\Builder: ManyMany for Email.teams
[2026-02-11 12:09:55] DEBUG: Schema\Builder: ManyMany for GroupEmailFolder.teams
[2026-02-11 12:09:55] DEBUG: Schema\Builder: ManyMany for InboundEmail.teams
[2026-02-11 12:09:55] DEBUG: Schema\Builder: ManyMany for Note.users
[2026-02-11 12:09:55] DEBUG: Schema\Builder: ManyMany for Note.portals
[2026-02-11 12:09:55] DEBUG: Schema\Builder: ManyMany for Note.teams
[2026-02-11 12:09:55] DEBUG: Schema\Builder: ManyMany for Portal.articles
[2026-02-11 12:09:55] DEBUG: Schema\Builder: ManyMany for Portal.portalRoles
[2026-02-11 12:09:55] DEBUG: Schema\Builder: ManyMany for Portal.users
[2026-02-11 12:09:55] DEBUG: Schema\Builder: ManyMany for PortalRole.users
[2026-02-11 12:09:55] DEBUG: Schema\Builder: ManyMany for Role.teams
[2026-02-11 12:09:55] DEBUG: Schema\Builder: ManyMany for Role.users
[2026-02-11 12:09:55] DEBUG: Schema\Builder: ManyMany for Sms.toPhoneNumbers
[2026-02-11 12:09:55] DEBUG: Schema\Builder: ManyMany for Team.users
[2026-02-11 12:09:55] DEBUG: Schema\Builder: ManyMany for User.emailAddresses
[2026-02-11 12:09:55] DEBUG: Schema\Builder: ManyMany for User.phoneNumbers
[2026-02-11 12:09:55] DEBUG: Schema\Builder: ManyMany for User.targetLists
[2026-02-11 12:09:55] DEBUG: Schema\Builder: ManyMany for User.accounts
[2026-02-11 12:09:55] DEBUG: Schema\Builder: ManyMany for User.calls
[2026-02-11 12:09:55] DEBUG: Schema\Builder: ManyMany for User.meetings
[2026-02-11 12:09:55] DEBUG: Schema\Builder: ManyMany for User.workingTimeRanges
[2026-02-11 12:09:55] DEBUG: Schema\Builder: ManyMany for WorkingTimeCalendar.ranges
[2026-02-11 12:09:55] DEBUG: Schema\Builder: ManyMany for Account.portalUsers
[2026-02-11 12:09:55] DEBUG: Schema\Builder: Table [account_portal_user] exists.
[2026-02-11 12:09:55] DEBUG: Schema\Builder: ManyMany for Account.targetLists
[2026-02-11 12:09:55] DEBUG: Schema\Builder: ManyMany for Account.documents
[2026-02-11 12:09:55] DEBUG: Schema\Builder: ManyMany for Account.contacts
[2026-02-11 12:09:55] DEBUG: Schema\Builder: ManyMany for Call.leads
[2026-02-11 12:09:55] DEBUG: Schema\Builder: ManyMany for Call.contacts
[2026-02-11 12:09:55] DEBUG: Schema\Builder: ManyMany for Campaign.excludingTargetLists
[2026-02-11 12:09:55] DEBUG: Schema\Builder: ManyMany for Campaign.targetLists
[2026-02-11 12:09:55] DEBUG: Schema\Builder: ManyMany for Case.articles
[2026-02-11 12:09:55] DEBUG: Schema\Builder: ManyMany for Case.contacts
[2026-02-11 12:09:55] DEBUG: Schema\Builder: ManyMany for Contact.documents
[2026-02-11 12:09:55] DEBUG: Schema\Builder: ManyMany for Contact.targetLists
[2026-02-11 12:09:55] DEBUG: Schema\Builder: ManyMany for Contact.meetings
[2026-02-11 12:09:55] DEBUG: Schema\Builder: ManyMany for Contact.opportunities
[2026-02-11 12:09:55] DEBUG: Schema\Builder: ManyMany for Document.leads
[2026-02-11 12:09:55] DEBUG: Schema\Builder: ManyMany for Document.opportunities
[2026-02-11 12:09:55] DEBUG: Schema\Builder: ManyMany for KnowledgeBaseArticle.categories
[2026-02-11 12:09:55] DEBUG: Schema\Builder: ManyMany for Lead.targetLists
[2026-02-11 12:09:55] DEBUG: Schema\Builder: ManyMany for Lead.meetings
[2026-02-11 12:09:55] DEBUG: Schema\Builder: ManyMany for MassEmail.excludingTargetLists
[2026-02-11 12:09:55] DEBUG: Schema\Builder: ManyMany for MassEmail.targetLists
[2026-02-11 12:09:55] DEBUG: Schema\Builder - End
[2026-02-11 12:13:40] DEBUG: Schema\Builder - Start
[2026-02-11 12:13:40] DEBUG: Schema\Builder: Entity ActionHistoryRecord
[2026-02-11 12:13:40] DEBUG: Schema\Builder: Entity AddressCountry
[2026-02-11 12:13:40] DEBUG: Schema\Builder: Entity AppLogRecord
[2026-02-11 12:13:40] DEBUG: Schema\Builder: Entity AppSecret
[2026-02-11 12:13:40] DEBUG: Schema\Builder: Entity ArrayValue
[2026-02-11 12:13:40] DEBUG: Schema\Builder: Entity Attachment
[2026-02-11 12:13:40] DEBUG: Schema\Builder: Entity AuthLogRecord
[2026-02-11 12:13:40] DEBUG: Schema\Builder: Entity AuthToken
[2026-02-11 12:13:40] DEBUG: Schema\Builder: Entity AuthenticationProvider
[2026-02-11 12:13:40] DEBUG: Schema\Builder: Entity Autofollow
[2026-02-11 12:13:40] DEBUG: Schema\Builder: Entity Currency
[2026-02-11 12:13:40] DEBUG: Schema\Builder: Entity DashboardTemplate
[2026-02-11 12:13:40] DEBUG: Schema\Builder: Entity Email
[2026-02-11 12:13:40] DEBUG: Schema\Builder: Entity EmailAccount
[2026-02-11 12:13:40] DEBUG: Schema\Builder: Entity EmailAddress
[2026-02-11 12:13:40] DEBUG: Schema\Builder: Entity EmailFilter
[2026-02-11 12:13:40] DEBUG: Schema\Builder: Entity EmailFolder
[2026-02-11 12:13:40] DEBUG: Schema\Builder: Entity EmailTemplate
[2026-02-11 12:13:40] DEBUG: Schema\Builder: Entity EmailTemplateCategory
[2026-02-11 12:13:40] DEBUG: Schema\Builder: Entity Export
[2026-02-11 12:13:40] DEBUG: Schema\Builder: Entity Extension
[2026-02-11 12:13:40] DEBUG: Schema\Builder: Entity ExternalAccount
[2026-02-11 12:13:40] DEBUG: Schema\Builder: Entity GroupEmailFolder
[2026-02-11 12:13:40] DEBUG: Schema\Builder: Entity Import
[2026-02-11 12:13:40] DEBUG: Schema\Builder: Entity ImportEntity
[2026-02-11 12:13:40] DEBUG: Schema\Builder: Entity ImportError
[2026-02-11 12:13:40] DEBUG: Schema\Builder: Entity InboundEmail
[2026-02-11 12:13:40] DEBUG: Schema\Builder: Entity Integration
[2026-02-11 12:13:40] DEBUG: Schema\Builder: Entity Job
[2026-02-11 12:13:40] DEBUG: Schema\Builder: Entity KanbanOrder
[2026-02-11 12:13:40] DEBUG: Schema\Builder: Entity LayoutRecord
[2026-02-11 12:13:40] DEBUG: Schema\Builder: Entity LayoutSet
[2026-02-11 12:13:40] DEBUG: Schema\Builder: Entity LeadCapture
[2026-02-11 12:13:40] DEBUG: Schema\Builder: Entity LeadCaptureLogRecord
[2026-02-11 12:13:40] DEBUG: Schema\Builder: Entity MassAction
[2026-02-11 12:13:40] DEBUG: Schema\Builder: Entity NextNumber
[2026-02-11 12:13:40] DEBUG: Schema\Builder: Entity Note
[2026-02-11 12:13:40] DEBUG: Schema\Builder: Entity Notification
[2026-02-11 12:13:40] DEBUG: Schema\Builder: Entity OAuthAccount
[2026-02-11 12:13:40] DEBUG: Schema\Builder: Entity OAuthProvider
[2026-02-11 12:13:40] DEBUG: Schema\Builder: Entity PasswordChangeRequest
[2026-02-11 12:13:40] DEBUG: Schema\Builder: Entity PhoneNumber
[2026-02-11 12:13:40] DEBUG: Schema\Builder: Entity Portal
[2026-02-11 12:13:40] DEBUG: Schema\Builder: Entity PortalRole
[2026-02-11 12:13:40] DEBUG: Schema\Builder: Entity Preferences
[2026-02-11 12:13:40] DEBUG: Schema\Builder: Entity Role
[2026-02-11 12:13:40] DEBUG: Schema\Builder: Entity ScheduledJob
[2026-02-11 12:13:40] DEBUG: Schema\Builder: Entity ScheduledJobLogRecord
[2026-02-11 12:13:40] DEBUG: Schema\Builder: Entity Sms
[2026-02-11 12:13:40] DEBUG: Schema\Builder: Entity StarSubscription
[2026-02-11 12:13:40] DEBUG: Schema\Builder: Entity StreamSubscription
[2026-02-11 12:13:40] DEBUG: Schema\Builder: Entity SystemData
[2026-02-11 12:13:40] DEBUG: Schema\Builder: Entity Team
[2026-02-11 12:13:40] DEBUG: Schema\Builder: Entity Template
[2026-02-11 12:13:40] DEBUG: Schema\Builder: Entity TwoFactorCode
[2026-02-11 12:13:40] DEBUG: Schema\Builder: Entity UniqueId
[2026-02-11 12:13:40] DEBUG: Schema\Builder: Entity User
[2026-02-11 12:13:40] DEBUG: Schema\Builder: Entity UserData
[2026-02-11 12:13:40] DEBUG: Schema\Builder: Entity UserReaction
[2026-02-11 12:13:40] DEBUG: Schema\Builder: Entity Webhook
[2026-02-11 12:13:40] DEBUG: Schema\Builder: Entity WebhookEventQueueItem
[2026-02-11 12:13:40] DEBUG: Schema\Builder: Entity WebhookQueueItem
[2026-02-11 12:13:40] DEBUG: Schema\Builder: Entity WorkingTimeCalendar
[2026-02-11 12:13:40] DEBUG: Schema\Builder: Entity WorkingTimeRange
[2026-02-11 12:13:40] DEBUG: Schema\Builder: Entity Account
[2026-02-11 12:13:40] DEBUG: Schema\Builder: Entity Call
[2026-02-11 12:13:40] DEBUG: Schema\Builder: Entity Campaign
[2026-02-11 12:13:40] DEBUG: Schema\Builder: Entity CampaignLogRecord
[2026-02-11 12:13:40] DEBUG: Schema\Builder: Entity CampaignTrackingUrl
[2026-02-11 12:13:40] DEBUG: Schema\Builder: Entity Case
[2026-02-11 12:13:40] DEBUG: Schema\Builder: Entity Contact
[2026-02-11 12:13:40] DEBUG: Schema\Builder: Entity Document
[2026-02-11 12:13:40] DEBUG: Schema\Builder: Entity DocumentFolder
[2026-02-11 12:13:40] DEBUG: Schema\Builder: Entity EmailQueueItem
[2026-02-11 12:13:40] DEBUG: Schema\Builder: Entity KnowledgeBaseArticle
[2026-02-11 12:13:40] DEBUG: Schema\Builder: Entity KnowledgeBaseCategory
[2026-02-11 12:13:40] DEBUG: Schema\Builder: Entity Lead
[2026-02-11 12:13:40] DEBUG: Schema\Builder: Entity MassEmail
[2026-02-11 12:13:40] DEBUG: Schema\Builder: Entity Meeting
[2026-02-11 12:13:40] DEBUG: Schema\Builder: Entity Opportunity
[2026-02-11 12:13:40] DEBUG: Schema\Builder: Entity Reminder
[2026-02-11 12:13:40] DEBUG: Schema\Builder: Entity Target
[2026-02-11 12:13:40] DEBUG: Schema\Builder: Entity TargetList
[2026-02-11 12:13:40] DEBUG: Schema\Builder: Entity TargetListCategory
[2026-02-11 12:13:40] DEBUG: Schema\Builder: Entity Task
[2026-02-11 12:13:40] DEBUG: Schema\Builder: Entity CADHAR
[2026-02-11 12:13:40] DEBUG: Schema\Builder: Entity CAttendanceRecord
[2026-02-11 12:13:40] DEBUG: Schema\Builder: Entity CBanks
[2026-02-11 12:13:40] DEBUG: Schema\Builder: Entity CCity
[2026-02-11 12:13:40] DEBUG: Schema\Builder: Entity CContactType
[2026-02-11 12:13:40] DEBUG: Schema\Builder: Entity CCountry
[2026-02-11 12:13:40] DEBUG: Schema\Builder: Entity CDepartment
[2026-02-11 12:13:40] DEBUG: Schema\Builder: Entity CDependantRelation
[2026-02-11 12:13:40] DEBUG: Schema\Builder: Entity CDocumentType
[2026-02-11 12:13:40] DEBUG: Schema\Builder: Entity CDrivingLicense
[2026-02-11 12:13:40] DEBUG: Schema\Builder: Entity CEmployee
[2026-02-11 12:13:40] DEBUG: Schema\Builder: Entity CEmployeeAddress
[2026-02-11 12:13:40] DEBUG: Schema\Builder: Entity CEmployeeBank
[2026-02-11 12:13:40] DEBUG: Schema\Builder: Entity CEmployeeContact
[2026-02-11 12:13:40] DEBUG: Schema\Builder: Entity CEmployeeDependent
[2026-02-11 12:13:40] DEBUG: Schema\Builder: Entity CEmployeeDocuments
[2026-02-11 12:13:40] DEBUG: Schema\Builder: Entity CEmployeePastExperience
[2026-02-11 12:13:40] DEBUG: Schema\Builder: Entity CPanCard
[2026-02-11 12:13:40] DEBUG: Schema\Builder: Entity CPassport
[2026-02-11 12:13:40] DEBUG: Schema\Builder: Entity CState
[2026-02-11 12:13:40] DEBUG: Schema\Builder: Entity CVoterIdCard
[2026-02-11 12:13:40] DEBUG: Schema\Builder: Entity CWorkRole
[2026-02-11 12:13:40] DEBUG: Schema\Builder: Entity EmailTemplateCategoryPath
[2026-02-11 12:13:40] DEBUG: Schema\Builder: Entity DocumentFolderPath
[2026-02-11 12:13:40] DEBUG: Schema\Builder: Entity KnowledgeBaseCategoryPath
[2026-02-11 12:13:40] DEBUG: Schema\Builder: Entity TargetListCategoryPath
[2026-02-11 12:13:40] DEBUG: Schema\Builder: ManyMany for Email.emailAccounts
[2026-02-11 12:13:40] DEBUG: Schema\Builder: ManyMany for Email.inboundEmails
[2026-02-11 12:13:40] DEBUG: Schema\Builder: ManyMany for Email.replyToEmailAddresses
[2026-02-11 12:13:40] DEBUG: Schema\Builder: ManyMany for Email.users
[2026-02-11 12:13:40] DEBUG: Schema\Builder: ManyMany for Email.assignedUsers
[2026-02-11 12:13:40] DEBUG: Schema\Builder: ManyMany for Email.teams
[2026-02-11 12:13:40] DEBUG: Schema\Builder: ManyMany for GroupEmailFolder.teams
[2026-02-11 12:13:40] DEBUG: Schema\Builder: ManyMany for InboundEmail.teams
[2026-02-11 12:13:40] DEBUG: Schema\Builder: ManyMany for Note.users
[2026-02-11 12:13:40] DEBUG: Schema\Builder: ManyMany for Note.portals
[2026-02-11 12:13:40] DEBUG: Schema\Builder: ManyMany for Note.teams
[2026-02-11 12:13:40] DEBUG: Schema\Builder: ManyMany for Portal.articles
[2026-02-11 12:13:40] DEBUG: Schema\Builder: ManyMany for Portal.portalRoles
[2026-02-11 12:13:40] DEBUG: Schema\Builder: ManyMany for Portal.users
[2026-02-11 12:13:40] DEBUG: Schema\Builder: ManyMany for PortalRole.users
[2026-02-11 12:13:40] DEBUG: Schema\Builder: ManyMany for Role.teams
[2026-02-11 12:13:40] DEBUG: Schema\Builder: ManyMany for Role.users
[2026-02-11 12:13:40] DEBUG: Schema\Builder: ManyMany for Sms.toPhoneNumbers
[2026-02-11 12:13:40] DEBUG: Schema\Builder: ManyMany for Team.users
[2026-02-11 12:13:40] DEBUG: Schema\Builder: ManyMany for User.emailAddresses
[2026-02-11 12:13:40] DEBUG: Schema\Builder: ManyMany for User.phoneNumbers
[2026-02-11 12:13:40] DEBUG: Schema\Builder: ManyMany for User.targetLists
[2026-02-11 12:13:40] DEBUG: Schema\Builder: ManyMany for User.accounts
[2026-02-11 12:13:40] DEBUG: Schema\Builder: ManyMany for User.calls
[2026-02-11 12:13:40] DEBUG: Schema\Builder: ManyMany for User.meetings
[2026-02-11 12:13:40] DEBUG: Schema\Builder: ManyMany for User.workingTimeRanges
[2026-02-11 12:13:40] DEBUG: Schema\Builder: ManyMany for WorkingTimeCalendar.ranges
[2026-02-11 12:13:40] DEBUG: Schema\Builder: ManyMany for Account.portalUsers
[2026-02-11 12:13:40] DEBUG: Schema\Builder: Table [account_portal_user] exists.
[2026-02-11 12:13:40] DEBUG: Schema\Builder: ManyMany for Account.targetLists
[2026-02-11 12:13:40] DEBUG: Schema\Builder: ManyMany for Account.documents
[2026-02-11 12:13:40] DEBUG: Schema\Builder: ManyMany for Account.contacts
[2026-02-11 12:13:40] DEBUG: Schema\Builder: ManyMany for Call.leads
[2026-02-11 12:13:40] DEBUG: Schema\Builder: ManyMany for Call.contacts
[2026-02-11 12:13:40] DEBUG: Schema\Builder: ManyMany for Campaign.excludingTargetLists
[2026-02-11 12:13:40] DEBUG: Schema\Builder: ManyMany for Campaign.targetLists
[2026-02-11 12:13:40] DEBUG: Schema\Builder: ManyMany for Case.articles
[2026-02-11 12:13:40] DEBUG: Schema\Builder: ManyMany for Case.contacts
[2026-02-11 12:13:40] DEBUG: Schema\Builder: ManyMany for Contact.documents
[2026-02-11 12:13:40] DEBUG: Schema\Builder: ManyMany for Contact.targetLists
[2026-02-11 12:13:40] DEBUG: Schema\Builder: ManyMany for Contact.meetings
[2026-02-11 12:13:40] DEBUG: Schema\Builder: ManyMany for Contact.opportunities
[2026-02-11 12:13:40] DEBUG: Schema\Builder: ManyMany for Document.leads
[2026-02-11 12:13:40] DEBUG: Schema\Builder: ManyMany for Document.opportunities
[2026-02-11 12:13:40] DEBUG: Schema\Builder: ManyMany for KnowledgeBaseArticle.categories
[2026-02-11 12:13:40] DEBUG: Schema\Builder: ManyMany for Lead.targetLists
[2026-02-11 12:13:40] DEBUG: Schema\Builder: ManyMany for Lead.meetings
[2026-02-11 12:13:40] DEBUG: Schema\Builder: ManyMany for MassEmail.excludingTargetLists
[2026-02-11 12:13:40] DEBUG: Schema\Builder: ManyMany for MassEmail.targetLists
[2026-02-11 12:13:40] DEBUG: Schema\Builder - End
[2026-02-11 12:15:11] DEBUG: Schema\Builder - Start
[2026-02-11 12:15:11] DEBUG: Schema\Builder: Entity ActionHistoryRecord
[2026-02-11 12:15:11] DEBUG: Schema\Builder: Entity AddressCountry
[2026-02-11 12:15:11] DEBUG: Schema\Builder: Entity AppLogRecord
[2026-02-11 12:15:11] DEBUG: Schema\Builder: Entity AppSecret
[2026-02-11 12:15:11] DEBUG: Schema\Builder: Entity ArrayValue
[2026-02-11 12:15:11] DEBUG: Schema\Builder: Entity Attachment
[2026-02-11 12:15:11] DEBUG: Schema\Builder: Entity AuthLogRecord
[2026-02-11 12:15:11] DEBUG: Schema\Builder: Entity AuthToken
[2026-02-11 12:15:11] DEBUG: Schema\Builder: Entity AuthenticationProvider
[2026-02-11 12:15:11] DEBUG: Schema\Builder: Entity Autofollow
[2026-02-11 12:15:11] DEBUG: Schema\Builder: Entity Currency
[2026-02-11 12:15:11] DEBUG: Schema\Builder: Entity DashboardTemplate
[2026-02-11 12:15:11] DEBUG: Schema\Builder: Entity Email
[2026-02-11 12:15:11] DEBUG: Schema\Builder: Entity EmailAccount
[2026-02-11 12:15:11] DEBUG: Schema\Builder: Entity EmailAddress
[2026-02-11 12:15:11] DEBUG: Schema\Builder: Entity EmailFilter
[2026-02-11 12:15:11] DEBUG: Schema\Builder: Entity EmailFolder
[2026-02-11 12:15:12] DEBUG: Schema\Builder: Entity EmailTemplate
[2026-02-11 12:15:12] DEBUG: Schema\Builder: Entity EmailTemplateCategory
[2026-02-11 12:15:12] DEBUG: Schema\Builder: Entity Export
[2026-02-11 12:15:12] DEBUG: Schema\Builder: Entity Extension
[2026-02-11 12:15:12] DEBUG: Schema\Builder: Entity ExternalAccount
[2026-02-11 12:15:12] DEBUG: Schema\Builder: Entity GroupEmailFolder
[2026-02-11 12:15:12] DEBUG: Schema\Builder: Entity Import
[2026-02-11 12:15:12] DEBUG: Schema\Builder: Entity ImportEntity
[2026-02-11 12:15:12] DEBUG: Schema\Builder: Entity ImportError
[2026-02-11 12:15:12] DEBUG: Schema\Builder: Entity InboundEmail
[2026-02-11 12:15:12] DEBUG: Schema\Builder: Entity Integration
[2026-02-11 12:15:12] DEBUG: Schema\Builder: Entity Job
[2026-02-11 12:15:12] DEBUG: Schema\Builder: Entity KanbanOrder
[2026-02-11 12:15:12] DEBUG: Schema\Builder: Entity LayoutRecord
[2026-02-11 12:15:12] DEBUG: Schema\Builder: Entity LayoutSet
[2026-02-11 12:15:12] DEBUG: Schema\Builder: Entity LeadCapture
[2026-02-11 12:15:12] DEBUG: Schema\Builder: Entity LeadCaptureLogRecord
[2026-02-11 12:15:12] DEBUG: Schema\Builder: Entity MassAction
[2026-02-11 12:15:12] DEBUG: Schema\Builder: Entity NextNumber
[2026-02-11 12:15:12] DEBUG: Schema\Builder: Entity Note
[2026-02-11 12:15:12] DEBUG: Schema\Builder: Entity Notification
[2026-02-11 12:15:12] DEBUG: Schema\Builder: Entity OAuthAccount
[2026-02-11 12:15:12] DEBUG: Schema\Builder: Entity OAuthProvider
[2026-02-11 12:15:12] DEBUG: Schema\Builder: Entity PasswordChangeRequest
[2026-02-11 12:15:12] DEBUG: Schema\Builder: Entity PhoneNumber
[2026-02-11 12:15:12] DEBUG: Schema\Builder: Entity Portal
[2026-02-11 12:15:12] DEBUG: Schema\Builder: Entity PortalRole
[2026-02-11 12:15:12] DEBUG: Schema\Builder: Entity Preferences
[2026-02-11 12:15:12] DEBUG: Schema\Builder: Entity Role
[2026-02-11 12:15:12] DEBUG: Schema\Builder: Entity ScheduledJob
[2026-02-11 12:15:12] DEBUG: Schema\Builder: Entity ScheduledJobLogRecord
[2026-02-11 12:15:12] DEBUG: Schema\Builder: Entity Sms
[2026-02-11 12:15:12] DEBUG: Schema\Builder: Entity StarSubscription
[2026-02-11 12:15:12] DEBUG: Schema\Builder: Entity StreamSubscription
[2026-02-11 12:15:12] DEBUG: Schema\Builder: Entity SystemData
[2026-02-11 12:15:12] DEBUG: Schema\Builder: Entity Team
[2026-02-11 12:15:12] DEBUG: Schema\Builder: Entity Template
[2026-02-11 12:15:12] DEBUG: Schema\Builder: Entity TwoFactorCode
[2026-02-11 12:15:12] DEBUG: Schema\Builder: Entity UniqueId
[2026-02-11 12:15:12] DEBUG: Schema\Builder: Entity User
[2026-02-11 12:15:12] DEBUG: Schema\Builder: Entity UserData
[2026-02-11 12:15:12] DEBUG: Schema\Builder: Entity UserReaction
[2026-02-11 12:15:12] DEBUG: Schema\Builder: Entity Webhook
[2026-02-11 12:15:12] DEBUG: Schema\Builder: Entity WebhookEventQueueItem
[2026-02-11 12:15:12] DEBUG: Schema\Builder: Entity WebhookQueueItem
[2026-02-11 12:15:12] DEBUG: Schema\Builder: Entity WorkingTimeCalendar
[2026-02-11 12:15:12] DEBUG: Schema\Builder: Entity WorkingTimeRange
[2026-02-11 12:15:12] DEBUG: Schema\Builder: Entity Account
[2026-02-11 12:15:12] DEBUG: Schema\Builder: Entity Call
[2026-02-11 12:15:12] DEBUG: Schema\Builder: Entity Campaign
[2026-02-11 12:15:12] DEBUG: Schema\Builder: Entity CampaignLogRecord
[2026-02-11 12:15:12] DEBUG: Schema\Builder: Entity CampaignTrackingUrl
[2026-02-11 12:15:12] DEBUG: Schema\Builder: Entity Case
[2026-02-11 12:15:12] DEBUG: Schema\Builder: Entity Contact
[2026-02-11 12:15:12] DEBUG: Schema\Builder: Entity Document
[2026-02-11 12:15:12] DEBUG: Schema\Builder: Entity DocumentFolder
[2026-02-11 12:15:12] DEBUG: Schema\Builder: Entity EmailQueueItem
[2026-02-11 12:15:12] DEBUG: Schema\Builder: Entity KnowledgeBaseArticle
[2026-02-11 12:15:12] DEBUG: Schema\Builder: Entity KnowledgeBaseCategory
[2026-02-11 12:15:12] DEBUG: Schema\Builder: Entity Lead
[2026-02-11 12:15:12] DEBUG: Schema\Builder: Entity MassEmail
[2026-02-11 12:15:12] DEBUG: Schema\Builder: Entity Meeting
[2026-02-11 12:15:12] DEBUG: Schema\Builder: Entity Opportunity
[2026-02-11 12:15:12] DEBUG: Schema\Builder: Entity Reminder
[2026-02-11 12:15:12] DEBUG: Schema\Builder: Entity Target
[2026-02-11 12:15:12] DEBUG: Schema\Builder: Entity TargetList
[2026-02-11 12:15:12] DEBUG: Schema\Builder: Entity TargetListCategory
[2026-02-11 12:15:12] DEBUG: Schema\Builder: Entity Task
[2026-02-11 12:15:12] DEBUG: Schema\Builder: Entity CADHAR
[2026-02-11 12:15:12] DEBUG: Schema\Builder: Entity CAttendanceRecord
[2026-02-11 12:15:12] DEBUG: Schema\Builder: Entity CBanks
[2026-02-11 12:15:12] DEBUG: Schema\Builder: Entity CCity
[2026-02-11 12:15:12] DEBUG: Schema\Builder: Entity CContactType
[2026-02-11 12:15:12] DEBUG: Schema\Builder: Entity CCountry
[2026-02-11 12:15:12] DEBUG: Schema\Builder: Entity CDepartment
[2026-02-11 12:15:12] DEBUG: Schema\Builder: Entity CDependantRelation
[2026-02-11 12:15:12] DEBUG: Schema\Builder: Entity CDocumentType
[2026-02-11 12:15:12] DEBUG: Schema\Builder: Entity CDrivingLicense
[2026-02-11 12:15:12] DEBUG: Schema\Builder: Entity CEmployee
[2026-02-11 12:15:12] DEBUG: Schema\Builder: Entity CEmployeeAddress
[2026-02-11 12:15:12] DEBUG: Schema\Builder: Entity CEmployeeBank
[2026-02-11 12:15:12] DEBUG: Schema\Builder: Entity CEmployeeContact
[2026-02-11 12:15:12] DEBUG: Schema\Builder: Entity CEmployeeDependent
[2026-02-11 12:15:12] DEBUG: Schema\Builder: Entity CEmployeeDocuments
[2026-02-11 12:15:12] DEBUG: Schema\Builder: Entity CEmployeePastExperience
[2026-02-11 12:15:12] DEBUG: Schema\Builder: Entity CPanCard
[2026-02-11 12:15:12] DEBUG: Schema\Builder: Entity CPassport
[2026-02-11 12:15:12] DEBUG: Schema\Builder: Entity CState
[2026-02-11 12:15:12] DEBUG: Schema\Builder: Entity CVoterIdCard
[2026-02-11 12:15:12] DEBUG: Schema\Builder: Entity CWorkRole
[2026-02-11 12:15:12] DEBUG: Schema\Builder: Entity EmailTemplateCategoryPath
[2026-02-11 12:15:12] DEBUG: Schema\Builder: Entity DocumentFolderPath
[2026-02-11 12:15:12] DEBUG: Schema\Builder: Entity KnowledgeBaseCategoryPath
[2026-02-11 12:15:12] DEBUG: Schema\Builder: Entity TargetListCategoryPath
[2026-02-11 12:15:12] DEBUG: Schema\Builder: ManyMany for Email.emailAccounts
[2026-02-11 12:15:12] DEBUG: Schema\Builder: ManyMany for Email.inboundEmails
[2026-02-11 12:15:12] DEBUG: Schema\Builder: ManyMany for Email.replyToEmailAddresses
[2026-02-11 12:15:12] DEBUG: Schema\Builder: ManyMany for Email.users
[2026-02-11 12:15:12] DEBUG: Schema\Builder: ManyMany for Email.assignedUsers
[2026-02-11 12:15:12] DEBUG: Schema\Builder: ManyMany for Email.teams
[2026-02-11 12:15:12] DEBUG: Schema\Builder: ManyMany for GroupEmailFolder.teams
[2026-02-11 12:15:12] DEBUG: Schema\Builder: ManyMany for InboundEmail.teams
[2026-02-11 12:15:12] DEBUG: Schema\Builder: ManyMany for Note.users
[2026-02-11 12:15:12] DEBUG: Schema\Builder: ManyMany for Note.portals
[2026-02-11 12:15:12] DEBUG: Schema\Builder: ManyMany for Note.teams
[2026-02-11 12:15:12] DEBUG: Schema\Builder: ManyMany for Portal.articles
[2026-02-11 12:15:12] DEBUG: Schema\Builder: ManyMany for Portal.portalRoles
[2026-02-11 12:15:12] DEBUG: Schema\Builder: ManyMany for Portal.users
[2026-02-11 12:15:12] DEBUG: Schema\Builder: ManyMany for PortalRole.users
[2026-02-11 12:15:12] DEBUG: Schema\Builder: ManyMany for Role.teams
[2026-02-11 12:15:12] DEBUG: Schema\Builder: ManyMany for Role.users
[2026-02-11 12:15:12] DEBUG: Schema\Builder: ManyMany for Sms.toPhoneNumbers
[2026-02-11 12:15:12] DEBUG: Schema\Builder: ManyMany for Team.users
[2026-02-11 12:15:12] DEBUG: Schema\Builder: ManyMany for User.emailAddresses
[2026-02-11 12:15:12] DEBUG: Schema\Builder: ManyMany for User.phoneNumbers
[2026-02-11 12:15:12] DEBUG: Schema\Builder: ManyMany for User.targetLists
[2026-02-11 12:15:12] DEBUG: Schema\Builder: ManyMany for User.accounts
[2026-02-11 12:15:12] DEBUG: Schema\Builder: ManyMany for User.calls
[2026-02-11 12:15:12] DEBUG: Schema\Builder: ManyMany for User.meetings
[2026-02-11 12:15:12] DEBUG: Schema\Builder: ManyMany for User.workingTimeRanges
[2026-02-11 12:15:12] DEBUG: Schema\Builder: ManyMany for WorkingTimeCalendar.ranges
[2026-02-11 12:15:12] DEBUG: Schema\Builder: ManyMany for Account.portalUsers
[2026-02-11 12:15:12] DEBUG: Schema\Builder: Table [account_portal_user] exists.
[2026-02-11 12:15:12] DEBUG: Schema\Builder: ManyMany for Account.targetLists
[2026-02-11 12:15:12] DEBUG: Schema\Builder: ManyMany for Account.documents
[2026-02-11 12:15:12] DEBUG: Schema\Builder: ManyMany for Account.contacts
[2026-02-11 12:15:12] DEBUG: Schema\Builder: ManyMany for Call.leads
[2026-02-11 12:15:12] DEBUG: Schema\Builder: ManyMany for Call.contacts
[2026-02-11 12:15:12] DEBUG: Schema\Builder: ManyMany for Campaign.excludingTargetLists
[2026-02-11 12:15:12] DEBUG: Schema\Builder: ManyMany for Campaign.targetLists
[2026-02-11 12:15:12] DEBUG: Schema\Builder: ManyMany for Case.articles
[2026-02-11 12:15:12] DEBUG: Schema\Builder: ManyMany for Case.contacts
[2026-02-11 12:15:12] DEBUG: Schema\Builder: ManyMany for Contact.documents
[2026-02-11 12:15:12] DEBUG: Schema\Builder: ManyMany for Contact.targetLists
[2026-02-11 12:15:12] DEBUG: Schema\Builder: ManyMany for Contact.meetings
[2026-02-11 12:15:12] DEBUG: Schema\Builder: ManyMany for Contact.opportunities
[2026-02-11 12:15:12] DEBUG: Schema\Builder: ManyMany for Document.leads
[2026-02-11 12:15:12] DEBUG: Schema\Builder: ManyMany for Document.opportunities
[2026-02-11 12:15:12] DEBUG: Schema\Builder: ManyMany for KnowledgeBaseArticle.categories
[2026-02-11 12:15:12] DEBUG: Schema\Builder: ManyMany for Lead.targetLists
[2026-02-11 12:15:12] DEBUG: Schema\Builder: ManyMany for Lead.meetings
[2026-02-11 12:15:12] DEBUG: Schema\Builder: ManyMany for MassEmail.excludingTargetLists
[2026-02-11 12:15:12] DEBUG: Schema\Builder: ManyMany for MassEmail.targetLists
[2026-02-11 12:15:12] DEBUG: Schema\Builder - End
[2026-02-11 12:16:05] DEBUG: Schema\Builder - Start
[2026-02-11 12:16:05] DEBUG: Schema\Builder: Entity ActionHistoryRecord
[2026-02-11 12:16:05] DEBUG: Schema\Builder: Entity AddressCountry
[2026-02-11 12:16:05] DEBUG: Schema\Builder: Entity AppLogRecord
[2026-02-11 12:16:05] DEBUG: Schema\Builder: Entity AppSecret
[2026-02-11 12:16:05] DEBUG: Schema\Builder: Entity ArrayValue
[2026-02-11 12:16:05] DEBUG: Schema\Builder: Entity Attachment
[2026-02-11 12:16:05] DEBUG: Schema\Builder: Entity AuthLogRecord
[2026-02-11 12:16:05] DEBUG: Schema\Builder: Entity AuthToken
[2026-02-11 12:16:05] DEBUG: Schema\Builder: Entity AuthenticationProvider
[2026-02-11 12:16:05] DEBUG: Schema\Builder: Entity Autofollow
[2026-02-11 12:16:05] DEBUG: Schema\Builder: Entity Currency
[2026-02-11 12:16:05] DEBUG: Schema\Builder: Entity DashboardTemplate
[2026-02-11 12:16:05] DEBUG: Schema\Builder: Entity Email
[2026-02-11 12:16:05] DEBUG: Schema\Builder: Entity EmailAccount
[2026-02-11 12:16:05] DEBUG: Schema\Builder: Entity EmailAddress
[2026-02-11 12:16:05] DEBUG: Schema\Builder: Entity EmailFilter
[2026-02-11 12:16:05] DEBUG: Schema\Builder: Entity EmailFolder
[2026-02-11 12:16:05] DEBUG: Schema\Builder: Entity EmailTemplate
[2026-02-11 12:16:05] DEBUG: Schema\Builder: Entity EmailTemplateCategory
[2026-02-11 12:16:05] DEBUG: Schema\Builder: Entity Export
[2026-02-11 12:16:05] DEBUG: Schema\Builder: Entity Extension
[2026-02-11 12:16:05] DEBUG: Schema\Builder: Entity ExternalAccount
[2026-02-11 12:16:05] DEBUG: Schema\Builder: Entity GroupEmailFolder
[2026-02-11 12:16:05] DEBUG: Schema\Builder: Entity Import
[2026-02-11 12:16:05] DEBUG: Schema\Builder: Entity ImportEntity
[2026-02-11 12:16:05] DEBUG: Schema\Builder: Entity ImportError
[2026-02-11 12:16:05] DEBUG: Schema\Builder: Entity InboundEmail
[2026-02-11 12:16:05] DEBUG: Schema\Builder: Entity Integration
[2026-02-11 12:16:05] DEBUG: Schema\Builder: Entity Job
[2026-02-11 12:16:05] DEBUG: Schema\Builder: Entity KanbanOrder
[2026-02-11 12:16:05] DEBUG: Schema\Builder: Entity LayoutRecord
[2026-02-11 12:16:05] DEBUG: Schema\Builder: Entity LayoutSet
[2026-02-11 12:16:05] DEBUG: Schema\Builder: Entity LeadCapture
[2026-02-11 12:16:05] DEBUG: Schema\Builder: Entity LeadCaptureLogRecord
[2026-02-11 12:16:05] DEBUG: Schema\Builder: Entity MassAction
[2026-02-11 12:16:05] DEBUG: Schema\Builder: Entity NextNumber
[2026-02-11 12:16:05] DEBUG: Schema\Builder: Entity Note
[2026-02-11 12:16:05] DEBUG: Schema\Builder: Entity Notification
[2026-02-11 12:16:05] DEBUG: Schema\Builder: Entity OAuthAccount
[2026-02-11 12:16:05] DEBUG: Schema\Builder: Entity OAuthProvider
[2026-02-11 12:16:05] DEBUG: Schema\Builder: Entity PasswordChangeRequest
[2026-02-11 12:16:05] DEBUG: Schema\Builder: Entity PhoneNumber
[2026-02-11 12:16:05] DEBUG: Schema\Builder: Entity Portal
[2026-02-11 12:16:05] DEBUG: Schema\Builder: Entity PortalRole
[2026-02-11 12:16:05] DEBUG: Schema\Builder: Entity Preferences
[2026-02-11 12:16:05] DEBUG: Schema\Builder: Entity Role
[2026-02-11 12:16:05] DEBUG: Schema\Builder: Entity ScheduledJob
[2026-02-11 12:16:05] DEBUG: Schema\Builder: Entity ScheduledJobLogRecord
[2026-02-11 12:16:05] DEBUG: Schema\Builder: Entity Sms
[2026-02-11 12:16:05] DEBUG: Schema\Builder: Entity StarSubscription
[2026-02-11 12:16:05] DEBUG: Schema\Builder: Entity StreamSubscription
[2026-02-11 12:16:05] DEBUG: Schema\Builder: Entity SystemData
[2026-02-11 12:16:05] DEBUG: Schema\Builder: Entity Team
[2026-02-11 12:16:05] DEBUG: Schema\Builder: Entity Template
[2026-02-11 12:16:05] DEBUG: Schema\Builder: Entity TwoFactorCode
[2026-02-11 12:16:05] DEBUG: Schema\Builder: Entity UniqueId
[2026-02-11 12:16:05] DEBUG: Schema\Builder: Entity User
[2026-02-11 12:16:05] DEBUG: Schema\Builder: Entity UserData
[2026-02-11 12:16:05] DEBUG: Schema\Builder: Entity UserReaction
[2026-02-11 12:16:05] DEBUG: Schema\Builder: Entity Webhook
[2026-02-11 12:16:05] DEBUG: Schema\Builder: Entity WebhookEventQueueItem
[2026-02-11 12:16:05] DEBUG: Schema\Builder: Entity WebhookQueueItem
[2026-02-11 12:16:05] DEBUG: Schema\Builder: Entity WorkingTimeCalendar
[2026-02-11 12:16:05] DEBUG: Schema\Builder: Entity WorkingTimeRange
[2026-02-11 12:16:05] DEBUG: Schema\Builder: Entity Account
[2026-02-11 12:16:05] DEBUG: Schema\Builder: Entity Call
[2026-02-11 12:16:05] DEBUG: Schema\Builder: Entity Campaign
[2026-02-11 12:16:05] DEBUG: Schema\Builder: Entity CampaignLogRecord
[2026-02-11 12:16:05] DEBUG: Schema\Builder: Entity CampaignTrackingUrl
[2026-02-11 12:16:05] DEBUG: Schema\Builder: Entity Case
[2026-02-11 12:16:05] DEBUG: Schema\Builder: Entity Contact
[2026-02-11 12:16:05] DEBUG: Schema\Builder: Entity Document
[2026-02-11 12:16:05] DEBUG: Schema\Builder: Entity DocumentFolder
[2026-02-11 12:16:05] DEBUG: Schema\Builder: Entity EmailQueueItem
[2026-02-11 12:16:05] DEBUG: Schema\Builder: Entity KnowledgeBaseArticle
[2026-02-11 12:16:05] DEBUG: Schema\Builder: Entity KnowledgeBaseCategory
[2026-02-11 12:16:05] DEBUG: Schema\Builder: Entity Lead
[2026-02-11 12:16:05] DEBUG: Schema\Builder: Entity MassEmail
[2026-02-11 12:16:05] DEBUG: Schema\Builder: Entity Meeting
[2026-02-11 12:16:05] DEBUG: Schema\Builder: Entity Opportunity
[2026-02-11 12:16:05] DEBUG: Schema\Builder: Entity Reminder
[2026-02-11 12:16:05] DEBUG: Schema\Builder: Entity Target
[2026-02-11 12:16:05] DEBUG: Schema\Builder: Entity TargetList
[2026-02-11 12:16:05] DEBUG: Schema\Builder: Entity TargetListCategory
[2026-02-11 12:16:05] DEBUG: Schema\Builder: Entity Task
[2026-02-11 12:16:05] DEBUG: Schema\Builder: Entity CADHAR
[2026-02-11 12:16:05] DEBUG: Schema\Builder: Entity CAttendanceRecord
[2026-02-11 12:16:05] DEBUG: Schema\Builder: Entity CBanks
[2026-02-11 12:16:05] DEBUG: Schema\Builder: Entity CCity
[2026-02-11 12:16:05] DEBUG: Schema\Builder: Entity CContactType
[2026-02-11 12:16:05] DEBUG: Schema\Builder: Entity CCountry
[2026-02-11 12:16:05] DEBUG: Schema\Builder: Entity CDepartment
[2026-02-11 12:16:05] DEBUG: Schema\Builder: Entity CDependantRelation
[2026-02-11 12:16:05] DEBUG: Schema\Builder: Entity CDocumentType
[2026-02-11 12:16:05] DEBUG: Schema\Builder: Entity CDrivingLicense
[2026-02-11 12:16:05] DEBUG: Schema\Builder: Entity CEmployee
[2026-02-11 12:16:05] DEBUG: Schema\Builder: Entity CEmployeeAddress
[2026-02-11 12:16:05] DEBUG: Schema\Builder: Entity CEmployeeBank
[2026-02-11 12:16:05] DEBUG: Schema\Builder: Entity CEmployeeContact
[2026-02-11 12:16:05] DEBUG: Schema\Builder: Entity CEmployeeDependent
[2026-02-11 12:16:05] DEBUG: Schema\Builder: Entity CEmployeeDocuments
[2026-02-11 12:16:05] DEBUG: Schema\Builder: Entity CEmployeePastExperience
[2026-02-11 12:16:05] DEBUG: Schema\Builder: Entity CPanCard
[2026-02-11 12:16:05] DEBUG: Schema\Builder: Entity CPassport
[2026-02-11 12:16:05] DEBUG: Schema\Builder: Entity CState
[2026-02-11 12:16:05] DEBUG: Schema\Builder: Entity CVoterIdCard
[2026-02-11 12:16:05] DEBUG: Schema\Builder: Entity CWorkRole
[2026-02-11 12:16:05] DEBUG: Schema\Builder: Entity EmailTemplateCategoryPath
[2026-02-11 12:16:05] DEBUG: Schema\Builder: Entity DocumentFolderPath
[2026-02-11 12:16:05] DEBUG: Schema\Builder: Entity KnowledgeBaseCategoryPath
[2026-02-11 12:16:05] DEBUG: Schema\Builder: Entity TargetListCategoryPath
[2026-02-11 12:16:05] DEBUG: Schema\Builder: ManyMany for Email.emailAccounts
[2026-02-11 12:16:05] DEBUG: Schema\Builder: ManyMany for Email.inboundEmails
[2026-02-11 12:16:05] DEBUG: Schema\Builder: ManyMany for Email.replyToEmailAddresses
[2026-02-11 12:16:05] DEBUG: Schema\Builder: ManyMany for Email.users
[2026-02-11 12:16:05] DEBUG: Schema\Builder: ManyMany for Email.assignedUsers
[2026-02-11 12:16:05] DEBUG: Schema\Builder: ManyMany for Email.teams
[2026-02-11 12:16:05] DEBUG: Schema\Builder: ManyMany for GroupEmailFolder.teams
[2026-02-11 12:16:05] DEBUG: Schema\Builder: ManyMany for InboundEmail.teams
[2026-02-11 12:16:05] DEBUG: Schema\Builder: ManyMany for Note.users
[2026-02-11 12:16:05] DEBUG: Schema\Builder: ManyMany for Note.portals
[2026-02-11 12:16:05] DEBUG: Schema\Builder: ManyMany for Note.teams
[2026-02-11 12:16:05] DEBUG: Schema\Builder: ManyMany for Portal.articles
[2026-02-11 12:16:05] DEBUG: Schema\Builder: ManyMany for Portal.portalRoles
[2026-02-11 12:16:05] DEBUG: Schema\Builder: ManyMany for Portal.users
[2026-02-11 12:16:05] DEBUG: Schema\Builder: ManyMany for PortalRole.users
[2026-02-11 12:16:05] DEBUG: Schema\Builder: ManyMany for Role.teams
[2026-02-11 12:16:05] DEBUG: Schema\Builder: ManyMany for Role.users
[2026-02-11 12:16:05] DEBUG: Schema\Builder: ManyMany for Sms.toPhoneNumbers
[2026-02-11 12:16:05] DEBUG: Schema\Builder: ManyMany for Team.users
[2026-02-11 12:16:05] DEBUG: Schema\Builder: ManyMany for User.emailAddresses
[2026-02-11 12:16:05] DEBUG: Schema\Builder: ManyMany for User.phoneNumbers
[2026-02-11 12:16:05] DEBUG: Schema\Builder: ManyMany for User.targetLists
[2026-02-11 12:16:05] DEBUG: Schema\Builder: ManyMany for User.accounts
[2026-02-11 12:16:05] DEBUG: Schema\Builder: ManyMany for User.calls
[2026-02-11 12:16:05] DEBUG: Schema\Builder: ManyMany for User.meetings
[2026-02-11 12:16:05] DEBUG: Schema\Builder: ManyMany for User.workingTimeRanges
[2026-02-11 12:16:05] DEBUG: Schema\Builder: ManyMany for WorkingTimeCalendar.ranges
[2026-02-11 12:16:05] DEBUG: Schema\Builder: ManyMany for Account.portalUsers
[2026-02-11 12:16:05] DEBUG: Schema\Builder: Table [account_portal_user] exists.
[2026-02-11 12:16:05] DEBUG: Schema\Builder: ManyMany for Account.targetLists
[2026-02-11 12:16:05] DEBUG: Schema\Builder: ManyMany for Account.documents
[2026-02-11 12:16:05] DEBUG: Schema\Builder: ManyMany for Account.contacts
[2026-02-11 12:16:05] DEBUG: Schema\Builder: ManyMany for Call.leads
[2026-02-11 12:16:05] DEBUG: Schema\Builder: ManyMany for Call.contacts
[2026-02-11 12:16:05] DEBUG: Schema\Builder: ManyMany for Campaign.excludingTargetLists
[2026-02-11 12:16:05] DEBUG: Schema\Builder: ManyMany for Campaign.targetLists
[2026-02-11 12:16:05] DEBUG: Schema\Builder: ManyMany for Case.articles
[2026-02-11 12:16:05] DEBUG: Schema\Builder: ManyMany for Case.contacts
[2026-02-11 12:16:05] DEBUG: Schema\Builder: ManyMany for Contact.documents
[2026-02-11 12:16:05] DEBUG: Schema\Builder: ManyMany for Contact.targetLists
[2026-02-11 12:16:05] DEBUG: Schema\Builder: ManyMany for Contact.meetings
[2026-02-11 12:16:05] DEBUG: Schema\Builder: ManyMany for Contact.opportunities
[2026-02-11 12:16:05] DEBUG: Schema\Builder: ManyMany for Document.leads
[2026-02-11 12:16:05] DEBUG: Schema\Builder: ManyMany for Document.opportunities
[2026-02-11 12:16:05] DEBUG: Schema\Builder: ManyMany for KnowledgeBaseArticle.categories
[2026-02-11 12:16:05] DEBUG: Schema\Builder: ManyMany for Lead.targetLists
[2026-02-11 12:16:05] DEBUG: Schema\Builder: ManyMany for Lead.meetings
[2026-02-11 12:16:05] DEBUG: Schema\Builder: ManyMany for MassEmail.excludingTargetLists
[2026-02-11 12:16:05] DEBUG: Schema\Builder: ManyMany for MassEmail.targetLists
[2026-02-11 12:16:05] DEBUG: Schema\Builder - End
[2026-02-11 12:17:40] DEBUG: Schema\Builder - Start
[2026-02-11 12:17:40] DEBUG: Schema\Builder: Entity ActionHistoryRecord
[2026-02-11 12:17:40] DEBUG: Schema\Builder: Entity AddressCountry
[2026-02-11 12:17:40] DEBUG: Schema\Builder: Entity AppLogRecord
[2026-02-11 12:17:40] DEBUG: Schema\Builder: Entity AppSecret
[2026-02-11 12:17:40] DEBUG: Schema\Builder: Entity ArrayValue
[2026-02-11 12:17:40] DEBUG: Schema\Builder: Entity Attachment
[2026-02-11 12:17:40] DEBUG: Schema\Builder: Entity AuthLogRecord
[2026-02-11 12:17:40] DEBUG: Schema\Builder: Entity AuthToken
[2026-02-11 12:17:40] DEBUG: Schema\Builder: Entity AuthenticationProvider
[2026-02-11 12:17:40] DEBUG: Schema\Builder: Entity Autofollow
[2026-02-11 12:17:40] DEBUG: Schema\Builder: Entity Currency
[2026-02-11 12:17:40] DEBUG: Schema\Builder: Entity DashboardTemplate
[2026-02-11 12:17:40] DEBUG: Schema\Builder: Entity Email
[2026-02-11 12:17:40] DEBUG: Schema\Builder: Entity EmailAccount
[2026-02-11 12:17:40] DEBUG: Schema\Builder: Entity EmailAddress
[2026-02-11 12:17:40] DEBUG: Schema\Builder: Entity EmailFilter
[2026-02-11 12:17:40] DEBUG: Schema\Builder: Entity EmailFolder
[2026-02-11 12:17:40] DEBUG: Schema\Builder: Entity EmailTemplate
[2026-02-11 12:17:40] DEBUG: Schema\Builder: Entity EmailTemplateCategory
[2026-02-11 12:17:40] DEBUG: Schema\Builder: Entity Export
[2026-02-11 12:17:40] DEBUG: Schema\Builder: Entity Extension
[2026-02-11 12:17:40] DEBUG: Schema\Builder: Entity ExternalAccount
[2026-02-11 12:17:40] DEBUG: Schema\Builder: Entity GroupEmailFolder
[2026-02-11 12:17:40] DEBUG: Schema\Builder: Entity Import
[2026-02-11 12:17:40] DEBUG: Schema\Builder: Entity ImportEntity
[2026-02-11 12:17:40] DEBUG: Schema\Builder: Entity ImportError
[2026-02-11 12:17:40] DEBUG: Schema\Builder: Entity InboundEmail
[2026-02-11 12:17:40] DEBUG: Schema\Builder: Entity Integration
[2026-02-11 12:17:40] DEBUG: Schema\Builder: Entity Job
[2026-02-11 12:17:40] DEBUG: Schema\Builder: Entity KanbanOrder
[2026-02-11 12:17:40] DEBUG: Schema\Builder: Entity LayoutRecord
[2026-02-11 12:17:40] DEBUG: Schema\Builder: Entity LayoutSet
[2026-02-11 12:17:40] DEBUG: Schema\Builder: Entity LeadCapture
[2026-02-11 12:17:40] DEBUG: Schema\Builder: Entity LeadCaptureLogRecord
[2026-02-11 12:17:40] DEBUG: Schema\Builder: Entity MassAction
[2026-02-11 12:17:40] DEBUG: Schema\Builder: Entity NextNumber
[2026-02-11 12:17:40] DEBUG: Schema\Builder: Entity Note
[2026-02-11 12:17:40] DEBUG: Schema\Builder: Entity Notification
[2026-02-11 12:17:40] DEBUG: Schema\Builder: Entity OAuthAccount
[2026-02-11 12:17:40] DEBUG: Schema\Builder: Entity OAuthProvider
[2026-02-11 12:17:40] DEBUG: Schema\Builder: Entity PasswordChangeRequest
[2026-02-11 12:17:40] DEBUG: Schema\Builder: Entity PhoneNumber
[2026-02-11 12:17:40] DEBUG: Schema\Builder: Entity Portal
[2026-02-11 12:17:40] DEBUG: Schema\Builder: Entity PortalRole
[2026-02-11 12:17:40] DEBUG: Schema\Builder: Entity Preferences
[2026-02-11 12:17:40] DEBUG: Schema\Builder: Entity Role
[2026-02-11 12:17:40] DEBUG: Schema\Builder: Entity ScheduledJob
[2026-02-11 12:17:40] DEBUG: Schema\Builder: Entity ScheduledJobLogRecord
[2026-02-11 12:17:40] DEBUG: Schema\Builder: Entity Sms
[2026-02-11 12:17:40] DEBUG: Schema\Builder: Entity StarSubscription
[2026-02-11 12:17:40] DEBUG: Schema\Builder: Entity StreamSubscription
[2026-02-11 12:17:40] DEBUG: Schema\Builder: Entity SystemData
[2026-02-11 12:17:40] DEBUG: Schema\Builder: Entity Team
[2026-02-11 12:17:40] DEBUG: Schema\Builder: Entity Template
[2026-02-11 12:17:40] DEBUG: Schema\Builder: Entity TwoFactorCode
[2026-02-11 12:17:40] DEBUG: Schema\Builder: Entity UniqueId
[2026-02-11 12:17:40] DEBUG: Schema\Builder: Entity User
[2026-02-11 12:17:40] DEBUG: Schema\Builder: Entity UserData
[2026-02-11 12:17:40] DEBUG: Schema\Builder: Entity UserReaction
[2026-02-11 12:17:40] DEBUG: Schema\Builder: Entity Webhook
[2026-02-11 12:17:40] DEBUG: Schema\Builder: Entity WebhookEventQueueItem
[2026-02-11 12:17:40] DEBUG: Schema\Builder: Entity WebhookQueueItem
[2026-02-11 12:17:40] DEBUG: Schema\Builder: Entity WorkingTimeCalendar
[2026-02-11 12:17:40] DEBUG: Schema\Builder: Entity WorkingTimeRange
[2026-02-11 12:17:40] DEBUG: Schema\Builder: Entity Account
[2026-02-11 12:17:40] DEBUG: Schema\Builder: Entity Call
[2026-02-11 12:17:40] DEBUG: Schema\Builder: Entity Campaign
[2026-02-11 12:17:40] DEBUG: Schema\Builder: Entity CampaignLogRecord
[2026-02-11 12:17:40] DEBUG: Schema\Builder: Entity CampaignTrackingUrl
[2026-02-11 12:17:40] DEBUG: Schema\Builder: Entity Case
[2026-02-11 12:17:40] DEBUG: Schema\Builder: Entity Contact
[2026-02-11 12:17:40] DEBUG: Schema\Builder: Entity Document
[2026-02-11 12:17:40] DEBUG: Schema\Builder: Entity DocumentFolder
[2026-02-11 12:17:40] DEBUG: Schema\Builder: Entity EmailQueueItem
[2026-02-11 12:17:40] DEBUG: Schema\Builder: Entity KnowledgeBaseArticle
[2026-02-11 12:17:40] DEBUG: Schema\Builder: Entity KnowledgeBaseCategory
[2026-02-11 12:17:40] DEBUG: Schema\Builder: Entity Lead
[2026-02-11 12:17:40] DEBUG: Schema\Builder: Entity MassEmail
[2026-02-11 12:17:40] DEBUG: Schema\Builder: Entity Meeting
[2026-02-11 12:17:40] DEBUG: Schema\Builder: Entity Opportunity
[2026-02-11 12:17:40] DEBUG: Schema\Builder: Entity Reminder
[2026-02-11 12:17:40] DEBUG: Schema\Builder: Entity Target
[2026-02-11 12:17:40] DEBUG: Schema\Builder: Entity TargetList
[2026-02-11 12:17:40] DEBUG: Schema\Builder: Entity TargetListCategory
[2026-02-11 12:17:40] DEBUG: Schema\Builder: Entity Task
[2026-02-11 12:17:40] DEBUG: Schema\Builder: Entity CADHAR
[2026-02-11 12:17:40] DEBUG: Schema\Builder: Entity CAttendanceRecord
[2026-02-11 12:17:40] DEBUG: Schema\Builder: Entity CBanks
[2026-02-11 12:17:40] DEBUG: Schema\Builder: Entity CCity
[2026-02-11 12:17:40] DEBUG: Schema\Builder: Entity CContactType
[2026-02-11 12:17:40] DEBUG: Schema\Builder: Entity CCountry
[2026-02-11 12:17:40] DEBUG: Schema\Builder: Entity CDepartment
[2026-02-11 12:17:40] DEBUG: Schema\Builder: Entity CDependantRelation
[2026-02-11 12:17:40] DEBUG: Schema\Builder: Entity CDocumentType
[2026-02-11 12:17:40] DEBUG: Schema\Builder: Entity CDrivingLicense
[2026-02-11 12:17:40] DEBUG: Schema\Builder: Entity CEmployee
[2026-02-11 12:17:40] DEBUG: Schema\Builder: Entity CEmployeeAddress
[2026-02-11 12:17:40] DEBUG: Schema\Builder: Entity CEmployeeBank
[2026-02-11 12:17:40] DEBUG: Schema\Builder: Entity CEmployeeContact
[2026-02-11 12:17:40] DEBUG: Schema\Builder: Entity CEmployeeDependent
[2026-02-11 12:17:40] DEBUG: Schema\Builder: Entity CEmployeeDocuments
[2026-02-11 12:17:40] DEBUG: Schema\Builder: Entity CEmployeePastExperience
[2026-02-11 12:17:40] DEBUG: Schema\Builder: Entity CPanCard
[2026-02-11 12:17:40] DEBUG: Schema\Builder: Entity CPassport
[2026-02-11 12:17:40] DEBUG: Schema\Builder: Entity CState
[2026-02-11 12:17:40] DEBUG: Schema\Builder: Entity CVoterIdCard
[2026-02-11 12:17:40] DEBUG: Schema\Builder: Entity CWorkRole
[2026-02-11 12:17:40] DEBUG: Schema\Builder: Entity EmailTemplateCategoryPath
[2026-02-11 12:17:40] DEBUG: Schema\Builder: Entity DocumentFolderPath
[2026-02-11 12:17:40] DEBUG: Schema\Builder: Entity KnowledgeBaseCategoryPath
[2026-02-11 12:17:40] DEBUG: Schema\Builder: Entity TargetListCategoryPath
[2026-02-11 12:17:40] DEBUG: Schema\Builder: ManyMany for Email.emailAccounts
[2026-02-11 12:17:40] DEBUG: Schema\Builder: ManyMany for Email.inboundEmails
[2026-02-11 12:17:40] DEBUG: Schema\Builder: ManyMany for Email.replyToEmailAddresses
[2026-02-11 12:17:40] DEBUG: Schema\Builder: ManyMany for Email.users
[2026-02-11 12:17:40] DEBUG: Schema\Builder: ManyMany for Email.assignedUsers
[2026-02-11 12:17:40] DEBUG: Schema\Builder: ManyMany for Email.teams
[2026-02-11 12:17:40] DEBUG: Schema\Builder: ManyMany for GroupEmailFolder.teams
[2026-02-11 12:17:40] DEBUG: Schema\Builder: ManyMany for InboundEmail.teams
[2026-02-11 12:17:40] DEBUG: Schema\Builder: ManyMany for Note.users
[2026-02-11 12:17:40] DEBUG: Schema\Builder: ManyMany for Note.portals
[2026-02-11 12:17:40] DEBUG: Schema\Builder: ManyMany for Note.teams
[2026-02-11 12:17:40] DEBUG: Schema\Builder: ManyMany for Portal.articles
[2026-02-11 12:17:40] DEBUG: Schema\Builder: ManyMany for Portal.portalRoles
[2026-02-11 12:17:40] DEBUG: Schema\Builder: ManyMany for Portal.users
[2026-02-11 12:17:40] DEBUG: Schema\Builder: ManyMany for PortalRole.users
[2026-02-11 12:17:40] DEBUG: Schema\Builder: ManyMany for Role.teams
[2026-02-11 12:17:40] DEBUG: Schema\Builder: ManyMany for Role.users
[2026-02-11 12:17:40] DEBUG: Schema\Builder: ManyMany for Sms.toPhoneNumbers
[2026-02-11 12:17:40] DEBUG: Schema\Builder: ManyMany for Team.users
[2026-02-11 12:17:40] DEBUG: Schema\Builder: ManyMany for User.emailAddresses
[2026-02-11 12:17:40] DEBUG: Schema\Builder: ManyMany for User.phoneNumbers
[2026-02-11 12:17:40] DEBUG: Schema\Builder: ManyMany for User.targetLists
[2026-02-11 12:17:40] DEBUG: Schema\Builder: ManyMany for User.accounts
[2026-02-11 12:17:40] DEBUG: Schema\Builder: ManyMany for User.calls
[2026-02-11 12:17:40] DEBUG: Schema\Builder: ManyMany for User.meetings
[2026-02-11 12:17:40] DEBUG: Schema\Builder: ManyMany for User.workingTimeRanges
[2026-02-11 12:17:40] DEBUG: Schema\Builder: ManyMany for WorkingTimeCalendar.ranges
[2026-02-11 12:17:40] DEBUG: Schema\Builder: ManyMany for Account.portalUsers
[2026-02-11 12:17:40] DEBUG: Schema\Builder: Table [account_portal_user] exists.
[2026-02-11 12:17:40] DEBUG: Schema\Builder: ManyMany for Account.targetLists
[2026-02-11 12:17:40] DEBUG: Schema\Builder: ManyMany for Account.documents
[2026-02-11 12:17:40] DEBUG: Schema\Builder: ManyMany for Account.contacts
[2026-02-11 12:17:40] DEBUG: Schema\Builder: ManyMany for Call.leads
[2026-02-11 12:17:40] DEBUG: Schema\Builder: ManyMany for Call.contacts
[2026-02-11 12:17:40] DEBUG: Schema\Builder: ManyMany for Campaign.excludingTargetLists
[2026-02-11 12:17:40] DEBUG: Schema\Builder: ManyMany for Campaign.targetLists
[2026-02-11 12:17:40] DEBUG: Schema\Builder: ManyMany for Case.articles
[2026-02-11 12:17:40] DEBUG: Schema\Builder: ManyMany for Case.contacts
[2026-02-11 12:17:40] DEBUG: Schema\Builder: ManyMany for Contact.documents
[2026-02-11 12:17:40] DEBUG: Schema\Builder: ManyMany for Contact.targetLists
[2026-02-11 12:17:40] DEBUG: Schema\Builder: ManyMany for Contact.meetings
[2026-02-11 12:17:40] DEBUG: Schema\Builder: ManyMany for Contact.opportunities
[2026-02-11 12:17:40] DEBUG: Schema\Builder: ManyMany for Document.leads
[2026-02-11 12:17:40] DEBUG: Schema\Builder: ManyMany for Document.opportunities
[2026-02-11 12:17:40] DEBUG: Schema\Builder: ManyMany for KnowledgeBaseArticle.categories
[2026-02-11 12:17:40] DEBUG: Schema\Builder: ManyMany for Lead.targetLists
[2026-02-11 12:17:40] DEBUG: Schema\Builder: ManyMany for Lead.meetings
[2026-02-11 12:17:40] DEBUG: Schema\Builder: ManyMany for MassEmail.excludingTargetLists
[2026-02-11 12:17:40] DEBUG: Schema\Builder: ManyMany for MassEmail.targetLists
[2026-02-11 12:17:40] DEBUG: Schema\Builder - End
[2026-02-11 12:24:05] DEBUG: Schema\Builder - Start
[2026-02-11 12:24:05] DEBUG: Schema\Builder: Entity ActionHistoryRecord
[2026-02-11 12:24:05] DEBUG: Schema\Builder: Entity AddressCountry
[2026-02-11 12:24:05] DEBUG: Schema\Builder: Entity AppLogRecord
[2026-02-11 12:24:05] DEBUG: Schema\Builder: Entity AppSecret
[2026-02-11 12:24:05] DEBUG: Schema\Builder: Entity ArrayValue
[2026-02-11 12:24:05] DEBUG: Schema\Builder: Entity Attachment
[2026-02-11 12:24:05] DEBUG: Schema\Builder: Entity AuthLogRecord
[2026-02-11 12:24:05] DEBUG: Schema\Builder: Entity AuthToken
[2026-02-11 12:24:05] DEBUG: Schema\Builder: Entity AuthenticationProvider
[2026-02-11 12:24:05] DEBUG: Schema\Builder: Entity Autofollow
[2026-02-11 12:24:05] DEBUG: Schema\Builder: Entity Currency
[2026-02-11 12:24:05] DEBUG: Schema\Builder: Entity DashboardTemplate
[2026-02-11 12:24:05] DEBUG: Schema\Builder: Entity Email
[2026-02-11 12:24:05] DEBUG: Schema\Builder: Entity EmailAccount
[2026-02-11 12:24:05] DEBUG: Schema\Builder: Entity EmailAddress
[2026-02-11 12:24:05] DEBUG: Schema\Builder: Entity EmailFilter
[2026-02-11 12:24:05] DEBUG: Schema\Builder: Entity EmailFolder
[2026-02-11 12:24:05] DEBUG: Schema\Builder: Entity EmailTemplate
[2026-02-11 12:24:05] DEBUG: Schema\Builder: Entity EmailTemplateCategory
[2026-02-11 12:24:05] DEBUG: Schema\Builder: Entity Export
[2026-02-11 12:24:05] DEBUG: Schema\Builder: Entity Extension
[2026-02-11 12:24:05] DEBUG: Schema\Builder: Entity ExternalAccount
[2026-02-11 12:24:05] DEBUG: Schema\Builder: Entity GroupEmailFolder
[2026-02-11 12:24:05] DEBUG: Schema\Builder: Entity Import
[2026-02-11 12:24:05] DEBUG: Schema\Builder: Entity ImportEntity
[2026-02-11 12:24:05] DEBUG: Schema\Builder: Entity ImportError
[2026-02-11 12:24:05] DEBUG: Schema\Builder: Entity InboundEmail
[2026-02-11 12:24:05] DEBUG: Schema\Builder: Entity Integration
[2026-02-11 12:24:05] DEBUG: Schema\Builder: Entity Job
[2026-02-11 12:24:05] DEBUG: Schema\Builder: Entity KanbanOrder
[2026-02-11 12:24:05] DEBUG: Schema\Builder: Entity LayoutRecord
[2026-02-11 12:24:05] DEBUG: Schema\Builder: Entity LayoutSet
[2026-02-11 12:24:05] DEBUG: Schema\Builder: Entity LeadCapture
[2026-02-11 12:24:05] DEBUG: Schema\Builder: Entity LeadCaptureLogRecord
[2026-02-11 12:24:05] DEBUG: Schema\Builder: Entity MassAction
[2026-02-11 12:24:05] DEBUG: Schema\Builder: Entity NextNumber
[2026-02-11 12:24:05] DEBUG: Schema\Builder: Entity Note
[2026-02-11 12:24:05] DEBUG: Schema\Builder: Entity Notification
[2026-02-11 12:24:05] DEBUG: Schema\Builder: Entity OAuthAccount
[2026-02-11 12:24:05] DEBUG: Schema\Builder: Entity OAuthProvider
[2026-02-11 12:24:05] DEBUG: Schema\Builder: Entity PasswordChangeRequest
[2026-02-11 12:24:05] DEBUG: Schema\Builder: Entity PhoneNumber
[2026-02-11 12:24:05] DEBUG: Schema\Builder: Entity Portal
[2026-02-11 12:24:05] DEBUG: Schema\Builder: Entity PortalRole
[2026-02-11 12:24:05] DEBUG: Schema\Builder: Entity Preferences
[2026-02-11 12:24:05] DEBUG: Schema\Builder: Entity Role
[2026-02-11 12:24:05] DEBUG: Schema\Builder: Entity ScheduledJob
[2026-02-11 12:24:05] DEBUG: Schema\Builder: Entity ScheduledJobLogRecord
[2026-02-11 12:24:05] DEBUG: Schema\Builder: Entity Sms
[2026-02-11 12:24:05] DEBUG: Schema\Builder: Entity StarSubscription
[2026-02-11 12:24:05] DEBUG: Schema\Builder: Entity StreamSubscription
[2026-02-11 12:24:05] DEBUG: Schema\Builder: Entity SystemData
[2026-02-11 12:24:05] DEBUG: Schema\Builder: Entity Team
[2026-02-11 12:24:05] DEBUG: Schema\Builder: Entity Template
[2026-02-11 12:24:05] DEBUG: Schema\Builder: Entity TwoFactorCode
[2026-02-11 12:24:05] DEBUG: Schema\Builder: Entity UniqueId
[2026-02-11 12:24:05] DEBUG: Schema\Builder: Entity User
[2026-02-11 12:24:05] DEBUG: Schema\Builder: Entity UserData
[2026-02-11 12:24:05] DEBUG: Schema\Builder: Entity UserReaction
[2026-02-11 12:24:05] DEBUG: Schema\Builder: Entity Webhook
[2026-02-11 12:24:05] DEBUG: Schema\Builder: Entity WebhookEventQueueItem
[2026-02-11 12:24:05] DEBUG: Schema\Builder: Entity WebhookQueueItem
[2026-02-11 12:24:05] DEBUG: Schema\Builder: Entity WorkingTimeCalendar
[2026-02-11 12:24:05] DEBUG: Schema\Builder: Entity WorkingTimeRange
[2026-02-11 12:24:05] DEBUG: Schema\Builder: Entity Account
[2026-02-11 12:24:05] DEBUG: Schema\Builder: Entity Call
[2026-02-11 12:24:05] DEBUG: Schema\Builder: Entity Campaign
[2026-02-11 12:24:05] DEBUG: Schema\Builder: Entity CampaignLogRecord
[2026-02-11 12:24:05] DEBUG: Schema\Builder: Entity CampaignTrackingUrl
[2026-02-11 12:24:05] DEBUG: Schema\Builder: Entity Case
[2026-02-11 12:24:05] DEBUG: Schema\Builder: Entity Contact
[2026-02-11 12:24:05] DEBUG: Schema\Builder: Entity Document
[2026-02-11 12:24:05] DEBUG: Schema\Builder: Entity DocumentFolder
[2026-02-11 12:24:05] DEBUG: Schema\Builder: Entity EmailQueueItem
[2026-02-11 12:24:05] DEBUG: Schema\Builder: Entity KnowledgeBaseArticle
[2026-02-11 12:24:05] DEBUG: Schema\Builder: Entity KnowledgeBaseCategory
[2026-02-11 12:24:05] DEBUG: Schema\Builder: Entity Lead
[2026-02-11 12:24:05] DEBUG: Schema\Builder: Entity MassEmail
[2026-02-11 12:24:05] DEBUG: Schema\Builder: Entity Meeting
[2026-02-11 12:24:05] DEBUG: Schema\Builder: Entity Opportunity
[2026-02-11 12:24:05] DEBUG: Schema\Builder: Entity Reminder
[2026-02-11 12:24:05] DEBUG: Schema\Builder: Entity Target
[2026-02-11 12:24:05] DEBUG: Schema\Builder: Entity TargetList
[2026-02-11 12:24:05] DEBUG: Schema\Builder: Entity TargetListCategory
[2026-02-11 12:24:05] DEBUG: Schema\Builder: Entity Task
[2026-02-11 12:24:05] DEBUG: Schema\Builder: Entity CADHAR
[2026-02-11 12:24:05] DEBUG: Schema\Builder: Entity CAttendanceRecord
[2026-02-11 12:24:05] DEBUG: Schema\Builder: Entity CBanks
[2026-02-11 12:24:05] DEBUG: Schema\Builder: Entity CCity
[2026-02-11 12:24:05] DEBUG: Schema\Builder: Entity CContactType
[2026-02-11 12:24:05] DEBUG: Schema\Builder: Entity CCountry
[2026-02-11 12:24:05] DEBUG: Schema\Builder: Entity CDepartment
[2026-02-11 12:24:05] DEBUG: Schema\Builder: Entity CDependantRelation
[2026-02-11 12:24:05] DEBUG: Schema\Builder: Entity CDocumentType
[2026-02-11 12:24:05] DEBUG: Schema\Builder: Entity CDrivingLicense
[2026-02-11 12:24:05] DEBUG: Schema\Builder: Entity CEmployee
[2026-02-11 12:24:05] DEBUG: Schema\Builder: Entity CEmployeeAddress
[2026-02-11 12:24:05] DEBUG: Schema\Builder: Entity CEmployeeBank
[2026-02-11 12:24:05] DEBUG: Schema\Builder: Entity CEmployeeContact
[2026-02-11 12:24:05] DEBUG: Schema\Builder: Entity CEmployeeDependent
[2026-02-11 12:24:05] DEBUG: Schema\Builder: Entity CEmployeeDocuments
[2026-02-11 12:24:05] DEBUG: Schema\Builder: Entity CEmployeePastExperience
[2026-02-11 12:24:05] DEBUG: Schema\Builder: Entity CPanCard
[2026-02-11 12:24:05] DEBUG: Schema\Builder: Entity CPassport
[2026-02-11 12:24:05] DEBUG: Schema\Builder: Entity CState
[2026-02-11 12:24:05] DEBUG: Schema\Builder: Entity CVoterIdCard
[2026-02-11 12:24:05] DEBUG: Schema\Builder: Entity CWorkRole
[2026-02-11 12:24:05] DEBUG: Schema\Builder: Entity EmailTemplateCategoryPath
[2026-02-11 12:24:06] DEBUG: Schema\Builder: Entity DocumentFolderPath
[2026-02-11 12:24:06] DEBUG: Schema\Builder: Entity KnowledgeBaseCategoryPath
[2026-02-11 12:24:06] DEBUG: Schema\Builder: Entity TargetListCategoryPath
[2026-02-11 12:24:06] DEBUG: Schema\Builder: ManyMany for Email.emailAccounts
[2026-02-11 12:24:06] DEBUG: Schema\Builder: ManyMany for Email.inboundEmails
[2026-02-11 12:24:06] DEBUG: Schema\Builder: ManyMany for Email.replyToEmailAddresses
[2026-02-11 12:24:06] DEBUG: Schema\Builder: ManyMany for Email.users
[2026-02-11 12:24:06] DEBUG: Schema\Builder: ManyMany for Email.assignedUsers
[2026-02-11 12:24:06] DEBUG: Schema\Builder: ManyMany for Email.teams
[2026-02-11 12:24:06] DEBUG: Schema\Builder: ManyMany for GroupEmailFolder.teams
[2026-02-11 12:24:06] DEBUG: Schema\Builder: ManyMany for InboundEmail.teams
[2026-02-11 12:24:06] DEBUG: Schema\Builder: ManyMany for Note.users
[2026-02-11 12:24:06] DEBUG: Schema\Builder: ManyMany for Note.portals
[2026-02-11 12:24:06] DEBUG: Schema\Builder: ManyMany for Note.teams
[2026-02-11 12:24:06] DEBUG: Schema\Builder: ManyMany for Portal.articles
[2026-02-11 12:24:06] DEBUG: Schema\Builder: ManyMany for Portal.portalRoles
[2026-02-11 12:24:06] DEBUG: Schema\Builder: ManyMany for Portal.users
[2026-02-11 12:24:06] DEBUG: Schema\Builder: ManyMany for PortalRole.users
[2026-02-11 12:24:06] DEBUG: Schema\Builder: ManyMany for Role.teams
[2026-02-11 12:24:06] DEBUG: Schema\Builder: ManyMany for Role.users
[2026-02-11 12:24:06] DEBUG: Schema\Builder: ManyMany for Sms.toPhoneNumbers
[2026-02-11 12:24:06] DEBUG: Schema\Builder: ManyMany for Team.users
[2026-02-11 12:24:06] DEBUG: Schema\Builder: ManyMany for User.emailAddresses
[2026-02-11 12:24:06] DEBUG: Schema\Builder: ManyMany for User.phoneNumbers
[2026-02-11 12:24:06] DEBUG: Schema\Builder: ManyMany for User.targetLists
[2026-02-11 12:24:06] DEBUG: Schema\Builder: ManyMany for User.accounts
[2026-02-11 12:24:06] DEBUG: Schema\Builder: ManyMany for User.calls
[2026-02-11 12:24:06] DEBUG: Schema\Builder: ManyMany for User.meetings
[2026-02-11 12:24:06] DEBUG: Schema\Builder: ManyMany for User.workingTimeRanges
[2026-02-11 12:24:06] DEBUG: Schema\Builder: ManyMany for WorkingTimeCalendar.ranges
[2026-02-11 12:24:06] DEBUG: Schema\Builder: ManyMany for Account.portalUsers
[2026-02-11 12:24:06] DEBUG: Schema\Builder: Table [account_portal_user] exists.
[2026-02-11 12:24:06] DEBUG: Schema\Builder: ManyMany for Account.targetLists
[2026-02-11 12:24:06] DEBUG: Schema\Builder: ManyMany for Account.documents
[2026-02-11 12:24:06] DEBUG: Schema\Builder: ManyMany for Account.contacts
[2026-02-11 12:24:06] DEBUG: Schema\Builder: ManyMany for Call.leads
[2026-02-11 12:24:06] DEBUG: Schema\Builder: ManyMany for Call.contacts
[2026-02-11 12:24:06] DEBUG: Schema\Builder: ManyMany for Campaign.excludingTargetLists
[2026-02-11 12:24:06] DEBUG: Schema\Builder: ManyMany for Campaign.targetLists
[2026-02-11 12:24:06] DEBUG: Schema\Builder: ManyMany for Case.articles
[2026-02-11 12:24:06] DEBUG: Schema\Builder: ManyMany for Case.contacts
[2026-02-11 12:24:06] DEBUG: Schema\Builder: ManyMany for Contact.documents
[2026-02-11 12:24:06] DEBUG: Schema\Builder: ManyMany for Contact.targetLists
[2026-02-11 12:24:06] DEBUG: Schema\Builder: ManyMany for Contact.meetings
[2026-02-11 12:24:06] DEBUG: Schema\Builder: ManyMany for Contact.opportunities
[2026-02-11 12:24:06] DEBUG: Schema\Builder: ManyMany for Document.leads
[2026-02-11 12:24:06] DEBUG: Schema\Builder: ManyMany for Document.opportunities
[2026-02-11 12:24:06] DEBUG: Schema\Builder: ManyMany for KnowledgeBaseArticle.categories
[2026-02-11 12:24:06] DEBUG: Schema\Builder: ManyMany for Lead.targetLists
[2026-02-11 12:24:06] DEBUG: Schema\Builder: ManyMany for Lead.meetings
[2026-02-11 12:24:06] DEBUG: Schema\Builder: ManyMany for MassEmail.excludingTargetLists
[2026-02-11 12:24:06] DEBUG: Schema\Builder: ManyMany for MassEmail.targetLists
[2026-02-11 12:24:06] DEBUG: Schema\Builder - End
[2026-02-11 12:35:32] DEBUG: Schema\Builder - Start
[2026-02-11 12:35:32] DEBUG: Schema\Builder: Entity ActionHistoryRecord
[2026-02-11 12:35:32] DEBUG: Schema\Builder: Entity AddressCountry
[2026-02-11 12:35:32] DEBUG: Schema\Builder: Entity AppLogRecord
[2026-02-11 12:35:32] DEBUG: Schema\Builder: Entity AppSecret
[2026-02-11 12:35:32] DEBUG: Schema\Builder: Entity ArrayValue
[2026-02-11 12:35:32] DEBUG: Schema\Builder: Entity Attachment
[2026-02-11 12:35:32] DEBUG: Schema\Builder: Entity AuthLogRecord
[2026-02-11 12:35:32] DEBUG: Schema\Builder: Entity AuthToken
[2026-02-11 12:35:32] DEBUG: Schema\Builder: Entity AuthenticationProvider
[2026-02-11 12:35:32] DEBUG: Schema\Builder: Entity Autofollow
[2026-02-11 12:35:32] DEBUG: Schema\Builder: Entity Currency
[2026-02-11 12:35:32] DEBUG: Schema\Builder: Entity DashboardTemplate
[2026-02-11 12:35:32] DEBUG: Schema\Builder: Entity Email
[2026-02-11 12:35:32] DEBUG: Schema\Builder: Entity EmailAccount
[2026-02-11 12:35:32] DEBUG: Schema\Builder: Entity EmailAddress
[2026-02-11 12:35:32] DEBUG: Schema\Builder: Entity EmailFilter
[2026-02-11 12:35:32] DEBUG: Schema\Builder: Entity EmailFolder
[2026-02-11 12:35:32] DEBUG: Schema\Builder: Entity EmailTemplate
[2026-02-11 12:35:32] DEBUG: Schema\Builder: Entity EmailTemplateCategory
[2026-02-11 12:35:32] DEBUG: Schema\Builder: Entity Export
[2026-02-11 12:35:32] DEBUG: Schema\Builder: Entity Extension
[2026-02-11 12:35:32] DEBUG: Schema\Builder: Entity ExternalAccount
[2026-02-11 12:35:32] DEBUG: Schema\Builder: Entity GroupEmailFolder
[2026-02-11 12:35:32] DEBUG: Schema\Builder: Entity Import
[2026-02-11 12:35:32] DEBUG: Schema\Builder: Entity ImportEntity
[2026-02-11 12:35:32] DEBUG: Schema\Builder: Entity ImportError
[2026-02-11 12:35:32] DEBUG: Schema\Builder: Entity InboundEmail
[2026-02-11 12:35:32] DEBUG: Schema\Builder: Entity Integration
[2026-02-11 12:35:32] DEBUG: Schema\Builder: Entity Job
[2026-02-11 12:35:32] DEBUG: Schema\Builder: Entity KanbanOrder
[2026-02-11 12:35:32] DEBUG: Schema\Builder: Entity LayoutRecord
[2026-02-11 12:35:32] DEBUG: Schema\Builder: Entity LayoutSet
[2026-02-11 12:35:32] DEBUG: Schema\Builder: Entity LeadCapture
[2026-02-11 12:35:32] DEBUG: Schema\Builder: Entity LeadCaptureLogRecord
[2026-02-11 12:35:32] DEBUG: Schema\Builder: Entity MassAction
[2026-02-11 12:35:32] DEBUG: Schema\Builder: Entity NextNumber
[2026-02-11 12:35:32] DEBUG: Schema\Builder: Entity Note
[2026-02-11 12:35:32] DEBUG: Schema\Builder: Entity Notification
[2026-02-11 12:35:32] DEBUG: Schema\Builder: Entity OAuthAccount
[2026-02-11 12:35:32] DEBUG: Schema\Builder: Entity OAuthProvider
[2026-02-11 12:35:32] DEBUG: Schema\Builder: Entity PasswordChangeRequest
[2026-02-11 12:35:32] DEBUG: Schema\Builder: Entity PhoneNumber
[2026-02-11 12:35:32] DEBUG: Schema\Builder: Entity Portal
[2026-02-11 12:35:32] DEBUG: Schema\Builder: Entity PortalRole
[2026-02-11 12:35:32] DEBUG: Schema\Builder: Entity Preferences
[2026-02-11 12:35:32] DEBUG: Schema\Builder: Entity Role
[2026-02-11 12:35:32] DEBUG: Schema\Builder: Entity ScheduledJob
[2026-02-11 12:35:32] DEBUG: Schema\Builder: Entity ScheduledJobLogRecord
[2026-02-11 12:35:32] DEBUG: Schema\Builder: Entity Sms
[2026-02-11 12:35:32] DEBUG: Schema\Builder: Entity StarSubscription
[2026-02-11 12:35:32] DEBUG: Schema\Builder: Entity StreamSubscription
[2026-02-11 12:35:32] DEBUG: Schema\Builder: Entity SystemData
[2026-02-11 12:35:32] DEBUG: Schema\Builder: Entity Team
[2026-02-11 12:35:32] DEBUG: Schema\Builder: Entity Template
[2026-02-11 12:35:32] DEBUG: Schema\Builder: Entity TwoFactorCode
[2026-02-11 12:35:32] DEBUG: Schema\Builder: Entity UniqueId
[2026-02-11 12:35:32] DEBUG: Schema\Builder: Entity User
[2026-02-11 12:35:32] DEBUG: Schema\Builder: Entity UserData
[2026-02-11 12:35:32] DEBUG: Schema\Builder: Entity UserReaction
[2026-02-11 12:35:32] DEBUG: Schema\Builder: Entity Webhook
[2026-02-11 12:35:32] DEBUG: Schema\Builder: Entity WebhookEventQueueItem
[2026-02-11 12:35:32] DEBUG: Schema\Builder: Entity WebhookQueueItem
[2026-02-11 12:35:32] DEBUG: Schema\Builder: Entity WorkingTimeCalendar
[2026-02-11 12:35:32] DEBUG: Schema\Builder: Entity WorkingTimeRange
[2026-02-11 12:35:32] DEBUG: Schema\Builder: Entity Account
[2026-02-11 12:35:32] DEBUG: Schema\Builder: Entity Call
[2026-02-11 12:35:32] DEBUG: Schema\Builder: Entity Campaign
[2026-02-11 12:35:32] DEBUG: Schema\Builder: Entity CampaignLogRecord
[2026-02-11 12:35:32] DEBUG: Schema\Builder: Entity CampaignTrackingUrl
[2026-02-11 12:35:32] DEBUG: Schema\Builder: Entity Case
[2026-02-11 12:35:32] DEBUG: Schema\Builder: Entity Contact
[2026-02-11 12:35:32] DEBUG: Schema\Builder: Entity Document
[2026-02-11 12:35:32] DEBUG: Schema\Builder: Entity DocumentFolder
[2026-02-11 12:35:32] DEBUG: Schema\Builder: Entity EmailQueueItem
[2026-02-11 12:35:32] DEBUG: Schema\Builder: Entity KnowledgeBaseArticle
[2026-02-11 12:35:32] DEBUG: Schema\Builder: Entity KnowledgeBaseCategory
[2026-02-11 12:35:32] DEBUG: Schema\Builder: Entity Lead
[2026-02-11 12:35:32] DEBUG: Schema\Builder: Entity MassEmail
[2026-02-11 12:35:32] DEBUG: Schema\Builder: Entity Meeting
[2026-02-11 12:35:32] DEBUG: Schema\Builder: Entity Opportunity
[2026-02-11 12:35:32] DEBUG: Schema\Builder: Entity Reminder
[2026-02-11 12:35:32] DEBUG: Schema\Builder: Entity Target
[2026-02-11 12:35:32] DEBUG: Schema\Builder: Entity TargetList
[2026-02-11 12:35:32] DEBUG: Schema\Builder: Entity TargetListCategory
[2026-02-11 12:35:32] DEBUG: Schema\Builder: Entity Task
[2026-02-11 12:35:32] DEBUG: Schema\Builder: Entity CADHAR
[2026-02-11 12:35:32] DEBUG: Schema\Builder: Entity CAttendanceRecord
[2026-02-11 12:35:32] DEBUG: Schema\Builder: Entity CBanks
[2026-02-11 12:35:32] DEBUG: Schema\Builder: Entity CCity
[2026-02-11 12:35:32] DEBUG: Schema\Builder: Entity CContactType
[2026-02-11 12:35:32] DEBUG: Schema\Builder: Entity CCountry
[2026-02-11 12:35:32] DEBUG: Schema\Builder: Entity CDepartment
[2026-02-11 12:35:32] DEBUG: Schema\Builder: Entity CDependantRelation
[2026-02-11 12:35:32] DEBUG: Schema\Builder: Entity CDocumentType
[2026-02-11 12:35:32] DEBUG: Schema\Builder: Entity CDrivingLicense
[2026-02-11 12:35:32] DEBUG: Schema\Builder: Entity CEmployee
[2026-02-11 12:35:32] DEBUG: Schema\Builder: Entity CEmployeeAddress
[2026-02-11 12:35:32] DEBUG: Schema\Builder: Entity CEmployeeBank
[2026-02-11 12:35:32] DEBUG: Schema\Builder: Entity CEmployeeContact
[2026-02-11 12:35:32] DEBUG: Schema\Builder: Entity CEmployeeDependent
[2026-02-11 12:35:32] DEBUG: Schema\Builder: Entity CEmployeeDocuments
[2026-02-11 12:35:32] DEBUG: Schema\Builder: Entity CEmployeePastExperience
[2026-02-11 12:35:32] DEBUG: Schema\Builder: Entity CPanCard
[2026-02-11 12:35:32] DEBUG: Schema\Builder: Entity CPassport
[2026-02-11 12:35:32] DEBUG: Schema\Builder: Entity CState
[2026-02-11 12:35:32] DEBUG: Schema\Builder: Entity CVoterIdCard
[2026-02-11 12:35:32] DEBUG: Schema\Builder: Entity CWorkRole
[2026-02-11 12:35:32] DEBUG: Schema\Builder: Entity EmailTemplateCategoryPath
[2026-02-11 12:35:32] DEBUG: Schema\Builder: Entity DocumentFolderPath
[2026-02-11 12:35:32] DEBUG: Schema\Builder: Entity KnowledgeBaseCategoryPath
[2026-02-11 12:35:32] DEBUG: Schema\Builder: Entity TargetListCategoryPath
[2026-02-11 12:35:32] DEBUG: Schema\Builder: ManyMany for Email.emailAccounts
[2026-02-11 12:35:32] DEBUG: Schema\Builder: ManyMany for Email.inboundEmails
[2026-02-11 12:35:32] DEBUG: Schema\Builder: ManyMany for Email.replyToEmailAddresses
[2026-02-11 12:35:32] DEBUG: Schema\Builder: ManyMany for Email.users
[2026-02-11 12:35:32] DEBUG: Schema\Builder: ManyMany for Email.assignedUsers
[2026-02-11 12:35:32] DEBUG: Schema\Builder: ManyMany for Email.teams
[2026-02-11 12:35:32] DEBUG: Schema\Builder: ManyMany for GroupEmailFolder.teams
[2026-02-11 12:35:32] DEBUG: Schema\Builder: ManyMany for InboundEmail.teams
[2026-02-11 12:35:32] DEBUG: Schema\Builder: ManyMany for Note.users
[2026-02-11 12:35:32] DEBUG: Schema\Builder: ManyMany for Note.portals
[2026-02-11 12:35:32] DEBUG: Schema\Builder: ManyMany for Note.teams
[2026-02-11 12:35:32] DEBUG: Schema\Builder: ManyMany for Portal.articles
[2026-02-11 12:35:32] DEBUG: Schema\Builder: ManyMany for Portal.portalRoles
[2026-02-11 12:35:32] DEBUG: Schema\Builder: ManyMany for Portal.users
[2026-02-11 12:35:32] DEBUG: Schema\Builder: ManyMany for PortalRole.users
[2026-02-11 12:35:32] DEBUG: Schema\Builder: ManyMany for Role.teams
[2026-02-11 12:35:32] DEBUG: Schema\Builder: ManyMany for Role.users
[2026-02-11 12:35:32] DEBUG: Schema\Builder: ManyMany for Sms.toPhoneNumbers
[2026-02-11 12:35:32] DEBUG: Schema\Builder: ManyMany for Team.users
[2026-02-11 12:35:32] DEBUG: Schema\Builder: ManyMany for User.emailAddresses
[2026-02-11 12:35:32] DEBUG: Schema\Builder: ManyMany for User.phoneNumbers
[2026-02-11 12:35:32] DEBUG: Schema\Builder: ManyMany for User.targetLists
[2026-02-11 12:35:32] DEBUG: Schema\Builder: ManyMany for User.accounts
[2026-02-11 12:35:32] DEBUG: Schema\Builder: ManyMany for User.calls
[2026-02-11 12:35:32] DEBUG: Schema\Builder: ManyMany for User.meetings
[2026-02-11 12:35:32] DEBUG: Schema\Builder: ManyMany for User.workingTimeRanges
[2026-02-11 12:35:32] DEBUG: Schema\Builder: ManyMany for WorkingTimeCalendar.ranges
[2026-02-11 12:35:32] DEBUG: Schema\Builder: ManyMany for Account.portalUsers
[2026-02-11 12:35:32] DEBUG: Schema\Builder: Table [account_portal_user] exists.
[2026-02-11 12:35:32] DEBUG: Schema\Builder: ManyMany for Account.targetLists
[2026-02-11 12:35:32] DEBUG: Schema\Builder: ManyMany for Account.documents
[2026-02-11 12:35:32] DEBUG: Schema\Builder: ManyMany for Account.contacts
[2026-02-11 12:35:32] DEBUG: Schema\Builder: ManyMany for Call.leads
[2026-02-11 12:35:32] DEBUG: Schema\Builder: ManyMany for Call.contacts
[2026-02-11 12:35:32] DEBUG: Schema\Builder: ManyMany for Campaign.excludingTargetLists
[2026-02-11 12:35:32] DEBUG: Schema\Builder: ManyMany for Campaign.targetLists
[2026-02-11 12:35:32] DEBUG: Schema\Builder: ManyMany for Case.articles
[2026-02-11 12:35:32] DEBUG: Schema\Builder: ManyMany for Case.contacts
[2026-02-11 12:35:32] DEBUG: Schema\Builder: ManyMany for Contact.documents
[2026-02-11 12:35:32] DEBUG: Schema\Builder: ManyMany for Contact.targetLists
[2026-02-11 12:35:32] DEBUG: Schema\Builder: ManyMany for Contact.meetings
[2026-02-11 12:35:32] DEBUG: Schema\Builder: ManyMany for Contact.opportunities
[2026-02-11 12:35:32] DEBUG: Schema\Builder: ManyMany for Document.leads
[2026-02-11 12:35:32] DEBUG: Schema\Builder: ManyMany for Document.opportunities
[2026-02-11 12:35:32] DEBUG: Schema\Builder: ManyMany for KnowledgeBaseArticle.categories
[2026-02-11 12:35:32] DEBUG: Schema\Builder: ManyMany for Lead.targetLists
[2026-02-11 12:35:32] DEBUG: Schema\Builder: ManyMany for Lead.meetings
[2026-02-11 12:35:32] DEBUG: Schema\Builder: ManyMany for MassEmail.excludingTargetLists
[2026-02-11 12:35:32] DEBUG: Schema\Builder: ManyMany for MassEmail.targetLists
[2026-02-11 12:35:32] DEBUG: Schema\Builder - End
[2026-02-11 12:38:01] DEBUG: Schema\Builder - Start
[2026-02-11 12:38:01] DEBUG: Schema\Builder: Entity ActionHistoryRecord
[2026-02-11 12:38:01] DEBUG: Schema\Builder: Entity AddressCountry
[2026-02-11 12:38:01] DEBUG: Schema\Builder: Entity AppLogRecord
[2026-02-11 12:38:01] DEBUG: Schema\Builder: Entity AppSecret
[2026-02-11 12:38:01] DEBUG: Schema\Builder: Entity ArrayValue
[2026-02-11 12:38:01] DEBUG: Schema\Builder: Entity Attachment
[2026-02-11 12:38:01] DEBUG: Schema\Builder: Entity AuthLogRecord
[2026-02-11 12:38:01] DEBUG: Schema\Builder: Entity AuthToken
[2026-02-11 12:38:01] DEBUG: Schema\Builder: Entity AuthenticationProvider
[2026-02-11 12:38:01] DEBUG: Schema\Builder: Entity Autofollow
[2026-02-11 12:38:01] DEBUG: Schema\Builder: Entity Currency
[2026-02-11 12:38:01] DEBUG: Schema\Builder: Entity DashboardTemplate
[2026-02-11 12:38:01] DEBUG: Schema\Builder: Entity Email
[2026-02-11 12:38:01] DEBUG: Schema\Builder: Entity EmailAccount
[2026-02-11 12:38:01] DEBUG: Schema\Builder: Entity EmailAddress
[2026-02-11 12:38:01] DEBUG: Schema\Builder: Entity EmailFilter
[2026-02-11 12:38:01] DEBUG: Schema\Builder: Entity EmailFolder
[2026-02-11 12:38:01] DEBUG: Schema\Builder: Entity EmailTemplate
[2026-02-11 12:38:01] DEBUG: Schema\Builder: Entity EmailTemplateCategory
[2026-02-11 12:38:01] DEBUG: Schema\Builder: Entity Export
[2026-02-11 12:38:01] DEBUG: Schema\Builder: Entity Extension
[2026-02-11 12:38:01] DEBUG: Schema\Builder: Entity ExternalAccount
[2026-02-11 12:38:01] DEBUG: Schema\Builder: Entity GroupEmailFolder
[2026-02-11 12:38:01] DEBUG: Schema\Builder: Entity Import
[2026-02-11 12:38:01] DEBUG: Schema\Builder: Entity ImportEntity
[2026-02-11 12:38:01] DEBUG: Schema\Builder: Entity ImportError
[2026-02-11 12:38:01] DEBUG: Schema\Builder: Entity InboundEmail
[2026-02-11 12:38:01] DEBUG: Schema\Builder: Entity Integration
[2026-02-11 12:38:01] DEBUG: Schema\Builder: Entity Job
[2026-02-11 12:38:01] DEBUG: Schema\Builder: Entity KanbanOrder
[2026-02-11 12:38:01] DEBUG: Schema\Builder: Entity LayoutRecord
[2026-02-11 12:38:01] DEBUG: Schema\Builder: Entity LayoutSet
[2026-02-11 12:38:01] DEBUG: Schema\Builder: Entity LeadCapture
[2026-02-11 12:38:01] DEBUG: Schema\Builder: Entity LeadCaptureLogRecord
[2026-02-11 12:38:01] DEBUG: Schema\Builder: Entity MassAction
[2026-02-11 12:38:01] DEBUG: Schema\Builder: Entity NextNumber
[2026-02-11 12:38:01] DEBUG: Schema\Builder: Entity Note
[2026-02-11 12:38:01] DEBUG: Schema\Builder: Entity Notification
[2026-02-11 12:38:01] DEBUG: Schema\Builder: Entity OAuthAccount
[2026-02-11 12:38:01] DEBUG: Schema\Builder: Entity OAuthProvider
[2026-02-11 12:38:01] DEBUG: Schema\Builder: Entity PasswordChangeRequest
[2026-02-11 12:38:01] DEBUG: Schema\Builder: Entity PhoneNumber
[2026-02-11 12:38:01] DEBUG: Schema\Builder: Entity Portal
[2026-02-11 12:38:01] DEBUG: Schema\Builder: Entity PortalRole
[2026-02-11 12:38:01] DEBUG: Schema\Builder: Entity Preferences
[2026-02-11 12:38:01] DEBUG: Schema\Builder: Entity Role
[2026-02-11 12:38:01] DEBUG: Schema\Builder: Entity ScheduledJob
[2026-02-11 12:38:01] DEBUG: Schema\Builder: Entity ScheduledJobLogRecord
[2026-02-11 12:38:01] DEBUG: Schema\Builder: Entity Sms
[2026-02-11 12:38:01] DEBUG: Schema\Builder: Entity StarSubscription
[2026-02-11 12:38:01] DEBUG: Schema\Builder: Entity StreamSubscription
[2026-02-11 12:38:01] DEBUG: Schema\Builder: Entity SystemData
[2026-02-11 12:38:01] DEBUG: Schema\Builder: Entity Team
[2026-02-11 12:38:01] DEBUG: Schema\Builder: Entity Template
[2026-02-11 12:38:01] DEBUG: Schema\Builder: Entity TwoFactorCode
[2026-02-11 12:38:01] DEBUG: Schema\Builder: Entity UniqueId
[2026-02-11 12:38:01] DEBUG: Schema\Builder: Entity User
[2026-02-11 12:38:01] DEBUG: Schema\Builder: Entity UserData
[2026-02-11 12:38:01] DEBUG: Schema\Builder: Entity UserReaction
[2026-02-11 12:38:01] DEBUG: Schema\Builder: Entity Webhook
[2026-02-11 12:38:01] DEBUG: Schema\Builder: Entity WebhookEventQueueItem
[2026-02-11 12:38:01] DEBUG: Schema\Builder: Entity WebhookQueueItem
[2026-02-11 12:38:01] DEBUG: Schema\Builder: Entity WorkingTimeCalendar
[2026-02-11 12:38:01] DEBUG: Schema\Builder: Entity WorkingTimeRange
[2026-02-11 12:38:01] DEBUG: Schema\Builder: Entity Account
[2026-02-11 12:38:01] DEBUG: Schema\Builder: Entity Call
[2026-02-11 12:38:01] DEBUG: Schema\Builder: Entity Campaign
[2026-02-11 12:38:01] DEBUG: Schema\Builder: Entity CampaignLogRecord
[2026-02-11 12:38:01] DEBUG: Schema\Builder: Entity CampaignTrackingUrl
[2026-02-11 12:38:01] DEBUG: Schema\Builder: Entity Case
[2026-02-11 12:38:01] DEBUG: Schema\Builder: Entity Contact
[2026-02-11 12:38:01] DEBUG: Schema\Builder: Entity Document
[2026-02-11 12:38:01] DEBUG: Schema\Builder: Entity DocumentFolder
[2026-02-11 12:38:01] DEBUG: Schema\Builder: Entity EmailQueueItem
[2026-02-11 12:38:01] DEBUG: Schema\Builder: Entity KnowledgeBaseArticle
[2026-02-11 12:38:01] DEBUG: Schema\Builder: Entity KnowledgeBaseCategory
[2026-02-11 12:38:01] DEBUG: Schema\Builder: Entity Lead
[2026-02-11 12:38:01] DEBUG: Schema\Builder: Entity MassEmail
[2026-02-11 12:38:01] DEBUG: Schema\Builder: Entity Meeting
[2026-02-11 12:38:01] DEBUG: Schema\Builder: Entity Opportunity
[2026-02-11 12:38:01] DEBUG: Schema\Builder: Entity Reminder
[2026-02-11 12:38:01] DEBUG: Schema\Builder: Entity Target
[2026-02-11 12:38:01] DEBUG: Schema\Builder: Entity TargetList
[2026-02-11 12:38:01] DEBUG: Schema\Builder: Entity TargetListCategory
[2026-02-11 12:38:01] DEBUG: Schema\Builder: Entity Task
[2026-02-11 12:38:01] DEBUG: Schema\Builder: Entity CADHAR
[2026-02-11 12:38:01] DEBUG: Schema\Builder: Entity CAttendanceRecord
[2026-02-11 12:38:01] DEBUG: Schema\Builder: Entity CBanks
[2026-02-11 12:38:01] DEBUG: Schema\Builder: Entity CCity
[2026-02-11 12:38:01] DEBUG: Schema\Builder: Entity CContactType
[2026-02-11 12:38:01] DEBUG: Schema\Builder: Entity CCountry
[2026-02-11 12:38:01] DEBUG: Schema\Builder: Entity CDepartment
[2026-02-11 12:38:01] DEBUG: Schema\Builder: Entity CDependantRelation
[2026-02-11 12:38:01] DEBUG: Schema\Builder: Entity CDocumentType
[2026-02-11 12:38:01] DEBUG: Schema\Builder: Entity CDrivingLicense
[2026-02-11 12:38:01] DEBUG: Schema\Builder: Entity CEmployee
[2026-02-11 12:38:01] DEBUG: Schema\Builder: Entity CEmployeeAddress
[2026-02-11 12:38:01] DEBUG: Schema\Builder: Entity CEmployeeBank
[2026-02-11 12:38:01] DEBUG: Schema\Builder: Entity CEmployeeContact
[2026-02-11 12:38:01] DEBUG: Schema\Builder: Entity CEmployeeDependent
[2026-02-11 12:38:01] DEBUG: Schema\Builder: Entity CEmployeeDocuments
[2026-02-11 12:38:01] DEBUG: Schema\Builder: Entity CEmployeePastExperience
[2026-02-11 12:38:01] DEBUG: Schema\Builder: Entity CPanCard
[2026-02-11 12:38:01] DEBUG: Schema\Builder: Entity CPassport
[2026-02-11 12:38:01] DEBUG: Schema\Builder: Entity CState
[2026-02-11 12:38:01] DEBUG: Schema\Builder: Entity CVoterIdCard
[2026-02-11 12:38:01] DEBUG: Schema\Builder: Entity CWorkRole
[2026-02-11 12:38:01] DEBUG: Schema\Builder: Entity EmailTemplateCategoryPath
[2026-02-11 12:38:01] DEBUG: Schema\Builder: Entity DocumentFolderPath
[2026-02-11 12:38:01] DEBUG: Schema\Builder: Entity KnowledgeBaseCategoryPath
[2026-02-11 12:38:01] DEBUG: Schema\Builder: Entity TargetListCategoryPath
[2026-02-11 12:38:01] DEBUG: Schema\Builder: ManyMany for Email.emailAccounts
[2026-02-11 12:38:01] DEBUG: Schema\Builder: ManyMany for Email.inboundEmails
[2026-02-11 12:38:01] DEBUG: Schema\Builder: ManyMany for Email.replyToEmailAddresses
[2026-02-11 12:38:01] DEBUG: Schema\Builder: ManyMany for Email.users
[2026-02-11 12:38:01] DEBUG: Schema\Builder: ManyMany for Email.assignedUsers
[2026-02-11 12:38:01] DEBUG: Schema\Builder: ManyMany for Email.teams
[2026-02-11 12:38:01] DEBUG: Schema\Builder: ManyMany for GroupEmailFolder.teams
[2026-02-11 12:38:01] DEBUG: Schema\Builder: ManyMany for InboundEmail.teams
[2026-02-11 12:38:01] DEBUG: Schema\Builder: ManyMany for Note.users
[2026-02-11 12:38:01] DEBUG: Schema\Builder: ManyMany for Note.portals
[2026-02-11 12:38:01] DEBUG: Schema\Builder: ManyMany for Note.teams
[2026-02-11 12:38:01] DEBUG: Schema\Builder: ManyMany for Portal.articles
[2026-02-11 12:38:01] DEBUG: Schema\Builder: ManyMany for Portal.portalRoles
[2026-02-11 12:38:01] DEBUG: Schema\Builder: ManyMany for Portal.users
[2026-02-11 12:38:01] DEBUG: Schema\Builder: ManyMany for PortalRole.users
[2026-02-11 12:38:01] DEBUG: Schema\Builder: ManyMany for Role.teams
[2026-02-11 12:38:01] DEBUG: Schema\Builder: ManyMany for Role.users
[2026-02-11 12:38:01] DEBUG: Schema\Builder: ManyMany for Sms.toPhoneNumbers
[2026-02-11 12:38:01] DEBUG: Schema\Builder: ManyMany for Team.users
[2026-02-11 12:38:01] DEBUG: Schema\Builder: ManyMany for User.emailAddresses
[2026-02-11 12:38:01] DEBUG: Schema\Builder: ManyMany for User.phoneNumbers
[2026-02-11 12:38:01] DEBUG: Schema\Builder: ManyMany for User.targetLists
[2026-02-11 12:38:01] DEBUG: Schema\Builder: ManyMany for User.accounts
[2026-02-11 12:38:01] DEBUG: Schema\Builder: ManyMany for User.calls
[2026-02-11 12:38:01] DEBUG: Schema\Builder: ManyMany for User.meetings
[2026-02-11 12:38:01] DEBUG: Schema\Builder: ManyMany for User.workingTimeRanges
[2026-02-11 12:38:01] DEBUG: Schema\Builder: ManyMany for WorkingTimeCalendar.ranges
[2026-02-11 12:38:01] DEBUG: Schema\Builder: ManyMany for Account.portalUsers
[2026-02-11 12:38:01] DEBUG: Schema\Builder: Table [account_portal_user] exists.
[2026-02-11 12:38:01] DEBUG: Schema\Builder: ManyMany for Account.targetLists
[2026-02-11 12:38:01] DEBUG: Schema\Builder: ManyMany for Account.documents
[2026-02-11 12:38:01] DEBUG: Schema\Builder: ManyMany for Account.contacts
[2026-02-11 12:38:01] DEBUG: Schema\Builder: ManyMany for Call.leads
[2026-02-11 12:38:01] DEBUG: Schema\Builder: ManyMany for Call.contacts
[2026-02-11 12:38:01] DEBUG: Schema\Builder: ManyMany for Campaign.excludingTargetLists
[2026-02-11 12:38:01] DEBUG: Schema\Builder: ManyMany for Campaign.targetLists
[2026-02-11 12:38:01] DEBUG: Schema\Builder: ManyMany for Case.articles
[2026-02-11 12:38:01] DEBUG: Schema\Builder: ManyMany for Case.contacts
[2026-02-11 12:38:01] DEBUG: Schema\Builder: ManyMany for Contact.documents
[2026-02-11 12:38:01] DEBUG: Schema\Builder: ManyMany for Contact.targetLists
[2026-02-11 12:38:01] DEBUG: Schema\Builder: ManyMany for Contact.meetings
[2026-02-11 12:38:01] DEBUG: Schema\Builder: ManyMany for Contact.opportunities
[2026-02-11 12:38:01] DEBUG: Schema\Builder: ManyMany for Document.leads
[2026-02-11 12:38:01] DEBUG: Schema\Builder: ManyMany for Document.opportunities
[2026-02-11 12:38:01] DEBUG: Schema\Builder: ManyMany for KnowledgeBaseArticle.categories
[2026-02-11 12:38:01] DEBUG: Schema\Builder: ManyMany for Lead.targetLists
[2026-02-11 12:38:01] DEBUG: Schema\Builder: ManyMany for Lead.meetings
[2026-02-11 12:38:01] DEBUG: Schema\Builder: ManyMany for MassEmail.excludingTargetLists
[2026-02-11 12:38:01] DEBUG: Schema\Builder: ManyMany for MassEmail.targetLists
[2026-02-11 12:38:01] DEBUG: Schema\Builder - End
[2026-02-11 12:41:16] DEBUG: Schema\Builder - Start
[2026-02-11 12:41:16] DEBUG: Schema\Builder: Entity ActionHistoryRecord
[2026-02-11 12:41:16] DEBUG: Schema\Builder: Entity AddressCountry
[2026-02-11 12:41:16] DEBUG: Schema\Builder: Entity AppLogRecord
[2026-02-11 12:41:16] DEBUG: Schema\Builder: Entity AppSecret
[2026-02-11 12:41:16] DEBUG: Schema\Builder: Entity ArrayValue
[2026-02-11 12:41:16] DEBUG: Schema\Builder: Entity Attachment
[2026-02-11 12:41:16] DEBUG: Schema\Builder: Entity AuthLogRecord
[2026-02-11 12:41:16] DEBUG: Schema\Builder: Entity AuthToken
[2026-02-11 12:41:16] DEBUG: Schema\Builder: Entity AuthenticationProvider
[2026-02-11 12:41:16] DEBUG: Schema\Builder: Entity Autofollow
[2026-02-11 12:41:16] DEBUG: Schema\Builder: Entity Currency
[2026-02-11 12:41:16] DEBUG: Schema\Builder: Entity DashboardTemplate
[2026-02-11 12:41:16] DEBUG: Schema\Builder: Entity Email
[2026-02-11 12:41:16] DEBUG: Schema\Builder: Entity EmailAccount
[2026-02-11 12:41:16] DEBUG: Schema\Builder: Entity EmailAddress
[2026-02-11 12:41:16] DEBUG: Schema\Builder: Entity EmailFilter
[2026-02-11 12:41:16] DEBUG: Schema\Builder: Entity EmailFolder
[2026-02-11 12:41:16] DEBUG: Schema\Builder: Entity EmailTemplate
[2026-02-11 12:41:16] DEBUG: Schema\Builder: Entity EmailTemplateCategory
[2026-02-11 12:41:16] DEBUG: Schema\Builder: Entity Export
[2026-02-11 12:41:16] DEBUG: Schema\Builder: Entity Extension
[2026-02-11 12:41:16] DEBUG: Schema\Builder: Entity ExternalAccount
[2026-02-11 12:41:16] DEBUG: Schema\Builder: Entity GroupEmailFolder
[2026-02-11 12:41:16] DEBUG: Schema\Builder: Entity Import
[2026-02-11 12:41:16] DEBUG: Schema\Builder: Entity ImportEntity
[2026-02-11 12:41:16] DEBUG: Schema\Builder: Entity ImportError
[2026-02-11 12:41:16] DEBUG: Schema\Builder: Entity InboundEmail
[2026-02-11 12:41:16] DEBUG: Schema\Builder: Entity Integration
[2026-02-11 12:41:16] DEBUG: Schema\Builder: Entity Job
[2026-02-11 12:41:16] DEBUG: Schema\Builder: Entity KanbanOrder
[2026-02-11 12:41:16] DEBUG: Schema\Builder: Entity LayoutRecord
[2026-02-11 12:41:16] DEBUG: Schema\Builder: Entity LayoutSet
[2026-02-11 12:41:16] DEBUG: Schema\Builder: Entity LeadCapture
[2026-02-11 12:41:16] DEBUG: Schema\Builder: Entity LeadCaptureLogRecord
[2026-02-11 12:41:16] DEBUG: Schema\Builder: Entity MassAction
[2026-02-11 12:41:16] DEBUG: Schema\Builder: Entity NextNumber
[2026-02-11 12:41:16] DEBUG: Schema\Builder: Entity Note
[2026-02-11 12:41:16] DEBUG: Schema\Builder: Entity Notification
[2026-02-11 12:41:16] DEBUG: Schema\Builder: Entity OAuthAccount
[2026-02-11 12:41:16] DEBUG: Schema\Builder: Entity OAuthProvider
[2026-02-11 12:41:16] DEBUG: Schema\Builder: Entity PasswordChangeRequest
[2026-02-11 12:41:16] DEBUG: Schema\Builder: Entity PhoneNumber
[2026-02-11 12:41:16] DEBUG: Schema\Builder: Entity Portal
[2026-02-11 12:41:16] DEBUG: Schema\Builder: Entity PortalRole
[2026-02-11 12:41:16] DEBUG: Schema\Builder: Entity Preferences
[2026-02-11 12:41:16] DEBUG: Schema\Builder: Entity Role
[2026-02-11 12:41:16] DEBUG: Schema\Builder: Entity ScheduledJob
[2026-02-11 12:41:16] DEBUG: Schema\Builder: Entity ScheduledJobLogRecord
[2026-02-11 12:41:16] DEBUG: Schema\Builder: Entity Sms
[2026-02-11 12:41:16] DEBUG: Schema\Builder: Entity StarSubscription
[2026-02-11 12:41:16] DEBUG: Schema\Builder: Entity StreamSubscription
[2026-02-11 12:41:16] DEBUG: Schema\Builder: Entity SystemData
[2026-02-11 12:41:16] DEBUG: Schema\Builder: Entity Team
[2026-02-11 12:41:16] DEBUG: Schema\Builder: Entity Template
[2026-02-11 12:41:16] DEBUG: Schema\Builder: Entity TwoFactorCode
[2026-02-11 12:41:16] DEBUG: Schema\Builder: Entity UniqueId
[2026-02-11 12:41:16] DEBUG: Schema\Builder: Entity User
[2026-02-11 12:41:16] DEBUG: Schema\Builder: Entity UserData
[2026-02-11 12:41:16] DEBUG: Schema\Builder: Entity UserReaction
[2026-02-11 12:41:16] DEBUG: Schema\Builder: Entity Webhook
[2026-02-11 12:41:16] DEBUG: Schema\Builder: Entity WebhookEventQueueItem
[2026-02-11 12:41:16] DEBUG: Schema\Builder: Entity WebhookQueueItem
[2026-02-11 12:41:16] DEBUG: Schema\Builder: Entity WorkingTimeCalendar
[2026-02-11 12:41:16] DEBUG: Schema\Builder: Entity WorkingTimeRange
[2026-02-11 12:41:16] DEBUG: Schema\Builder: Entity Account
[2026-02-11 12:41:16] DEBUG: Schema\Builder: Entity Call
[2026-02-11 12:41:16] DEBUG: Schema\Builder: Entity Campaign
[2026-02-11 12:41:16] DEBUG: Schema\Builder: Entity CampaignLogRecord
[2026-02-11 12:41:16] DEBUG: Schema\Builder: Entity CampaignTrackingUrl
[2026-02-11 12:41:16] DEBUG: Schema\Builder: Entity Case
[2026-02-11 12:41:16] DEBUG: Schema\Builder: Entity Contact
[2026-02-11 12:41:16] DEBUG: Schema\Builder: Entity Document
[2026-02-11 12:41:16] DEBUG: Schema\Builder: Entity DocumentFolder
[2026-02-11 12:41:16] DEBUG: Schema\Builder: Entity EmailQueueItem
[2026-02-11 12:41:16] DEBUG: Schema\Builder: Entity KnowledgeBaseArticle
[2026-02-11 12:41:16] DEBUG: Schema\Builder: Entity KnowledgeBaseCategory
[2026-02-11 12:41:16] DEBUG: Schema\Builder: Entity Lead
[2026-02-11 12:41:16] DEBUG: Schema\Builder: Entity MassEmail
[2026-02-11 12:41:16] DEBUG: Schema\Builder: Entity Meeting
[2026-02-11 12:41:16] DEBUG: Schema\Builder: Entity Opportunity
[2026-02-11 12:41:16] DEBUG: Schema\Builder: Entity Reminder
[2026-02-11 12:41:16] DEBUG: Schema\Builder: Entity Target
[2026-02-11 12:41:16] DEBUG: Schema\Builder: Entity TargetList
[2026-02-11 12:41:16] DEBUG: Schema\Builder: Entity TargetListCategory
[2026-02-11 12:41:16] DEBUG: Schema\Builder: Entity Task
[2026-02-11 12:41:16] DEBUG: Schema\Builder: Entity CADHAR
[2026-02-11 12:41:16] DEBUG: Schema\Builder: Entity CAttendanceRecord
[2026-02-11 12:41:16] DEBUG: Schema\Builder: Entity CBanks
[2026-02-11 12:41:16] DEBUG: Schema\Builder: Entity CCity
[2026-02-11 12:41:16] DEBUG: Schema\Builder: Entity CContactType
[2026-02-11 12:41:16] DEBUG: Schema\Builder: Entity CCountry
[2026-02-11 12:41:16] DEBUG: Schema\Builder: Entity CDepartment
[2026-02-11 12:41:16] DEBUG: Schema\Builder: Entity CDependantRelation
[2026-02-11 12:41:16] DEBUG: Schema\Builder: Entity CDocumentType
[2026-02-11 12:41:16] DEBUG: Schema\Builder: Entity CDrivingLicense
[2026-02-11 12:41:16] DEBUG: Schema\Builder: Entity CEmployee
[2026-02-11 12:41:16] DEBUG: Schema\Builder: Entity CEmployeeAddress
[2026-02-11 12:41:16] DEBUG: Schema\Builder: Entity CEmployeeBank
[2026-02-11 12:41:16] DEBUG: Schema\Builder: Entity CEmployeeContact
[2026-02-11 12:41:16] DEBUG: Schema\Builder: Entity CEmployeeDependent
[2026-02-11 12:41:16] DEBUG: Schema\Builder: Entity CEmployeeDocuments
[2026-02-11 12:41:16] DEBUG: Schema\Builder: Entity CEmployeePastExperience
[2026-02-11 12:41:16] DEBUG: Schema\Builder: Entity CPanCard
[2026-02-11 12:41:16] DEBUG: Schema\Builder: Entity CPassport
[2026-02-11 12:41:16] DEBUG: Schema\Builder: Entity CState
[2026-02-11 12:41:16] DEBUG: Schema\Builder: Entity CVoterIdCard
[2026-02-11 12:41:16] DEBUG: Schema\Builder: Entity CWorkRole
[2026-02-11 12:41:16] DEBUG: Schema\Builder: Entity EmailTemplateCategoryPath
[2026-02-11 12:41:16] DEBUG: Schema\Builder: Entity DocumentFolderPath
[2026-02-11 12:41:16] DEBUG: Schema\Builder: Entity KnowledgeBaseCategoryPath
[2026-02-11 12:41:16] DEBUG: Schema\Builder: Entity TargetListCategoryPath
[2026-02-11 12:41:16] DEBUG: Schema\Builder: ManyMany for Email.emailAccounts
[2026-02-11 12:41:16] DEBUG: Schema\Builder: ManyMany for Email.inboundEmails
[2026-02-11 12:41:16] DEBUG: Schema\Builder: ManyMany for Email.replyToEmailAddresses
[2026-02-11 12:41:16] DEBUG: Schema\Builder: ManyMany for Email.users
[2026-02-11 12:41:16] DEBUG: Schema\Builder: ManyMany for Email.assignedUsers
[2026-02-11 12:41:16] DEBUG: Schema\Builder: ManyMany for Email.teams
[2026-02-11 12:41:16] DEBUG: Schema\Builder: ManyMany for GroupEmailFolder.teams
[2026-02-11 12:41:16] DEBUG: Schema\Builder: ManyMany for InboundEmail.teams
[2026-02-11 12:41:16] DEBUG: Schema\Builder: ManyMany for Note.users
[2026-02-11 12:41:16] DEBUG: Schema\Builder: ManyMany for Note.portals
[2026-02-11 12:41:16] DEBUG: Schema\Builder: ManyMany for Note.teams
[2026-02-11 12:41:16] DEBUG: Schema\Builder: ManyMany for Portal.articles
[2026-02-11 12:41:16] DEBUG: Schema\Builder: ManyMany for Portal.portalRoles
[2026-02-11 12:41:16] DEBUG: Schema\Builder: ManyMany for Portal.users
[2026-02-11 12:41:16] DEBUG: Schema\Builder: ManyMany for PortalRole.users
[2026-02-11 12:41:16] DEBUG: Schema\Builder: ManyMany for Role.teams
[2026-02-11 12:41:16] DEBUG: Schema\Builder: ManyMany for Role.users
[2026-02-11 12:41:16] DEBUG: Schema\Builder: ManyMany for Sms.toPhoneNumbers
[2026-02-11 12:41:16] DEBUG: Schema\Builder: ManyMany for Team.users
[2026-02-11 12:41:16] DEBUG: Schema\Builder: ManyMany for User.emailAddresses
[2026-02-11 12:41:16] DEBUG: Schema\Builder: ManyMany for User.phoneNumbers
[2026-02-11 12:41:16] DEBUG: Schema\Builder: ManyMany for User.targetLists
[2026-02-11 12:41:16] DEBUG: Schema\Builder: ManyMany for User.accounts
[2026-02-11 12:41:16] DEBUG: Schema\Builder: ManyMany for User.calls
[2026-02-11 12:41:16] DEBUG: Schema\Builder: ManyMany for User.meetings
[2026-02-11 12:41:16] DEBUG: Schema\Builder: ManyMany for User.workingTimeRanges
[2026-02-11 12:41:16] DEBUG: Schema\Builder: ManyMany for WorkingTimeCalendar.ranges
[2026-02-11 12:41:16] DEBUG: Schema\Builder: ManyMany for Account.portalUsers
[2026-02-11 12:41:16] DEBUG: Schema\Builder: Table [account_portal_user] exists.
[2026-02-11 12:41:16] DEBUG: Schema\Builder: ManyMany for Account.targetLists
[2026-02-11 12:41:16] DEBUG: Schema\Builder: ManyMany for Account.documents
[2026-02-11 12:41:16] DEBUG: Schema\Builder: ManyMany for Account.contacts
[2026-02-11 12:41:16] DEBUG: Schema\Builder: ManyMany for Call.leads
[2026-02-11 12:41:16] DEBUG: Schema\Builder: ManyMany for Call.contacts
[2026-02-11 12:41:16] DEBUG: Schema\Builder: ManyMany for Campaign.excludingTargetLists
[2026-02-11 12:41:16] DEBUG: Schema\Builder: ManyMany for Campaign.targetLists
[2026-02-11 12:41:16] DEBUG: Schema\Builder: ManyMany for Case.articles
[2026-02-11 12:41:16] DEBUG: Schema\Builder: ManyMany for Case.contacts
[2026-02-11 12:41:16] DEBUG: Schema\Builder: ManyMany for Contact.documents
[2026-02-11 12:41:16] DEBUG: Schema\Builder: ManyMany for Contact.targetLists
[2026-02-11 12:41:16] DEBUG: Schema\Builder: ManyMany for Contact.meetings
[2026-02-11 12:41:16] DEBUG: Schema\Builder: ManyMany for Contact.opportunities
[2026-02-11 12:41:16] DEBUG: Schema\Builder: ManyMany for Document.leads
[2026-02-11 12:41:16] DEBUG: Schema\Builder: ManyMany for Document.opportunities
[2026-02-11 12:41:16] DEBUG: Schema\Builder: ManyMany for KnowledgeBaseArticle.categories
[2026-02-11 12:41:16] DEBUG: Schema\Builder: ManyMany for Lead.targetLists
[2026-02-11 12:41:16] DEBUG: Schema\Builder: ManyMany for Lead.meetings
[2026-02-11 12:41:16] DEBUG: Schema\Builder: ManyMany for MassEmail.excludingTargetLists
[2026-02-11 12:41:16] DEBUG: Schema\Builder: ManyMany for MassEmail.targetLists
[2026-02-11 12:41:16] DEBUG: Schema\Builder - End
[2026-02-11 12:41:58] DEBUG: Schema\Builder - Start
[2026-02-11 12:41:58] DEBUG: Schema\Builder: Entity ActionHistoryRecord
[2026-02-11 12:41:58] DEBUG: Schema\Builder: Entity AddressCountry
[2026-02-11 12:41:58] DEBUG: Schema\Builder: Entity AppLogRecord
[2026-02-11 12:41:58] DEBUG: Schema\Builder: Entity AppSecret
[2026-02-11 12:41:58] DEBUG: Schema\Builder: Entity ArrayValue
[2026-02-11 12:41:58] DEBUG: Schema\Builder: Entity Attachment
[2026-02-11 12:41:58] DEBUG: Schema\Builder: Entity AuthLogRecord
[2026-02-11 12:41:58] DEBUG: Schema\Builder: Entity AuthToken
[2026-02-11 12:41:58] DEBUG: Schema\Builder: Entity AuthenticationProvider
[2026-02-11 12:41:58] DEBUG: Schema\Builder: Entity Autofollow
[2026-02-11 12:41:58] DEBUG: Schema\Builder: Entity Currency
[2026-02-11 12:41:58] DEBUG: Schema\Builder: Entity DashboardTemplate
[2026-02-11 12:41:58] DEBUG: Schema\Builder: Entity Email
[2026-02-11 12:41:58] DEBUG: Schema\Builder: Entity EmailAccount
[2026-02-11 12:41:58] DEBUG: Schema\Builder: Entity EmailAddress
[2026-02-11 12:41:58] DEBUG: Schema\Builder: Entity EmailFilter
[2026-02-11 12:41:58] DEBUG: Schema\Builder: Entity EmailFolder
[2026-02-11 12:41:58] DEBUG: Schema\Builder: Entity EmailTemplate
[2026-02-11 12:41:58] DEBUG: Schema\Builder: Entity EmailTemplateCategory
[2026-02-11 12:41:58] DEBUG: Schema\Builder: Entity Export
[2026-02-11 12:41:58] DEBUG: Schema\Builder: Entity Extension
[2026-02-11 12:41:58] DEBUG: Schema\Builder: Entity ExternalAccount
[2026-02-11 12:41:58] DEBUG: Schema\Builder: Entity GroupEmailFolder
[2026-02-11 12:41:58] DEBUG: Schema\Builder: Entity Import
[2026-02-11 12:41:58] DEBUG: Schema\Builder: Entity ImportEntity
[2026-02-11 12:41:58] DEBUG: Schema\Builder: Entity ImportError
[2026-02-11 12:41:58] DEBUG: Schema\Builder: Entity InboundEmail
[2026-02-11 12:41:58] DEBUG: Schema\Builder: Entity Integration
[2026-02-11 12:41:58] DEBUG: Schema\Builder: Entity Job
[2026-02-11 12:41:58] DEBUG: Schema\Builder: Entity KanbanOrder
[2026-02-11 12:41:58] DEBUG: Schema\Builder: Entity LayoutRecord
[2026-02-11 12:41:58] DEBUG: Schema\Builder: Entity LayoutSet
[2026-02-11 12:41:58] DEBUG: Schema\Builder: Entity LeadCapture
[2026-02-11 12:41:58] DEBUG: Schema\Builder: Entity LeadCaptureLogRecord
[2026-02-11 12:41:58] DEBUG: Schema\Builder: Entity MassAction
[2026-02-11 12:41:58] DEBUG: Schema\Builder: Entity NextNumber
[2026-02-11 12:41:58] DEBUG: Schema\Builder: Entity Note
[2026-02-11 12:41:58] DEBUG: Schema\Builder: Entity Notification
[2026-02-11 12:41:58] DEBUG: Schema\Builder: Entity OAuthAccount
[2026-02-11 12:41:58] DEBUG: Schema\Builder: Entity OAuthProvider
[2026-02-11 12:41:58] DEBUG: Schema\Builder: Entity PasswordChangeRequest
[2026-02-11 12:41:58] DEBUG: Schema\Builder: Entity PhoneNumber
[2026-02-11 12:41:58] DEBUG: Schema\Builder: Entity Portal
[2026-02-11 12:41:58] DEBUG: Schema\Builder: Entity PortalRole
[2026-02-11 12:41:58] DEBUG: Schema\Builder: Entity Preferences
[2026-02-11 12:41:58] DEBUG: Schema\Builder: Entity Role
[2026-02-11 12:41:58] DEBUG: Schema\Builder: Entity ScheduledJob
[2026-02-11 12:41:58] DEBUG: Schema\Builder: Entity ScheduledJobLogRecord
[2026-02-11 12:41:58] DEBUG: Schema\Builder: Entity Sms
[2026-02-11 12:41:58] DEBUG: Schema\Builder: Entity StarSubscription
[2026-02-11 12:41:58] DEBUG: Schema\Builder: Entity StreamSubscription
[2026-02-11 12:41:58] DEBUG: Schema\Builder: Entity SystemData
[2026-02-11 12:41:58] DEBUG: Schema\Builder: Entity Team
[2026-02-11 12:41:58] DEBUG: Schema\Builder: Entity Template
[2026-02-11 12:41:58] DEBUG: Schema\Builder: Entity TwoFactorCode
[2026-02-11 12:41:58] DEBUG: Schema\Builder: Entity UniqueId
[2026-02-11 12:41:58] DEBUG: Schema\Builder: Entity User
[2026-02-11 12:41:58] DEBUG: Schema\Builder: Entity UserData
[2026-02-11 12:41:58] DEBUG: Schema\Builder: Entity UserReaction
[2026-02-11 12:41:58] DEBUG: Schema\Builder: Entity Webhook
[2026-02-11 12:41:58] DEBUG: Schema\Builder: Entity WebhookEventQueueItem
[2026-02-11 12:41:58] DEBUG: Schema\Builder: Entity WebhookQueueItem
[2026-02-11 12:41:58] DEBUG: Schema\Builder: Entity WorkingTimeCalendar
[2026-02-11 12:41:58] DEBUG: Schema\Builder: Entity WorkingTimeRange
[2026-02-11 12:41:58] DEBUG: Schema\Builder: Entity Account
[2026-02-11 12:41:58] DEBUG: Schema\Builder: Entity Call
[2026-02-11 12:41:58] DEBUG: Schema\Builder: Entity Campaign
[2026-02-11 12:41:58] DEBUG: Schema\Builder: Entity CampaignLogRecord
[2026-02-11 12:41:58] DEBUG: Schema\Builder: Entity CampaignTrackingUrl
[2026-02-11 12:41:58] DEBUG: Schema\Builder: Entity Case
[2026-02-11 12:41:58] DEBUG: Schema\Builder: Entity Contact
[2026-02-11 12:41:58] DEBUG: Schema\Builder: Entity Document
[2026-02-11 12:41:58] DEBUG: Schema\Builder: Entity DocumentFolder
[2026-02-11 12:41:58] DEBUG: Schema\Builder: Entity EmailQueueItem
[2026-02-11 12:41:58] DEBUG: Schema\Builder: Entity KnowledgeBaseArticle
[2026-02-11 12:41:58] DEBUG: Schema\Builder: Entity KnowledgeBaseCategory
[2026-02-11 12:41:58] DEBUG: Schema\Builder: Entity Lead
[2026-02-11 12:41:58] DEBUG: Schema\Builder: Entity MassEmail
[2026-02-11 12:41:58] DEBUG: Schema\Builder: Entity Meeting
[2026-02-11 12:41:58] DEBUG: Schema\Builder: Entity Opportunity
[2026-02-11 12:41:58] DEBUG: Schema\Builder: Entity Reminder
[2026-02-11 12:41:58] DEBUG: Schema\Builder: Entity Target
[2026-02-11 12:41:58] DEBUG: Schema\Builder: Entity TargetList
[2026-02-11 12:41:58] DEBUG: Schema\Builder: Entity TargetListCategory
[2026-02-11 12:41:58] DEBUG: Schema\Builder: Entity Task
[2026-02-11 12:41:58] DEBUG: Schema\Builder: Entity CADHAR
[2026-02-11 12:41:58] DEBUG: Schema\Builder: Entity CAttendanceRecord
[2026-02-11 12:41:58] DEBUG: Schema\Builder: Entity CBanks
[2026-02-11 12:41:58] DEBUG: Schema\Builder: Entity CCity
[2026-02-11 12:41:58] DEBUG: Schema\Builder: Entity CContactType
[2026-02-11 12:41:58] DEBUG: Schema\Builder: Entity CCountry
[2026-02-11 12:41:58] DEBUG: Schema\Builder: Entity CDepartment
[2026-02-11 12:41:58] DEBUG: Schema\Builder: Entity CDependantRelation
[2026-02-11 12:41:58] DEBUG: Schema\Builder: Entity CDocumentType
[2026-02-11 12:41:58] DEBUG: Schema\Builder: Entity CDrivingLicense
[2026-02-11 12:41:58] DEBUG: Schema\Builder: Entity CEmployee
[2026-02-11 12:41:58] DEBUG: Schema\Builder: Entity CEmployeeAddress
[2026-02-11 12:41:58] DEBUG: Schema\Builder: Entity CEmployeeBank
[2026-02-11 12:41:58] DEBUG: Schema\Builder: Entity CEmployeeContact
[2026-02-11 12:41:58] DEBUG: Schema\Builder: Entity CEmployeeDependent
[2026-02-11 12:41:58] DEBUG: Schema\Builder: Entity CEmployeeDocuments
[2026-02-11 12:41:58] DEBUG: Schema\Builder: Entity CEmployeePastExperience
[2026-02-11 12:41:58] DEBUG: Schema\Builder: Entity CPanCard
[2026-02-11 12:41:58] DEBUG: Schema\Builder: Entity CPassport
[2026-02-11 12:41:58] DEBUG: Schema\Builder: Entity CState
[2026-02-11 12:41:58] DEBUG: Schema\Builder: Entity CVoterIdCard
[2026-02-11 12:41:58] DEBUG: Schema\Builder: Entity CWorkRole
[2026-02-11 12:41:58] DEBUG: Schema\Builder: Entity EmailTemplateCategoryPath
[2026-02-11 12:41:58] DEBUG: Schema\Builder: Entity DocumentFolderPath
[2026-02-11 12:41:58] DEBUG: Schema\Builder: Entity KnowledgeBaseCategoryPath
[2026-02-11 12:41:58] DEBUG: Schema\Builder: Entity TargetListCategoryPath
[2026-02-11 12:41:58] DEBUG: Schema\Builder: ManyMany for Email.emailAccounts
[2026-02-11 12:41:58] DEBUG: Schema\Builder: ManyMany for Email.inboundEmails
[2026-02-11 12:41:58] DEBUG: Schema\Builder: ManyMany for Email.replyToEmailAddresses
[2026-02-11 12:41:58] DEBUG: Schema\Builder: ManyMany for Email.users
[2026-02-11 12:41:58] DEBUG: Schema\Builder: ManyMany for Email.assignedUsers
[2026-02-11 12:41:58] DEBUG: Schema\Builder: ManyMany for Email.teams
[2026-02-11 12:41:58] DEBUG: Schema\Builder: ManyMany for GroupEmailFolder.teams
[2026-02-11 12:41:58] DEBUG: Schema\Builder: ManyMany for InboundEmail.teams
[2026-02-11 12:41:58] DEBUG: Schema\Builder: ManyMany for Note.users
[2026-02-11 12:41:58] DEBUG: Schema\Builder: ManyMany for Note.portals
[2026-02-11 12:41:58] DEBUG: Schema\Builder: ManyMany for Note.teams
[2026-02-11 12:41:58] DEBUG: Schema\Builder: ManyMany for Portal.articles
[2026-02-11 12:41:58] DEBUG: Schema\Builder: ManyMany for Portal.portalRoles
[2026-02-11 12:41:58] DEBUG: Schema\Builder: ManyMany for Portal.users
[2026-02-11 12:41:58] DEBUG: Schema\Builder: ManyMany for PortalRole.users
[2026-02-11 12:41:58] DEBUG: Schema\Builder: ManyMany for Role.teams
[2026-02-11 12:41:58] DEBUG: Schema\Builder: ManyMany for Role.users
[2026-02-11 12:41:58] DEBUG: Schema\Builder: ManyMany for Sms.toPhoneNumbers
[2026-02-11 12:41:58] DEBUG: Schema\Builder: ManyMany for Team.users
[2026-02-11 12:41:58] DEBUG: Schema\Builder: ManyMany for User.emailAddresses
[2026-02-11 12:41:58] DEBUG: Schema\Builder: ManyMany for User.phoneNumbers
[2026-02-11 12:41:58] DEBUG: Schema\Builder: ManyMany for User.targetLists
[2026-02-11 12:41:58] DEBUG: Schema\Builder: ManyMany for User.accounts
[2026-02-11 12:41:58] DEBUG: Schema\Builder: ManyMany for User.calls
[2026-02-11 12:41:58] DEBUG: Schema\Builder: ManyMany for User.meetings
[2026-02-11 12:41:58] DEBUG: Schema\Builder: ManyMany for User.workingTimeRanges
[2026-02-11 12:41:58] DEBUG: Schema\Builder: ManyMany for WorkingTimeCalendar.ranges
[2026-02-11 12:41:58] DEBUG: Schema\Builder: ManyMany for Account.portalUsers
[2026-02-11 12:41:58] DEBUG: Schema\Builder: Table [account_portal_user] exists.
[2026-02-11 12:41:58] DEBUG: Schema\Builder: ManyMany for Account.targetLists
[2026-02-11 12:41:58] DEBUG: Schema\Builder: ManyMany for Account.documents
[2026-02-11 12:41:58] DEBUG: Schema\Builder: ManyMany for Account.contacts
[2026-02-11 12:41:58] DEBUG: Schema\Builder: ManyMany for Call.leads
[2026-02-11 12:41:58] DEBUG: Schema\Builder: ManyMany for Call.contacts
[2026-02-11 12:41:58] DEBUG: Schema\Builder: ManyMany for Campaign.excludingTargetLists
[2026-02-11 12:41:58] DEBUG: Schema\Builder: ManyMany for Campaign.targetLists
[2026-02-11 12:41:58] DEBUG: Schema\Builder: ManyMany for Case.articles
[2026-02-11 12:41:58] DEBUG: Schema\Builder: ManyMany for Case.contacts
[2026-02-11 12:41:58] DEBUG: Schema\Builder: ManyMany for Contact.documents
[2026-02-11 12:41:58] DEBUG: Schema\Builder: ManyMany for Contact.targetLists
[2026-02-11 12:41:58] DEBUG: Schema\Builder: ManyMany for Contact.meetings
[2026-02-11 12:41:58] DEBUG: Schema\Builder: ManyMany for Contact.opportunities
[2026-02-11 12:41:58] DEBUG: Schema\Builder: ManyMany for Document.leads
[2026-02-11 12:41:58] DEBUG: Schema\Builder: ManyMany for Document.opportunities
[2026-02-11 12:41:58] DEBUG: Schema\Builder: ManyMany for KnowledgeBaseArticle.categories
[2026-02-11 12:41:58] DEBUG: Schema\Builder: ManyMany for Lead.targetLists
[2026-02-11 12:41:58] DEBUG: Schema\Builder: ManyMany for Lead.meetings
[2026-02-11 12:41:58] DEBUG: Schema\Builder: ManyMany for MassEmail.excludingTargetLists
[2026-02-11 12:41:58] DEBUG: Schema\Builder: ManyMany for MassEmail.targetLists
[2026-02-11 12:41:58] DEBUG: Schema\Builder - End
[2026-02-11 12:42:30] DEBUG: Schema\Builder - Start
[2026-02-11 12:42:30] DEBUG: Schema\Builder: Entity ActionHistoryRecord
[2026-02-11 12:42:30] DEBUG: Schema\Builder: Entity AddressCountry
[2026-02-11 12:42:30] DEBUG: Schema\Builder: Entity AppLogRecord
[2026-02-11 12:42:30] DEBUG: Schema\Builder: Entity AppSecret
[2026-02-11 12:42:30] DEBUG: Schema\Builder: Entity ArrayValue
[2026-02-11 12:42:30] DEBUG: Schema\Builder: Entity Attachment
[2026-02-11 12:42:30] DEBUG: Schema\Builder: Entity AuthLogRecord
[2026-02-11 12:42:30] DEBUG: Schema\Builder: Entity AuthToken
[2026-02-11 12:42:30] DEBUG: Schema\Builder: Entity AuthenticationProvider
[2026-02-11 12:42:30] DEBUG: Schema\Builder: Entity Autofollow
[2026-02-11 12:42:30] DEBUG: Schema\Builder: Entity Currency
[2026-02-11 12:42:30] DEBUG: Schema\Builder: Entity DashboardTemplate
[2026-02-11 12:42:30] DEBUG: Schema\Builder: Entity Email
[2026-02-11 12:42:30] DEBUG: Schema\Builder: Entity EmailAccount
[2026-02-11 12:42:30] DEBUG: Schema\Builder: Entity EmailAddress
[2026-02-11 12:42:30] DEBUG: Schema\Builder: Entity EmailFilter
[2026-02-11 12:42:30] DEBUG: Schema\Builder: Entity EmailFolder
[2026-02-11 12:42:30] DEBUG: Schema\Builder: Entity EmailTemplate
[2026-02-11 12:42:30] DEBUG: Schema\Builder: Entity EmailTemplateCategory
[2026-02-11 12:42:30] DEBUG: Schema\Builder: Entity Export
[2026-02-11 12:42:30] DEBUG: Schema\Builder: Entity Extension
[2026-02-11 12:42:30] DEBUG: Schema\Builder: Entity ExternalAccount
[2026-02-11 12:42:30] DEBUG: Schema\Builder: Entity GroupEmailFolder
[2026-02-11 12:42:30] DEBUG: Schema\Builder: Entity Import
[2026-02-11 12:42:30] DEBUG: Schema\Builder: Entity ImportEntity
[2026-02-11 12:42:30] DEBUG: Schema\Builder: Entity ImportError
[2026-02-11 12:42:30] DEBUG: Schema\Builder: Entity InboundEmail
[2026-02-11 12:42:30] DEBUG: Schema\Builder: Entity Integration
[2026-02-11 12:42:30] DEBUG: Schema\Builder: Entity Job
[2026-02-11 12:42:30] DEBUG: Schema\Builder: Entity KanbanOrder
[2026-02-11 12:42:30] DEBUG: Schema\Builder: Entity LayoutRecord
[2026-02-11 12:42:30] DEBUG: Schema\Builder: Entity LayoutSet
[2026-02-11 12:42:30] DEBUG: Schema\Builder: Entity LeadCapture
[2026-02-11 12:42:30] DEBUG: Schema\Builder: Entity LeadCaptureLogRecord
[2026-02-11 12:42:30] DEBUG: Schema\Builder: Entity MassAction
[2026-02-11 12:42:30] DEBUG: Schema\Builder: Entity NextNumber
[2026-02-11 12:42:30] DEBUG: Schema\Builder: Entity Note
[2026-02-11 12:42:30] DEBUG: Schema\Builder: Entity Notification
[2026-02-11 12:42:30] DEBUG: Schema\Builder: Entity OAuthAccount
[2026-02-11 12:42:30] DEBUG: Schema\Builder: Entity OAuthProvider
[2026-02-11 12:42:30] DEBUG: Schema\Builder: Entity PasswordChangeRequest
[2026-02-11 12:42:30] DEBUG: Schema\Builder: Entity PhoneNumber
[2026-02-11 12:42:30] DEBUG: Schema\Builder: Entity Portal
[2026-02-11 12:42:30] DEBUG: Schema\Builder: Entity PortalRole
[2026-02-11 12:42:30] DEBUG: Schema\Builder: Entity Preferences
[2026-02-11 12:42:30] DEBUG: Schema\Builder: Entity Role
[2026-02-11 12:42:30] DEBUG: Schema\Builder: Entity ScheduledJob
[2026-02-11 12:42:30] DEBUG: Schema\Builder: Entity ScheduledJobLogRecord
[2026-02-11 12:42:30] DEBUG: Schema\Builder: Entity Sms
[2026-02-11 12:42:30] DEBUG: Schema\Builder: Entity StarSubscription
[2026-02-11 12:42:30] DEBUG: Schema\Builder: Entity StreamSubscription
[2026-02-11 12:42:30] DEBUG: Schema\Builder: Entity SystemData
[2026-02-11 12:42:30] DEBUG: Schema\Builder: Entity Team
[2026-02-11 12:42:30] DEBUG: Schema\Builder: Entity Template
[2026-02-11 12:42:30] DEBUG: Schema\Builder: Entity TwoFactorCode
[2026-02-11 12:42:30] DEBUG: Schema\Builder: Entity UniqueId
[2026-02-11 12:42:30] DEBUG: Schema\Builder: Entity User
[2026-02-11 12:42:30] DEBUG: Schema\Builder: Entity UserData
[2026-02-11 12:42:30] DEBUG: Schema\Builder: Entity UserReaction
[2026-02-11 12:42:30] DEBUG: Schema\Builder: Entity Webhook
[2026-02-11 12:42:30] DEBUG: Schema\Builder: Entity WebhookEventQueueItem
[2026-02-11 12:42:30] DEBUG: Schema\Builder: Entity WebhookQueueItem
[2026-02-11 12:42:30] DEBUG: Schema\Builder: Entity WorkingTimeCalendar
[2026-02-11 12:42:30] DEBUG: Schema\Builder: Entity WorkingTimeRange
[2026-02-11 12:42:30] DEBUG: Schema\Builder: Entity Account
[2026-02-11 12:42:30] DEBUG: Schema\Builder: Entity Call
[2026-02-11 12:42:30] DEBUG: Schema\Builder: Entity Campaign
[2026-02-11 12:42:30] DEBUG: Schema\Builder: Entity CampaignLogRecord
[2026-02-11 12:42:30] DEBUG: Schema\Builder: Entity CampaignTrackingUrl
[2026-02-11 12:42:30] DEBUG: Schema\Builder: Entity Case
[2026-02-11 12:42:30] DEBUG: Schema\Builder: Entity Contact
[2026-02-11 12:42:30] DEBUG: Schema\Builder: Entity Document
[2026-02-11 12:42:30] DEBUG: Schema\Builder: Entity DocumentFolder
[2026-02-11 12:42:30] DEBUG: Schema\Builder: Entity EmailQueueItem
[2026-02-11 12:42:30] DEBUG: Schema\Builder: Entity KnowledgeBaseArticle
[2026-02-11 12:42:30] DEBUG: Schema\Builder: Entity KnowledgeBaseCategory
[2026-02-11 12:42:30] DEBUG: Schema\Builder: Entity Lead
[2026-02-11 12:42:30] DEBUG: Schema\Builder: Entity MassEmail
[2026-02-11 12:42:30] DEBUG: Schema\Builder: Entity Meeting
[2026-02-11 12:42:30] DEBUG: Schema\Builder: Entity Opportunity
[2026-02-11 12:42:30] DEBUG: Schema\Builder: Entity Reminder
[2026-02-11 12:42:30] DEBUG: Schema\Builder: Entity Target
[2026-02-11 12:42:30] DEBUG: Schema\Builder: Entity TargetList
[2026-02-11 12:42:30] DEBUG: Schema\Builder: Entity TargetListCategory
[2026-02-11 12:42:30] DEBUG: Schema\Builder: Entity Task
[2026-02-11 12:42:30] DEBUG: Schema\Builder: Entity CADHAR
[2026-02-11 12:42:30] DEBUG: Schema\Builder: Entity CAttendanceRecord
[2026-02-11 12:42:30] DEBUG: Schema\Builder: Entity CBanks
[2026-02-11 12:42:30] DEBUG: Schema\Builder: Entity CCity
[2026-02-11 12:42:30] DEBUG: Schema\Builder: Entity CContactType
[2026-02-11 12:42:30] DEBUG: Schema\Builder: Entity CCountry
[2026-02-11 12:42:30] DEBUG: Schema\Builder: Entity CDepartment
[2026-02-11 12:42:30] DEBUG: Schema\Builder: Entity CDependantRelation
[2026-02-11 12:42:30] DEBUG: Schema\Builder: Entity CDocumentType
[2026-02-11 12:42:30] DEBUG: Schema\Builder: Entity CDrivingLicense
[2026-02-11 12:42:30] DEBUG: Schema\Builder: Entity CEmployee
[2026-02-11 12:42:30] DEBUG: Schema\Builder: Entity CEmployeeAddress
[2026-02-11 12:42:30] DEBUG: Schema\Builder: Entity CEmployeeBank
[2026-02-11 12:42:30] DEBUG: Schema\Builder: Entity CEmployeeContact
[2026-02-11 12:42:30] DEBUG: Schema\Builder: Entity CEmployeeDependent
[2026-02-11 12:42:30] DEBUG: Schema\Builder: Entity CEmployeeDocuments
[2026-02-11 12:42:30] DEBUG: Schema\Builder: Entity CEmployeePastExperience
[2026-02-11 12:42:30] DEBUG: Schema\Builder: Entity CPanCard
[2026-02-11 12:42:30] DEBUG: Schema\Builder: Entity CPassport
[2026-02-11 12:42:30] DEBUG: Schema\Builder: Entity CState
[2026-02-11 12:42:30] DEBUG: Schema\Builder: Entity CVoterIdCard
[2026-02-11 12:42:30] DEBUG: Schema\Builder: Entity CWorkRole
[2026-02-11 12:42:30] DEBUG: Schema\Builder: Entity EmailTemplateCategoryPath
[2026-02-11 12:42:30] DEBUG: Schema\Builder: Entity DocumentFolderPath
[2026-02-11 12:42:30] DEBUG: Schema\Builder: Entity KnowledgeBaseCategoryPath
[2026-02-11 12:42:30] DEBUG: Schema\Builder: Entity TargetListCategoryPath
[2026-02-11 12:42:30] DEBUG: Schema\Builder: ManyMany for Email.emailAccounts
[2026-02-11 12:42:30] DEBUG: Schema\Builder: ManyMany for Email.inboundEmails
[2026-02-11 12:42:30] DEBUG: Schema\Builder: ManyMany for Email.replyToEmailAddresses
[2026-02-11 12:42:30] DEBUG: Schema\Builder: ManyMany for Email.users
[2026-02-11 12:42:30] DEBUG: Schema\Builder: ManyMany for Email.assignedUsers
[2026-02-11 12:42:30] DEBUG: Schema\Builder: ManyMany for Email.teams
[2026-02-11 12:42:30] DEBUG: Schema\Builder: ManyMany for GroupEmailFolder.teams
[2026-02-11 12:42:30] DEBUG: Schema\Builder: ManyMany for InboundEmail.teams
[2026-02-11 12:42:30] DEBUG: Schema\Builder: ManyMany for Note.users
[2026-02-11 12:42:30] DEBUG: Schema\Builder: ManyMany for Note.portals
[2026-02-11 12:42:30] DEBUG: Schema\Builder: ManyMany for Note.teams
[2026-02-11 12:42:30] DEBUG: Schema\Builder: ManyMany for Portal.articles
[2026-02-11 12:42:30] DEBUG: Schema\Builder: ManyMany for Portal.portalRoles
[2026-02-11 12:42:30] DEBUG: Schema\Builder: ManyMany for Portal.users
[2026-02-11 12:42:30] DEBUG: Schema\Builder: ManyMany for PortalRole.users
[2026-02-11 12:42:30] DEBUG: Schema\Builder: ManyMany for Role.teams
[2026-02-11 12:42:30] DEBUG: Schema\Builder: ManyMany for Role.users
[2026-02-11 12:42:30] DEBUG: Schema\Builder: ManyMany for Sms.toPhoneNumbers
[2026-02-11 12:42:30] DEBUG: Schema\Builder: ManyMany for Team.users
[2026-02-11 12:42:30] DEBUG: Schema\Builder: ManyMany for User.emailAddresses
[2026-02-11 12:42:30] DEBUG: Schema\Builder: ManyMany for User.phoneNumbers
[2026-02-11 12:42:30] DEBUG: Schema\Builder: ManyMany for User.targetLists
[2026-02-11 12:42:30] DEBUG: Schema\Builder: ManyMany for User.accounts
[2026-02-11 12:42:30] DEBUG: Schema\Builder: ManyMany for User.calls
[2026-02-11 12:42:30] DEBUG: Schema\Builder: ManyMany for User.meetings
[2026-02-11 12:42:30] DEBUG: Schema\Builder: ManyMany for User.workingTimeRanges
[2026-02-11 12:42:30] DEBUG: Schema\Builder: ManyMany for WorkingTimeCalendar.ranges
[2026-02-11 12:42:30] DEBUG: Schema\Builder: ManyMany for Account.portalUsers
[2026-02-11 12:42:30] DEBUG: Schema\Builder: Table [account_portal_user] exists.
[2026-02-11 12:42:30] DEBUG: Schema\Builder: ManyMany for Account.targetLists
[2026-02-11 12:42:30] DEBUG: Schema\Builder: ManyMany for Account.documents
[2026-02-11 12:42:30] DEBUG: Schema\Builder: ManyMany for Account.contacts
[2026-02-11 12:42:30] DEBUG: Schema\Builder: ManyMany for Call.leads
[2026-02-11 12:42:30] DEBUG: Schema\Builder: ManyMany for Call.contacts
[2026-02-11 12:42:30] DEBUG: Schema\Builder: ManyMany for Campaign.excludingTargetLists
[2026-02-11 12:42:30] DEBUG: Schema\Builder: ManyMany for Campaign.targetLists
[2026-02-11 12:42:30] DEBUG: Schema\Builder: ManyMany for Case.articles
[2026-02-11 12:42:30] DEBUG: Schema\Builder: ManyMany for Case.contacts
[2026-02-11 12:42:30] DEBUG: Schema\Builder: ManyMany for Contact.documents
[2026-02-11 12:42:30] DEBUG: Schema\Builder: ManyMany for Contact.targetLists
[2026-02-11 12:42:30] DEBUG: Schema\Builder: ManyMany for Contact.meetings
[2026-02-11 12:42:30] DEBUG: Schema\Builder: ManyMany for Contact.opportunities
[2026-02-11 12:42:30] DEBUG: Schema\Builder: ManyMany for Document.leads
[2026-02-11 12:42:30] DEBUG: Schema\Builder: ManyMany for Document.opportunities
[2026-02-11 12:42:30] DEBUG: Schema\Builder: ManyMany for KnowledgeBaseArticle.categories
[2026-02-11 12:42:30] DEBUG: Schema\Builder: ManyMany for Lead.targetLists
[2026-02-11 12:42:30] DEBUG: Schema\Builder: ManyMany for Lead.meetings
[2026-02-11 12:42:30] DEBUG: Schema\Builder: ManyMany for MassEmail.excludingTargetLists
[2026-02-11 12:42:30] DEBUG: Schema\Builder: ManyMany for MassEmail.targetLists
[2026-02-11 12:42:30] DEBUG: Schema\Builder - End
[2026-02-11 12:52:16] DEBUG: Schema\Builder - Start
[2026-02-11 12:52:16] DEBUG: Schema\Builder: Entity ActionHistoryRecord
[2026-02-11 12:52:16] DEBUG: Schema\Builder: Entity AddressCountry
[2026-02-11 12:52:16] DEBUG: Schema\Builder: Entity AppLogRecord
[2026-02-11 12:52:16] DEBUG: Schema\Builder: Entity AppSecret
[2026-02-11 12:52:16] DEBUG: Schema\Builder: Entity ArrayValue
[2026-02-11 12:52:16] DEBUG: Schema\Builder: Entity Attachment
[2026-02-11 12:52:16] DEBUG: Schema\Builder: Entity AuthLogRecord
[2026-02-11 12:52:16] DEBUG: Schema\Builder: Entity AuthToken
[2026-02-11 12:52:16] DEBUG: Schema\Builder: Entity AuthenticationProvider
[2026-02-11 12:52:16] DEBUG: Schema\Builder: Entity Autofollow
[2026-02-11 12:52:16] DEBUG: Schema\Builder: Entity Currency
[2026-02-11 12:52:16] DEBUG: Schema\Builder: Entity DashboardTemplate
[2026-02-11 12:52:16] DEBUG: Schema\Builder: Entity Email
[2026-02-11 12:52:16] DEBUG: Schema\Builder: Entity EmailAccount
[2026-02-11 12:52:16] DEBUG: Schema\Builder: Entity EmailAddress
[2026-02-11 12:52:16] DEBUG: Schema\Builder: Entity EmailFilter
[2026-02-11 12:52:16] DEBUG: Schema\Builder: Entity EmailFolder
[2026-02-11 12:52:16] DEBUG: Schema\Builder: Entity EmailTemplate
[2026-02-11 12:52:16] DEBUG: Schema\Builder: Entity EmailTemplateCategory
[2026-02-11 12:52:16] DEBUG: Schema\Builder: Entity Export
[2026-02-11 12:52:16] DEBUG: Schema\Builder: Entity Extension
[2026-02-11 12:52:16] DEBUG: Schema\Builder: Entity ExternalAccount
[2026-02-11 12:52:16] DEBUG: Schema\Builder: Entity GroupEmailFolder
[2026-02-11 12:52:16] DEBUG: Schema\Builder: Entity Import
[2026-02-11 12:52:16] DEBUG: Schema\Builder: Entity ImportEntity
[2026-02-11 12:52:16] DEBUG: Schema\Builder: Entity ImportError
[2026-02-11 12:52:16] DEBUG: Schema\Builder: Entity InboundEmail
[2026-02-11 12:52:16] DEBUG: Schema\Builder: Entity Integration
[2026-02-11 12:52:16] DEBUG: Schema\Builder: Entity Job
[2026-02-11 12:52:16] DEBUG: Schema\Builder: Entity KanbanOrder
[2026-02-11 12:52:16] DEBUG: Schema\Builder: Entity LayoutRecord
[2026-02-11 12:52:16] DEBUG: Schema\Builder: Entity LayoutSet
[2026-02-11 12:52:16] DEBUG: Schema\Builder: Entity LeadCapture
[2026-02-11 12:52:16] DEBUG: Schema\Builder: Entity LeadCaptureLogRecord
[2026-02-11 12:52:16] DEBUG: Schema\Builder: Entity MassAction
[2026-02-11 12:52:16] DEBUG: Schema\Builder: Entity NextNumber
[2026-02-11 12:52:16] DEBUG: Schema\Builder: Entity Note
[2026-02-11 12:52:16] DEBUG: Schema\Builder: Entity Notification
[2026-02-11 12:52:16] DEBUG: Schema\Builder: Entity OAuthAccount
[2026-02-11 12:52:16] DEBUG: Schema\Builder: Entity OAuthProvider
[2026-02-11 12:52:16] DEBUG: Schema\Builder: Entity PasswordChangeRequest
[2026-02-11 12:52:16] DEBUG: Schema\Builder: Entity PhoneNumber
[2026-02-11 12:52:16] DEBUG: Schema\Builder: Entity Portal
[2026-02-11 12:52:16] DEBUG: Schema\Builder: Entity PortalRole
[2026-02-11 12:52:16] DEBUG: Schema\Builder: Entity Preferences
[2026-02-11 12:52:16] DEBUG: Schema\Builder: Entity Role
[2026-02-11 12:52:16] DEBUG: Schema\Builder: Entity ScheduledJob
[2026-02-11 12:52:16] DEBUG: Schema\Builder: Entity ScheduledJobLogRecord
[2026-02-11 12:52:16] DEBUG: Schema\Builder: Entity Sms
[2026-02-11 12:52:16] DEBUG: Schema\Builder: Entity StarSubscription
[2026-02-11 12:52:16] DEBUG: Schema\Builder: Entity StreamSubscription
[2026-02-11 12:52:16] DEBUG: Schema\Builder: Entity SystemData
[2026-02-11 12:52:16] DEBUG: Schema\Builder: Entity Team
[2026-02-11 12:52:16] DEBUG: Schema\Builder: Entity Template
[2026-02-11 12:52:16] DEBUG: Schema\Builder: Entity TwoFactorCode
[2026-02-11 12:52:16] DEBUG: Schema\Builder: Entity UniqueId
[2026-02-11 12:52:16] DEBUG: Schema\Builder: Entity User
[2026-02-11 12:52:16] DEBUG: Schema\Builder: Entity UserData
[2026-02-11 12:52:16] DEBUG: Schema\Builder: Entity UserReaction
[2026-02-11 12:52:16] DEBUG: Schema\Builder: Entity Webhook
[2026-02-11 12:52:16] DEBUG: Schema\Builder: Entity WebhookEventQueueItem
[2026-02-11 12:52:16] DEBUG: Schema\Builder: Entity WebhookQueueItem
[2026-02-11 12:52:16] DEBUG: Schema\Builder: Entity WorkingTimeCalendar
[2026-02-11 12:52:16] DEBUG: Schema\Builder: Entity WorkingTimeRange
[2026-02-11 12:52:16] DEBUG: Schema\Builder: Entity Account
[2026-02-11 12:52:16] DEBUG: Schema\Builder: Entity Call
[2026-02-11 12:52:16] DEBUG: Schema\Builder: Entity Campaign
[2026-02-11 12:52:16] DEBUG: Schema\Builder: Entity CampaignLogRecord
[2026-02-11 12:52:16] DEBUG: Schema\Builder: Entity CampaignTrackingUrl
[2026-02-11 12:52:16] DEBUG: Schema\Builder: Entity Case
[2026-02-11 12:52:16] DEBUG: Schema\Builder: Entity Contact
[2026-02-11 12:52:16] DEBUG: Schema\Builder: Entity Document
[2026-02-11 12:52:16] DEBUG: Schema\Builder: Entity DocumentFolder
[2026-02-11 12:52:16] DEBUG: Schema\Builder: Entity EmailQueueItem
[2026-02-11 12:52:16] DEBUG: Schema\Builder: Entity KnowledgeBaseArticle
[2026-02-11 12:52:16] DEBUG: Schema\Builder: Entity KnowledgeBaseCategory
[2026-02-11 12:52:16] DEBUG: Schema\Builder: Entity Lead
[2026-02-11 12:52:16] DEBUG: Schema\Builder: Entity MassEmail
[2026-02-11 12:52:16] DEBUG: Schema\Builder: Entity Meeting
[2026-02-11 12:52:16] DEBUG: Schema\Builder: Entity Opportunity
[2026-02-11 12:52:16] DEBUG: Schema\Builder: Entity Reminder
[2026-02-11 12:52:16] DEBUG: Schema\Builder: Entity Target
[2026-02-11 12:52:16] DEBUG: Schema\Builder: Entity TargetList
[2026-02-11 12:52:16] DEBUG: Schema\Builder: Entity TargetListCategory
[2026-02-11 12:52:16] DEBUG: Schema\Builder: Entity Task
[2026-02-11 12:52:16] DEBUG: Schema\Builder: Entity CADHAR
[2026-02-11 12:52:16] DEBUG: Schema\Builder: Entity CAttendanceRecord
[2026-02-11 12:52:16] DEBUG: Schema\Builder: Entity CBanks
[2026-02-11 12:52:16] DEBUG: Schema\Builder: Entity CCity
[2026-02-11 12:52:16] DEBUG: Schema\Builder: Entity CContactType
[2026-02-11 12:52:16] DEBUG: Schema\Builder: Entity CCountry
[2026-02-11 12:52:16] DEBUG: Schema\Builder: Entity CDepartment
[2026-02-11 12:52:16] DEBUG: Schema\Builder: Entity CDependantRelation
[2026-02-11 12:52:16] DEBUG: Schema\Builder: Entity CDocumentType
[2026-02-11 12:52:16] DEBUG: Schema\Builder: Entity CDrivingLicense
[2026-02-11 12:52:16] DEBUG: Schema\Builder: Entity CEmployee
[2026-02-11 12:52:16] DEBUG: Schema\Builder: Entity CEmployeeAddress
[2026-02-11 12:52:16] DEBUG: Schema\Builder: Entity CEmployeeBank
[2026-02-11 12:52:16] DEBUG: Schema\Builder: Entity CEmployeeContact
[2026-02-11 12:52:16] DEBUG: Schema\Builder: Entity CEmployeeDependent
[2026-02-11 12:52:16] DEBUG: Schema\Builder: Entity CEmployeeDocuments
[2026-02-11 12:52:16] DEBUG: Schema\Builder: Entity CEmployeePastExperience
[2026-02-11 12:52:16] DEBUG: Schema\Builder: Entity CPanCard
[2026-02-11 12:52:16] DEBUG: Schema\Builder: Entity CPassport
[2026-02-11 12:52:16] DEBUG: Schema\Builder: Entity CState
[2026-02-11 12:52:16] DEBUG: Schema\Builder: Entity CVoterIdCard
[2026-02-11 12:52:16] DEBUG: Schema\Builder: Entity CWorkRole
[2026-02-11 12:52:16] DEBUG: Schema\Builder: Entity EmailTemplateCategoryPath
[2026-02-11 12:52:16] DEBUG: Schema\Builder: Entity DocumentFolderPath
[2026-02-11 12:52:16] DEBUG: Schema\Builder: Entity KnowledgeBaseCategoryPath
[2026-02-11 12:52:16] DEBUG: Schema\Builder: Entity TargetListCategoryPath
[2026-02-11 12:52:16] DEBUG: Schema\Builder: ManyMany for Email.emailAccounts
[2026-02-11 12:52:16] DEBUG: Schema\Builder: ManyMany for Email.inboundEmails
[2026-02-11 12:52:16] DEBUG: Schema\Builder: ManyMany for Email.replyToEmailAddresses
[2026-02-11 12:52:16] DEBUG: Schema\Builder: ManyMany for Email.users
[2026-02-11 12:52:16] DEBUG: Schema\Builder: ManyMany for Email.assignedUsers
[2026-02-11 12:52:16] DEBUG: Schema\Builder: ManyMany for Email.teams
[2026-02-11 12:52:16] DEBUG: Schema\Builder: ManyMany for GroupEmailFolder.teams
[2026-02-11 12:52:16] DEBUG: Schema\Builder: ManyMany for InboundEmail.teams
[2026-02-11 12:52:16] DEBUG: Schema\Builder: ManyMany for Note.users
[2026-02-11 12:52:16] DEBUG: Schema\Builder: ManyMany for Note.portals
[2026-02-11 12:52:16] DEBUG: Schema\Builder: ManyMany for Note.teams
[2026-02-11 12:52:16] DEBUG: Schema\Builder: ManyMany for Portal.articles
[2026-02-11 12:52:16] DEBUG: Schema\Builder: ManyMany for Portal.portalRoles
[2026-02-11 12:52:16] DEBUG: Schema\Builder: ManyMany for Portal.users
[2026-02-11 12:52:16] DEBUG: Schema\Builder: ManyMany for PortalRole.users
[2026-02-11 12:52:16] DEBUG: Schema\Builder: ManyMany for Role.teams
[2026-02-11 12:52:16] DEBUG: Schema\Builder: ManyMany for Role.users
[2026-02-11 12:52:16] DEBUG: Schema\Builder: ManyMany for Sms.toPhoneNumbers
[2026-02-11 12:52:16] DEBUG: Schema\Builder: ManyMany for Team.users
[2026-02-11 12:52:16] DEBUG: Schema\Builder: ManyMany for User.emailAddresses
[2026-02-11 12:52:16] DEBUG: Schema\Builder: ManyMany for User.phoneNumbers
[2026-02-11 12:52:16] DEBUG: Schema\Builder: ManyMany for User.targetLists
[2026-02-11 12:52:16] DEBUG: Schema\Builder: ManyMany for User.accounts
[2026-02-11 12:52:16] DEBUG: Schema\Builder: ManyMany for User.calls
[2026-02-11 12:52:16] DEBUG: Schema\Builder: ManyMany for User.meetings
[2026-02-11 12:52:16] DEBUG: Schema\Builder: ManyMany for User.workingTimeRanges
[2026-02-11 12:52:16] DEBUG: Schema\Builder: ManyMany for WorkingTimeCalendar.ranges
[2026-02-11 12:52:16] DEBUG: Schema\Builder: ManyMany for Account.portalUsers
[2026-02-11 12:52:16] DEBUG: Schema\Builder: Table [account_portal_user] exists.
[2026-02-11 12:52:16] DEBUG: Schema\Builder: ManyMany for Account.targetLists
[2026-02-11 12:52:16] DEBUG: Schema\Builder: ManyMany for Account.documents
[2026-02-11 12:52:16] DEBUG: Schema\Builder: ManyMany for Account.contacts
[2026-02-11 12:52:16] DEBUG: Schema\Builder: ManyMany for Call.leads
[2026-02-11 12:52:16] DEBUG: Schema\Builder: ManyMany for Call.contacts
[2026-02-11 12:52:16] DEBUG: Schema\Builder: ManyMany for Campaign.excludingTargetLists
[2026-02-11 12:52:16] DEBUG: Schema\Builder: ManyMany for Campaign.targetLists
[2026-02-11 12:52:16] DEBUG: Schema\Builder: ManyMany for Case.articles
[2026-02-11 12:52:16] DEBUG: Schema\Builder: ManyMany for Case.contacts
[2026-02-11 12:52:16] DEBUG: Schema\Builder: ManyMany for Contact.documents
[2026-02-11 12:52:16] DEBUG: Schema\Builder: ManyMany for Contact.targetLists
[2026-02-11 12:52:16] DEBUG: Schema\Builder: ManyMany for Contact.meetings
[2026-02-11 12:52:16] DEBUG: Schema\Builder: ManyMany for Contact.opportunities
[2026-02-11 12:52:16] DEBUG: Schema\Builder: ManyMany for Document.leads
[2026-02-11 12:52:16] DEBUG: Schema\Builder: ManyMany for Document.opportunities
[2026-02-11 12:52:16] DEBUG: Schema\Builder: ManyMany for KnowledgeBaseArticle.categories
[2026-02-11 12:52:16] DEBUG: Schema\Builder: ManyMany for Lead.targetLists
[2026-02-11 12:52:16] DEBUG: Schema\Builder: ManyMany for Lead.meetings
[2026-02-11 12:52:16] DEBUG: Schema\Builder: ManyMany for MassEmail.excludingTargetLists
[2026-02-11 12:52:16] DEBUG: Schema\Builder: ManyMany for MassEmail.targetLists
[2026-02-11 12:52:16] DEBUG: Schema\Builder - End
[2026-02-11 12:54:23] DEBUG: Schema\Builder - Start
[2026-02-11 12:54:23] DEBUG: Schema\Builder: Entity ActionHistoryRecord
[2026-02-11 12:54:23] DEBUG: Schema\Builder: Entity AddressCountry
[2026-02-11 12:54:23] DEBUG: Schema\Builder: Entity AppLogRecord
[2026-02-11 12:54:23] DEBUG: Schema\Builder: Entity AppSecret
[2026-02-11 12:54:23] DEBUG: Schema\Builder: Entity ArrayValue
[2026-02-11 12:54:23] DEBUG: Schema\Builder: Entity Attachment
[2026-02-11 12:54:23] DEBUG: Schema\Builder: Entity AuthLogRecord
[2026-02-11 12:54:23] DEBUG: Schema\Builder: Entity AuthToken
[2026-02-11 12:54:23] DEBUG: Schema\Builder: Entity AuthenticationProvider
[2026-02-11 12:54:23] DEBUG: Schema\Builder: Entity Autofollow
[2026-02-11 12:54:23] DEBUG: Schema\Builder: Entity Currency
[2026-02-11 12:54:23] DEBUG: Schema\Builder: Entity DashboardTemplate
[2026-02-11 12:54:23] DEBUG: Schema\Builder: Entity Email
[2026-02-11 12:54:23] DEBUG: Schema\Builder: Entity EmailAccount
[2026-02-11 12:54:23] DEBUG: Schema\Builder: Entity EmailAddress
[2026-02-11 12:54:23] DEBUG: Schema\Builder: Entity EmailFilter
[2026-02-11 12:54:23] DEBUG: Schema\Builder: Entity EmailFolder
[2026-02-11 12:54:23] DEBUG: Schema\Builder: Entity EmailTemplate
[2026-02-11 12:54:23] DEBUG: Schema\Builder: Entity EmailTemplateCategory
[2026-02-11 12:54:23] DEBUG: Schema\Builder: Entity Export
[2026-02-11 12:54:23] DEBUG: Schema\Builder: Entity Extension
[2026-02-11 12:54:23] DEBUG: Schema\Builder: Entity ExternalAccount
[2026-02-11 12:54:23] DEBUG: Schema\Builder: Entity GroupEmailFolder
[2026-02-11 12:54:23] DEBUG: Schema\Builder: Entity Import
[2026-02-11 12:54:23] DEBUG: Schema\Builder: Entity ImportEntity
[2026-02-11 12:54:23] DEBUG: Schema\Builder: Entity ImportError
[2026-02-11 12:54:23] DEBUG: Schema\Builder: Entity InboundEmail
[2026-02-11 12:54:23] DEBUG: Schema\Builder: Entity Integration
[2026-02-11 12:54:23] DEBUG: Schema\Builder: Entity Job
[2026-02-11 12:54:23] DEBUG: Schema\Builder: Entity KanbanOrder
[2026-02-11 12:54:23] DEBUG: Schema\Builder: Entity LayoutRecord
[2026-02-11 12:54:23] DEBUG: Schema\Builder: Entity LayoutSet
[2026-02-11 12:54:23] DEBUG: Schema\Builder: Entity LeadCapture
[2026-02-11 12:54:23] DEBUG: Schema\Builder: Entity LeadCaptureLogRecord
[2026-02-11 12:54:23] DEBUG: Schema\Builder: Entity MassAction
[2026-02-11 12:54:23] DEBUG: Schema\Builder: Entity NextNumber
[2026-02-11 12:54:23] DEBUG: Schema\Builder: Entity Note
[2026-02-11 12:54:23] DEBUG: Schema\Builder: Entity Notification
[2026-02-11 12:54:23] DEBUG: Schema\Builder: Entity OAuthAccount
[2026-02-11 12:54:23] DEBUG: Schema\Builder: Entity OAuthProvider
[2026-02-11 12:54:23] DEBUG: Schema\Builder: Entity PasswordChangeRequest
[2026-02-11 12:54:23] DEBUG: Schema\Builder: Entity PhoneNumber
[2026-02-11 12:54:23] DEBUG: Schema\Builder: Entity Portal
[2026-02-11 12:54:23] DEBUG: Schema\Builder: Entity PortalRole
[2026-02-11 12:54:23] DEBUG: Schema\Builder: Entity Preferences
[2026-02-11 12:54:23] DEBUG: Schema\Builder: Entity Role
[2026-02-11 12:54:23] DEBUG: Schema\Builder: Entity ScheduledJob
[2026-02-11 12:54:23] DEBUG: Schema\Builder: Entity ScheduledJobLogRecord
[2026-02-11 12:54:23] DEBUG: Schema\Builder: Entity Sms
[2026-02-11 12:54:23] DEBUG: Schema\Builder: Entity StarSubscription
[2026-02-11 12:54:23] DEBUG: Schema\Builder: Entity StreamSubscription
[2026-02-11 12:54:23] DEBUG: Schema\Builder: Entity SystemData
[2026-02-11 12:54:23] DEBUG: Schema\Builder: Entity Team
[2026-02-11 12:54:23] DEBUG: Schema\Builder: Entity Template
[2026-02-11 12:54:23] DEBUG: Schema\Builder: Entity TwoFactorCode
[2026-02-11 12:54:23] DEBUG: Schema\Builder: Entity UniqueId
[2026-02-11 12:54:23] DEBUG: Schema\Builder: Entity User
[2026-02-11 12:54:23] DEBUG: Schema\Builder: Entity UserData
[2026-02-11 12:54:23] DEBUG: Schema\Builder: Entity UserReaction
[2026-02-11 12:54:23] DEBUG: Schema\Builder: Entity Webhook
[2026-02-11 12:54:23] DEBUG: Schema\Builder: Entity WebhookEventQueueItem
[2026-02-11 12:54:23] DEBUG: Schema\Builder: Entity WebhookQueueItem
[2026-02-11 12:54:23] DEBUG: Schema\Builder: Entity WorkingTimeCalendar
[2026-02-11 12:54:23] DEBUG: Schema\Builder: Entity WorkingTimeRange
[2026-02-11 12:54:23] DEBUG: Schema\Builder: Entity Account
[2026-02-11 12:54:23] DEBUG: Schema\Builder: Entity Call
[2026-02-11 12:54:23] DEBUG: Schema\Builder: Entity Campaign
[2026-02-11 12:54:23] DEBUG: Schema\Builder: Entity CampaignLogRecord
[2026-02-11 12:54:23] DEBUG: Schema\Builder: Entity CampaignTrackingUrl
[2026-02-11 12:54:23] DEBUG: Schema\Builder: Entity Case
[2026-02-11 12:54:23] DEBUG: Schema\Builder: Entity Contact
[2026-02-11 12:54:23] DEBUG: Schema\Builder: Entity Document
[2026-02-11 12:54:23] DEBUG: Schema\Builder: Entity DocumentFolder
[2026-02-11 12:54:23] DEBUG: Schema\Builder: Entity EmailQueueItem
[2026-02-11 12:54:23] DEBUG: Schema\Builder: Entity KnowledgeBaseArticle
[2026-02-11 12:54:23] DEBUG: Schema\Builder: Entity KnowledgeBaseCategory
[2026-02-11 12:54:23] DEBUG: Schema\Builder: Entity Lead
[2026-02-11 12:54:23] DEBUG: Schema\Builder: Entity MassEmail
[2026-02-11 12:54:23] DEBUG: Schema\Builder: Entity Meeting
[2026-02-11 12:54:23] DEBUG: Schema\Builder: Entity Opportunity
[2026-02-11 12:54:23] DEBUG: Schema\Builder: Entity Reminder
[2026-02-11 12:54:23] DEBUG: Schema\Builder: Entity Target
[2026-02-11 12:54:23] DEBUG: Schema\Builder: Entity TargetList
[2026-02-11 12:54:23] DEBUG: Schema\Builder: Entity TargetListCategory
[2026-02-11 12:54:23] DEBUG: Schema\Builder: Entity Task
[2026-02-11 12:54:23] DEBUG: Schema\Builder: Entity CADHAR
[2026-02-11 12:54:23] DEBUG: Schema\Builder: Entity CAttendanceRecord
[2026-02-11 12:54:23] DEBUG: Schema\Builder: Entity CBanks
[2026-02-11 12:54:23] DEBUG: Schema\Builder: Entity CCity
[2026-02-11 12:54:23] DEBUG: Schema\Builder: Entity CContactType
[2026-02-11 12:54:23] DEBUG: Schema\Builder: Entity CCountry
[2026-02-11 12:54:23] DEBUG: Schema\Builder: Entity CDepartment
[2026-02-11 12:54:23] DEBUG: Schema\Builder: Entity CDependantRelation
[2026-02-11 12:54:23] DEBUG: Schema\Builder: Entity CDocumentType
[2026-02-11 12:54:23] DEBUG: Schema\Builder: Entity CDrivingLicense
[2026-02-11 12:54:23] DEBUG: Schema\Builder: Entity CEmployee
[2026-02-11 12:54:23] DEBUG: Schema\Builder: Entity CEmployeeAddress
[2026-02-11 12:54:23] DEBUG: Schema\Builder: Entity CEmployeeBank
[2026-02-11 12:54:23] DEBUG: Schema\Builder: Entity CEmployeeContact
[2026-02-11 12:54:23] DEBUG: Schema\Builder: Entity CEmployeeDependent
[2026-02-11 12:54:23] DEBUG: Schema\Builder: Entity CEmployeeDocuments
[2026-02-11 12:54:23] DEBUG: Schema\Builder: Entity CEmployeePastExperience
[2026-02-11 12:54:23] DEBUG: Schema\Builder: Entity CPanCard
[2026-02-11 12:54:23] DEBUG: Schema\Builder: Entity CPassport
[2026-02-11 12:54:23] DEBUG: Schema\Builder: Entity CState
[2026-02-11 12:54:23] DEBUG: Schema\Builder: Entity CVoterIdCard
[2026-02-11 12:54:23] DEBUG: Schema\Builder: Entity CWorkRole
[2026-02-11 12:54:23] DEBUG: Schema\Builder: Entity EmailTemplateCategoryPath
[2026-02-11 12:54:23] DEBUG: Schema\Builder: Entity DocumentFolderPath
[2026-02-11 12:54:23] DEBUG: Schema\Builder: Entity KnowledgeBaseCategoryPath
[2026-02-11 12:54:23] DEBUG: Schema\Builder: Entity TargetListCategoryPath
[2026-02-11 12:54:23] DEBUG: Schema\Builder: ManyMany for Email.emailAccounts
[2026-02-11 12:54:23] DEBUG: Schema\Builder: ManyMany for Email.inboundEmails
[2026-02-11 12:54:23] DEBUG: Schema\Builder: ManyMany for Email.replyToEmailAddresses
[2026-02-11 12:54:23] DEBUG: Schema\Builder: ManyMany for Email.users
[2026-02-11 12:54:23] DEBUG: Schema\Builder: ManyMany for Email.assignedUsers
[2026-02-11 12:54:23] DEBUG: Schema\Builder: ManyMany for Email.teams
[2026-02-11 12:54:23] DEBUG: Schema\Builder: ManyMany for GroupEmailFolder.teams
[2026-02-11 12:54:23] DEBUG: Schema\Builder: ManyMany for InboundEmail.teams
[2026-02-11 12:54:23] DEBUG: Schema\Builder: ManyMany for Note.users
[2026-02-11 12:54:23] DEBUG: Schema\Builder: ManyMany for Note.portals
[2026-02-11 12:54:23] DEBUG: Schema\Builder: ManyMany for Note.teams
[2026-02-11 12:54:23] DEBUG: Schema\Builder: ManyMany for Portal.articles
[2026-02-11 12:54:23] DEBUG: Schema\Builder: ManyMany for Portal.portalRoles
[2026-02-11 12:54:23] DEBUG: Schema\Builder: ManyMany for Portal.users
[2026-02-11 12:54:23] DEBUG: Schema\Builder: ManyMany for PortalRole.users
[2026-02-11 12:54:23] DEBUG: Schema\Builder: ManyMany for Role.teams
[2026-02-11 12:54:23] DEBUG: Schema\Builder: ManyMany for Role.users
[2026-02-11 12:54:23] DEBUG: Schema\Builder: ManyMany for Sms.toPhoneNumbers
[2026-02-11 12:54:23] DEBUG: Schema\Builder: ManyMany for Team.users
[2026-02-11 12:54:23] DEBUG: Schema\Builder: ManyMany for User.emailAddresses
[2026-02-11 12:54:23] DEBUG: Schema\Builder: ManyMany for User.phoneNumbers
[2026-02-11 12:54:23] DEBUG: Schema\Builder: ManyMany for User.targetLists
[2026-02-11 12:54:23] DEBUG: Schema\Builder: ManyMany for User.accounts
[2026-02-11 12:54:23] DEBUG: Schema\Builder: ManyMany for User.calls
[2026-02-11 12:54:23] DEBUG: Schema\Builder: ManyMany for User.meetings
[2026-02-11 12:54:23] DEBUG: Schema\Builder: ManyMany for User.workingTimeRanges
[2026-02-11 12:54:23] DEBUG: Schema\Builder: ManyMany for WorkingTimeCalendar.ranges
[2026-02-11 12:54:23] DEBUG: Schema\Builder: ManyMany for Account.portalUsers
[2026-02-11 12:54:23] DEBUG: Schema\Builder: Table [account_portal_user] exists.
[2026-02-11 12:54:23] DEBUG: Schema\Builder: ManyMany for Account.targetLists
[2026-02-11 12:54:23] DEBUG: Schema\Builder: ManyMany for Account.documents
[2026-02-11 12:54:23] DEBUG: Schema\Builder: ManyMany for Account.contacts
[2026-02-11 12:54:23] DEBUG: Schema\Builder: ManyMany for Call.leads
[2026-02-11 12:54:23] DEBUG: Schema\Builder: ManyMany for Call.contacts
[2026-02-11 12:54:23] DEBUG: Schema\Builder: ManyMany for Campaign.excludingTargetLists
[2026-02-11 12:54:23] DEBUG: Schema\Builder: ManyMany for Campaign.targetLists
[2026-02-11 12:54:23] DEBUG: Schema\Builder: ManyMany for Case.articles
[2026-02-11 12:54:23] DEBUG: Schema\Builder: ManyMany for Case.contacts
[2026-02-11 12:54:23] DEBUG: Schema\Builder: ManyMany for Contact.documents
[2026-02-11 12:54:23] DEBUG: Schema\Builder: ManyMany for Contact.targetLists
[2026-02-11 12:54:23] DEBUG: Schema\Builder: ManyMany for Contact.meetings
[2026-02-11 12:54:23] DEBUG: Schema\Builder: ManyMany for Contact.opportunities
[2026-02-11 12:54:23] DEBUG: Schema\Builder: ManyMany for Document.leads
[2026-02-11 12:54:23] DEBUG: Schema\Builder: ManyMany for Document.opportunities
[2026-02-11 12:54:23] DEBUG: Schema\Builder: ManyMany for KnowledgeBaseArticle.categories
[2026-02-11 12:54:23] DEBUG: Schema\Builder: ManyMany for Lead.targetLists
[2026-02-11 12:54:23] DEBUG: Schema\Builder: ManyMany for Lead.meetings
[2026-02-11 12:54:23] DEBUG: Schema\Builder: ManyMany for MassEmail.excludingTargetLists
[2026-02-11 12:54:23] DEBUG: Schema\Builder: ManyMany for MassEmail.targetLists
[2026-02-11 12:54:23] DEBUG: Schema\Builder - End
[2026-02-11 12:54:27] DEBUG: Schema\Builder - Start
[2026-02-11 12:54:27] DEBUG: Schema\Builder: Entity ActionHistoryRecord
[2026-02-11 12:54:27] DEBUG: Schema\Builder: Entity AddressCountry
[2026-02-11 12:54:27] DEBUG: Schema\Builder: Entity AppLogRecord
[2026-02-11 12:54:27] DEBUG: Schema\Builder: Entity AppSecret
[2026-02-11 12:54:27] DEBUG: Schema\Builder: Entity ArrayValue
[2026-02-11 12:54:27] DEBUG: Schema\Builder: Entity Attachment
[2026-02-11 12:54:27] DEBUG: Schema\Builder: Entity AuthLogRecord
[2026-02-11 12:54:27] DEBUG: Schema\Builder: Entity AuthToken
[2026-02-11 12:54:27] DEBUG: Schema\Builder: Entity AuthenticationProvider
[2026-02-11 12:54:27] DEBUG: Schema\Builder: Entity Autofollow
[2026-02-11 12:54:27] DEBUG: Schema\Builder: Entity Currency
[2026-02-11 12:54:27] DEBUG: Schema\Builder: Entity DashboardTemplate
[2026-02-11 12:54:27] DEBUG: Schema\Builder: Entity Email
[2026-02-11 12:54:27] DEBUG: Schema\Builder: Entity EmailAccount
[2026-02-11 12:54:27] DEBUG: Schema\Builder: Entity EmailAddress
[2026-02-11 12:54:27] DEBUG: Schema\Builder: Entity EmailFilter
[2026-02-11 12:54:27] DEBUG: Schema\Builder: Entity EmailFolder
[2026-02-11 12:54:27] DEBUG: Schema\Builder: Entity EmailTemplate
[2026-02-11 12:54:27] DEBUG: Schema\Builder: Entity EmailTemplateCategory
[2026-02-11 12:54:27] DEBUG: Schema\Builder: Entity Export
[2026-02-11 12:54:27] DEBUG: Schema\Builder: Entity Extension
[2026-02-11 12:54:27] DEBUG: Schema\Builder: Entity ExternalAccount
[2026-02-11 12:54:27] DEBUG: Schema\Builder: Entity GroupEmailFolder
[2026-02-11 12:54:27] DEBUG: Schema\Builder: Entity Import
[2026-02-11 12:54:27] DEBUG: Schema\Builder: Entity ImportEntity
[2026-02-11 12:54:27] DEBUG: Schema\Builder: Entity ImportError
[2026-02-11 12:54:27] DEBUG: Schema\Builder: Entity InboundEmail
[2026-02-11 12:54:27] DEBUG: Schema\Builder: Entity Integration
[2026-02-11 12:54:27] DEBUG: Schema\Builder: Entity Job
[2026-02-11 12:54:27] DEBUG: Schema\Builder: Entity KanbanOrder
[2026-02-11 12:54:27] DEBUG: Schema\Builder: Entity LayoutRecord
[2026-02-11 12:54:27] DEBUG: Schema\Builder: Entity LayoutSet
[2026-02-11 12:54:27] DEBUG: Schema\Builder: Entity LeadCapture
[2026-02-11 12:54:27] DEBUG: Schema\Builder: Entity LeadCaptureLogRecord
[2026-02-11 12:54:27] DEBUG: Schema\Builder: Entity MassAction
[2026-02-11 12:54:27] DEBUG: Schema\Builder: Entity NextNumber
[2026-02-11 12:54:27] DEBUG: Schema\Builder: Entity Note
[2026-02-11 12:54:27] DEBUG: Schema\Builder: Entity Notification
[2026-02-11 12:54:27] DEBUG: Schema\Builder: Entity OAuthAccount
[2026-02-11 12:54:27] DEBUG: Schema\Builder: Entity OAuthProvider
[2026-02-11 12:54:27] DEBUG: Schema\Builder: Entity PasswordChangeRequest
[2026-02-11 12:54:27] DEBUG: Schema\Builder: Entity PhoneNumber
[2026-02-11 12:54:27] DEBUG: Schema\Builder: Entity Portal
[2026-02-11 12:54:27] DEBUG: Schema\Builder: Entity PortalRole
[2026-02-11 12:54:27] DEBUG: Schema\Builder: Entity Preferences
[2026-02-11 12:54:27] DEBUG: Schema\Builder: Entity Role
[2026-02-11 12:54:27] DEBUG: Schema\Builder: Entity ScheduledJob
[2026-02-11 12:54:27] DEBUG: Schema\Builder: Entity ScheduledJobLogRecord
[2026-02-11 12:54:27] DEBUG: Schema\Builder: Entity Sms
[2026-02-11 12:54:27] DEBUG: Schema\Builder: Entity StarSubscription
[2026-02-11 12:54:27] DEBUG: Schema\Builder: Entity StreamSubscription
[2026-02-11 12:54:27] DEBUG: Schema\Builder: Entity SystemData
[2026-02-11 12:54:27] DEBUG: Schema\Builder: Entity Team
[2026-02-11 12:54:27] DEBUG: Schema\Builder: Entity Template
[2026-02-11 12:54:27] DEBUG: Schema\Builder: Entity TwoFactorCode
[2026-02-11 12:54:27] DEBUG: Schema\Builder: Entity UniqueId
[2026-02-11 12:54:27] DEBUG: Schema\Builder: Entity User
[2026-02-11 12:54:27] DEBUG: Schema\Builder: Entity UserData
[2026-02-11 12:54:27] DEBUG: Schema\Builder: Entity UserReaction
[2026-02-11 12:54:27] DEBUG: Schema\Builder: Entity Webhook
[2026-02-11 12:54:27] DEBUG: Schema\Builder: Entity WebhookEventQueueItem
[2026-02-11 12:54:27] DEBUG: Schema\Builder: Entity WebhookQueueItem
[2026-02-11 12:54:27] DEBUG: Schema\Builder: Entity WorkingTimeCalendar
[2026-02-11 12:54:27] DEBUG: Schema\Builder: Entity WorkingTimeRange
[2026-02-11 12:54:27] DEBUG: Schema\Builder: Entity Account
[2026-02-11 12:54:27] DEBUG: Schema\Builder: Entity Call
[2026-02-11 12:54:27] DEBUG: Schema\Builder: Entity Campaign
[2026-02-11 12:54:27] DEBUG: Schema\Builder: Entity CampaignLogRecord
[2026-02-11 12:54:27] DEBUG: Schema\Builder: Entity CampaignTrackingUrl
[2026-02-11 12:54:27] DEBUG: Schema\Builder: Entity Case
[2026-02-11 12:54:27] DEBUG: Schema\Builder: Entity Contact
[2026-02-11 12:54:27] DEBUG: Schema\Builder: Entity Document
[2026-02-11 12:54:27] DEBUG: Schema\Builder: Entity DocumentFolder
[2026-02-11 12:54:27] DEBUG: Schema\Builder: Entity EmailQueueItem
[2026-02-11 12:54:27] DEBUG: Schema\Builder: Entity KnowledgeBaseArticle
[2026-02-11 12:54:27] DEBUG: Schema\Builder: Entity KnowledgeBaseCategory
[2026-02-11 12:54:27] DEBUG: Schema\Builder: Entity Lead
[2026-02-11 12:54:27] DEBUG: Schema\Builder: Entity MassEmail
[2026-02-11 12:54:27] DEBUG: Schema\Builder: Entity Meeting
[2026-02-11 12:54:27] DEBUG: Schema\Builder: Entity Opportunity
[2026-02-11 12:54:27] DEBUG: Schema\Builder: Entity Reminder
[2026-02-11 12:54:27] DEBUG: Schema\Builder: Entity Target
[2026-02-11 12:54:27] DEBUG: Schema\Builder: Entity TargetList
[2026-02-11 12:54:27] DEBUG: Schema\Builder: Entity TargetListCategory
[2026-02-11 12:54:27] DEBUG: Schema\Builder: Entity Task
[2026-02-11 12:54:27] DEBUG: Schema\Builder: Entity CADHAR
[2026-02-11 12:54:27] DEBUG: Schema\Builder: Entity CAttendanceRecord
[2026-02-11 12:54:27] DEBUG: Schema\Builder: Entity CBanks
[2026-02-11 12:54:27] DEBUG: Schema\Builder: Entity CCity
[2026-02-11 12:54:27] DEBUG: Schema\Builder: Entity CContactType
[2026-02-11 12:54:27] DEBUG: Schema\Builder: Entity CCountry
[2026-02-11 12:54:27] DEBUG: Schema\Builder: Entity CDepartment
[2026-02-11 12:54:27] DEBUG: Schema\Builder: Entity CDependantRelation
[2026-02-11 12:54:27] DEBUG: Schema\Builder: Entity CDocumentType
[2026-02-11 12:54:27] DEBUG: Schema\Builder: Entity CDrivingLicense
[2026-02-11 12:54:27] DEBUG: Schema\Builder: Entity CEmployee
[2026-02-11 12:54:27] DEBUG: Schema\Builder: Entity CEmployeeAddress
[2026-02-11 12:54:27] DEBUG: Schema\Builder: Entity CEmployeeBank
[2026-02-11 12:54:27] DEBUG: Schema\Builder: Entity CEmployeeContact
[2026-02-11 12:54:27] DEBUG: Schema\Builder: Entity CEmployeeDependent
[2026-02-11 12:54:27] DEBUG: Schema\Builder: Entity CEmployeeDocuments
[2026-02-11 12:54:27] DEBUG: Schema\Builder: Entity CEmployeePastExperience
[2026-02-11 12:54:27] DEBUG: Schema\Builder: Entity CPanCard
[2026-02-11 12:54:27] DEBUG: Schema\Builder: Entity CPassport
[2026-02-11 12:54:27] DEBUG: Schema\Builder: Entity CState
[2026-02-11 12:54:27] DEBUG: Schema\Builder: Entity CVoterIdCard
[2026-02-11 12:54:27] DEBUG: Schema\Builder: Entity CWorkRole
[2026-02-11 12:54:27] DEBUG: Schema\Builder: Entity EmailTemplateCategoryPath
[2026-02-11 12:54:27] DEBUG: Schema\Builder: Entity DocumentFolderPath
[2026-02-11 12:54:27] DEBUG: Schema\Builder: Entity KnowledgeBaseCategoryPath
[2026-02-11 12:54:27] DEBUG: Schema\Builder: Entity TargetListCategoryPath
[2026-02-11 12:54:27] DEBUG: Schema\Builder: ManyMany for Email.emailAccounts
[2026-02-11 12:54:27] DEBUG: Schema\Builder: ManyMany for Email.inboundEmails
[2026-02-11 12:54:27] DEBUG: Schema\Builder: ManyMany for Email.replyToEmailAddresses
[2026-02-11 12:54:27] DEBUG: Schema\Builder: ManyMany for Email.users
[2026-02-11 12:54:27] DEBUG: Schema\Builder: ManyMany for Email.assignedUsers
[2026-02-11 12:54:27] DEBUG: Schema\Builder: ManyMany for Email.teams
[2026-02-11 12:54:27] DEBUG: Schema\Builder: ManyMany for GroupEmailFolder.teams
[2026-02-11 12:54:27] DEBUG: Schema\Builder: ManyMany for InboundEmail.teams
[2026-02-11 12:54:27] DEBUG: Schema\Builder: ManyMany for Note.users
[2026-02-11 12:54:27] DEBUG: Schema\Builder: ManyMany for Note.portals
[2026-02-11 12:54:27] DEBUG: Schema\Builder: ManyMany for Note.teams
[2026-02-11 12:54:27] DEBUG: Schema\Builder: ManyMany for Portal.articles
[2026-02-11 12:54:27] DEBUG: Schema\Builder: ManyMany for Portal.portalRoles
[2026-02-11 12:54:27] DEBUG: Schema\Builder: ManyMany for Portal.users
[2026-02-11 12:54:27] DEBUG: Schema\Builder: ManyMany for PortalRole.users
[2026-02-11 12:54:27] DEBUG: Schema\Builder: ManyMany for Role.teams
[2026-02-11 12:54:27] DEBUG: Schema\Builder: ManyMany for Role.users
[2026-02-11 12:54:27] DEBUG: Schema\Builder: ManyMany for Sms.toPhoneNumbers
[2026-02-11 12:54:27] DEBUG: Schema\Builder: ManyMany for Team.users
[2026-02-11 12:54:27] DEBUG: Schema\Builder: ManyMany for User.emailAddresses
[2026-02-11 12:54:27] DEBUG: Schema\Builder: ManyMany for User.phoneNumbers
[2026-02-11 12:54:27] DEBUG: Schema\Builder: ManyMany for User.targetLists
[2026-02-11 12:54:27] DEBUG: Schema\Builder: ManyMany for User.accounts
[2026-02-11 12:54:27] DEBUG: Schema\Builder: ManyMany for User.calls
[2026-02-11 12:54:27] DEBUG: Schema\Builder: ManyMany for User.meetings
[2026-02-11 12:54:27] DEBUG: Schema\Builder: ManyMany for User.workingTimeRanges
[2026-02-11 12:54:27] DEBUG: Schema\Builder: ManyMany for WorkingTimeCalendar.ranges
[2026-02-11 12:54:27] DEBUG: Schema\Builder: ManyMany for Account.portalUsers
[2026-02-11 12:54:27] DEBUG: Schema\Builder: Table [account_portal_user] exists.
[2026-02-11 12:54:27] DEBUG: Schema\Builder: ManyMany for Account.targetLists
[2026-02-11 12:54:27] DEBUG: Schema\Builder: ManyMany for Account.documents
[2026-02-11 12:54:27] DEBUG: Schema\Builder: ManyMany for Account.contacts
[2026-02-11 12:54:27] DEBUG: Schema\Builder: ManyMany for Call.leads
[2026-02-11 12:54:27] DEBUG: Schema\Builder: ManyMany for Call.contacts
[2026-02-11 12:54:27] DEBUG: Schema\Builder: ManyMany for Campaign.excludingTargetLists
[2026-02-11 12:54:27] DEBUG: Schema\Builder: ManyMany for Campaign.targetLists
[2026-02-11 12:54:27] DEBUG: Schema\Builder: ManyMany for Case.articles
[2026-02-11 12:54:27] DEBUG: Schema\Builder: ManyMany for Case.contacts
[2026-02-11 12:54:27] DEBUG: Schema\Builder: ManyMany for Contact.documents
[2026-02-11 12:54:27] DEBUG: Schema\Builder: ManyMany for Contact.targetLists
[2026-02-11 12:54:27] DEBUG: Schema\Builder: ManyMany for Contact.meetings
[2026-02-11 12:54:27] DEBUG: Schema\Builder: ManyMany for Contact.opportunities
[2026-02-11 12:54:27] DEBUG: Schema\Builder: ManyMany for Document.leads
[2026-02-11 12:54:27] DEBUG: Schema\Builder: ManyMany for Document.opportunities
[2026-02-11 12:54:27] DEBUG: Schema\Builder: ManyMany for KnowledgeBaseArticle.categories
[2026-02-11 12:54:27] DEBUG: Schema\Builder: ManyMany for Lead.targetLists
[2026-02-11 12:54:27] DEBUG: Schema\Builder: ManyMany for Lead.meetings
[2026-02-11 12:54:27] DEBUG: Schema\Builder: ManyMany for MassEmail.excludingTargetLists
[2026-02-11 12:54:27] DEBUG: Schema\Builder: ManyMany for MassEmail.targetLists
[2026-02-11 12:54:27] DEBUG: Schema\Builder - End
[2026-02-11 13:04:03] DEBUG: Schema\Builder - Start
[2026-02-11 13:04:03] DEBUG: Schema\Builder: Entity ActionHistoryRecord
[2026-02-11 13:04:03] DEBUG: Schema\Builder: Entity AddressCountry
[2026-02-11 13:04:03] DEBUG: Schema\Builder: Entity AppLogRecord
[2026-02-11 13:04:03] DEBUG: Schema\Builder: Entity AppSecret
[2026-02-11 13:04:03] DEBUG: Schema\Builder: Entity ArrayValue
[2026-02-11 13:04:03] DEBUG: Schema\Builder: Entity Attachment
[2026-02-11 13:04:03] DEBUG: Schema\Builder: Entity AuthLogRecord
[2026-02-11 13:04:03] DEBUG: Schema\Builder: Entity AuthToken
[2026-02-11 13:04:03] DEBUG: Schema\Builder: Entity AuthenticationProvider
[2026-02-11 13:04:03] DEBUG: Schema\Builder: Entity Autofollow
[2026-02-11 13:04:03] DEBUG: Schema\Builder: Entity Currency
[2026-02-11 13:04:03] DEBUG: Schema\Builder: Entity DashboardTemplate
[2026-02-11 13:04:03] DEBUG: Schema\Builder: Entity Email
[2026-02-11 13:04:03] DEBUG: Schema\Builder: Entity EmailAccount
[2026-02-11 13:04:03] DEBUG: Schema\Builder: Entity EmailAddress
[2026-02-11 13:04:03] DEBUG: Schema\Builder: Entity EmailFilter
[2026-02-11 13:04:03] DEBUG: Schema\Builder: Entity EmailFolder
[2026-02-11 13:04:03] DEBUG: Schema\Builder: Entity EmailTemplate
[2026-02-11 13:04:03] DEBUG: Schema\Builder: Entity EmailTemplateCategory
[2026-02-11 13:04:03] DEBUG: Schema\Builder: Entity Export
[2026-02-11 13:04:03] DEBUG: Schema\Builder: Entity Extension
[2026-02-11 13:04:03] DEBUG: Schema\Builder: Entity ExternalAccount
[2026-02-11 13:04:03] DEBUG: Schema\Builder: Entity GroupEmailFolder
[2026-02-11 13:04:03] DEBUG: Schema\Builder: Entity Import
[2026-02-11 13:04:03] DEBUG: Schema\Builder: Entity ImportEntity
[2026-02-11 13:04:03] DEBUG: Schema\Builder: Entity ImportError
[2026-02-11 13:04:03] DEBUG: Schema\Builder: Entity InboundEmail
[2026-02-11 13:04:03] DEBUG: Schema\Builder: Entity Integration
[2026-02-11 13:04:03] DEBUG: Schema\Builder: Entity Job
[2026-02-11 13:04:03] DEBUG: Schema\Builder: Entity KanbanOrder
[2026-02-11 13:04:03] DEBUG: Schema\Builder: Entity LayoutRecord
[2026-02-11 13:04:03] DEBUG: Schema\Builder: Entity LayoutSet
[2026-02-11 13:04:03] DEBUG: Schema\Builder: Entity LeadCapture
[2026-02-11 13:04:03] DEBUG: Schema\Builder: Entity LeadCaptureLogRecord
[2026-02-11 13:04:03] DEBUG: Schema\Builder: Entity MassAction
[2026-02-11 13:04:03] DEBUG: Schema\Builder: Entity NextNumber
[2026-02-11 13:04:03] DEBUG: Schema\Builder: Entity Note
[2026-02-11 13:04:03] DEBUG: Schema\Builder: Entity Notification
[2026-02-11 13:04:03] DEBUG: Schema\Builder: Entity OAuthAccount
[2026-02-11 13:04:03] DEBUG: Schema\Builder: Entity OAuthProvider
[2026-02-11 13:04:03] DEBUG: Schema\Builder: Entity PasswordChangeRequest
[2026-02-11 13:04:03] DEBUG: Schema\Builder: Entity PhoneNumber
[2026-02-11 13:04:03] DEBUG: Schema\Builder: Entity Portal
[2026-02-11 13:04:03] DEBUG: Schema\Builder: Entity PortalRole
[2026-02-11 13:04:03] DEBUG: Schema\Builder: Entity Preferences
[2026-02-11 13:04:03] DEBUG: Schema\Builder: Entity Role
[2026-02-11 13:04:03] DEBUG: Schema\Builder: Entity ScheduledJob
[2026-02-11 13:04:03] DEBUG: Schema\Builder: Entity ScheduledJobLogRecord
[2026-02-11 13:04:03] DEBUG: Schema\Builder: Entity Sms
[2026-02-11 13:04:03] DEBUG: Schema\Builder: Entity StarSubscription
[2026-02-11 13:04:03] DEBUG: Schema\Builder: Entity StreamSubscription
[2026-02-11 13:04:03] DEBUG: Schema\Builder: Entity SystemData
[2026-02-11 13:04:03] DEBUG: Schema\Builder: Entity Team
[2026-02-11 13:04:03] DEBUG: Schema\Builder: Entity Template
[2026-02-11 13:04:03] DEBUG: Schema\Builder: Entity TwoFactorCode
[2026-02-11 13:04:03] DEBUG: Schema\Builder: Entity UniqueId
[2026-02-11 13:04:03] DEBUG: Schema\Builder: Entity User
[2026-02-11 13:04:03] DEBUG: Schema\Builder: Entity UserData
[2026-02-11 13:04:03] DEBUG: Schema\Builder: Entity UserReaction
[2026-02-11 13:04:03] DEBUG: Schema\Builder: Entity Webhook
[2026-02-11 13:04:03] DEBUG: Schema\Builder: Entity WebhookEventQueueItem
[2026-02-11 13:04:03] DEBUG: Schema\Builder: Entity WebhookQueueItem
[2026-02-11 13:04:03] DEBUG: Schema\Builder: Entity WorkingTimeCalendar
[2026-02-11 13:04:03] DEBUG: Schema\Builder: Entity WorkingTimeRange
[2026-02-11 13:04:03] DEBUG: Schema\Builder: Entity Account
[2026-02-11 13:04:03] DEBUG: Schema\Builder: Entity Call
[2026-02-11 13:04:03] DEBUG: Schema\Builder: Entity Campaign
[2026-02-11 13:04:03] DEBUG: Schema\Builder: Entity CampaignLogRecord
[2026-02-11 13:04:03] DEBUG: Schema\Builder: Entity CampaignTrackingUrl
[2026-02-11 13:04:03] DEBUG: Schema\Builder: Entity Case
[2026-02-11 13:04:03] DEBUG: Schema\Builder: Entity Contact
[2026-02-11 13:04:03] DEBUG: Schema\Builder: Entity Document
[2026-02-11 13:04:03] DEBUG: Schema\Builder: Entity DocumentFolder
[2026-02-11 13:04:03] DEBUG: Schema\Builder: Entity EmailQueueItem
[2026-02-11 13:04:03] DEBUG: Schema\Builder: Entity KnowledgeBaseArticle
[2026-02-11 13:04:03] DEBUG: Schema\Builder: Entity KnowledgeBaseCategory
[2026-02-11 13:04:03] DEBUG: Schema\Builder: Entity Lead
[2026-02-11 13:04:03] DEBUG: Schema\Builder: Entity MassEmail
[2026-02-11 13:04:03] DEBUG: Schema\Builder: Entity Meeting
[2026-02-11 13:04:03] DEBUG: Schema\Builder: Entity Opportunity
[2026-02-11 13:04:03] DEBUG: Schema\Builder: Entity Reminder
[2026-02-11 13:04:03] DEBUG: Schema\Builder: Entity Target
[2026-02-11 13:04:03] DEBUG: Schema\Builder: Entity TargetList
[2026-02-11 13:04:03] DEBUG: Schema\Builder: Entity TargetListCategory
[2026-02-11 13:04:03] DEBUG: Schema\Builder: Entity Task
[2026-02-11 13:04:03] DEBUG: Schema\Builder: Entity CADHAR
[2026-02-11 13:04:03] DEBUG: Schema\Builder: Entity CAttendanceRecord
[2026-02-11 13:04:03] DEBUG: Schema\Builder: Entity CBanks
[2026-02-11 13:04:03] DEBUG: Schema\Builder: Entity CCity
[2026-02-11 13:04:03] DEBUG: Schema\Builder: Entity CContactType
[2026-02-11 13:04:03] DEBUG: Schema\Builder: Entity CCountry
[2026-02-11 13:04:03] DEBUG: Schema\Builder: Entity CDepartment
[2026-02-11 13:04:03] DEBUG: Schema\Builder: Entity CDependantRelation
[2026-02-11 13:04:03] DEBUG: Schema\Builder: Entity CDocumentType
[2026-02-11 13:04:03] DEBUG: Schema\Builder: Entity CDrivingLicense
[2026-02-11 13:04:03] DEBUG: Schema\Builder: Entity CEmployee
[2026-02-11 13:04:03] DEBUG: Schema\Builder: Entity CEmployeeAddress
[2026-02-11 13:04:03] DEBUG: Schema\Builder: Entity CEmployeeBank
[2026-02-11 13:04:03] DEBUG: Schema\Builder: Entity CEmployeeContact
[2026-02-11 13:04:03] DEBUG: Schema\Builder: Entity CEmployeeDependent
[2026-02-11 13:04:03] DEBUG: Schema\Builder: Entity CEmployeeDocuments
[2026-02-11 13:04:03] DEBUG: Schema\Builder: Entity CEmployeePastExperience
[2026-02-11 13:04:03] DEBUG: Schema\Builder: Entity CPanCard
[2026-02-11 13:04:03] DEBUG: Schema\Builder: Entity CPassport
[2026-02-11 13:04:03] DEBUG: Schema\Builder: Entity CState
[2026-02-11 13:04:03] DEBUG: Schema\Builder: Entity CVoterIdCard
[2026-02-11 13:04:03] DEBUG: Schema\Builder: Entity CWorkRole
[2026-02-11 13:04:03] DEBUG: Schema\Builder: Entity EmailTemplateCategoryPath
[2026-02-11 13:04:03] DEBUG: Schema\Builder: Entity DocumentFolderPath
[2026-02-11 13:04:03] DEBUG: Schema\Builder: Entity KnowledgeBaseCategoryPath
[2026-02-11 13:04:03] DEBUG: Schema\Builder: Entity TargetListCategoryPath
[2026-02-11 13:04:03] DEBUG: Schema\Builder: ManyMany for Email.emailAccounts
[2026-02-11 13:04:03] DEBUG: Schema\Builder: ManyMany for Email.inboundEmails
[2026-02-11 13:04:03] DEBUG: Schema\Builder: ManyMany for Email.replyToEmailAddresses
[2026-02-11 13:04:03] DEBUG: Schema\Builder: ManyMany for Email.users
[2026-02-11 13:04:03] DEBUG: Schema\Builder: ManyMany for Email.assignedUsers
[2026-02-11 13:04:03] DEBUG: Schema\Builder: ManyMany for Email.teams
[2026-02-11 13:04:03] DEBUG: Schema\Builder: ManyMany for GroupEmailFolder.teams
[2026-02-11 13:04:03] DEBUG: Schema\Builder: ManyMany for InboundEmail.teams
[2026-02-11 13:04:03] DEBUG: Schema\Builder: ManyMany for Note.users
[2026-02-11 13:04:03] DEBUG: Schema\Builder: ManyMany for Note.portals
[2026-02-11 13:04:03] DEBUG: Schema\Builder: ManyMany for Note.teams
[2026-02-11 13:04:03] DEBUG: Schema\Builder: ManyMany for Portal.articles
[2026-02-11 13:04:03] DEBUG: Schema\Builder: ManyMany for Portal.portalRoles
[2026-02-11 13:04:03] DEBUG: Schema\Builder: ManyMany for Portal.users
[2026-02-11 13:04:03] DEBUG: Schema\Builder: ManyMany for PortalRole.users
[2026-02-11 13:04:03] DEBUG: Schema\Builder: ManyMany for Role.teams
[2026-02-11 13:04:03] DEBUG: Schema\Builder: ManyMany for Role.users
[2026-02-11 13:04:03] DEBUG: Schema\Builder: ManyMany for Sms.toPhoneNumbers
[2026-02-11 13:04:03] DEBUG: Schema\Builder: ManyMany for Team.users
[2026-02-11 13:04:03] DEBUG: Schema\Builder: ManyMany for User.emailAddresses
[2026-02-11 13:04:03] DEBUG: Schema\Builder: ManyMany for User.phoneNumbers
[2026-02-11 13:04:03] DEBUG: Schema\Builder: ManyMany for User.targetLists
[2026-02-11 13:04:03] DEBUG: Schema\Builder: ManyMany for User.accounts
[2026-02-11 13:04:03] DEBUG: Schema\Builder: ManyMany for User.calls
[2026-02-11 13:04:03] DEBUG: Schema\Builder: ManyMany for User.meetings
[2026-02-11 13:04:03] DEBUG: Schema\Builder: ManyMany for User.workingTimeRanges
[2026-02-11 13:04:03] DEBUG: Schema\Builder: ManyMany for WorkingTimeCalendar.ranges
[2026-02-11 13:04:03] DEBUG: Schema\Builder: ManyMany for Account.portalUsers
[2026-02-11 13:04:03] DEBUG: Schema\Builder: Table [account_portal_user] exists.
[2026-02-11 13:04:03] DEBUG: Schema\Builder: ManyMany for Account.targetLists
[2026-02-11 13:04:03] DEBUG: Schema\Builder: ManyMany for Account.documents
[2026-02-11 13:04:03] DEBUG: Schema\Builder: ManyMany for Account.contacts
[2026-02-11 13:04:03] DEBUG: Schema\Builder: ManyMany for Call.leads
[2026-02-11 13:04:03] DEBUG: Schema\Builder: ManyMany for Call.contacts
[2026-02-11 13:04:03] DEBUG: Schema\Builder: ManyMany for Campaign.excludingTargetLists
[2026-02-11 13:04:03] DEBUG: Schema\Builder: ManyMany for Campaign.targetLists
[2026-02-11 13:04:03] DEBUG: Schema\Builder: ManyMany for Case.articles
[2026-02-11 13:04:03] DEBUG: Schema\Builder: ManyMany for Case.contacts
[2026-02-11 13:04:03] DEBUG: Schema\Builder: ManyMany for Contact.documents
[2026-02-11 13:04:03] DEBUG: Schema\Builder: ManyMany for Contact.targetLists
[2026-02-11 13:04:03] DEBUG: Schema\Builder: ManyMany for Contact.meetings
[2026-02-11 13:04:03] DEBUG: Schema\Builder: ManyMany for Contact.opportunities
[2026-02-11 13:04:03] DEBUG: Schema\Builder: ManyMany for Document.leads
[2026-02-11 13:04:03] DEBUG: Schema\Builder: ManyMany for Document.opportunities
[2026-02-11 13:04:03] DEBUG: Schema\Builder: ManyMany for KnowledgeBaseArticle.categories
[2026-02-11 13:04:03] DEBUG: Schema\Builder: ManyMany for Lead.targetLists
[2026-02-11 13:04:03] DEBUG: Schema\Builder: ManyMany for Lead.meetings
[2026-02-11 13:04:03] DEBUG: Schema\Builder: ManyMany for MassEmail.excludingTargetLists
[2026-02-11 13:04:03] DEBUG: Schema\Builder: ManyMany for MassEmail.targetLists
[2026-02-11 13:04:03] DEBUG: Schema\Builder - End
[2026-02-11 13:06:32] DEBUG: Schema\Builder - Start
[2026-02-11 13:06:32] DEBUG: Schema\Builder: Entity ActionHistoryRecord
[2026-02-11 13:06:32] DEBUG: Schema\Builder: Entity AddressCountry
[2026-02-11 13:06:32] DEBUG: Schema\Builder: Entity AppLogRecord
[2026-02-11 13:06:32] DEBUG: Schema\Builder: Entity AppSecret
[2026-02-11 13:06:32] DEBUG: Schema\Builder: Entity ArrayValue
[2026-02-11 13:06:32] DEBUG: Schema\Builder: Entity Attachment
[2026-02-11 13:06:32] DEBUG: Schema\Builder: Entity AuthLogRecord
[2026-02-11 13:06:32] DEBUG: Schema\Builder: Entity AuthToken
[2026-02-11 13:06:32] DEBUG: Schema\Builder: Entity AuthenticationProvider
[2026-02-11 13:06:32] DEBUG: Schema\Builder: Entity Autofollow
[2026-02-11 13:06:32] DEBUG: Schema\Builder: Entity Currency
[2026-02-11 13:06:32] DEBUG: Schema\Builder: Entity DashboardTemplate
[2026-02-11 13:06:32] DEBUG: Schema\Builder: Entity Email
[2026-02-11 13:06:32] DEBUG: Schema\Builder: Entity EmailAccount
[2026-02-11 13:06:32] DEBUG: Schema\Builder: Entity EmailAddress
[2026-02-11 13:06:32] DEBUG: Schema\Builder: Entity EmailFilter
[2026-02-11 13:06:32] DEBUG: Schema\Builder: Entity EmailFolder
[2026-02-11 13:06:32] DEBUG: Schema\Builder: Entity EmailTemplate
[2026-02-11 13:06:32] DEBUG: Schema\Builder: Entity EmailTemplateCategory
[2026-02-11 13:06:32] DEBUG: Schema\Builder: Entity Export
[2026-02-11 13:06:32] DEBUG: Schema\Builder: Entity Extension
[2026-02-11 13:06:32] DEBUG: Schema\Builder: Entity ExternalAccount
[2026-02-11 13:06:32] DEBUG: Schema\Builder: Entity GroupEmailFolder
[2026-02-11 13:06:32] DEBUG: Schema\Builder: Entity Import
[2026-02-11 13:06:32] DEBUG: Schema\Builder: Entity ImportEntity
[2026-02-11 13:06:32] DEBUG: Schema\Builder: Entity ImportError
[2026-02-11 13:06:32] DEBUG: Schema\Builder: Entity InboundEmail
[2026-02-11 13:06:32] DEBUG: Schema\Builder: Entity Integration
[2026-02-11 13:06:32] DEBUG: Schema\Builder: Entity Job
[2026-02-11 13:06:32] DEBUG: Schema\Builder: Entity KanbanOrder
[2026-02-11 13:06:32] DEBUG: Schema\Builder: Entity LayoutRecord
[2026-02-11 13:06:32] DEBUG: Schema\Builder: Entity LayoutSet
[2026-02-11 13:06:32] DEBUG: Schema\Builder: Entity LeadCapture
[2026-02-11 13:06:32] DEBUG: Schema\Builder: Entity LeadCaptureLogRecord
[2026-02-11 13:06:32] DEBUG: Schema\Builder: Entity MassAction
[2026-02-11 13:06:32] DEBUG: Schema\Builder: Entity NextNumber
[2026-02-11 13:06:32] DEBUG: Schema\Builder: Entity Note
[2026-02-11 13:06:32] DEBUG: Schema\Builder: Entity Notification
[2026-02-11 13:06:32] DEBUG: Schema\Builder: Entity OAuthAccount
[2026-02-11 13:06:32] DEBUG: Schema\Builder: Entity OAuthProvider
[2026-02-11 13:06:32] DEBUG: Schema\Builder: Entity PasswordChangeRequest
[2026-02-11 13:06:32] DEBUG: Schema\Builder: Entity PhoneNumber
[2026-02-11 13:06:32] DEBUG: Schema\Builder: Entity Portal
[2026-02-11 13:06:32] DEBUG: Schema\Builder: Entity PortalRole
[2026-02-11 13:06:32] DEBUG: Schema\Builder: Entity Preferences
[2026-02-11 13:06:32] DEBUG: Schema\Builder: Entity Role
[2026-02-11 13:06:32] DEBUG: Schema\Builder: Entity ScheduledJob
[2026-02-11 13:06:32] DEBUG: Schema\Builder: Entity ScheduledJobLogRecord
[2026-02-11 13:06:32] DEBUG: Schema\Builder: Entity Sms
[2026-02-11 13:06:32] DEBUG: Schema\Builder: Entity StarSubscription
[2026-02-11 13:06:32] DEBUG: Schema\Builder: Entity StreamSubscription
[2026-02-11 13:06:32] DEBUG: Schema\Builder: Entity SystemData
[2026-02-11 13:06:32] DEBUG: Schema\Builder: Entity Team
[2026-02-11 13:06:32] DEBUG: Schema\Builder: Entity Template
[2026-02-11 13:06:32] DEBUG: Schema\Builder: Entity TwoFactorCode
[2026-02-11 13:06:32] DEBUG: Schema\Builder: Entity UniqueId
[2026-02-11 13:06:32] DEBUG: Schema\Builder: Entity User
[2026-02-11 13:06:32] DEBUG: Schema\Builder: Entity UserData
[2026-02-11 13:06:32] DEBUG: Schema\Builder: Entity UserReaction
[2026-02-11 13:06:32] DEBUG: Schema\Builder: Entity Webhook
[2026-02-11 13:06:32] DEBUG: Schema\Builder: Entity WebhookEventQueueItem
[2026-02-11 13:06:32] DEBUG: Schema\Builder: Entity WebhookQueueItem
[2026-02-11 13:06:32] DEBUG: Schema\Builder: Entity WorkingTimeCalendar
[2026-02-11 13:06:32] DEBUG: Schema\Builder: Entity WorkingTimeRange
[2026-02-11 13:06:32] DEBUG: Schema\Builder: Entity Account
[2026-02-11 13:06:32] DEBUG: Schema\Builder: Entity Call
[2026-02-11 13:06:32] DEBUG: Schema\Builder: Entity Campaign
[2026-02-11 13:06:32] DEBUG: Schema\Builder: Entity CampaignLogRecord
[2026-02-11 13:06:32] DEBUG: Schema\Builder: Entity CampaignTrackingUrl
[2026-02-11 13:06:32] DEBUG: Schema\Builder: Entity Case
[2026-02-11 13:06:32] DEBUG: Schema\Builder: Entity Contact
[2026-02-11 13:06:32] DEBUG: Schema\Builder: Entity Document
[2026-02-11 13:06:32] DEBUG: Schema\Builder: Entity DocumentFolder
[2026-02-11 13:06:32] DEBUG: Schema\Builder: Entity EmailQueueItem
[2026-02-11 13:06:32] DEBUG: Schema\Builder: Entity KnowledgeBaseArticle
[2026-02-11 13:06:32] DEBUG: Schema\Builder: Entity KnowledgeBaseCategory
[2026-02-11 13:06:32] DEBUG: Schema\Builder: Entity Lead
[2026-02-11 13:06:32] DEBUG: Schema\Builder: Entity MassEmail
[2026-02-11 13:06:32] DEBUG: Schema\Builder: Entity Meeting
[2026-02-11 13:06:32] DEBUG: Schema\Builder: Entity Opportunity
[2026-02-11 13:06:32] DEBUG: Schema\Builder: Entity Reminder
[2026-02-11 13:06:32] DEBUG: Schema\Builder: Entity Target
[2026-02-11 13:06:32] DEBUG: Schema\Builder: Entity TargetList
[2026-02-11 13:06:32] DEBUG: Schema\Builder: Entity TargetListCategory
[2026-02-11 13:06:32] DEBUG: Schema\Builder: Entity Task
[2026-02-11 13:06:32] DEBUG: Schema\Builder: Entity CADHAR
[2026-02-11 13:06:32] DEBUG: Schema\Builder: Entity CAttendanceRecord
[2026-02-11 13:06:32] DEBUG: Schema\Builder: Entity CBanks
[2026-02-11 13:06:32] DEBUG: Schema\Builder: Entity CCity
[2026-02-11 13:06:32] DEBUG: Schema\Builder: Entity CContactType
[2026-02-11 13:06:32] DEBUG: Schema\Builder: Entity CCountry
[2026-02-11 13:06:32] DEBUG: Schema\Builder: Entity CDepartment
[2026-02-11 13:06:32] DEBUG: Schema\Builder: Entity CDependantRelation
[2026-02-11 13:06:32] DEBUG: Schema\Builder: Entity CDocumentType
[2026-02-11 13:06:32] DEBUG: Schema\Builder: Entity CDrivingLicense
[2026-02-11 13:06:32] DEBUG: Schema\Builder: Entity CEmployee
[2026-02-11 13:06:32] DEBUG: Schema\Builder: Entity CEmployeeAddress
[2026-02-11 13:06:32] DEBUG: Schema\Builder: Entity CEmployeeBank
[2026-02-11 13:06:32] DEBUG: Schema\Builder: Entity CEmployeeContact
[2026-02-11 13:06:32] DEBUG: Schema\Builder: Entity CEmployeeDependent
[2026-02-11 13:06:32] DEBUG: Schema\Builder: Entity CEmployeeDocuments
[2026-02-11 13:06:32] DEBUG: Schema\Builder: Entity CEmployeePastExperience
[2026-02-11 13:06:32] DEBUG: Schema\Builder: Entity CPanCard
[2026-02-11 13:06:32] DEBUG: Schema\Builder: Entity CPassport
[2026-02-11 13:06:32] DEBUG: Schema\Builder: Entity CState
[2026-02-11 13:06:32] DEBUG: Schema\Builder: Entity CVoterIdCard
[2026-02-11 13:06:32] DEBUG: Schema\Builder: Entity CWorkRole
[2026-02-11 13:06:32] DEBUG: Schema\Builder: Entity EmailTemplateCategoryPath
[2026-02-11 13:06:32] DEBUG: Schema\Builder: Entity DocumentFolderPath
[2026-02-11 13:06:32] DEBUG: Schema\Builder: Entity KnowledgeBaseCategoryPath
[2026-02-11 13:06:32] DEBUG: Schema\Builder: Entity TargetListCategoryPath
[2026-02-11 13:06:32] DEBUG: Schema\Builder: ManyMany for Email.emailAccounts
[2026-02-11 13:06:32] DEBUG: Schema\Builder: ManyMany for Email.inboundEmails
[2026-02-11 13:06:32] DEBUG: Schema\Builder: ManyMany for Email.replyToEmailAddresses
[2026-02-11 13:06:32] DEBUG: Schema\Builder: ManyMany for Email.users
[2026-02-11 13:06:32] DEBUG: Schema\Builder: ManyMany for Email.assignedUsers
[2026-02-11 13:06:32] DEBUG: Schema\Builder: ManyMany for Email.teams
[2026-02-11 13:06:32] DEBUG: Schema\Builder: ManyMany for GroupEmailFolder.teams
[2026-02-11 13:06:32] DEBUG: Schema\Builder: ManyMany for InboundEmail.teams
[2026-02-11 13:06:32] DEBUG: Schema\Builder: ManyMany for Note.users
[2026-02-11 13:06:32] DEBUG: Schema\Builder: ManyMany for Note.portals
[2026-02-11 13:06:32] DEBUG: Schema\Builder: ManyMany for Note.teams
[2026-02-11 13:06:32] DEBUG: Schema\Builder: ManyMany for Portal.articles
[2026-02-11 13:06:32] DEBUG: Schema\Builder: ManyMany for Portal.portalRoles
[2026-02-11 13:06:32] DEBUG: Schema\Builder: ManyMany for Portal.users
[2026-02-11 13:06:32] DEBUG: Schema\Builder: ManyMany for PortalRole.users
[2026-02-11 13:06:32] DEBUG: Schema\Builder: ManyMany for Role.teams
[2026-02-11 13:06:32] DEBUG: Schema\Builder: ManyMany for Role.users
[2026-02-11 13:06:32] DEBUG: Schema\Builder: ManyMany for Sms.toPhoneNumbers
[2026-02-11 13:06:32] DEBUG: Schema\Builder: ManyMany for Team.users
[2026-02-11 13:06:32] DEBUG: Schema\Builder: ManyMany for User.emailAddresses
[2026-02-11 13:06:32] DEBUG: Schema\Builder: ManyMany for User.phoneNumbers
[2026-02-11 13:06:32] DEBUG: Schema\Builder: ManyMany for User.targetLists
[2026-02-11 13:06:32] DEBUG: Schema\Builder: ManyMany for User.accounts
[2026-02-11 13:06:32] DEBUG: Schema\Builder: ManyMany for User.calls
[2026-02-11 13:06:32] DEBUG: Schema\Builder: ManyMany for User.meetings
[2026-02-11 13:06:32] DEBUG: Schema\Builder: ManyMany for User.workingTimeRanges
[2026-02-11 13:06:32] DEBUG: Schema\Builder: ManyMany for WorkingTimeCalendar.ranges
[2026-02-11 13:06:32] DEBUG: Schema\Builder: ManyMany for Account.portalUsers
[2026-02-11 13:06:32] DEBUG: Schema\Builder: Table [account_portal_user] exists.
[2026-02-11 13:06:32] DEBUG: Schema\Builder: ManyMany for Account.targetLists
[2026-02-11 13:06:32] DEBUG: Schema\Builder: ManyMany for Account.documents
[2026-02-11 13:06:32] DEBUG: Schema\Builder: ManyMany for Account.contacts
[2026-02-11 13:06:32] DEBUG: Schema\Builder: ManyMany for Call.leads
[2026-02-11 13:06:32] DEBUG: Schema\Builder: ManyMany for Call.contacts
[2026-02-11 13:06:32] DEBUG: Schema\Builder: ManyMany for Campaign.excludingTargetLists
[2026-02-11 13:06:32] DEBUG: Schema\Builder: ManyMany for Campaign.targetLists
[2026-02-11 13:06:32] DEBUG: Schema\Builder: ManyMany for Case.articles
[2026-02-11 13:06:32] DEBUG: Schema\Builder: ManyMany for Case.contacts
[2026-02-11 13:06:32] DEBUG: Schema\Builder: ManyMany for Contact.documents
[2026-02-11 13:06:32] DEBUG: Schema\Builder: ManyMany for Contact.targetLists
[2026-02-11 13:06:32] DEBUG: Schema\Builder: ManyMany for Contact.meetings
[2026-02-11 13:06:32] DEBUG: Schema\Builder: ManyMany for Contact.opportunities
[2026-02-11 13:06:32] DEBUG: Schema\Builder: ManyMany for Document.leads
[2026-02-11 13:06:32] DEBUG: Schema\Builder: ManyMany for Document.opportunities
[2026-02-11 13:06:32] DEBUG: Schema\Builder: ManyMany for KnowledgeBaseArticle.categories
[2026-02-11 13:06:32] DEBUG: Schema\Builder: ManyMany for Lead.targetLists
[2026-02-11 13:06:32] DEBUG: Schema\Builder: ManyMany for Lead.meetings
[2026-02-11 13:06:32] DEBUG: Schema\Builder: ManyMany for MassEmail.excludingTargetLists
[2026-02-11 13:06:32] DEBUG: Schema\Builder: ManyMany for MassEmail.targetLists
[2026-02-11 13:06:32] DEBUG: Schema\Builder - End
[2026-02-11 13:10:50] DEBUG: Schema\Builder - Start
[2026-02-11 13:10:50] DEBUG: Schema\Builder: Entity ActionHistoryRecord
[2026-02-11 13:10:50] DEBUG: Schema\Builder: Entity AddressCountry
[2026-02-11 13:10:50] DEBUG: Schema\Builder: Entity AppLogRecord
[2026-02-11 13:10:50] DEBUG: Schema\Builder: Entity AppSecret
[2026-02-11 13:10:50] DEBUG: Schema\Builder: Entity ArrayValue
[2026-02-11 13:10:50] DEBUG: Schema\Builder: Entity Attachment
[2026-02-11 13:10:50] DEBUG: Schema\Builder: Entity AuthLogRecord
[2026-02-11 13:10:50] DEBUG: Schema\Builder: Entity AuthToken
[2026-02-11 13:10:50] DEBUG: Schema\Builder: Entity AuthenticationProvider
[2026-02-11 13:10:50] DEBUG: Schema\Builder: Entity Autofollow
[2026-02-11 13:10:50] DEBUG: Schema\Builder: Entity Currency
[2026-02-11 13:10:50] DEBUG: Schema\Builder: Entity DashboardTemplate
[2026-02-11 13:10:50] DEBUG: Schema\Builder: Entity Email
[2026-02-11 13:10:50] DEBUG: Schema\Builder: Entity EmailAccount
[2026-02-11 13:10:50] DEBUG: Schema\Builder: Entity EmailAddress
[2026-02-11 13:10:50] DEBUG: Schema\Builder: Entity EmailFilter
[2026-02-11 13:10:50] DEBUG: Schema\Builder: Entity EmailFolder
[2026-02-11 13:10:50] DEBUG: Schema\Builder: Entity EmailTemplate
[2026-02-11 13:10:50] DEBUG: Schema\Builder: Entity EmailTemplateCategory
[2026-02-11 13:10:50] DEBUG: Schema\Builder: Entity Export
[2026-02-11 13:10:50] DEBUG: Schema\Builder: Entity Extension
[2026-02-11 13:10:50] DEBUG: Schema\Builder: Entity ExternalAccount
[2026-02-11 13:10:50] DEBUG: Schema\Builder: Entity GroupEmailFolder
[2026-02-11 13:10:50] DEBUG: Schema\Builder: Entity Import
[2026-02-11 13:10:50] DEBUG: Schema\Builder: Entity ImportEntity
[2026-02-11 13:10:50] DEBUG: Schema\Builder: Entity ImportError
[2026-02-11 13:10:50] DEBUG: Schema\Builder: Entity InboundEmail
[2026-02-11 13:10:50] DEBUG: Schema\Builder: Entity Integration
[2026-02-11 13:10:50] DEBUG: Schema\Builder: Entity Job
[2026-02-11 13:10:50] DEBUG: Schema\Builder: Entity KanbanOrder
[2026-02-11 13:10:50] DEBUG: Schema\Builder: Entity LayoutRecord
[2026-02-11 13:10:50] DEBUG: Schema\Builder: Entity LayoutSet
[2026-02-11 13:10:50] DEBUG: Schema\Builder: Entity LeadCapture
[2026-02-11 13:10:50] DEBUG: Schema\Builder: Entity LeadCaptureLogRecord
[2026-02-11 13:10:50] DEBUG: Schema\Builder: Entity MassAction
[2026-02-11 13:10:50] DEBUG: Schema\Builder: Entity NextNumber
[2026-02-11 13:10:50] DEBUG: Schema\Builder: Entity Note
[2026-02-11 13:10:50] DEBUG: Schema\Builder: Entity Notification
[2026-02-11 13:10:50] DEBUG: Schema\Builder: Entity OAuthAccount
[2026-02-11 13:10:50] DEBUG: Schema\Builder: Entity OAuthProvider
[2026-02-11 13:10:50] DEBUG: Schema\Builder: Entity PasswordChangeRequest
[2026-02-11 13:10:50] DEBUG: Schema\Builder: Entity PhoneNumber
[2026-02-11 13:10:50] DEBUG: Schema\Builder: Entity Portal
[2026-02-11 13:10:50] DEBUG: Schema\Builder: Entity PortalRole
[2026-02-11 13:10:50] DEBUG: Schema\Builder: Entity Preferences
[2026-02-11 13:10:50] DEBUG: Schema\Builder: Entity Role
[2026-02-11 13:10:50] DEBUG: Schema\Builder: Entity ScheduledJob
[2026-02-11 13:10:50] DEBUG: Schema\Builder: Entity ScheduledJobLogRecord
[2026-02-11 13:10:50] DEBUG: Schema\Builder: Entity Sms
[2026-02-11 13:10:50] DEBUG: Schema\Builder: Entity StarSubscription
[2026-02-11 13:10:50] DEBUG: Schema\Builder: Entity StreamSubscription
[2026-02-11 13:10:50] DEBUG: Schema\Builder: Entity SystemData
[2026-02-11 13:10:50] DEBUG: Schema\Builder: Entity Team
[2026-02-11 13:10:50] DEBUG: Schema\Builder: Entity Template
[2026-02-11 13:10:50] DEBUG: Schema\Builder: Entity TwoFactorCode
[2026-02-11 13:10:50] DEBUG: Schema\Builder: Entity UniqueId
[2026-02-11 13:10:50] DEBUG: Schema\Builder: Entity User
[2026-02-11 13:10:50] DEBUG: Schema\Builder: Entity UserData
[2026-02-11 13:10:50] DEBUG: Schema\Builder: Entity UserReaction
[2026-02-11 13:10:50] DEBUG: Schema\Builder: Entity Webhook
[2026-02-11 13:10:50] DEBUG: Schema\Builder: Entity WebhookEventQueueItem
[2026-02-11 13:10:50] DEBUG: Schema\Builder: Entity WebhookQueueItem
[2026-02-11 13:10:50] DEBUG: Schema\Builder: Entity WorkingTimeCalendar
[2026-02-11 13:10:50] DEBUG: Schema\Builder: Entity WorkingTimeRange
[2026-02-11 13:10:50] DEBUG: Schema\Builder: Entity Account
[2026-02-11 13:10:50] DEBUG: Schema\Builder: Entity Call
[2026-02-11 13:10:50] DEBUG: Schema\Builder: Entity Campaign
[2026-02-11 13:10:50] DEBUG: Schema\Builder: Entity CampaignLogRecord
[2026-02-11 13:10:50] DEBUG: Schema\Builder: Entity CampaignTrackingUrl
[2026-02-11 13:10:50] DEBUG: Schema\Builder: Entity Case
[2026-02-11 13:10:50] DEBUG: Schema\Builder: Entity Contact
[2026-02-11 13:10:50] DEBUG: Schema\Builder: Entity Document
[2026-02-11 13:10:50] DEBUG: Schema\Builder: Entity DocumentFolder
[2026-02-11 13:10:50] DEBUG: Schema\Builder: Entity EmailQueueItem
[2026-02-11 13:10:50] DEBUG: Schema\Builder: Entity KnowledgeBaseArticle
[2026-02-11 13:10:50] DEBUG: Schema\Builder: Entity KnowledgeBaseCategory
[2026-02-11 13:10:50] DEBUG: Schema\Builder: Entity Lead
[2026-02-11 13:10:50] DEBUG: Schema\Builder: Entity MassEmail
[2026-02-11 13:10:50] DEBUG: Schema\Builder: Entity Meeting
[2026-02-11 13:10:50] DEBUG: Schema\Builder: Entity Opportunity
[2026-02-11 13:10:50] DEBUG: Schema\Builder: Entity Reminder
[2026-02-11 13:10:50] DEBUG: Schema\Builder: Entity Target
[2026-02-11 13:10:50] DEBUG: Schema\Builder: Entity TargetList
[2026-02-11 13:10:50] DEBUG: Schema\Builder: Entity TargetListCategory
[2026-02-11 13:10:50] DEBUG: Schema\Builder: Entity Task
[2026-02-11 13:10:50] DEBUG: Schema\Builder: Entity CADHAR
[2026-02-11 13:10:50] DEBUG: Schema\Builder: Entity CAttendanceRecord
[2026-02-11 13:10:50] DEBUG: Schema\Builder: Entity CBanks
[2026-02-11 13:10:50] DEBUG: Schema\Builder: Entity CCity
[2026-02-11 13:10:50] DEBUG: Schema\Builder: Entity CContactType
[2026-02-11 13:10:50] DEBUG: Schema\Builder: Entity CCountry
[2026-02-11 13:10:50] DEBUG: Schema\Builder: Entity CDepartment
[2026-02-11 13:10:50] DEBUG: Schema\Builder: Entity CDependantRelation
[2026-02-11 13:10:50] DEBUG: Schema\Builder: Entity CDocumentType
[2026-02-11 13:10:50] DEBUG: Schema\Builder: Entity CDrivingLicense
[2026-02-11 13:10:50] DEBUG: Schema\Builder: Entity CEmployee
[2026-02-11 13:10:50] DEBUG: Schema\Builder: Entity CEmployeeAddress
[2026-02-11 13:10:50] DEBUG: Schema\Builder: Entity CEmployeeBank
[2026-02-11 13:10:50] DEBUG: Schema\Builder: Entity CEmployeeContact
[2026-02-11 13:10:50] DEBUG: Schema\Builder: Entity CEmployeeDependent
[2026-02-11 13:10:50] DEBUG: Schema\Builder: Entity CEmployeeDocuments
[2026-02-11 13:10:50] DEBUG: Schema\Builder: Entity CEmployeePastExperience
[2026-02-11 13:10:50] DEBUG: Schema\Builder: Entity CPanCard
[2026-02-11 13:10:50] DEBUG: Schema\Builder: Entity CPassport
[2026-02-11 13:10:50] DEBUG: Schema\Builder: Entity CState
[2026-02-11 13:10:50] DEBUG: Schema\Builder: Entity CVoterIdCard
[2026-02-11 13:10:50] DEBUG: Schema\Builder: Entity CWorkRole
[2026-02-11 13:10:50] DEBUG: Schema\Builder: Entity EmailTemplateCategoryPath
[2026-02-11 13:10:50] DEBUG: Schema\Builder: Entity DocumentFolderPath
[2026-02-11 13:10:50] DEBUG: Schema\Builder: Entity KnowledgeBaseCategoryPath
[2026-02-11 13:10:50] DEBUG: Schema\Builder: Entity TargetListCategoryPath
[2026-02-11 13:10:50] DEBUG: Schema\Builder: ManyMany for Email.emailAccounts
[2026-02-11 13:10:50] DEBUG: Schema\Builder: ManyMany for Email.inboundEmails
[2026-02-11 13:10:50] DEBUG: Schema\Builder: ManyMany for Email.replyToEmailAddresses
[2026-02-11 13:10:50] DEBUG: Schema\Builder: ManyMany for Email.users
[2026-02-11 13:10:50] DEBUG: Schema\Builder: ManyMany for Email.assignedUsers
[2026-02-11 13:10:50] DEBUG: Schema\Builder: ManyMany for Email.teams
[2026-02-11 13:10:50] DEBUG: Schema\Builder: ManyMany for GroupEmailFolder.teams
[2026-02-11 13:10:50] DEBUG: Schema\Builder: ManyMany for InboundEmail.teams
[2026-02-11 13:10:50] DEBUG: Schema\Builder: ManyMany for Note.users
[2026-02-11 13:10:50] DEBUG: Schema\Builder: ManyMany for Note.portals
[2026-02-11 13:10:50] DEBUG: Schema\Builder: ManyMany for Note.teams
[2026-02-11 13:10:50] DEBUG: Schema\Builder: ManyMany for Portal.articles
[2026-02-11 13:10:50] DEBUG: Schema\Builder: ManyMany for Portal.portalRoles
[2026-02-11 13:10:50] DEBUG: Schema\Builder: ManyMany for Portal.users
[2026-02-11 13:10:50] DEBUG: Schema\Builder: ManyMany for PortalRole.users
[2026-02-11 13:10:50] DEBUG: Schema\Builder: ManyMany for Role.teams
[2026-02-11 13:10:50] DEBUG: Schema\Builder: ManyMany for Role.users
[2026-02-11 13:10:50] DEBUG: Schema\Builder: ManyMany for Sms.toPhoneNumbers
[2026-02-11 13:10:50] DEBUG: Schema\Builder: ManyMany for Team.users
[2026-02-11 13:10:50] DEBUG: Schema\Builder: ManyMany for User.emailAddresses
[2026-02-11 13:10:50] DEBUG: Schema\Builder: ManyMany for User.phoneNumbers
[2026-02-11 13:10:50] DEBUG: Schema\Builder: ManyMany for User.targetLists
[2026-02-11 13:10:50] DEBUG: Schema\Builder: ManyMany for User.accounts
[2026-02-11 13:10:50] DEBUG: Schema\Builder: ManyMany for User.calls
[2026-02-11 13:10:50] DEBUG: Schema\Builder: ManyMany for User.meetings
[2026-02-11 13:10:50] DEBUG: Schema\Builder: ManyMany for User.workingTimeRanges
[2026-02-11 13:10:50] DEBUG: Schema\Builder: ManyMany for WorkingTimeCalendar.ranges
[2026-02-11 13:10:50] DEBUG: Schema\Builder: ManyMany for Account.portalUsers
[2026-02-11 13:10:50] DEBUG: Schema\Builder: Table [account_portal_user] exists.
[2026-02-11 13:10:50] DEBUG: Schema\Builder: ManyMany for Account.targetLists
[2026-02-11 13:10:50] DEBUG: Schema\Builder: ManyMany for Account.documents
[2026-02-11 13:10:50] DEBUG: Schema\Builder: ManyMany for Account.contacts
[2026-02-11 13:10:50] DEBUG: Schema\Builder: ManyMany for Call.leads
[2026-02-11 13:10:50] DEBUG: Schema\Builder: ManyMany for Call.contacts
[2026-02-11 13:10:50] DEBUG: Schema\Builder: ManyMany for Campaign.excludingTargetLists
[2026-02-11 13:10:50] DEBUG: Schema\Builder: ManyMany for Campaign.targetLists
[2026-02-11 13:10:50] DEBUG: Schema\Builder: ManyMany for Case.articles
[2026-02-11 13:10:50] DEBUG: Schema\Builder: ManyMany for Case.contacts
[2026-02-11 13:10:50] DEBUG: Schema\Builder: ManyMany for Contact.documents
[2026-02-11 13:10:50] DEBUG: Schema\Builder: ManyMany for Contact.targetLists
[2026-02-11 13:10:50] DEBUG: Schema\Builder: ManyMany for Contact.meetings
[2026-02-11 13:10:50] DEBUG: Schema\Builder: ManyMany for Contact.opportunities
[2026-02-11 13:10:50] DEBUG: Schema\Builder: ManyMany for Document.leads
[2026-02-11 13:10:50] DEBUG: Schema\Builder: ManyMany for Document.opportunities
[2026-02-11 13:10:50] DEBUG: Schema\Builder: ManyMany for KnowledgeBaseArticle.categories
[2026-02-11 13:10:50] DEBUG: Schema\Builder: ManyMany for Lead.targetLists
[2026-02-11 13:10:50] DEBUG: Schema\Builder: ManyMany for Lead.meetings
[2026-02-11 13:10:50] DEBUG: Schema\Builder: ManyMany for MassEmail.excludingTargetLists
[2026-02-11 13:10:50] DEBUG: Schema\Builder: ManyMany for MassEmail.targetLists
[2026-02-11 13:10:50] DEBUG: Schema\Builder - End
[2026-02-11 13:12:52] DEBUG: Schema\Builder - Start
[2026-02-11 13:12:52] DEBUG: Schema\Builder: Entity ActionHistoryRecord
[2026-02-11 13:12:52] DEBUG: Schema\Builder: Entity AddressCountry
[2026-02-11 13:12:52] DEBUG: Schema\Builder: Entity AppLogRecord
[2026-02-11 13:12:52] DEBUG: Schema\Builder: Entity AppSecret
[2026-02-11 13:12:52] DEBUG: Schema\Builder: Entity ArrayValue
[2026-02-11 13:12:52] DEBUG: Schema\Builder: Entity Attachment
[2026-02-11 13:12:52] DEBUG: Schema\Builder: Entity AuthLogRecord
[2026-02-11 13:12:52] DEBUG: Schema\Builder: Entity AuthToken
[2026-02-11 13:12:52] DEBUG: Schema\Builder: Entity AuthenticationProvider
[2026-02-11 13:12:52] DEBUG: Schema\Builder: Entity Autofollow
[2026-02-11 13:12:52] DEBUG: Schema\Builder: Entity Currency
[2026-02-11 13:12:52] DEBUG: Schema\Builder: Entity DashboardTemplate
[2026-02-11 13:12:52] DEBUG: Schema\Builder: Entity Email
[2026-02-11 13:12:52] DEBUG: Schema\Builder: Entity EmailAccount
[2026-02-11 13:12:52] DEBUG: Schema\Builder: Entity EmailAddress
[2026-02-11 13:12:52] DEBUG: Schema\Builder: Entity EmailFilter
[2026-02-11 13:12:52] DEBUG: Schema\Builder: Entity EmailFolder
[2026-02-11 13:12:52] DEBUG: Schema\Builder: Entity EmailTemplate
[2026-02-11 13:12:52] DEBUG: Schema\Builder: Entity EmailTemplateCategory
[2026-02-11 13:12:52] DEBUG: Schema\Builder: Entity Export
[2026-02-11 13:12:52] DEBUG: Schema\Builder: Entity Extension
[2026-02-11 13:12:52] DEBUG: Schema\Builder: Entity ExternalAccount
[2026-02-11 13:12:52] DEBUG: Schema\Builder: Entity GroupEmailFolder
[2026-02-11 13:12:52] DEBUG: Schema\Builder: Entity Import
[2026-02-11 13:12:52] DEBUG: Schema\Builder: Entity ImportEntity
[2026-02-11 13:12:52] DEBUG: Schema\Builder: Entity ImportError
[2026-02-11 13:12:52] DEBUG: Schema\Builder: Entity InboundEmail
[2026-02-11 13:12:52] DEBUG: Schema\Builder: Entity Integration
[2026-02-11 13:12:52] DEBUG: Schema\Builder: Entity Job
[2026-02-11 13:12:52] DEBUG: Schema\Builder: Entity KanbanOrder
[2026-02-11 13:12:52] DEBUG: Schema\Builder: Entity LayoutRecord
[2026-02-11 13:12:52] DEBUG: Schema\Builder: Entity LayoutSet
[2026-02-11 13:12:52] DEBUG: Schema\Builder: Entity LeadCapture
[2026-02-11 13:12:52] DEBUG: Schema\Builder: Entity LeadCaptureLogRecord
[2026-02-11 13:12:52] DEBUG: Schema\Builder: Entity MassAction
[2026-02-11 13:12:52] DEBUG: Schema\Builder: Entity NextNumber
[2026-02-11 13:12:52] DEBUG: Schema\Builder: Entity Note
[2026-02-11 13:12:52] DEBUG: Schema\Builder: Entity Notification
[2026-02-11 13:12:52] DEBUG: Schema\Builder: Entity OAuthAccount
[2026-02-11 13:12:52] DEBUG: Schema\Builder: Entity OAuthProvider
[2026-02-11 13:12:52] DEBUG: Schema\Builder: Entity PasswordChangeRequest
[2026-02-11 13:12:52] DEBUG: Schema\Builder: Entity PhoneNumber
[2026-02-11 13:12:52] DEBUG: Schema\Builder: Entity Portal
[2026-02-11 13:12:52] DEBUG: Schema\Builder: Entity PortalRole
[2026-02-11 13:12:52] DEBUG: Schema\Builder: Entity Preferences
[2026-02-11 13:12:52] DEBUG: Schema\Builder: Entity Role
[2026-02-11 13:12:52] DEBUG: Schema\Builder: Entity ScheduledJob
[2026-02-11 13:12:52] DEBUG: Schema\Builder: Entity ScheduledJobLogRecord
[2026-02-11 13:12:52] DEBUG: Schema\Builder: Entity Sms
[2026-02-11 13:12:52] DEBUG: Schema\Builder: Entity StarSubscription
[2026-02-11 13:12:52] DEBUG: Schema\Builder: Entity StreamSubscription
[2026-02-11 13:12:52] DEBUG: Schema\Builder: Entity SystemData
[2026-02-11 13:12:52] DEBUG: Schema\Builder: Entity Team
[2026-02-11 13:12:52] DEBUG: Schema\Builder: Entity Template
[2026-02-11 13:12:52] DEBUG: Schema\Builder: Entity TwoFactorCode
[2026-02-11 13:12:52] DEBUG: Schema\Builder: Entity UniqueId
[2026-02-11 13:12:52] DEBUG: Schema\Builder: Entity User
[2026-02-11 13:12:52] DEBUG: Schema\Builder: Entity UserData
[2026-02-11 13:12:52] DEBUG: Schema\Builder: Entity UserReaction
[2026-02-11 13:12:52] DEBUG: Schema\Builder: Entity Webhook
[2026-02-11 13:12:52] DEBUG: Schema\Builder: Entity WebhookEventQueueItem
[2026-02-11 13:12:52] DEBUG: Schema\Builder: Entity WebhookQueueItem
[2026-02-11 13:12:52] DEBUG: Schema\Builder: Entity WorkingTimeCalendar
[2026-02-11 13:12:52] DEBUG: Schema\Builder: Entity WorkingTimeRange
[2026-02-11 13:12:52] DEBUG: Schema\Builder: Entity Account
[2026-02-11 13:12:52] DEBUG: Schema\Builder: Entity Call
[2026-02-11 13:12:52] DEBUG: Schema\Builder: Entity Campaign
[2026-02-11 13:12:52] DEBUG: Schema\Builder: Entity CampaignLogRecord
[2026-02-11 13:12:52] DEBUG: Schema\Builder: Entity CampaignTrackingUrl
[2026-02-11 13:12:52] DEBUG: Schema\Builder: Entity Case
[2026-02-11 13:12:52] DEBUG: Schema\Builder: Entity Contact
[2026-02-11 13:12:52] DEBUG: Schema\Builder: Entity Document
[2026-02-11 13:12:52] DEBUG: Schema\Builder: Entity DocumentFolder
[2026-02-11 13:12:52] DEBUG: Schema\Builder: Entity EmailQueueItem
[2026-02-11 13:12:52] DEBUG: Schema\Builder: Entity KnowledgeBaseArticle
[2026-02-11 13:12:52] DEBUG: Schema\Builder: Entity KnowledgeBaseCategory
[2026-02-11 13:12:52] DEBUG: Schema\Builder: Entity Lead
[2026-02-11 13:12:52] DEBUG: Schema\Builder: Entity MassEmail
[2026-02-11 13:12:52] DEBUG: Schema\Builder: Entity Meeting
[2026-02-11 13:12:52] DEBUG: Schema\Builder: Entity Opportunity
[2026-02-11 13:12:52] DEBUG: Schema\Builder: Entity Reminder
[2026-02-11 13:12:52] DEBUG: Schema\Builder: Entity Target
[2026-02-11 13:12:52] DEBUG: Schema\Builder: Entity TargetList
[2026-02-11 13:12:52] DEBUG: Schema\Builder: Entity TargetListCategory
[2026-02-11 13:12:52] DEBUG: Schema\Builder: Entity Task
[2026-02-11 13:12:52] DEBUG: Schema\Builder: Entity CADHAR
[2026-02-11 13:12:52] DEBUG: Schema\Builder: Entity CAttendanceRecord
[2026-02-11 13:12:52] DEBUG: Schema\Builder: Entity CBanks
[2026-02-11 13:12:52] DEBUG: Schema\Builder: Entity CCity
[2026-02-11 13:12:52] DEBUG: Schema\Builder: Entity CContactType
[2026-02-11 13:12:52] DEBUG: Schema\Builder: Entity CCountry
[2026-02-11 13:12:52] DEBUG: Schema\Builder: Entity CDepartment
[2026-02-11 13:12:52] DEBUG: Schema\Builder: Entity CDependantRelation
[2026-02-11 13:12:52] DEBUG: Schema\Builder: Entity CDocumentType
[2026-02-11 13:12:52] DEBUG: Schema\Builder: Entity CDrivingLicense
[2026-02-11 13:12:52] DEBUG: Schema\Builder: Entity CEmployee
[2026-02-11 13:12:52] DEBUG: Schema\Builder: Entity CEmployeeAddress
[2026-02-11 13:12:52] DEBUG: Schema\Builder: Entity CEmployeeBank
[2026-02-11 13:12:52] DEBUG: Schema\Builder: Entity CEmployeeContact
[2026-02-11 13:12:52] DEBUG: Schema\Builder: Entity CEmployeeDependent
[2026-02-11 13:12:52] DEBUG: Schema\Builder: Entity CEmployeeDocuments
[2026-02-11 13:12:52] DEBUG: Schema\Builder: Entity CEmployeePastExperience
[2026-02-11 13:12:52] DEBUG: Schema\Builder: Entity CPanCard
[2026-02-11 13:12:52] DEBUG: Schema\Builder: Entity CPassport
[2026-02-11 13:12:52] DEBUG: Schema\Builder: Entity CState
[2026-02-11 13:12:52] DEBUG: Schema\Builder: Entity CVoterIdCard
[2026-02-11 13:12:52] DEBUG: Schema\Builder: Entity CWorkRole
[2026-02-11 13:12:52] DEBUG: Schema\Builder: Entity EmailTemplateCategoryPath
[2026-02-11 13:12:52] DEBUG: Schema\Builder: Entity DocumentFolderPath
[2026-02-11 13:12:52] DEBUG: Schema\Builder: Entity KnowledgeBaseCategoryPath
[2026-02-11 13:12:52] DEBUG: Schema\Builder: Entity TargetListCategoryPath
[2026-02-11 13:12:52] DEBUG: Schema\Builder: ManyMany for Email.emailAccounts
[2026-02-11 13:12:52] DEBUG: Schema\Builder: ManyMany for Email.inboundEmails
[2026-02-11 13:12:52] DEBUG: Schema\Builder: ManyMany for Email.replyToEmailAddresses
[2026-02-11 13:12:52] DEBUG: Schema\Builder: ManyMany for Email.users
[2026-02-11 13:12:52] DEBUG: Schema\Builder: ManyMany for Email.assignedUsers
[2026-02-11 13:12:52] DEBUG: Schema\Builder: ManyMany for Email.teams
[2026-02-11 13:12:52] DEBUG: Schema\Builder: ManyMany for GroupEmailFolder.teams
[2026-02-11 13:12:52] DEBUG: Schema\Builder: ManyMany for InboundEmail.teams
[2026-02-11 13:12:52] DEBUG: Schema\Builder: ManyMany for Note.users
[2026-02-11 13:12:52] DEBUG: Schema\Builder: ManyMany for Note.portals
[2026-02-11 13:12:52] DEBUG: Schema\Builder: ManyMany for Note.teams
[2026-02-11 13:12:52] DEBUG: Schema\Builder: ManyMany for Portal.articles
[2026-02-11 13:12:52] DEBUG: Schema\Builder: ManyMany for Portal.portalRoles
[2026-02-11 13:12:52] DEBUG: Schema\Builder: ManyMany for Portal.users
[2026-02-11 13:12:52] DEBUG: Schema\Builder: ManyMany for PortalRole.users
[2026-02-11 13:12:52] DEBUG: Schema\Builder: ManyMany for Role.teams
[2026-02-11 13:12:52] DEBUG: Schema\Builder: ManyMany for Role.users
[2026-02-11 13:12:52] DEBUG: Schema\Builder: ManyMany for Sms.toPhoneNumbers
[2026-02-11 13:12:52] DEBUG: Schema\Builder: ManyMany for Team.users
[2026-02-11 13:12:52] DEBUG: Schema\Builder: ManyMany for User.emailAddresses
[2026-02-11 13:12:52] DEBUG: Schema\Builder: ManyMany for User.phoneNumbers
[2026-02-11 13:12:52] DEBUG: Schema\Builder: ManyMany for User.targetLists
[2026-02-11 13:12:52] DEBUG: Schema\Builder: ManyMany for User.accounts
[2026-02-11 13:12:52] DEBUG: Schema\Builder: ManyMany for User.calls
[2026-02-11 13:12:52] DEBUG: Schema\Builder: ManyMany for User.meetings
[2026-02-11 13:12:52] DEBUG: Schema\Builder: ManyMany for User.workingTimeRanges
[2026-02-11 13:12:52] DEBUG: Schema\Builder: ManyMany for WorkingTimeCalendar.ranges
[2026-02-11 13:12:52] DEBUG: Schema\Builder: ManyMany for Account.portalUsers
[2026-02-11 13:12:52] DEBUG: Schema\Builder: Table [account_portal_user] exists.
[2026-02-11 13:12:52] DEBUG: Schema\Builder: ManyMany for Account.targetLists
[2026-02-11 13:12:52] DEBUG: Schema\Builder: ManyMany for Account.documents
[2026-02-11 13:12:52] DEBUG: Schema\Builder: ManyMany for Account.contacts
[2026-02-11 13:12:52] DEBUG: Schema\Builder: ManyMany for Call.leads
[2026-02-11 13:12:52] DEBUG: Schema\Builder: ManyMany for Call.contacts
[2026-02-11 13:12:52] DEBUG: Schema\Builder: ManyMany for Campaign.excludingTargetLists
[2026-02-11 13:12:52] DEBUG: Schema\Builder: ManyMany for Campaign.targetLists
[2026-02-11 13:12:52] DEBUG: Schema\Builder: ManyMany for Case.articles
[2026-02-11 13:12:52] DEBUG: Schema\Builder: ManyMany for Case.contacts
[2026-02-11 13:12:52] DEBUG: Schema\Builder: ManyMany for Contact.documents
[2026-02-11 13:12:52] DEBUG: Schema\Builder: ManyMany for Contact.targetLists
[2026-02-11 13:12:52] DEBUG: Schema\Builder: ManyMany for Contact.meetings
[2026-02-11 13:12:52] DEBUG: Schema\Builder: ManyMany for Contact.opportunities
[2026-02-11 13:12:52] DEBUG: Schema\Builder: ManyMany for Document.leads
[2026-02-11 13:12:52] DEBUG: Schema\Builder: ManyMany for Document.opportunities
[2026-02-11 13:12:52] DEBUG: Schema\Builder: ManyMany for KnowledgeBaseArticle.categories
[2026-02-11 13:12:52] DEBUG: Schema\Builder: ManyMany for Lead.targetLists
[2026-02-11 13:12:52] DEBUG: Schema\Builder: ManyMany for Lead.meetings
[2026-02-11 13:12:52] DEBUG: Schema\Builder: ManyMany for MassEmail.excludingTargetLists
[2026-02-11 13:12:52] DEBUG: Schema\Builder: ManyMany for MassEmail.targetLists
[2026-02-11 13:12:52] DEBUG: Schema\Builder - End
[2026-02-11 13:25:18] DEBUG: Schema\Builder - Start
[2026-02-11 13:25:18] DEBUG: Schema\Builder: Entity ActionHistoryRecord
[2026-02-11 13:25:18] DEBUG: Schema\Builder: Entity AddressCountry
[2026-02-11 13:25:18] DEBUG: Schema\Builder: Entity AppLogRecord
[2026-02-11 13:25:18] DEBUG: Schema\Builder: Entity AppSecret
[2026-02-11 13:25:18] DEBUG: Schema\Builder: Entity ArrayValue
[2026-02-11 13:25:18] DEBUG: Schema\Builder: Entity Attachment
[2026-02-11 13:25:18] DEBUG: Schema\Builder: Entity AuthLogRecord
[2026-02-11 13:25:18] DEBUG: Schema\Builder: Entity AuthToken
[2026-02-11 13:25:18] DEBUG: Schema\Builder: Entity AuthenticationProvider
[2026-02-11 13:25:18] DEBUG: Schema\Builder: Entity Autofollow
[2026-02-11 13:25:18] DEBUG: Schema\Builder: Entity Currency
[2026-02-11 13:25:18] DEBUG: Schema\Builder: Entity DashboardTemplate
[2026-02-11 13:25:18] DEBUG: Schema\Builder: Entity Email
[2026-02-11 13:25:18] DEBUG: Schema\Builder: Entity EmailAccount
[2026-02-11 13:25:18] DEBUG: Schema\Builder: Entity EmailAddress
[2026-02-11 13:25:18] DEBUG: Schema\Builder: Entity EmailFilter
[2026-02-11 13:25:18] DEBUG: Schema\Builder: Entity EmailFolder
[2026-02-11 13:25:18] DEBUG: Schema\Builder: Entity EmailTemplate
[2026-02-11 13:25:18] DEBUG: Schema\Builder: Entity EmailTemplateCategory
[2026-02-11 13:25:18] DEBUG: Schema\Builder: Entity Export
[2026-02-11 13:25:18] DEBUG: Schema\Builder: Entity Extension
[2026-02-11 13:25:18] DEBUG: Schema\Builder: Entity ExternalAccount
[2026-02-11 13:25:18] DEBUG: Schema\Builder: Entity GroupEmailFolder
[2026-02-11 13:25:18] DEBUG: Schema\Builder: Entity Import
[2026-02-11 13:25:18] DEBUG: Schema\Builder: Entity ImportEntity
[2026-02-11 13:25:18] DEBUG: Schema\Builder: Entity ImportError
[2026-02-11 13:25:18] DEBUG: Schema\Builder: Entity InboundEmail
[2026-02-11 13:25:18] DEBUG: Schema\Builder: Entity Integration
[2026-02-11 13:25:18] DEBUG: Schema\Builder: Entity Job
[2026-02-11 13:25:18] DEBUG: Schema\Builder: Entity KanbanOrder
[2026-02-11 13:25:18] DEBUG: Schema\Builder: Entity LayoutRecord
[2026-02-11 13:25:18] DEBUG: Schema\Builder: Entity LayoutSet
[2026-02-11 13:25:18] DEBUG: Schema\Builder: Entity LeadCapture
[2026-02-11 13:25:18] DEBUG: Schema\Builder: Entity LeadCaptureLogRecord
[2026-02-11 13:25:18] DEBUG: Schema\Builder: Entity MassAction
[2026-02-11 13:25:18] DEBUG: Schema\Builder: Entity NextNumber
[2026-02-11 13:25:18] DEBUG: Schema\Builder: Entity Note
[2026-02-11 13:25:18] DEBUG: Schema\Builder: Entity Notification
[2026-02-11 13:25:18] DEBUG: Schema\Builder: Entity OAuthAccount
[2026-02-11 13:25:18] DEBUG: Schema\Builder: Entity OAuthProvider
[2026-02-11 13:25:18] DEBUG: Schema\Builder: Entity PasswordChangeRequest
[2026-02-11 13:25:18] DEBUG: Schema\Builder: Entity PhoneNumber
[2026-02-11 13:25:18] DEBUG: Schema\Builder: Entity Portal
[2026-02-11 13:25:18] DEBUG: Schema\Builder: Entity PortalRole
[2026-02-11 13:25:18] DEBUG: Schema\Builder: Entity Preferences
[2026-02-11 13:25:18] DEBUG: Schema\Builder: Entity Role
[2026-02-11 13:25:18] DEBUG: Schema\Builder: Entity ScheduledJob
[2026-02-11 13:25:18] DEBUG: Schema\Builder: Entity ScheduledJobLogRecord
[2026-02-11 13:25:18] DEBUG: Schema\Builder: Entity Sms
[2026-02-11 13:25:18] DEBUG: Schema\Builder: Entity StarSubscription
[2026-02-11 13:25:18] DEBUG: Schema\Builder: Entity StreamSubscription
[2026-02-11 13:25:18] DEBUG: Schema\Builder: Entity SystemData
[2026-02-11 13:25:18] DEBUG: Schema\Builder: Entity Team
[2026-02-11 13:25:18] DEBUG: Schema\Builder: Entity Template
[2026-02-11 13:25:18] DEBUG: Schema\Builder: Entity TwoFactorCode
[2026-02-11 13:25:18] DEBUG: Schema\Builder: Entity UniqueId
[2026-02-11 13:25:18] DEBUG: Schema\Builder: Entity User
[2026-02-11 13:25:18] DEBUG: Schema\Builder: Entity UserData
[2026-02-11 13:25:18] DEBUG: Schema\Builder: Entity UserReaction
[2026-02-11 13:25:18] DEBUG: Schema\Builder: Entity Webhook
[2026-02-11 13:25:18] DEBUG: Schema\Builder: Entity WebhookEventQueueItem
[2026-02-11 13:25:18] DEBUG: Schema\Builder: Entity WebhookQueueItem
[2026-02-11 13:25:18] DEBUG: Schema\Builder: Entity WorkingTimeCalendar
[2026-02-11 13:25:18] DEBUG: Schema\Builder: Entity WorkingTimeRange
[2026-02-11 13:25:18] DEBUG: Schema\Builder: Entity Account
[2026-02-11 13:25:18] DEBUG: Schema\Builder: Entity Call
[2026-02-11 13:25:18] DEBUG: Schema\Builder: Entity Campaign
[2026-02-11 13:25:18] DEBUG: Schema\Builder: Entity CampaignLogRecord
[2026-02-11 13:25:18] DEBUG: Schema\Builder: Entity CampaignTrackingUrl
[2026-02-11 13:25:18] DEBUG: Schema\Builder: Entity Case
[2026-02-11 13:25:18] DEBUG: Schema\Builder: Entity Contact
[2026-02-11 13:25:18] DEBUG: Schema\Builder: Entity Document
[2026-02-11 13:25:18] DEBUG: Schema\Builder: Entity DocumentFolder
[2026-02-11 13:25:18] DEBUG: Schema\Builder: Entity EmailQueueItem
[2026-02-11 13:25:18] DEBUG: Schema\Builder: Entity KnowledgeBaseArticle
[2026-02-11 13:25:18] DEBUG: Schema\Builder: Entity KnowledgeBaseCategory
[2026-02-11 13:25:18] DEBUG: Schema\Builder: Entity Lead
[2026-02-11 13:25:18] DEBUG: Schema\Builder: Entity MassEmail
[2026-02-11 13:25:18] DEBUG: Schema\Builder: Entity Meeting
[2026-02-11 13:25:18] DEBUG: Schema\Builder: Entity Opportunity
[2026-02-11 13:25:18] DEBUG: Schema\Builder: Entity Reminder
[2026-02-11 13:25:18] DEBUG: Schema\Builder: Entity Target
[2026-02-11 13:25:18] DEBUG: Schema\Builder: Entity TargetList
[2026-02-11 13:25:18] DEBUG: Schema\Builder: Entity TargetListCategory
[2026-02-11 13:25:18] DEBUG: Schema\Builder: Entity Task
[2026-02-11 13:25:18] DEBUG: Schema\Builder: Entity CADHAR
[2026-02-11 13:25:18] DEBUG: Schema\Builder: Entity CAttendanceRecord
[2026-02-11 13:25:18] DEBUG: Schema\Builder: Entity CBanks
[2026-02-11 13:25:18] DEBUG: Schema\Builder: Entity CCity
[2026-02-11 13:25:18] DEBUG: Schema\Builder: Entity CContactType
[2026-02-11 13:25:18] DEBUG: Schema\Builder: Entity CCountry
[2026-02-11 13:25:18] DEBUG: Schema\Builder: Entity CDepartment
[2026-02-11 13:25:18] DEBUG: Schema\Builder: Entity CDependantRelation
[2026-02-11 13:25:18] DEBUG: Schema\Builder: Entity CDocumentType
[2026-02-11 13:25:18] DEBUG: Schema\Builder: Entity CDrivingLicense
[2026-02-11 13:25:18] DEBUG: Schema\Builder: Entity CEmployee
[2026-02-11 13:25:18] DEBUG: Schema\Builder: Entity CEmployeeAddress
[2026-02-11 13:25:18] DEBUG: Schema\Builder: Entity CEmployeeBank
[2026-02-11 13:25:18] DEBUG: Schema\Builder: Entity CEmployeeContact
[2026-02-11 13:25:18] DEBUG: Schema\Builder: Entity CEmployeeDependent
[2026-02-11 13:25:18] DEBUG: Schema\Builder: Entity CEmployeeDocuments
[2026-02-11 13:25:18] DEBUG: Schema\Builder: Entity CEmployeePastExperience
[2026-02-11 13:25:18] DEBUG: Schema\Builder: Entity CPanCard
[2026-02-11 13:25:18] DEBUG: Schema\Builder: Entity CPassport
[2026-02-11 13:25:18] DEBUG: Schema\Builder: Entity CState
[2026-02-11 13:25:18] DEBUG: Schema\Builder: Entity CVoterIdCard
[2026-02-11 13:25:18] DEBUG: Schema\Builder: Entity CWorkRole
[2026-02-11 13:25:18] DEBUG: Schema\Builder: Entity EmailTemplateCategoryPath
[2026-02-11 13:25:18] DEBUG: Schema\Builder: Entity DocumentFolderPath
[2026-02-11 13:25:18] DEBUG: Schema\Builder: Entity KnowledgeBaseCategoryPath
[2026-02-11 13:25:18] DEBUG: Schema\Builder: Entity TargetListCategoryPath
[2026-02-11 13:25:18] DEBUG: Schema\Builder: ManyMany for Email.emailAccounts
[2026-02-11 13:25:18] DEBUG: Schema\Builder: ManyMany for Email.inboundEmails
[2026-02-11 13:25:18] DEBUG: Schema\Builder: ManyMany for Email.replyToEmailAddresses
[2026-02-11 13:25:18] DEBUG: Schema\Builder: ManyMany for Email.users
[2026-02-11 13:25:18] DEBUG: Schema\Builder: ManyMany for Email.assignedUsers
[2026-02-11 13:25:18] DEBUG: Schema\Builder: ManyMany for Email.teams
[2026-02-11 13:25:18] DEBUG: Schema\Builder: ManyMany for GroupEmailFolder.teams
[2026-02-11 13:25:18] DEBUG: Schema\Builder: ManyMany for InboundEmail.teams
[2026-02-11 13:25:18] DEBUG: Schema\Builder: ManyMany for Note.users
[2026-02-11 13:25:18] DEBUG: Schema\Builder: ManyMany for Note.portals
[2026-02-11 13:25:18] DEBUG: Schema\Builder: ManyMany for Note.teams
[2026-02-11 13:25:18] DEBUG: Schema\Builder: ManyMany for Portal.articles
[2026-02-11 13:25:18] DEBUG: Schema\Builder: ManyMany for Portal.portalRoles
[2026-02-11 13:25:18] DEBUG: Schema\Builder: ManyMany for Portal.users
[2026-02-11 13:25:18] DEBUG: Schema\Builder: ManyMany for PortalRole.users
[2026-02-11 13:25:18] DEBUG: Schema\Builder: ManyMany for Role.teams
[2026-02-11 13:25:18] DEBUG: Schema\Builder: ManyMany for Role.users
[2026-02-11 13:25:18] DEBUG: Schema\Builder: ManyMany for Sms.toPhoneNumbers
[2026-02-11 13:25:18] DEBUG: Schema\Builder: ManyMany for Team.users
[2026-02-11 13:25:18] DEBUG: Schema\Builder: ManyMany for User.emailAddresses
[2026-02-11 13:25:18] DEBUG: Schema\Builder: ManyMany for User.phoneNumbers
[2026-02-11 13:25:18] DEBUG: Schema\Builder: ManyMany for User.targetLists
[2026-02-11 13:25:18] DEBUG: Schema\Builder: ManyMany for User.accounts
[2026-02-11 13:25:18] DEBUG: Schema\Builder: ManyMany for User.calls
[2026-02-11 13:25:18] DEBUG: Schema\Builder: ManyMany for User.meetings
[2026-02-11 13:25:18] DEBUG: Schema\Builder: ManyMany for User.workingTimeRanges
[2026-02-11 13:25:18] DEBUG: Schema\Builder: ManyMany for WorkingTimeCalendar.ranges
[2026-02-11 13:25:18] DEBUG: Schema\Builder: ManyMany for Account.portalUsers
[2026-02-11 13:25:18] DEBUG: Schema\Builder: Table [account_portal_user] exists.
[2026-02-11 13:25:18] DEBUG: Schema\Builder: ManyMany for Account.targetLists
[2026-02-11 13:25:18] DEBUG: Schema\Builder: ManyMany for Account.documents
[2026-02-11 13:25:18] DEBUG: Schema\Builder: ManyMany for Account.contacts
[2026-02-11 13:25:18] DEBUG: Schema\Builder: ManyMany for Call.leads
[2026-02-11 13:25:18] DEBUG: Schema\Builder: ManyMany for Call.contacts
[2026-02-11 13:25:18] DEBUG: Schema\Builder: ManyMany for Campaign.excludingTargetLists
[2026-02-11 13:25:18] DEBUG: Schema\Builder: ManyMany for Campaign.targetLists
[2026-02-11 13:25:18] DEBUG: Schema\Builder: ManyMany for Case.articles
[2026-02-11 13:25:18] DEBUG: Schema\Builder: ManyMany for Case.contacts
[2026-02-11 13:25:18] DEBUG: Schema\Builder: ManyMany for Contact.documents
[2026-02-11 13:25:18] DEBUG: Schema\Builder: ManyMany for Contact.targetLists
[2026-02-11 13:25:18] DEBUG: Schema\Builder: ManyMany for Contact.meetings
[2026-02-11 13:25:18] DEBUG: Schema\Builder: ManyMany for Contact.opportunities
[2026-02-11 13:25:18] DEBUG: Schema\Builder: ManyMany for Document.leads
[2026-02-11 13:25:18] DEBUG: Schema\Builder: ManyMany for Document.opportunities
[2026-02-11 13:25:18] DEBUG: Schema\Builder: ManyMany for KnowledgeBaseArticle.categories
[2026-02-11 13:25:18] DEBUG: Schema\Builder: ManyMany for Lead.targetLists
[2026-02-11 13:25:18] DEBUG: Schema\Builder: ManyMany for Lead.meetings
[2026-02-11 13:25:18] DEBUG: Schema\Builder: ManyMany for MassEmail.excludingTargetLists
[2026-02-11 13:25:18] DEBUG: Schema\Builder: ManyMany for MassEmail.targetLists
[2026-02-11 13:25:18] DEBUG: Schema\Builder - End
